title,link,description,bloggername,bloggerlink,postdate,query,content
메이크프렘 X 박지훈 홍대 연남 팝업스토어 후기 (사전예약 링크),https://blog.naver.com/counselorsiwon/224407133578,"메이크프렘 연남 팝업스토어 다녀왔습니다 ️ 진행기간: 9/10(목)~9/13(일) ⏰ 진행시간: 매일 12:00~18:00 진행장소: 서울특별시 마포구 동교로38길 29 1층 방문만해도 풍성한 증정품, 미션4번 게임... ",쿠리시원이의 두올다이,https://blog.naver.com/counselorsiwon,20260910,마포구 팝업스토어,"메이크프렘 연남 팝업스토어 다녀왔습니다
​
​
​
🗓️ 진행기간: 9/10(목)~9/13(일)
⏰ 진행시간: 매일 12:00~18:00
📍진행장소: 서울특별시 마포구 동교로38길 29 1층
​
방문만해도 풍성한 증정품,
미션4번 게임 참여 시 추가 증정 가능!
​
​
마지막으로 선물 받으면서
결제로 박지훈 PICK 제품 구매와
한정판 구매하면 가격대별 사은품까지 드려요
​
​
​
* 사전예약:
30분 단위로 예약 인원이 제한되며,
예약 시 현장 확인 후 입장 가능합니다.
(1인 1회 예매 제한 /
중복 발견 시 예매 취소 및 현장 입장 제한)
​
예약 링크는
https://naver.me/xpj6ruem
​
​
* 현장방문:
하루에 입장 가능한 현장 방문 인원수 제한이 있습니다.
정해진 시간은 없으며 인원수를 초과할 경우
현장 입장에 제한이 있을 수 있습니다.
​
​
이제 하나씩 살펴볼게요
우선 몰아보기 네이버 클립ㄱㄱ
​
#박지훈 #메이크프렘 #연남팝업 #팝업스토어 #홍대팝업
m.blog.naver.com
​
​
(
MISSION
1) WELCOME ZONE
올리브영 메이크프렘 브랜드관 좋아요,
카카오톡 플러스 친구 추가하면 샘플 5종 증정!
​
* 증정품: 세이프미 클렌징밀크 3ml, PDRN 클렌징밀크 3ml, PDRN 잡티 톤업 선세럼 20ml, NMN 텐션업 선 세럼 20ml, 인테카 수딩크림 10ml
​
​
​
​
​
​
​
(
MISSION
2) CLEAN ZONE
​
100% 당첨! 행운의 룰렛을 돌려보세요!
* 증정품:
(1등) 히알 인테카 속수분 앰플 40ml,
(2등) 콜라겐 모이스처 클렌징 100ml,
(3등) 세이프미 릴리 프 모이스처 클렌징폼 100ml,
(4등) 수딩 핑크 톤업 선 크림 10ml
​
​
​
​
​
(
MISSION
3) PHOTO ZONE
포토존에서 박지훈과 함께 찍은 사진을 인스타그램 스토 리에 업로드해주세요!
* 증정품:
세이프미 클렌징밀크 (리필) 100ml or
PDRN 클렌징밀크 (리필) 100ml 중 택 1
​
​
​
(
MISSION
4) LAUNDRY ZONE
신제품 소다 포어 클렌징폼 게임 참여 후
럭키볼을 뽑아 주세요!
* 증정품: 소다 포어 클렌징폼 120ml
​
​
​
​
​
​
​
[팝업스토어 단독 구매 혜택]
(POP-UP ONLY) GIFT, GIFT, GIFT
역대급 구매 사은품이 함께하는 박지훈 PICK 현장 구매
혜택!
​
​
* 구매 사은품
- (전 구매 고객) 히알 워터핏 선크림 10ml
- (3~5만원 미만) 퍼밍 마스크 1매 & 세이프미 모이스 처 마스크 1매
- (5~7만원 미만) 인테카 수딩 크림 80ml (32,000원
상당)
- (7만원 이상) <한정판> 박지훈 아크릴 등신대, 유브이 디펜스미 노세범 선크림 50ml (24,000원 상당), 리유 저블백
​
(구매 유의 사항)
* 모든 증정품은 일 한정수량으로 제공됩니다. (소진 시 종료)
* 현장 상황에 따라 정해진 증정품이 다른 증정품으로 대체될 수 있습니다.
* 7만원 이상 구매 사은품 리유저블백은 선착순 하루 15
0명에게만 증정됩니다. 리유저블백 마감 시, 다른 사은 품으로 대체 증정)
​
​"
홍대 팝업 메이크프렘 연남 팝업스토어 9월 일정 사전예약 방법 링....,https://blog.naver.com/goo0922/224406380382,오늘은 내일부터 진행되는 메이크프렘 연남 팝업스토어 소식을 가져왔어요 메이크프렘 연남 팝업스토어 기본 정보  장소 서울 마포구 동교로38길 29 1층  진행 기간 2026년 9월 10일(목) ~ 9월 13일(일)... ,솜이의 맛집•핫플•여행 일기,https://blog.naver.com/goo0922,20260909,마포구 팝업스토어,"​
안녕하세요 여러분 솜이입니다!
오늘은 내일부터 진행되는 메이크프렘
연남 팝업스토어 소식을 가져왔어요🥰
​
메이크프렘 연남 팝업스토어 기본 정보
메이크프렘 연남 팝업스토어
서울특별시 마포구 동교로38길 29 1층
📍 장소
서울 마포구 동교로38길 29 1층
​
📅 진행 기간
2026년 9월 10일(목) ~ 9월 13일(일)
​
⏰ 운영 시간
매일 12:00 ~ 18:00
​
사전예약 및 현장 방문
​
이번 팝업스토어는 사전예약 또는
현장 방문으로 입장할 수 있어요🙆🏻‍♀️
​
사전예약의 경우 30분 단위로 예약
인원이 제한되며, 예약한 경우 현장에서
예약 내역 확인 후 입장이 가능합니다!
​
또한 1인 1회 예매만 가능하고,
중복 예매가 발견될 경우 예매가
취소되거나 현장 입장이 제한될 수
있으니 이 부분도 꼭 확인해 주세요✔️
​
​
+) 사전예약을 하지 못한 분들은
현장 방문도 가능한데요
​
현장 방문 역시 하루에 입장 가능한 인원수가
정해져 있기 때문에 방문객이 많아 정해진 인원을
초과할 경우 입장이 제한될 수 있다고 해요
​
현장 방문은 별도의 정해진 시간 없이 운영되지만,
원하는 시간에 무조건 입장할 수 있는 것은 아니기
때문에 가능하면 여유 있게 방문하는 걸 추천드려요
​
​
메이크프렘 팝업 증정 이벤트
이번 팝업의 가장 큰 재미는 역시 다양한
미션을 완료하고 받을 수 있는 증정품이에요✨
​
​
1. WELCOME ZONE
​
먼저 웰컴존에서는 간단한
참여만으로도 샘플 5종을 증정!
​
올리브영 메이크프렘 브랜드관
좋아요 + 카카오톡 플러스 친구
추가를 하면 참여할 수 있습니다
​
🎁 증정품
* 세이프미 클렌징밀크 3ml
* PDRN 클렌징밀크 3ml
* PDRN 잡티 톤업 선세럼 20ml
* NMN 텐션업 선세럼 20ml
* 인테카 수딩크림 10ml
클렌징 제품부터 선세럼, 수딩크림까지
총 5종이라 처음 제품을 사용해 보시는
싶은 분들께 괜찮은 구성인 것 같아요
​
​
2. CLEAN ZONE
​
두 번째는 클린존🫧
여기에서는 100% 당첨 행운의
룰렛을 돌릴 수 있어요 ㅎㅎ
​
말 그대로 꽝 없이 무조건 선물을
받을 수 있다는 점이 포인트🤩
​
🥇 1등
히알 인테카 속수분 앰플 40ml
​
🥈 2등
콜라겐 모이스처 클렌징밤 100ml
​
🥉 3등
세이프미 릴리프 모이스처 클렌징폼 100ml
​
🎁 4등
수딩 핑크 톤업 선크림 10ml
100% 당첨 이벤트라 어떤 제품을 받게 될지
룰렛을 돌리는 재미도 있을 것 같아요~
​
​
3. PHOTO ZONE
​
세 번째는 포토존 미션이에요 ^_^
포토존에서 박지훈과 함께 찍은 사진을
인스타그램 스토리에 업로드하면
참여할 수 있다네요📸📸
​
세이프미 클렌징밀크 리필 100ml 또는 PDRN 클렌징밀크 리필 100ml 중 1개 증정
메이크프렘과 박지훈 씨를 좋아하는 분들이라면
사진도 남기고 제품까지 받을 수 있어서
꼭 참여해 볼 만한 미션인 것 같아요👍🏻
​
​
MISSION
4. LAUNDRY ZONE
​
마지막은 런드리존!
신제품 소다 포어 클렌징 폼 게임에 참여한
후  럭키볼을 뽑으면 선물을 받을 수 있어요
​
🎁 증정품
소다 포어 클렌징 폼 120ml
​
사전 예약 링크
네이버 예약 :: 메이크프렘 X 박지훈 연남 팝업 스토어
줄 서지 않는 편리한 생활의 시작
m.booking.naver.com
​
저도 사전 예약했고 내일 다녀올 예정!
갔다 와서 또 후기 남겨볼게요😙
​
​
​
​
​
​"
더현대대구에 상륙한 홍대 꾸감 팝업스토어 예고,https://blog.naver.com/ggugam1/224405873675,홍대 꾸감 더현대 대구 팝업스토어 오픈 예고 서울 마포구 서교동 일대에서 새로운 미식 트렌드로 굳건히 자리 잡은 자켓 포테이토 전문 브랜드 홍대꾸감이 드디어 영남권 고객님들과 첫 만남을 갖습니다. 최근... ,꾸감,https://blog.naver.com/ggugam1,20260909,마포구 팝업스토어,"홍대 꾸감 더현대 대구 팝업스토어 오픈 예고
​
​
서울 마포구 서교동 일대에서
새로운 미식 트렌드로 굳건히 자리 잡은
자켓 포테이토 전문 브랜드 홍대꾸감이
드디어 영남권 고객님들과 첫 만남을 갖습니다.
​
최근 성공적으로 마무리된
서울 여의도 팝업 행사에서 보내주신
엄청난 성원과 긍정적인 피드백에 힘입어
다가오는 9월 11일 금요일부터
더현대대구 식품관에 새로운 팝업 부스를
오픈하게 되었습니다.
​
📌행사 일정
9월 11일(금)부터 9월 17일(목)
​
📍위치
더현대 대구 B1층 꾸온 매장 앞
​
​
​
더현대대구 지하 1층 식품관
꾸온 매장 맞은편에서 단 일주일간
한정적으로 진행할 예정입니다.
​
주말을 맞이하여 실내 데이트나
더현대대구 쇼핑 중간에 들러 이색적이고
든든한 메뉴로 홍대꾸감의 매력을
느껴보심이 어떨까요?
​
홍대꾸감은 단순길거리 간식의 범주를 넘어
양질의 탄수화물 베이스와 풍성한
단백질 부재료가 완벽한 영양적 균형을
이루는 완성도 높은 한 끼 식사를 지향합니다.
​
더현대 서울 팝업스토어 현장
​
오븐에서 갓 구워내 포슬포슬한
큼직한 통감자 위로 다채로운 프리미엄 토핑을
산더미처럼 쌓아 올리는 조리 방식을
더현대대구 현장에서도 동일하게 고수합니다.
​
서울 본점의 엄격한 조리 매뉴얼과
신선한 식재료를 그대로 공수하여
처음 홍대꾸감을 맛보시는 분들도
단번에 만족하실 수 있도록
최상의 퀄리티를 구현할 예정입니다.
​
이번 더현대대구 팝업 현장에서는
베스트 시그니처 라인업 4종을
엄선하여 선보입니다.
​
​
​
'방콕치킨'
이국적인 푸팟퐁커리와 매콤한 스파이시 닭고기가 어우러진 꾸감
​
'맨해튼 스테이크'
육즙을 가둬 구워낸 큐브 스테이크가 올라간 꾸감
​
'맥앤파이어'
진한 더블 맥앤치즈와 불닭마요의 조화가 일품인
​
'베지터블 스페셜'
신선한 구운 채소 조합으로 깔끔함을 살린
​
각자의 취향을 두루 만족시킬 수 있는
홍대꾸감만의 차별화된 메뉴 라인업을 만나보세요.
​
단 7일간 펼쳐지는 특별한 미식의 향연에
많은 관심과 방문을 부탁드립니다.
​
꾸감
서울특별시 마포구 와우산로23길 44 1층
현대백화점 더현대 대구
대구광역시 중구 달구벌대로 2077 더현대 대구
​"
폼폼푸린 팝업 카카오프렌즈 홍대플래그십 스토어 아이랑 옛날옛춘....,https://blog.naver.com/sweetmayoyo/224405317231,홍대에서 그냥 지나칠 수 없는 매력적 팝업 공간 홍대 플래그십 스토어! 아니 이번엔 폼폼푸린이닷?! 안 갈 수 없잖아?! 울 로디랑 데이트 하며 다녀옴! 폼폼푸린 X 카카오프렌즈 팝업 서울 마포구 양화로 162... ,달콤마요의 여행올(All) 키즈(Kids),https://blog.naver.com/sweetmayoyo,20260908,마포구 팝업스토어,"홍대에서 그냥 지나칠 수 없는
매력적 팝업 공간 홍대 플래그십 스토어!
아니 이번엔 폼폼푸린이닷?!
안 갈 수 없잖아?! 울 로디랑 데이트 하며 다녀옴!
​
폼폼푸린 X 카카오프렌즈 팝업
​
​
📍서울 마포구 양화로 162 좋은사람들빌딩 1~3층
🗓26.08.20.(목) ~ 09.13.(일)
⏰️10:30 - 22:00
📞02-6010-0104
❗️
폼폼푸린 X 카카오프렌즈 팝업 한눈에 보기
​
​
1. 한국의 디저트 문화 콘셉트 포토존
2. 폼폼푸린 콜라보 13종 굿즈
3. 감자봉투 포장 서비스
4. 춘식이네 그로서리 마켓 굿즈
5. 옛날옛춘 포토존 및 굿즈
6. 볼거리 많은 2층
​
​
✨️
한국의 디저트 문화 콘셉트 포토존
​
​
역시나 카카오 홍대!
입구로 들어서자마자 시선을 확 끌어당긴다!
​
춘 심은데 춘 나고, 폼 심은데 폼 난다!
​
한국의 제철 간식을 만들러 온 폼폼푸린과
그 여정에 동참한 춘식이.
아니 이 귀요미들 어쩔. 😍
​
입구 바로 옆에는 ‘
옥수수 포토존
’이 있어서 춘식이와 폼폼푸린과 사진을 남길 수 있다.
​
​
이번 팝업은 ‘
폼폼푸린이 춘식이와 함께 경험하는 한국의 디저트 문화’
라는 메인 콘셉트
로 폼폼푸린과 카카오프렌즈 캐릭터를 색다른 분위기에서 만나볼 수 있음!
​
귀여운 캐릭터와 한국적인 디저트 분위기가 더해져서
사진 찍기 좋은 포토존으로도 딱! 갓 수확한 옥수수와 감자를 테마라 포토존은 진심 넘나 귀엽.시골 바이브 제대로다.
​
​
✨️
폼폼푸린 콜라보 13종 굿즈
​
​
춘식이와 폼폼푸린이 K-농장을 체험하고 새참을 먹는 모습 등을 통해,
한국의 농촌 풍경이 포토존 및 캐릭터 굿즈에
담겨 있음.
​
출시되는
굿즈는 총 13종
이다. 중형인형, 키링인형, 클릭커 등 리빙·문구류부터 고무장갑, 미숫가루 잔 등 K-농장을 연상시키는 이색 상품까지 다양하게 구성됐다.
​
​
✨️
감자봉투 포장 서비스
​
​
카카오프렌즈 홍대 플래그십 스토어에서는
구매자를 대상으로 ‘감자봉투’ 포장 서비스
를 제공한다. 봉투 마케팅까지 감다살이라니. 카카오프렌즈 일잘러들!
​
​
✨️
춘식이네 그로서리 마켓 굿즈
​
​
폼폼푸린 콜라보 굿즈뿐만 아니라, 춘식이네 그로서리 마켓 콘셉트의 굿즈도 볼 수 있다. 아니 어쩜저리 귀여운지. 오늘은 사지 말아야지 하다 무한정 구매하게 되는 마법. 😆
​
​
✨️
옛날옛춘 포토존 및 굿즈
​
​
또 하나의 테마 공간은 바로 옛날옛춘!
갓 까지 놓인 포토존
과 관련 굿즈들! 앞쪽의 폼폼푸린 콜라보 공간과는 또 다른 느낌임.
​
이렇게 귀여운데 사진 안찍으면 반칙 😉
특히 캐릭터 팝업은 굿즈만 보고 나오는 것보다 테마별 공간에서 무조건 사진 팡팡!
​
​
✨️
볼거리 많은 2층
​
​
역시나 2층도 놓치지 않는 카카오 홍대!
복슝복슝이 2층에 그대로라 왠지 반갑. 카카오프렌즈는 어른 아이 할 것 없이 다 좋아하니까, 데이트 가기도 좋고 아이랑 가기도 좋음!
​
​
입구부터 시선을 사로잡는 홍대 카카오프렌즈 홍대플래그십 스토어! 폼폼푸린 좋아한다면 굿즈부터 포토존까지 볼거리 찍을 거리가 많으니, 아이랑 함께 가면 사진 찍어주기도 좋다.
​
폼폼푸린 팝업은 이번주 일요일까지
하니까 끝나기전에 귀요미들 만나러 꼭 한번 가보기! 😉
​
ⓒ 2026. 달콤마요 ALL RIGHTS RESERVED.
​
#폼폼푸린팝업
#홍대카카오프렌즈샵
#카카오프렌즈홍대플래그십스토어
#폼폼푸린
#아이랑홍대
#아이랑홍대놀거리
#여행올키즈
#마요
#달콤마요
​
​
폼폼푸린 X 카카오프렌즈 팝업
서울특별시 마포구 양화로 162
카카오프렌즈 홍대플래그십 스토어
서울특별시 마포구 양화로 162 좋은사람들빌딩 1~3층"
"홍대 AK플라자 이누야샤 팝업스토어, 사전예약 방문 후기",https://blog.naver.com/nabong_zip/224403819771,"일상 후기 시작합니다!(*๓´꒳`๓*)  이누야샤 팝업스토어  서울 마포구 양화로 188 (동교동, 애경타워) AK PLAZA 홍대 4층 LIMITION ️일정: 2026.09.01~09.22 월~금 11:00~22:00 / 토~일 10:30~22:00 사전 예약 및 굿즈 리스트... ",나봉.zip ♡,https://blog.naver.com/nabong_zip,20260907,마포구 팝업스토어,"안녕하세요, 나봉입니다🎀
​
어릴 때 제 심장을 두근두근하게 만들었던
​
이누야샤
,,
팝업스토어 한다길래 바로 사전예약 걸어두고 홍대 AK플라자 다녀왔어요!!!
​
일상 후기 시작합니다!(*๓´꒳`๓*)
​
​
📍 이누야샤 팝업스토어
📍
서울 마포구 양화로 188 (동교동, 애경타워) AK PLAZA 홍대 4층 LIMITION
🗓️
일정: 2026.09.01~09.22
🕐월~금 11:00~22:00 / 토~일 10:30~22:00
이누야샤 팝업 @홍대
서울특별시 마포구 양화로 188 (동교동, 애경타워) AK PLAZA 홍대 4층 LIMITION
사전 예약 및 굿즈 리스트
​
저는 사전예약 후 방문했는데요!
사전예약은 8.24(월) 18:00에 네이버 예약으로 진행했어요.
대기번호가 뜨긴 했는데 그래도 원하는 시간대로 예약 완료~!😄
​
​
인스타그램 게시물로 업로드된 굿즈 품목을 보며
제일 갖고 싶었던 건 바로 사혼의 구슬 부적 키링,,,, 가방에 데롱데롱 달고 다니고 싶어효...( ˘🙏˘ )
​
​
2만원 이상 구매 시 랜덤 캐릭터 코스터 1종을
5만원 이상 구매 시 랜덤 메모리얼 카드 1종을 증정한다고 해요~!
​
입장
​
Previous image
Next image
​
예약 당일, AK플라자 4층으로 바로 올라갔는데요!
4층에 올라가자마자 우측에 있는 대형 등신대(포토존)이 바로 눈에 들어와서 헤맬 일이 전혀 없었어요.
​
예약 시간 10분 전에 도착해서 포토존에서 사진 좀 찍고~ 사전예약 대기줄로 바로 이동했어요.
​
예약 확인이랑 신분증 확인 받고 구매용 바구니를 전달받았고,
입장시간까지 대기하면서 실물 굿즈 구경해줬어요.
(타인에게 양도 불가하여 예약자 정보와 신분증을 대조하니 신분증 꼭 지참하셔요!!)
​
Previous image
Next image
대기열에는 이렇게 굿즈 실물을 미리 확인할 수 있었는데요!
사혼의 구슬 부적 키링,, 실물로 보니까 너무 탐나서 당장 구매 갈기고 싶었어요,,
​
매장 내부
​
​
들어가자마자 반겨주는 일러스트 액자들,,추억이 새록새록ㅠㅠ
다시 정주행 욕구가ㅎㅎ😏😏
​
​
매대를 둘러보는데,, 제일 갖고 싶었던 사혼의 구슬 부적 키링은 품절ㅠㅠㅠㅠ
페어 아크릴 스탠드(이누야샤&가영), 셋쇼마루 족자도 품절이었어요ㅠㅠ..
​
9월 1일 오픈이었고 제가 9월 5일에 방문했는데도 벌써 품절된 상품이 있다니...
​
예약 주문은 가능하다길래 키링을 주문하려고 했는데
택배 발송이 안 되고 무조건 현장 수령만 가능하다는 거예요....
지방 사는 사람은 수령하러 왕복 이동 비용을 또 들여야 하는 거라 이 부분이 매우매우매우 아쉬웠어요😡
​
과연 저는 여기서 무엇을 결제했을까요~~~~?
​
저는 결국
스프링 아크릴 스탠드
(16,000원)과
사혼의 구슬 캔배지(랜덤)
(6,000원)을 구매했구요!
총 22,000원 결제해서 2만원 이상 구매 특전인 캐릭터 코스터 1종을 랜덤으로 받았어요.
​
카페에 들러 랜덤 상품 깡 해봤는데,,
캔배지는 가영이, 코스터는 금강이 나왔답니다~~
이누야샤 전여친, 현여친 조합으로 당첨ㅋㅋㅋㅋㅋㅋㅋㅋㅋㅋㅋㅋㅋ
방문 후기
Previous image
Next image
​
물량이 조금 더 넉넉했거나,
예약주문 시 택배 배송이 가능했다면 더 좋았을 팝업이었어요.
돈 쓰고 싶어도 못 쓰는 상황이 아쉬웠지만, 그래도 오랜만에 추억 여행하고 왔으니 그거 하나로 만족하려구요ㅎㅎ
​
이누야샤 팬이시라면 한 번쯤 들러보세요!
​
​
​
(번외)
Previous image
Next image
아래층 굿즈샵 메가캠퍼스에도 잠깐 들렀어요.
혹시 이누야샤 피규어가 있나 찾아봤는데,
너무 데려오고 싶었던 이누야샤&셋쇼마루 형제를 발견했지만
재고가 없어서 눈으로만 담고 왔어요ㅠㅠㅠㅠ엉엉슨"
"AK플라자 홍대 팝업 이누야샤 굿즈 구매 후기, 랜덤굿즈, 아크릴스탠....",https://blog.naver.com/sandy00_/224403695566,"이누야샤 팝업스토어 ✔️주소 : 서울 마포구 양화로 188 AK플라자 홍대 4층 LIMITION ✔️팝업기간 : 2026.09.01(화) ~ 09.22(화) ✔️운영시간 : 월~금 11:00 ~ 22:00, 토~일 10:30 ~ 22:00 이누야샤 굿즈 구매 후기... ",행복한 일상기록♥,https://blog.naver.com/sandy00_,20260907,마포구 팝업스토어,"​
안녕하세요, 밍땡입니다!
​
​
오늘은 홍대 AK플라자에 오픈한
이누야샤 팝업스토어에서
구매한 굿즈 리뷰해볼게요 ㅎㅎ!
​
제일 갖고 싶었던 이누야샤 엽서세트는
품절되서 위시에 없었던 랜덤제품을
구매하고 특전까지 야무지게 받아왔어용!
​
이누야샤 팝업스토어
✔️주소
: 서울 마포구 양화로 188 AK플라자 홍대 4층 LIMITION
✔️팝업기간
: 2026.09.01(화) ~ 09.22(화)
✔️운영시간
: 월~금 11:00 ~ 22:00, 토~일 10:30 ~ 22:00
​
​
AK PLAZA 홍대
서울특별시 마포구 양화로 188
이누야샤 팝업 @홍대
서울특별시 마포구 양화로 188 (동교동, 애경타워) AK PLAZA 홍대 4층 LIMITION
이누야샤 굿즈 구매 후기
​
✅
캐릭터카드
5,000
​
이누야샤 랜덤 캐릭터카드로
총 12종, 1팩 2매입으로 구성되어 있어요.
​
카드치곤 얇고 비싼 것 같아
2개만 구매해봤는데
이누야샤, 셋쇼마루가 한 번에 나왔어요!
​
남자들만 나온 이누야샤 카드!ㅎㅋ
너무너무 맘에 듭니다 ㅎㅎ
​
​
뒷면은 이누야샤 로고가 그려져 있어요.
​
랜덤카드라 재미로 해보기 좋았습니당bb
​
​
✅
네컷필름
4,000
​
랜덤 8종으로 1개만 구매했어요!
​
네컷필름도 랜덤이라 걱정했는데
유명한 짤인 장면이 나와서 대만족ㅎㅎ
(산고,미륵,금강만 아니면 되긴 함...)
​
이 장면은 모르는 분들 없으시겠죠?🌟
이누야샤는 몰라도 이 장면은 알더라구요ㅎㅋ!
​
​
✅
페어 아크릴스탠드
22,000
​
이누야샤&가영, 산고&미륵 버전으로
2가지 아크릴스탠드가 있었어요.
​
비용이슈 때문에 이누야샤&가영만 구매!
2개 다 구매하시는 걸 추천해요 ㅜㅜ
너무 이쁘고 퀄 좋아요bb
​
​
제일 갖고 싶었던 스탠드!!
이거 품절될까봐 평일에 후다닥 방문했어요.
​
구매할 땐 자세히 못봤는데
배경지도 너무 이쁜 일러스트가 있어서
구매하길 잘한 굿즈!!🔥
​
​
색감이랑 포즈가 너무 예뻐요 ㅠㅠ
완전 이누야샤 고전감성.......
자세히보면 이누야샤 볼 빨간게 포인트!!😚💗
​
필름지를 벗겨야 조립할 수 있어요!
억지로 조립하려다 부러질 수 있으니 조심!!
​
​
✅
스프링 아크릴스탠드
16,000
​
이누야샤 아크릴 스탠드로 너무 귀여워서
꼭 갖고 싶었어요..ㅎㅎ
​
넘 귀여워서 품절될 줄 알았는데 엽서가 품절..ㅎ
생각보다 재고 많이 남아 있더라구요.
​
​
완성품으로 판매 중일 줄 알았는데
직접 스프링에 스티커를 떼고
아크릴 조립하면 됩니다.
​
이누야샤 포즈랑 스프링이
너무 잘 어울리고 귀여워요.
완전 강추하는 굿즈!👏🏻
​
​
✅
홍대 AK플라자 이누야샤 팝업에서
2만원 이상, 5만원 이상 구매해 받은
이누야샤 팝업 특전!!
​
캐릭터 코스터는 8종으로
산고, 미륵이 나왔고,
​
메모리얼 카드도 8종으로
산고, 미륵 일러스트가 나왔어요.
(이것만 아니면 돼..였는데..ㅎㅎ)
어떻게 이렇게 받을 수 있죠…🥲
​
✅
혹시 특전 산고&미륵 세트
구매하고 싶으신 분 댓 남겨주세용ㅋ-ㅋ
​
홍대 AK플라자에 오픈한
이누야샤 팝업스토어에 사전예약하고
빠르게 방문해봤는데요!
​
이누야샤 팝업 아쉬운 점
✅3일차에 방문했는데 벌써 품절인 굿즈
✅싯포 굿즈가 거의 없음
(이번 팝업은 셋쇼마루 비중이 높은 느낌!)
​
팝업 끝나기 전에 구경하러
ak플라자 홍대 팝업 방문해보세요🔥
​
​
▼▼2026 이누야샤 홍대 팝업 방문 후기▼▼
홍대 AK플라자 이누야샤 팝업 사전예약 후기,굿즈종류,특전 총정리
안녕하세요, 밍땡입니다! 오늘은 홍대 AK플라자에 오픈한 이누야샤 팝업에 다녀왔습니다. 어렸을 때 좋아...
blog.naver.com
​
▼▼2026 꿈빛파티시엘 팝업 콜라보 카페 방문 후기▼▼
홍대 AK플라자 꿈빛파티시엘 팝업 콜라보 카페 굿즈 종류, 방문 후기
안녕하세요, 밍땡입니다! 오늘은 홍대 AK플라자에서 오픈한 꿈빛파티시엘 콜라보 카페에 다녀왔습니다. ...
blog.naver.com
'공감•댓글 환영합니다'
🖤"
홍대 팝업스토어 카카오프렌즈 X 폼폼푸린 콜라보 방문 후기,https://blog.naver.com/achxel/224402949281,"홍대 팝업스토어 카카오프렌즈 X 폼폼푸린 콜라보 방문 후기 26. 09. 06(일) Pompompurin X Kakao friends pop up store 서울 마포구 양화로 162, 1F ~ 3F 운영기간 26.08.20(목) ~ 09.13(일) 운영시간 매일 10:30 ~ 22:00 온 세상을... ","ALWAYS, KK",https://blog.naver.com/achxel,20260906,마포구 팝업스토어,"​
홍대 팝업스토어
카카오프렌즈 X 폼폼푸린 콜라보 방문 후기
​
26. 09. 06(일)
​
​
Pompompurin X Kakao friends pop up store
서울 마포구 양화로 162, 1F ~ 3F
​
운영기간 26.08.20(목) ~ 09.13(일)
운영시간 매일 10:30 ~ 22:00
​
온 세상을 산리오가 지배하고 있는 이 시기, 한교동에 이어서 폼폼푸린과 콜라보를 한다기에 방문했습니다.
최근에 폼폼푸린과 관련된 콜라보가 굉장히 많이 진행되고 있는데, 약간의 티엠아이라면
올해(2026년)가 폼폼푸린 30주년
이랍니다.
​
주변에 아는 척 하시면 꽤 박학다식 해보일 수 있으니 참고 하세요.
​
​
들어가면, 이렇게 귀여운 춘식이와  폼폼푸린이 가득한 포토존이 바로 보인답니다.
생각보다 사진이 귀엽게 잘 찍히니까 꽃단장 하고 방문 추천 ( ͡ᵔ ◟ ͡ᵔ )
​
​
포토존 바로 옆 구석탱이에 구황작물 컨셉도 하나 더 있습니다.
카카오 주식은 약간 아쉽지만, 콜라보 할 때마다 느끼는 거지만 정말 일 잘하는 거 같습니다.
​
다만 사진은 약간 아쉽게 나와요.
​
​
홍대 팝업스토어 카카오프렌즈 X 폼폼푸린 콜라보 주력 굿즈
그렇게 선택의 폭이 넓지는 않습니다만, 선택과 집중을 잘한 것 같아요.
​
매 시즌마다 여기저기서 협업을 하니까 제품 찍어내기 힘들 듯
짝꿍은 그립톡 살까말까 고민하다가 안 샀습니다.
애매하게 귀여운 느낌
​
​
이전 시즌이었던 옛날옛춘도 바로 옆에서 판매하고 있어요.
국중박의 자리를 위협하는 느낌입니다.
​
​
춘도락 이거는 좀 귀엽더라고요.  예전에는 춘식이가 귀엽다는 생각이 안 들었는데
주입식 춘식라이팅을 당한 것인지, 요즘엔 좀 괜찮다는 생각이 들어요.
​
​
​
2층에 올라가기 전 구석에
이전시즌 포토존
이 있습니다.
갓을 쓰고서 사진을 찍을 수 있으니까 참고 ᵔࡇᵔ
​
에어팟 끼고 있는 것을 보아하니 영크크네요.
​
​
밤이&콩이
새로운 카카오프렌즈 캐릭터가 나온다더니 이런 컨셉
(?)인가봐요.
근데 진짜 위처럼 이겨내는 게 확실하거든요. 예, 진짜로
​
​
춘수산 때에는 수산물 포장하는 것처럼 패킹해주더니
이번에는 춘춘폼폼이네요. 멘트가 좀 귀여운 것 같아요.
​
마치, 나처럼
​
​
김장할 땐 역시 카카오프렌즈 X 폼폼푸린 콜라보 고무장갑
최저가를 희망하신다면 댓글에 어쩌고
​
​
끝<"
청춘은 바로 지금! Summer MT POP-UP STORE 홀로라이브 청바지 팝업 스토어,https://blog.naver.com/yhc3640/224402162206,"Summer MT POP-UP STORE 팬베이스 홍대점 (서울 마포구 양화로 178-5, LC타워 별관 지하 2층, 팬베이스) 팬베이스 홍대점 FAN BASE 내려가는 길 팝업스토어는 LC타워 지하 2층에 위치한 팬베이스 홍대점에서 진행중이다.... ",FANTA,https://blog.naver.com/yhc3640,20260905,마포구 팝업스토어,"청춘은 바로 지금!
Summer MT POP-UP STORE
​
팬베이스 홍대점
(서울 마포구 양화로 178-5,
LC타워 별관 지하 2층,
팬베이스)
팬베이스 홍대점
FAN BASE
내려가는 길
팝업스토어는
LC타워 지하 2층에 위치한
팬베이스 홍대점에서 진행중이다.
​
팝업스토어 입구
입구의 전광판이다.
이번 팝업의 주인공인
시라카미 후부키와 오오카미 미오의 일러스트이다.
​
이 전광판을 기준으로
왼쪽엔 포토 존, 오른쪽엔 굿즈 존이 있다.
​
포토 존
집합
왼쪽 공간으로 들어서면
후부키, 미오 등신대와 함께
정류장과 횡단보도 컨셉의 전시 공간이 있다.
정류장
SD등신대
시라카미 후부키 & 오오카미 미오
횡단보도
LD등신대
시라카미 후부키 & 오오카미 미오
​
입구 바로 왼편에는 첫 번째 스탬프존이 있다.
​
라이브 메시지 월
MEDIA WALL
방문자들의 메시지를 띄워주는 전광판이다.
태블릿으로 메시지를 직접 작성해볼 수 있다.
​
포토부스
안쪽으로 더 들어가면
이번 팝업스토어에서만 만나볼 수 있는
스페셜 프레임 포토이즘 부스가 있다.
포토이즘 부스 옆에 두 번째 스탬프존이 있다.
​
노래방
노래방 컨셉의 미디어룸이다.
암막 커튼으로 된 입구 앞에는
탬버린과 노래방 리모컨이 준비되어있다.
​
굿즈(MD) 존
기념품샵
전경
굿즈(MD) 전시
굿즈존 중앙에 이번 팝업 굿즈 및
다양한 홀로라이브 굿즈들을 전시해두었다.
첫 번째 매대
첫 번째 매대 전경
랜덤 캔뱃지/아크릴 페어 키링 세트/티켓 키링/러기지 택/스포츠 타올
폴라로이드 세트/아크릴 디오라마/필름 카메라
마그넷 오프너/아크릴 페어 키링 세트/아크릴 디오라마
두 번째 매대
두 번째 매대 전경
레디백/스티커 세트/캔뱃지 풀패키지
세 번째 매대
세 번째 매대 전경
일러스트 타포린백/목베게
미니 백팩 파우치/와펜 세트
​
카운터
구매부스
카운터와 출구 옆에
각각 세 번째, 네 번째 스탬프 존이 있다."
"[서울 홍대] 이누야샤 팝업스토어 오픈런 후기, 예약·굿즈·특전·품....",https://blog.naver.com/jerry0724_/224400828628,안녕하세요 여러분 오늘은 따끈따끈하게 어제 다녀온 이누야샤 팝업스토어 후기를 가져왔어요!! 이누야샤 POP-UP STORE  장소 : AK PLAZA 홍대 4층 LIMITION  주소 : 서울 마포구 양화로 188 AK PLAZA 홍대 4층  행사... ,커플 데이트 일상 블로그,https://blog.naver.com/jerry0724_,20260904,마포구 팝업스토어,"안녕하세요 여러분🫶🏻
오늘은 따끈따끈하게 어제 다녀온
이누야샤 팝업스토어 후기를 가져왔어요!!
이누야샤 POP-UP STORE
​
​
📌 장소 : AK PLAZA 홍대 4층 LIMITION
📌 주소 : 서울 마포구 양화로 188
AK PLAZA 홍대 4층
📅 행사 기간 : 2026.09.01 ~ 2026.09.22
⏰ 월~금 : 11:00 ~ 22:00
⏰ 토~일 : 10:30 ~ 22:00
🚇 홍대입구역 5번 출구 바로 앞
​
🚗 AK PLAZA 홍대 주차요금
평일 : 최초 30분 3,000원 / 이후 10분당 1,000원
주말 : 최초 30분 5,000원 / 이후 30분당 5,000원
※ 무료 회차시간 5분
구매금액별 무료주차
1만원 이상 → 1시간 무료
3만원 이상 → 2시간 무료
5만원 이상 → 3시간 무료
​
(( 홍대뿐 아니라 AK플라자 수원 5층 SMG STORE에서도 같은 기간 팝업이 진행되고 있어요))
홍대점은 평일 오전 11시 오픈이라
저는 10시 30분쯤 도착했어요
다른 팝업 오픈런 하시는 분들도 계셔서
줄이 꽤 길었답니다
​
이건 팁인데 건물 정면에서 봤을 때
우측 골목 중간에 있는 옆문으로 가면
에스컬레이터와 가장 가깝답니다✨️
​
11시 되자마자 올라갔고
1등으로 들어가서 구매할 수 있었어요
덕분에 입장도 1등,
구경도 1등,
굿즈 구매도 1등으로 완료✌🏻
(입장 시 예약자 이름과 신분증 대조 확인합니다)
​
처음에는 사람이 거의 없어서
사진도 편하게 찍을 수 있었는데
시간이 지나면서 사람들이 점점 몰리더라고요
원하는 굿즈가 확실하게 있다면
일찍 방문하는 걸 추천하고 싶어요!
​
근데 제가 방문한 9월 3일 오전 기준,
사려고 했던 엽서 세트는 이미 품절이었어요ㅠㅠ
행사 시작한 지 며칠 안 됐는데 벌써 품절이라니...
​
인기 있는 굿즈들은 재고 상황이
빠르게 달라질 수 있을 것 같아서
특정 굿즈를 노리고 방문하신다면
가기 전에 공식 계정에서 최신 품절/재고 공지를 확인하고 가는 걸 추천드립니다!
(X에 올라오지만 저는 X없어서 그냥 감)
​
팝업 규모 자체는 크지 않지만
캐릭터 포토존도 있고, 포토부스도 있고,
무엇보다 굿즈 종류가 꽤 있어서
팬이라면 구경하는 재미가 있었습니다ㅎㅎ
​
그리고 이누야샤 말고 주술회전이나
다른 애니도 있었어요!
​
하지만 저의 목적은 단 하나...
셋쇼마루.
ㅋㅋㅋㅋㅋㅋㅋㅋ
저한테 셋쇼마루는 그냥 캐릭터가 아닙니다...
제 2D 첫사랑이에요🥹🤍
그래서 이번 팝업에서도
셋쇼마루 관련 굿즈는 거의 다 담아왔어요
​
장패드부터 족자봉까지
보이는 족족 주워 담기 시작했는데
정신 차리고 보니↓
💸 총 결제금액 145,700원
그래도 후회는 없습니다.
셋쇼마루니까요.
(( 생각보다는 많이 안 씀 ))
​
셋쇼마루 굿즈도 왕창 사고
특전도 거의 다 받아와서 만족스러웠어요ㅋㅋㅋ
14만 5천원을 태웠지만 행복하다...⭐
이누야샤 좋아하셨던 분들이라면
9월 22일 끝나기 전에 한 번 다녀와 보세요🫶🏻
​
👇 이누야샤 팝업 기간·예약·굿즈 가격·구매 특전
총정리글 보러가기 →
[서울 홍대·수원] 이누야샤 팝업스토어 총정리｜기간·예약·굿즈 가격·구매 특전
안녕하세요 여러분🙌🏻 현재 홍대와 수원에서 진행 중인 이누야샤 팝업! 9월 22일까지 진행되는 기간 ...
m.blog.naver.com"
2026 다모여 페스타 FESTA 캐릭터 팝업 스토어 다마고치 디지몬 프리큐....,https://blog.naver.com/travel0202/224399659052,홍대에서 추억의 캐릭터들과 다마고치 팝업스토어를 연다고 합니다 ! 타이틀은 [다모여 FESTA] 일정 운영 장소 : 서울 마포구 양화로 188 AK PLAZA 홍대 4F 운영 기간 : 2026년 9월 24일 목요일 ~ 2026년 10월 13일... ,일상기록지,https://blog.naver.com/travel0202,20260903,마포구 팝업스토어,"홍대에서 추억의 캐릭터들과 다마고치 팝업스토어를 연다고 합니다 !
​
타이틀은
[다모여 FESTA]
일정
운영 장소 : 서울 마포구 양화로 188 AK PLAZA 홍대 4F
운영 기간 : 2026년 9월 24일 목요일 ~ 2026년 10월 13일 화요일
운영 시간 : 월-금 11:00 ~ 22:00
토-일 10:30 ~ 22:00
AK PLAZA 홍대
서울특별시 마포구 양화로 188
​
​
​
​
​
​
​
​
MD 리스트
이번 팝업에 들어온 캐릭터들은 디지몬, 프리큐어, 아이엠스타, 다마고치로 예전에 유행했던 캐릭터들의 공식 굿즈를 다시 판매한다고 하더라구요 !! 여기에 요즘 유행하는(?) 다마고치까지 있으니 안 갈 이유 없음 !! 구하기 힘들다던 다마고치 파라다이스도 판매한다고 해요 !
​
​
​
​
​
​
​
​
​
이벤트
현재 인스타그램 게시물 댓글로 기대평을 남기면,
추첨을 통해 3분께 페스타에서 판매하는
‘랜덤 포토필름’ 풀세트를 선물로 주는 행사를 하고 있다고 해요 !!
9/23일까지 한다고 하고 관심 있으신 분들은
아래 인스타그램 주소 남겨놓을 테니까
참여해보세요 !
​
※ 디지몬 어드벤처 / 프리큐어 / 아이엠스타! 중 1종의 풀세트가 랜덤으로 증정됩니다.
​
Instagram의 SMG STORE님 : ""🙌우리의 모든 최애가 모이다! ─ 다 모여 FESTA! 9월 24일 COMING SOON! 반다이남코코리아와 SMG홀딩스가 함께 선보이는 다 모여 페스타! 추억의 IP 공식 굿즈와 다마고치 파라다이스 체험까지 한 공간에서 즐겨보세요✨ ◈본 게시물 댓글로 기대평을 남겨주시면, 추첨을 통해 3분께 페스타에서 판매하는 ‘랜덤 포토필름’ 풀세트를 선물로 드립니다! (~9/23) ※디지몬 어드벤처 / 프리큐어 / 아이엠스타! 중 1종의 풀세트가 랜덤으로 증정됩니다. 🎁MD LIST - 디지몬 - 프리큐어 - 아이엠스타! - 다마고치 ※이벤트 관련 문의는 SMG STORE로 부탁드립니다. #다모여페스타 일정: 9/24(목)~10/13(화) 장소: AK PLAZA 홍대 4F""
550 likes, 68 comments - smgstore_kr - August 31, 2026: ""🙌우리의 모든 최애가 모이다! ─ 다 모여 FESTA! 9월 24일 COMING SOON! 반다이남코코리아와 SMG홀딩스가 함께 선보이는 다 모여 페스타! 추억의 IP 공식 굿즈와 다마고치 파라다이스 체험까지 한 공간에서 즐겨보세요✨ ◈본 게시물 댓글로 기대평을 남겨주시면, 추첨을 통해 3분께 페스타에서 판매하는 ‘랜덤 포토필름’ 풀세트를 선물로 드립니다! (~9/23) ※디지몬 어드벤처 / 프리큐어 / 아이엠스타! 중 1종의 풀...
www.instagram.com
모든 사진 출처 :
@
smgstore_kr
저도 어렸을 때부터 보고 자랐던 것들인데
이게 이렇게 추억의 캐릭터들이 된 걸 보니 아쉽기도 하고
오랜만에 들으니까 또 반갑기도 하네요 !!
특히, 디지몬이나 다마고치는 요즘도 많이 유행하고 있으니
관심 있으신 분들은 한 번 방문해보세요 ~
​
​
​
​
​
​
​
​
​
​
​
​
#다모여페스타
#다모여FESTA
#홍대팝업추천
#다마고치팝업
#다마고치추천
#디지몬팝업
#프리큐어팝업
#아이엠스타팝업
#캐릭터팝업추천"
어노브 파워퍼프걸 홍대 올리브영 팝업스토어 특전 굿즈,https://blog.naver.com/rlarlxo0930/224398980269,UNOVE SUPER POWERFUL REPAIRI POP-UP STORE 서울 마포구 홍익로6길 57 OLIVE YOUNG 기간 2026.08.30 ~ 2026.09.30 이번에 홍대 팝업 행사를 통해 어노브 파워퍼프걸 콜라보 제품을 만나볼 수 있다는 소식을 듣고 보러 다녀왔어요.... ,Achamtae cultural life,https://blog.naver.com/rlarlxo0930,20260902,마포구 팝업스토어,"UNOVE SUPER POWERFUL REPAIRI POP-UP STORE
서울 마포구 홍익로6길 57 OLIVE YOUNG
기간 2026.08.30 ~ 2026.09.30
이번에 홍대 팝업 행사를 통해 어노브 파워퍼프걸 콜라보 제품을 만나볼 수 있다는 소식을 듣고 보러 다녀왔어요.
​
12시부터 입장 시 팜플렛이 제공되는데 3가지 스탬프를 모두 채우면 파워퍼프걸 굿즈가 포함된 럭키드로우 뽑기 기회가 주어집니다.
​
​
홍대 어노브 팝업 인테리어를 파워퍼프걸 컨셉에 맞춰서 예쁘게 꾸며놓은 모습입니다.
포토존도 잘 해놓은게 인증샷 찍으면서 추억 남겨보셔도 좋겠죠.
​
​
한쪽에는 럭키드로우 상품이랑 어노브 파워퍼프걸 굿즈가 실물로 전시되어 있으니 쇼핑에 앞서 한 번 참고해보세요.
​
이번 콜라보 특전이 전체적으로 예쁘게 나와서 평소에 잘 안쓰는 핸드크림을 구매해서라도 받고 싶은 마음입니다.
​
​
중앙 메인 진열 공간에는 어노브 화장품과 함께 제품 사용 전 후를 비교할 수 있도록 거울을 배치해뒀어요.
​
저는 마침 손이 건조해서 바디로션을 체험해봤는데 향이 너무 좋더라고요.
간단한 외출시에는 향수 대용으로도 괜찮을 것 같아요.
​
​
이번 어노브 팝업 특전 중에서 파워퍼프걸 캡 키링이 특히 눈에 띄네요.
키링 형태로 디자인도 예쁘고 핸드크림 뚜껑 위에 씌울 수 있어서 휴대용으로 손이 건조할 때 꺼내 쓰면 딱이겠어요.
​
그 밖에도 요즘 유행하는 키캡 키링도 한 번 눌러보고 감성 가득한 인테리어들을 구경하는 재미가 또 쏠쏠했습니다.
​
​
마지막으로 포토부스 촬영하고 모든 미션 완료입니다.
사진은 파워퍼프걸 포토존 배경으로 출력되서 소장하기에 좋아요:)
​
그럼 대망의 럭키드로우 하러 가보겠습니다.
​
​
가방을 포함한 트라이얼 키트부터 캡 키링 등 파워퍼프걸 굿즈가 여러가지 있는데 과연 뭐가 나올까요?
두구두구두구두구~
저는 헤어 브러쉬 당첨입니다!
​
​
오늘은 이렇게 올리브영 어노브 팝업 후기를 남겨봤는데 파워퍼프걸 즐겨 보는 분들은 들려서 체험해보셔도 좋을 것 같아요~^^
​
​
어노브 X 파워퍼프걸 팝업 @홍대
서울특별시 마포구 홍익로6길 57 (동교동, 윤성타워) 올리브영 홍대타운점"
이누야샤 팝업스토어 | 홍대 팝업스토어 | 정말 솔직 후기,https://blog.naver.com/arwen5140/224398777564,이누야샤 팝업스토어를 홍대 ak플라자쪽에서 진행한다는 말을 듣고 얼른 사전예약을 신청!... (수)  「이누야샤」 POP-UP STORE 서울 마포구 양화로 188 홍대입구역 4번 출구 ak플라자 4층 1. 기본 정보 및 사전... ,해랑의 이것저것,https://blog.naver.com/arwen5140,20260902,마포구 팝업스토어,"이누야샤 팝업스토어를
홍대 ak플라자쪽에서 진행한다는
말을 듣고 얼른 사전예약을 신청!
다녀왔습니다 🙂
​
*실제 방문일: 2026. 09. 02. (수)
​
🐾 「이누야샤」 POP-UP STORE
서울 마포구 양화로 188 홍대입구역 4번 출구 ak플라자 4층
1. 기본 정보 및 사전 예약
​
운영 기간
* 2026.09.01(화) ~ 2026.09.22(화)
​
장소 및 운영시간
* 홍대 LIMMON
* 월금 11:0022:00
* 토·일 10:30~22:00
* ※ AK PLAZA 홍대 운영시간과 동일
* 수원 SM CAFE
* 매일 10:30~22:00
* 주말/평일 동일
​
🎁 구매 특전
​
* 2만원 이상 구매 시 → 캐릭터 코스터 8종 중 랜덤 1종
* 5만원 이상 구매 시 → 메모리얼 카드 8종 중 랜덤 1종
* 특전은 랜덤 증정, 선택·교환 불가
* 수량 소진 시 조기 종료될 수 있음
​
🛍️ 이용 시 주의사항
​
* 모든 상품은 한정 수량으로 조기 품절 가능
* 일부 상품은 1인당 구매 수량 제한 있음
* 구매 제한은 현장 상황에 따라 변경 가능
* 팝업스토어 구매 상품은 단순 변심 교환·환불 불가
* 불량 교환·환불 시 구매 영수증 2장 지참 필요
* 교환: 해당 상품 + 영수증 2장
* 환불: 해당 상품 + 구매 영수증 2장
* 수량 부족 시 교환이 어려울 수 있음
* 입장 마감 10분 전에는 원활한 진행을 위해 입장이 제한될 수 있음
* 팝업스토어 퇴장 후 재입장 불가
* 생수 제외 모든 음료 및 음식물 반입 금지
* 안전을 위해 개인 간 상품 교환 및 나눔 금지
* 현장에서 촬영한 사진·영상이 팝업스토어 콘텐츠로 활용될 수 있음
네이버 예약 :: <이누야샤> 팝업스토어 사전예약
* 사전 예약 운영 기간: 2026.09.01(화) - 2026.09.06(일) * 사전 예약 기간 첫 날 - 26.09.01(화)은 워크인 입장 불가 * 26.09.02(수) - 09.06(일) 기간 동안 노쇼 발생 시 현장 워크인 입장 가능합니다. * 워크인 이용을 원하실 경우, 매장 앞에서 워크인 전용 나우웨이팅 등록 후 대기 부탁드립니다. * 나우웨이팅 등록은 조기 마감될 수 있습니다.
booking.naver.com
사전 예약 운영 이후부터  행사 종료하는 9.22. 까지는
자유롭게 방문할 수 있다고 해요
​
​
​
2. 팝업스토어 관람기
도착하면 이렇게 셋쇼마루 입간판이
있는 곳에서 줄을 서고 시간대별로
기다렸다가 들어갑니다.
​
기다리면서 직원분이
바구니를 주셔서 받았습니당
​
​
규모는 비교적 작았습니다
.
(사진에서 보이는 구조 안에 다 있다고 보시면 돼요!)
​
중간중간 요런 이쁜 사진들 있어서
찍었어요.. 크
​
크.. 어릴 때부터 애니최애원탑 셋쇼마루사마
,,
♡
​
파는 제품들은 대충 요 정도였어요
(대부분
구매 수량 제한
이 있었습니다.)
​
제가 갖고싶었던 템은 ㆍㆍ
요
사혼의 구슬 키링!(23,000원
)
근데 너무 비싸서 패스
​
ㅋㅋ 머글들에게도 유명한 가영이 마우스패드!
7,000원
밖에 안해서 살까? 고민했지만
회사에서 이거 쓰면
눈치 보일 것 같아요ㅋㅋㅋㅋㅋ
​
- 생각보다 규모가 많이 작음
​
- 실용성 있는 상품보다는 기념적인? 상품들이 많음. (ex. 아크릴 스탠드, 족자봉, 키링 등)
​
- 내가 이누야샤 덕후다 + 홍대에 갈 일이 있다
or 내가 정말 가지고싶은 특정템이 있다!
​
하시면 가볍게 방문하시는 것 추천드려요 ☺️
​
​
​
​
​
​"
[팝업] 이누야샤 팝업스토어(홍대)│사전예약 방문 후기 및 굿즈 구....,https://blog.naver.com/memory-green/224398655788,"[팝업] 이누야샤 팝업스토어(홍대)│사전예약 방문 후기 및 굿즈 구매와 특전 수령 (사혼의구슬부적키링 실물) 내돈내산 후기 이누야샤 팝업스토어 (홍대) *장소 : 마포구 양화로 188, AK플라자 4층 *기간 : 09.01... ",추억의 게임과 일상이 있는 블로그,https://blog.naver.com/memory-green,20260902,마포구 팝업스토어,"[팝업] 이누야샤 팝업스토어(홍대)│사전예약 방문 후기 및 굿즈 구매와 특전 수령 (사혼의구슬부적키링 실물)
내돈내산 후기
이누야샤 팝업스토어 (홍대)
*장소 : 마포구 양화로 188, AK플라자 4층
*기간 : 09.01 ~ 09.22
*사전예약오픈 : 08.24 (월) 18:00~ 네이버예약
09.01~09.06 사전예약만 입장가능
09.07~09.22 현장대기만 입장가능
*운영시간
평일 : 11시~22시
주말 : 10시30분~22시
*사전예약 준비물 : 사전예약사이트/
신분증
*이누야샤 팝업스토어 홍대점 내용
https://blog.naver.com/memory-green/224382246340
*사전예약사이트 홍대
https://booking.naver.com/booking/12/bizes/1716768
이누야샤 팝업 @홍대
서울특별시 마포구 양화로 188 (동교동, 애경타워) AK PLAZA 홍대 4층 LIMITION
리밋션 AK PLAZA 홍대
서울특별시 마포구 양화로 188 AK PLAZA 홍대 4층
AK PLAZA 홍대
서울특별시 마포구 양화로 188
안녕하세요~
오늘은 오랜만에 추억의 애니메이션을 만나러 다녀왔어요.
이누야샤 팝업스토어입니다.
이번에 홍대에서 이누야샤 팝업스토어가 열린다는 소식을 보고
사전예약을 한 뒤 직접 다녀왔습니다.
​
굿즈도 구경하고,
팝업스토어 곳곳에 전시된 일러스트도 보고,
구매 특전까지 받아왔어요.
​
이번 글에서는 직접 방문한 후기와 함께
팝업스토어 정보, 굿즈 종류와 가격, 구매 특전까지 정리해볼게요.
​
AK플라자가 11시 정각 오픈이라서
일찍가서 기다릴필요는 없어요.
11시예약하신분들은 대충 10시55분쯤 도착하셔도 됩니다~
팝업스토어 입구부터 이누야샤 캐릭터들이 보이기 시작해서
올라가자마자 괜히 기분이 좋더라고요.
역시 이런 추억의 애니메이션 팝업은 입구부터 설레는 맛이 있습니다.
입구 쪽에는 이누야샤와 카고메, 미로쿠, 산고가 함께 있는 공간이 꾸며져 있었고,
사진을 찍을 수 있는 포토존처럼 구성되어 있었어요.
​
금강의 활까지..와우
사전예약 입장대기줄과
현장등록 대기줄이 따로 있어요!
현장등록은 아무래도 좀 많이 기다려야 해요.
사전예약고객님의 노셔가 발생 될 경우에만 호출이 된다고 해서
노쇼고객이 없으면 입장 못하는...
팝업스토어 내부에서는
굿즈구매가 가능한 공간인데
특전행사도 같이 진행되고 있어요.
2만원 이상 구매시, 캐릭터 코스터 8종 랜덤 1종 증정
2만원 이상 구매시, 영화예매권 럭키드로우
5만원 이상 구매시, 메모리얼 카드 8종 랜덤 1종 증정
안으로 들어가니 생각보다 다양한 굿즈가 진열되어 있었습니다.
이누야샤, 카고메뿐만 아니라
셋쇼마루, 키쿄우, 미로쿠, 산고, 싯포 등 여러 캐릭터의 굿즈가 준비되어 있었어요.
벽면에는 이누야샤 관련 일러스트도 전시되어 있었는데,
굿즈만 판매하는 공간이라기보다는
일러스트를 구경하고 사진도 찍을 수 있게 꾸며놓은 느낌이었습니다.
특히 예전 이누야샤를 재미있게 보셨던 분들이라면
익숙한 캐릭터들이 한자리에 있는 모습만 봐도 반가우실 것 같아요.
애니메이션 내에 중요 컷씬들도 같이 있다 보니
보는 재미가 또 있더라구요 ^ ^
영화포스터도 있었고요.
아 그러고보니 영화도 같이 개봉이 되네요
아 이거참... 또 영화관도 가야하는구먼!! ㅎㅎ
이제 가장 중요한 굿즈 구경!
팝업스토어에는 캔뱃지, 키링, 네컷 필름, 캐릭터 카드, 엽서 세트 등 다양한 상품이 있었습니다.
저도 하나하나 구경해봤는데요.
굿즈마다 캐릭터 일러스트가 다르게 들어가 있어서
어떤 캐릭터를 좋아하느냐에 따라 고르는 재미가 있겠더라고요.
​
가장 먼저 눈에 들어온 건 사혼의 구슬 캔뱃지였습니다.
가격은 6,000원.
총 8종으로 구성되어 있었어요.
이누야샤부터 카고메, 미로쿠, 산고, 키쿄우, 셋쇼마루, 싯포
그리고 사혼의 구슬 디자인까지 있었습니다.
사혼의 구슬을 표현한 디자인이라 일반적인 캐릭터 캔뱃지와는 조금 다른 느낌이었고,
실제로 보니 반짝이는 느낌도 있어서 예쁘더라고요.
​
다음은 에마 키링입니다.
가격은 11,000원이고 총 8종.
일본의 에마를 떠올리게 하는 디자인에 이누야샤 캐릭터를 넣어놓은 굿즈라서
이번 팝업스토어 분위기와도 잘 어울렸어요.
캐릭터 굿즈이면서도 일본풍 느낌이 있어서 독특했습니다.
네컷 필름
네컷 필름도 있었어요.
가격은 4,000원.
총 8종으로 구성되어 있었고,
이누야샤 캐릭터와 일러스트를 필름 형태로 담아놓은 굿즈입니다.
가격도 비교적 부담스럽지 않아서
간단하게 기념품으로 구매하기 괜찮아 보였어요.
​
캐릭터 카드
다음은 캐릭터 카드입니다.
가격은 5,000원이고,
총 12종, 1팩에 2매가 들어있는 구성이라고 합니다.
캐릭터 카드 같은 랜덤 굿즈는
하나를 뜯었을 때 어떤 캐릭터가 나올지 모르는 재미가 있죠.
원하는 캐릭터가 있다면 여러 개 구매하고 싶어질 것 같은 굿즈였습니다.
엽서 세트
그리고 엽서 세트도 있었습니다.
가격은 8,000원.
여러 캐릭터의 일러스트가 들어가 있어서
이누야샤 일러스트를 소장하고 싶은 분들에게 잘 어울릴 것 같았어요.
특히 팝업스토어 벽면에도 같은 일러스트들이 전시되어 있어서
실제 일러스트를 먼저 구경하고 굿즈를 보는 재미도 있었습니다.
아크릴 스탠드
사진으로 보이는 상품은 이누야샤, 카고메, 셋쇼마루, 키쿄우 등의 캐릭터가 있었고,
가격은 각 19,000원이었습니다.
일러스트가 꽤 크게 들어가 있어서 진열해두면 존재감이 있을 것 같더라고요.
특히 셋쇼마루 아크릴 스탠드가 눈에 확 들어왔어요.
아크릴 스탠드는 캐릭터별로 디자인이 다르기 때문에
최애 캐릭터가 있다면 하나쯤 소장하고 싶은 굿즈였습니다.
사혼의 구슬 부적 키링
이번 팝업스토어에서 개인적으로 가장 기대했었던 굿즈!
바로 사혼의 구슬 부적 키링입니다.
일본 신사에서 볼 법한 부적 느낌의 디자인에
사혼의 구슬이 달려 있어서 이누야샤 분위기가 제대로 나더라고요.
굉장히 영롱하고 이뻤습니다. ㅠㅠㅠ!!!
일반적인 캐릭터 키링과는 조금 다른 스타일이라
이누야샤 팝업스토어에서만 볼 수 있는 느낌의 굿즈라 더 마음에 들었어요.
사혼의구슬 캔뱃지와
셋쇼마루의 늠름한 자태가 보이는 굿즈도 있었습니다.
미륵의 열려라 풍-혈-!
그리고
이누야샤 렌티큘러 / 셋쇼마루 렌티큘러도 있었는데요
렌티큘러도 꼭 실물로 보고싶었어요
각도에 따라서 움직이면 사진이 바뀌거든요.
이누야샤는 반요/요괴사진과, 앉아!서있어!(?)의 모습이었고
셋쇼마루는 기본자세/전투자세, 링의 유무 모습이 있었어요!!
가장 유명한 짤이죠
""안녕히계세요여러분~~""
이 짤이 굿즈로 나왔다니 ㅋㅋ
재밌더라구요 ㅎㅎㅎ ^^
​
아크릴 코스터
캐릭터가 들어간 아크릴 코스터도 있었습니다.
책상 위에 장식해두기에도 괜찮아 보이는 디자인이었습니다.
​
A4 클리어 파일
그리고 개인적으로 이런 굿즈 좋아하는 분들이라면 지나치기 힘든
A4 클리어 파일도 있었습니다.
가격 부담도 비교적 적은 편이라
팝업스토어 방문 기념으로 하나 구매하기 좋은 굿즈였습니다.
CGV 관람권 증정 이벤트도!
그리고 굿즈 코너를 구경하다 보니
한쪽에 CGV 관람권 증정 이벤트 안내도 있더라고요.
이번 이누야샤 팝업스토어에서는 영화와 연계된 이벤트도 진행되고 있었습니다.
팝업스토어에서 굿즈를 구매하는 것뿐만 아니라
이누야샤 관련 영화 이벤트까지 함께 확인할 수 있어서
이누야샤 팬이라면 이것저것 챙겨볼 게 꽤 많았어요.
그리고 제가 구매한 굿즈!
저는 이것저것 구경한 끝에
사혼의 구슬 부적 키링을 하나 구매했습니다.
그리고 팝업스토어 구매 특전으로 받은 카드도 함께 들고 나왔어요.
그런데...
제가 받은 특전 카드가 바로 나라쿠였습니다!!!
이누야샤 팝업스토어에 와서
사혼의 구슬 키링을 사고
특전으로 나라쿠를 받다니
뭔가 묘하게 조합이 완성된 느낌...
집에와서
예전에 이누야샤 팝업 신촌에서 구매했던 '사혼의구슬조각' 과
오늘 이누야샤 팝업 홍대에서 구매했던 '사혼의구슬'을 같이 두니까
진짜.. 와
너무좋습니다!! 너무이뻐요 ㅠㅠ
직접 방문해보니
이번 이누야샤 팝업스토어는
엄청나게 규모가 큰 대형 팝업이라기보다는
이누야샤 굿즈를 구경하고 일러스트와 포토존을 함께 즐길 수 있는 팝업스토어라는 느낌이었어요.
어릴 때 봤던 이누야샤 캐릭터들을 다시 보니까
괜히 추억이 새록새록 떠오르더라고요.
요즘 예전에 좋아했던 애니메이션들이 이렇게 팝업스토어와 굿즈로 다시 나오는 경우가 많아서
이런 곳에 가면 굿즈 자체보다도 추억 때문에 더 즐거운 것 같아요.
​
이누야샤를 좋아하셨던 분들이라면
이번 팝업스토어도 꽤 반가우실 것 같아요.
저는 사전예약을 하고 방문해서 크게 기다리지 않고 들어갈 수 있었고,
굿즈도 천천히 구경하면서 마음에 드는 것들을 골라봤습니다.
특히 이누야샤 캐릭터 굿즈뿐만 아니라
일러스트 전시와 포토존도 함께 볼 수 있어서
그냥 굿즈만 사러 간 것보다는 볼거리가 조금 더 있었어요.
​
그리고 역시...
추억의 캐릭터는 실물 굿즈로 보면 또 다르네요.
이누야샤 좋아하셨던 분들이라면
홍대에 방문할 일이 있을 때 한 번 들러보셔도 좋을 것 같습니다.
팝업스토어 기간이 9월 22일까지이니 방문 예정이라면 기간도 꼭 확인해보세요."
"[서울 마포/홍대] 명탐정 코난 : 하이웨이의 타천사 팝업스토어, 팬....",https://blog.naver.com/wisdom_0303_/224395012077,️ 명탐정 코난 : 하이웨이의 타천사 팝업 주소 | 서울 마포구 양화로 178-5 LC타워 별관 지하 2층 팬베이스 ️ 전시 기간 | 2026.08.12.(수)~08.30.(일) ⏰ 운영 시간 | 매일 11:00~20:00  주차 | 인근 주차장 이용... ,두리뭉실,https://blog.naver.com/wisdom_0303_,20260831,마포구 팝업스토어,"🗺️ 명탐정 코난 : 하이웨이의 타천사 팝업
​
📍주소 | 서울 마포구 양화로 178-5 LC타워 별관
지하 2층 팬베이스
🗓️ 전시 기간 | 2026.08.12.(수)~08.30.(일)
⏰ 운영 시간 | 매일 11:00~20:00
🚗 주차 | 인근 주차장 이용
안녕하세요!
​
얼마 전 더현대 팝업에 이어
명탐정 코난 팝업 중
홍대에서 열리는
하이웨이의 타천서 팝업에 다녀왔습니다.
​
홍대에서는 크게
팬베이스 홍대점에서 진행되는 극장판 팝업과
AK에서 진행되는 30주년 팝업이
동시에 진행되고 있는데요.
​
30주년 팝업은 따로 입장료가 있고
사고 싶은 굿즈가 품절이라ㅠ
재입고만 기다리면서
일단 기한이 얼마 남지 않은
하이웨이의 타천사 팝업에 다녀왔습니다!
지하 2층에 위치하고 있는데요.
팝업 스토에 홍보물 바로 옆에 있는
계단으로 내려가거나
건물 엘리베이터를 이용하여
지하로 내려가시면 바로 팝업 현장이 나오게 됩니다!
​
따로 사전예매를 하지 않고
저는 평일 4시쯤 방문했는데요.
현장 대기가 전혀 없었고
바로 입장했습니다.
팝업의 규모는 크지 않았지만
굉장히 알차게 꾸며져 있고
구성도 좋았어요.
팝업을 좀 더 재밌게 즐길 수 있는
체험형 전시가 준비되어 있어요!
입장하자마자 지류를 나눠주시는데요.
약간 보물찾기하듯
팝업 현장 곳곳에 있는  QR 코드를 찾아
암호를 해독해주시면 됩니다.
QR코드를 찍으면
하이웨이의 타천서 등장인물이
랜덤으로 등장하는데요.
​
그중 어린이 탐정단이 나오면 꽝이고
어른들(?)이 나오면 카드를 눌러
뒷면의 알파벳을 확인할 수 있습니다.
​
그 알파벳을 모아 단어를 조합하면
암호가 해독되는 형태였어요!
총 15개의 QR코드가 있고
그중에서 7개만 꽝이 아닌데요.
생각보다 1~2개가 정말 구석에 숨겨져 있어
찾기 힘들었습니다...
(진짜 15분 걸린 듯 ㅋㅋ)
팝업 규모가 크지 않은데도
포토존도 나름 현장감 있고
입체적으로 꾸며져 있어
사진 찍기에도 좋았습니다!
켄지와 마츠다 등신대도 있어서
제 마츠다 솜뭉치와도 함께 찍어줫슴다
그리고 실제 직원분의
소장 굿즈들도 전시되어 있어
보는 게 정말 좋았어요!!
​
정말 사랑하는 마음이 가득 느껴지는
굿즈 모음이었습니다...
하이웨이 타천사 등장인물과 함께
인생네컷 사진을 찍을 수 있는
포토부스도 있었어요!
​
가격이 좀 비싼 편이기는 하지만...
그래도 남는 건 사진뿐이니^^
찍어주었습니다!
​
코난 마취총에 맞을 수 있는(?)
거울 포토존도 있어서
찍어주었습니다. 훗.
다음 커튼으로 막힌 방으로 이동하면
이렇게 뭔가 비밀스러운 공간으로 온 듯한
분위기가 나는 방이 있어요.
​
한쪽은 전면 거울이고
다른 쪽은 위에 사진처럼 디스플레이가 있는데요.
직접 그림을 그리거나
메시지를 적어 화면에 송출할 수 있는
체험 전시였어요!
공간 분위기에 맞게
마치 경찰 수사실에 온 느낌처럼
소품 디테일도 좋아서
진짜 좋았어요!
다들 금손이셔서...
저는 흡연 중인 마츠다를
C급으로 그려보았습니다...
(진짜 10초만에 그림)
​
원래는 ""당신을 꽤 좋아했어""
이지만 그냥 ""좋아해""라고 적었음요.
(사심)
방에서 나오면 이제
굿즈를 자유롭게 구경 및
구매할 수 있는 마지막 공간이 나와요!
​
굿즈 종류도 아크릴 스탠드, 자수 배지,
테이프, 키링 등등
정말 다양한 구성이 있어 구경하는 재미가 있어요.
​
무엇보다 자주 등장하지 않는
캐릭터들이 나오는 이번 극장판이 만큼
해당 캐릭터를 좋아하시는 분들이라면
이번 팝업 및 굿즈가 정말 소중할 것 같더라고요...
저는 원래 이 경찰 동기들의 명찰,
명함 케이스, 증이 가지고 싶었는데...
늦게 가서 품절이었습니다 흑흑
​
팝업 종료 후에는
온라인 판매를 예정하고 있다는데
그때 물량이 풀리기를 기대 중입니다...(제발!@@!@)
그리고 진짜 살 뻔한
진페이 안경 거치대 ㅋㅋㅋㅋㅋ
하 진짜 돈 많았으면 샀다...
암튼 극장판 팝업이라
팝업 운영 기간이 길지 않다는 아쉬움은 있지만 ㅠㅠ
역시 다른 곳에서는 보기 힘든
굿즈를 볼 수 있어서 재밌었던 팝업이었습니다.
​
AK 팝업도 곧 다녀오려고요!!
명탐정 코난: 하이웨이의 타천사
애니메이션
2026
하스이 타카히로
팬베이스 홍대점
서울특별시 마포구 양화로 178-5 LC타워 별관 지하2층
​"
어노브 X 파워퍼프걸 홍대 / 명동 팝업 스토어 정보,https://blog.naver.com/yugioh1130/224393562653,서울시 마포구 홍익로6길 57 올리브영 홍대 타운 서울시 중구 명동8길 27 올리브영 센트럴 명동 타운점 2026.08.30(일) - 2026.09.30(수) 올리브영 홍대 타운 12:00 - 21:00 올리브영 센트럴 명동 타운점 10... ,終着,https://blog.naver.com/yugioh1130,20260828,마포구 팝업스토어,"올리브영 홍대 타운
서울특별시 마포구 홍익로6길 57 올리브영 홍대 타운
올리브영 센트럴 명동 타운
서울특별시 중구 명동8길 27
​
서울시 마포구 홍익로6길 57 올리브영 홍대 타운
서울시 중구 명동8길 27 올리브영 센트럴 명동 타운점
2026.08.30(일) - 2026.09.30(수)
올리브영 홍대 타운 12:00 - 21:00
올리브영 센트럴 명동 타운점 10:00 - 22:00
​
Instagram의 어노브 한국 공식 계정 UNOVE KR OFFICIAL님 : ""💌 𝑆𝑝𝑒𝑐𝑖𝑎𝑙 𝑁𝑜𝑡𝑖𝑐𝑒 파워퍼프걸💖어노브 𝗣𝗢𝗣-𝗨𝗣 지루하고 평범한 일상을 기분좋게 바꿔줄 ​ 파워퍼프걸의 비밀 공간에 초대합니다.​ 부드러움과 은은한 향기로 가득한 어노브 파워업 룸에서 ​ Super Powerful Repair를 경험하고, ​ 긍정 에너지를 가득 충전해보세요!​🪄 올리브영 홍대타운점에서만 만날 수 있는 귀여운 리본 키캡 키링&파우치까지 놓치지 말기! 📍LOCATION - 올리브영 홍대타운점 - 올리브영 센트럴 명동타운점 📍SCHEDULE - 26.8.30 - 26.9.30 - 팝업/매장 운영 시간은 이미지 참고 어노브와 파워퍼프걸이 전하는​ 강력한 Super Powerful Repair와 함께​ 당신의 하루는 더 파워풀해질 거예요. 이번 주 일요일부터, 우리 팝업에서 만나요! *명동 센트럴타워 점에서는 테스트존 외 별도 체험 프로그램은 운영되지 않습니다. *구매 금액별 증정 굿즈는 지류 영수증 지참 필수 #ThePowerPuffGirls #PPG #파워퍼프걸 #파워퍼프걸팝업 #어노브팝업 The Powerpuff Girls 💖 UNOVE 𝗣𝗢𝗣-𝗨𝗣 Step into the Powerpuff Girls’ secret space and turn an ordinary day into something a little more special. In the UNOVE POWER UP ROOM, filled with softness and subtle fragrance, experience Super Powerful Repair and recharge with a boost of positive energy! 🪄 Don’t miss the adorable Ribbon Keycap Keyring, available exclusively at the Olive Young Hongdae Town pop-up! 📍 LOCATION – Olive Young Hongdae Town – Olive Young Central Myeongdong Town 📍 SCHEDULE – Aug. 30, 2026 – Sep. 30, 2026 – Please refer to the image for operating hours. With the powerful Super Powerful Repair from UNOVE and the Powerpuff Girls, your everyday moments are about to get a whole lot more powerful. ✨ *At the Myeongdong Central Town location, no experience programs other than the product testing zone will be available.""
556 likes, 0 comments - unove.kr - August 27, 2026: ""💌 𝑆𝑝𝑒𝑐𝑖𝑎𝑙 𝑁𝑜𝑡𝑖𝑐𝑒 파워퍼프걸💖어노브 𝗣𝗢𝗣-𝗨𝗣 지루하고 평범한 일상을 기분좋게 바꿔줄 ​ 파워퍼프걸의 비밀 공간에 초대합니다.​ 부드러움과 은은한 향기로 가득한 어노브 파워업 룸에서 ​ Super Powerful Repair를 경험하고, ​ 긍정 에너지를 가득 충전해보세요!​🪄 올리브영 홍대타운점에서만 만날 수 있는 귀여운 리본 키캡 키링&파우치까지 놓치지 말기! 📍LOCATION - ...
www.instagram.com
​
지루하고 평범한 일상을 기분 좋게 바꿔줄 ​
파워퍼프걸의 비밀 공간에 초대합니다.​
​
부드러움과 은은한 향기로 가득한
어노브 파워업 룸에서 ​Super Powerful Repair를
경험하고, ​긍정 에너지를 가득 충전해 보세요! ​
​"
"서울 9월~10월 팝업스토어, 홍대 팝업스토어, 나가노마켓 농담곰 팝....",https://blog.naver.com/mha0715/224393431541,서울 9월 ~ 10월 팝업스토어로 추천드려요! 홍대나가노마켓 위치는 서울시 마포구 월드컵북로2길 29 0% SEOUL이에요! 홍대 0% SEOUL 나가노마켓에서 만나볼 수 있는 농담곰 굿즈입니다. 푹신말랑! 블랙 한가득... ,제아링의 파우치,https://blog.naver.com/mha0715,20260828,마포구 팝업스토어,"안녕하세욧. 나가노마켓 팝업샵이 2026년 8월 28일 ~ 2026년 10월 11일까지 서울에서 개최됩니다! 서울 9월 ~ 10월 팝업스토어로 추천드려요! 홍대나가노마켓 위치는 서울시 마포구 월드컵북로2길 29 0% SEOUL이에요!
홍대 0% SEOUL 나가노마켓에서 만나볼 수 있는 농담곰 굿즈입니다.
푹신말랑! 블랙 한가득 인형 뽑기는 1인 3회까지 이용 가능해요.
말랑폭신! 담곰이만 한가득 인형 뽑기도 1인 3회 제한입니다!
나가노마켓 팝업스토어 네이버 사전 예약 및 현장 예약 안내입니다.
​
밑에 링크는 나가노마켓 사전예약 하는 곳 이에요.
네이버 예약 :: 나가노마켓 SEOUL
* 나가노마켓 SEOUL 공식 문의 : info@juice-inc.kr * nagano market SEOUL Official Please direct all inquiries to [info@juice-inc.kr] * 영업시간 - 11:00 ~ 20:00 * 입장마감 - 19:30 * 결제마감 - 19:50 연중무휴 상시 운영하는 매장이오나, 매장 상황에 따라 사전 또는 현장 예약제로 운영되는 날이 있습니다. [나가노마켓 SEOUL] 공식 X(구 트위터)에서 공지사항 확인을 부탁드립니다. 감사합니다. * Business Hour...
booking.naver.com
30,000원 이상 구매 시 스티커 1장 증정해준다고 하니 참고해주세요. 농담곰 좋아하시는분들은 농담곰 굿즈가 가득한 홍대 팝업스토어 나가노마켓을 방문해보세용!"
가정교사 히트맨 리본 팝업 홍대 방문 후기 -가히리 굿즈 예약-,https://blog.naver.com/kim_sibuya/224390090389,"가정교사 히트맨 리본 20주년 팝업 스토어 ▶ 서울 마포구 양화로 188 AK 플라자 1층 ▶ 월 ~ 금 11:00 - 22:00 / 토일 10:30 - 22:00 ▶ 2026년 8월 17일 (월) ~ 2026년 9월 1일 (화) 가정교사 히트맨 리본, 약칭 가히리... ",김시부야의 기록,https://blog.naver.com/kim_sibuya,20260825,마포구 팝업스토어,"가정교사 히트맨 리본 20주년 팝업 스토어가
홍대 AK 플라자에서 열린다고 하여 방문했다.
​
가정교사 히트맨 리본 20주년 팝업 스토어
​
▶
서울 마포구 양화로 188 AK 플라자 1층
​
▶ 월 ~ 금 11:00 - 22:00 / 토일 10:30 - 22:00
​
▶ 2026년 8월 17일 (월) ~ 2026년 9월 1일 (화)
AK PLAZA 홍대
서울특별시 마포구 양화로 188
가정교사 히트맨 리본, 약칭 가히리 20주년 팝업이
홍대 AK플라자 1층에서 열렸다.
​
가리리 팝업 오픈 일에는 사전 예약을 할 만큼
많은 방문자가 예상되었는데,
​
내가 방문한 24일에는 팝업이 오픈한 지도
시간이 조금 지났고 월요일이라 그런지
별다른 사전 예약 없이 바로 입장할 수 있었다.
​
그래도 팝업 내부에 방문자는 꽤 많아서
팝업 스토어 내부는 조금 혼잡했다.
​
굿즈의 종류는 위 사진과 같은데
가정교사 히트맨 리본 팝업 현장에서 보니
굿즈 실물도 더 이쁘고, 종류도 더 다양했다.
​
특히 아크릴 스탠드의 종류가 많았는데
리본과 츠나요시는 물론이고, 고쿠데라,
야마모토, 히바리, 도쿠로, 무쿠로 등
​
당시 인기 있던 캐릭터들이
높은 퀄리티의 아크릴 스탠드로 재현되어
방문자들의 구매욕을 자극했다.
​
이외 랜덤 아이디풍 포토카드가
이쁘게 잘 뽑혔으나
전부 품절
이었다.
​
이외 요새 트렌드에 맞춰 LED 1구 키캡이나
랜덤 금속 무기 키링 등 사전 예고에 없던
다양한 굿즈들이 진열되어 있었다.
​
위에서 언급했듯이 아크릴 스탠드의 종류가
정말 다양했는데 가장 이뻤던 20주년 버전부터
​
아카데미 연구원 버전, 영국 패션 버전,
브라운 버전 등 다양한 버전이 준비되어 있어
아크릴 스탠드를 구경하는 재미만도 쏠쏠했다.
​
구매 특전 이벤트도 진행 중이었는데
구매 특전 내용은 아래와 같다.
​
구매 특전 1. 일러스트 부채
2만원 이상 구매 시
1종 중 1장 랜덤 지급
(1인당 1회 증정)
​
구매 특전 2. 일러스트 엽서
5만원 이상 구매 시
11종 중 1장 랜덤 지급
(1인당 1회 증정)
​
구매 특전 3. 홀로그램 포스터
7만원 이상 구매 시
6종 중 1장 랜덤 지급
(1인당 1회 증정)
​
여기에 2주 차 구매 특전이 따로 있다.
2주 차 이벤트 기간 :
2026년 8월 24일 (월) - 9월 1일 (화)
​
2주 차 구매 특전
랜덤 포토카드 이벤트
3만원 이상 구매 시
12종 중 1장 랜덤 지급
(1인당 1회 증정)
​
굿즈도 다양하게 준비되어 있고,
구매 특전 이벤트도 빵빵하니
​
평소 가정교사 히트맨 리본을 좋아하던 팬이라면
가히리 홍대 팝업에 방문해 볼 것을 강력 추천한다.
​"
홍대 반프레스토 치비구루미 팝업 스토어 피규어 인형 전시 판매,https://blog.naver.com/plush-voyage/224388626526,◽장소: 홍대 반프레스토 x 치비구루미 팝업(AK프라자) ◽주소: 서울 마포구 양화로 188 AK프라자 3층... 치비구루미 팝업 스토어가 열렸다. 다양한 종류의 정품 반프레스토 피규어 굿즈와 치비구루미 인형을... ,세도아의 일상여행,https://blog.naver.com/plush-voyage,20260825,마포구 팝업스토어,"◽
장소: 홍대 반프레스토 x 치비구루미 팝업(AK프라자)
◽주소:
서울 마포구 양화로 188 AK프라자 3층
◽
영업시간
월~금 11:00~22:00
토~일 10:30~22:00
◽
입장료 없음
서울 홍대 AK플라자에서 반프레스토 치비구루미 팝업 스토어가 열렸다. 다양한 종류의 정품 반프레스토 피규어 굿즈와 치비구루미 인형을 전시 판매하고있으니 직접 보고 구매할 수 있는 기회다.
반프레스토 X 치비구루미 팝업
서울특별시 마포구 양화로 188
팝업 기간 및 위치
홍대 반프레스토 치비구루미 팝업 스토어는 홍대 AK플라자 3층에 위치해있다. 에스컬레이터 옆에 있어서 3층으로 올라가자마자 오른쪽으로 바로 보인다. 대중교통 이용시 지하철 홍대입구역 4번출구로 나오면 AK플라자가 바로 앞에 있다.
반프레스토 X 치비구루미 팝업 기간은 8월21일부터 9월 10일 목요일까지이며, 운영 시간은 월~금 평일 11:00~22:00 이고, 토요일과 일요일 주말은 10:30~22:00 이다.
​
반프레스토 럭키박스
입구에 들어서자마자 눈을 사로 잡는 것은 바로 반프레스토 럭키박스다. 럭키박스는 한정수량으로 소진시 종료될 수 있으며,
가격은 35,000원이고
구매제한이 없다.
럭키박스 구성은 피규어가 3~4개 랜덤으로 들어있으며, 럭키박스 당 IP 1종이 단일 구성으로 함께 들어있다.
구성 IP는 원피스, 나루토, 세일러문, 귀멸의칼날, 드래곤볼, 히로아카 등 인기 캐릭터 들이다.
랜덤이므로 구매 후 교환은 불가하니 참고하도록 하자.
​
반프레스토 피규어 종류 및 가격
손오공, 베지터, 원펀맨 등 인기 애니메이션 피규어가 전시되어있는데 하나 쯤 소장하고 싶은 생각이 절로 든다. 특히 원펀맨의 황금색 수트가 아주 마음에 든다.
원피스에 등장하는 야마토, 흰수염의 젊은시절 모습과, 밀집모자 루피의 어릴적 모습 그리고 루피 니카 피규어까지 다양하게 보인다.
나의 히어로 아카데미아에 등장하는 프로 히어로 아이자와쇼타와 영역전개를 하는 듯한 주술회전 후시구로메구미 피규어를 비롯해 나루토 하타케 카카시 피규어까지 역동적인 동작이 돋보인다.
드래곤볼 셀과 인조인간 16호, 피콜로도
보인다. 미도리야 이즈쿠, 바쿠고 카츠키 그리고 특유의 미소가 돋보이는 토가히미코까지
나의 히어로 아케데미아 피규어들의 표정이 하나하나 살아있다.
진열장 안에는 판매하는 피규어 굿즈가 가득하다. 드래곤볼 손오공의 가격은 90,000원~120,000원인데 적지않은 가격임에도 소장하고싶어진다. 개구리 중사 케로로, 장송의 프리렌, 카드캡터체리, 약사의혼잣말 마오마오 등 다양한 반프레스토 정품 피규어가 가득하다.
전시되어있던 셀과 인조인간16호와 귀멸의 칼날은 26,000원에 판매중이다.
헌터X헌터에 등장하는 곤과 크라피카, 단다단의 오카룽, 지지 피규어에 아야세 모모까지 종류도 다양하다.
그 옆으로는 짱구는 못말려 맹구, 전생했더니 슬라임이었던 건에대하여, 오버로드, 죠죠의 기묘한 모험 등 또 다른 피규어들도 진열 전시 되어있다.
데이트 어 라이브 토키사키쿠루미, 투러브 트러블 다크니스, 원피스 니코로빈, 렘, 하츠네미쿠, 디아블로 피규어도 보인다. 다양한 반프레스토 정품 피규어를 직접 보고 구매하고 싶다면 홍대로 달려가보자.
​
치비구루미 종류 및 가격
반프레스토 피규어 바로 옆으로는 치비구루미 코너가 마련되어있다. 밖에서는 입구가 구분되어있지만 안에서는 이어지는 구조다.
치비구루미란 일본 반프레스토에서 만든 10cm 정도의 작은 봉제인형 누이구루미 시리즈를 말하는데 폭신하면서 휴대하기 좋아서 가방에 주렁주렁 매달고 다니기 좋다.
치비구루미 인형들이 트리 가득 장식되어있는데 그야말로 장관이다. 알록달록 빛나는 트리와 귀여운 누이가 은근 잘 어울린다.
트리의 가장 위에는 하츠네 미쿠가 있는데 모바일게임 냥코대전쟁에서 콜라보하면서 알게 된 애니메이션 캐릭으로 홍대AK플라자를 비롯해 많은 곳에서 콜라보 및 팝업을 열 정도로 인기가 상당하다.
트리를 장식중인 인형중에는 진열 매대에 없는 상품도 섞여있는데 추가 판매하진 않는다고 한다.
트리 옆으로는 치비구루미 인형 판매 진열대가 있는데 종류가 무척 많다. 은혼, 주술회전, 귀멸의칼날, 약사의혼잣말, 하이큐, 장송의 프리렌, 죠죠의 기묘한모험, 블루 아카이브 등 인기 애니메이션 누이가 진열대 위에 가득한 모습이다.
치비구루미 인형의 가격은 개당 20,000원인데 상품마다 재고가 3개~9개 정도 밖에 없어서 인기캐릭터는 금방 품절 될듯 싶다.
벽면에도 다양한 라인업의 치비구루미 정품 인형이 걸려있으니 최애캐를 찾아보자.
치비구루미 2개 이상 구매시 치비구루미PVC백을 증정한다고 하며, 공식 SNS필로우 후 반프레스토 피규어 구매를 할 경우에는 클러어파일을 증정한다고 한다.
PVC백에는 치비구루미 인형이 쏙 들어가서 보관 및 휴대하기 좋다.
보컬로이드, 약사의 혼잣말, 나루토 등 치바구루미 종류가 워낙 많으니 최애캐릭터를 놓치지않도록 천천히 둘러보자.
홍대 반프레스토 X 치바구루미 팝업 스토어에는 다양한 인기 애니메이션 캐릭터 피규어 굿즈 인형들이 있으니 이번 팝업 기간을 놓치지말고 방문해보자.
고양스타필드 건담베이스 입고 재고 반다이 건담 프라모델 종류 가격
◽장소: 고양스타필드 건담베이스 ◽주소: 경기 고양시 덕양구 고양대로 1955 2층 ◽운영시간 10:00~22:00 ...
blog.naver.com
타마시네이션 스토어 매장 피규어 종류 가격
◽장소: 고양 스타필드 건담베이스 타마시네이션 ◽주소: 경기 고양시 덕양구 고양대로 1955 2층 ◽영업시...
blog.naver.com
토이월드와 장난감가게 키덜트 액션피규어 애니굿즈 건프라 프라모델 동대문장난감 창신동문구거리
*장소: 서울 동대문 토이월드와 장난감가게 *주소: 서울 종로구 종로52길 30 *주차장: 1. 서울 종로구 종로...
blog.naver.com
하남 스타필드 토이킹덤 장난감매장 가챠부터 게임존까지
◽장소: 매튜 앤 조엘스 토이킹덤 스타필드 하남점 ◽주소: 경기 하남시 미사대로 750 스타필드 하남 3층 ...
blog.naver.com
​"
은혼 홍대 팝업 요시와라 대염상 굿즈,https://blog.naver.com/rlarlxo0930/224388666665,요시와라 대염상 팝업스토어 서울 마포구 양화로 188 AK PLAZA 4F LIMITION 기간 2026.08.04 ~ 2026.08.30 이번에 은혼 요시와라 대염상 극장판 개봉 기념으로 팝업 행사를 하고 있다는 소식을 듣고 구경하러 다녀왔어요.... ,Achamtae cultural life,https://blog.naver.com/rlarlxo0930,20260824,마포구 팝업스토어,"요시와라 대염상 팝업스토어
서울 마포구 양화로 188 AK PLAZA 4F LIMITION
기간 2026.08.04 ~ 2026.08.30
이번에 은혼 요시와라 대염상 극장판 개봉 기념으로 팝업 행사를 하고 있다는 소식을 듣고 구경하러 다녀왔어요.
위치는 홍대 AK플라자 4층 리밋션에서 진행 중입니다.
​
​
홍대 은혼 팝업 입구부터 애니 무드에 어울리는 인테리어 소품을 활용해서 꾸며놓은 모습입니다.
저는 보기 드물게 옷을 입고 있는 엘리자베스 코스트가 좀 탐이 나더라고요.
2만원 이상 구매 시 증정되는 랜덤 특전이라고 하니 금액 맞춰보셔도 되겠죠.
​
​
본격적인 쇼핑에 앞서 전시 공간을 보는데 이번 홍대 은혼 팝업 요시와라 대염상 굿즈는 안경 거치대 스탠드랑 안경 거치대가 특히 잘 나왔네요.
​
안경 거치대는 제가 방문했을 때 품절이었는데 사전 예약 시스템을 운영하고 있어서 결제 먼저 하고 추후에 재입고 시 구매 가능했어요.
​
​
애니 굿즈하면 아크릴 스탠드랑 캔뱃지가 빠지면 섭하죠.
의외인게 긴토키 굿즈가 많이 남아있었어요.
​
캔뱃지는 금박 형태로 나와서 디자인이 너무 예뻣고 실물 제품도 전시되어 있으니 구매에 참고하시면 될 것 같아요.
​
​
요즘 유행하는 키캡 키링도 보이네요.
진작에 품절될 줄 알았는데 인당 구매 제한 덕분인지 소량 재고가 있긴 했어요.
은혼 특유의 무드가 제대로 나고 굿즈 느낌도 거의 없어서 데일리하게 활용하기 좋겠습니다.
​
​
은혼 반팔 티셔츠나 마우스 장패드 같이 실용적인 굿즈도 있으니 천천히 둘러보세요.
​
​
팝업스토어 인테리어도 캐릭터 포스터로 예쁘게 꾸며놓은 모습이 구경하는 재미가 쏠쏠하고 인증샷 찍으면서 추억 남겨보셔도 되겠습니다.
​
오늘은 오랜만에 홍대 애니 팝업 투어 후기를 남겨봤는데 은혼 요시와라 대염상 극장판 재밌게 본 분들이 방문하면 즐거운 시간 보내실 수 있을 것 같아요~^^
​
​
은혼 팝업 - 요시와라 대염상 @홍대
서울특별시 마포구 양화로 188 (동교동, 애경타워) AK PLAZA 홍대 4층 LIMITION"
2026 크래비티 CRAVITY 팝업 스토어 [DETECTIVE CCREW] POP UP 추천 일정 MD 리....,https://blog.naver.com/travel0202/224388314785,크래비티 캐릭터인 크크루의 팝업스토어를 홍대에서 연다고 합니다 ~ 얼른 정보 알아보러 갈게요 ! 타이틀은 [DETECTIVE CCREW] 일정 운영 장소 : 서울 마포구 양화로 188 AK PLAZA 홍대 1층 운영 기간 : 2026년... ,일상기록지,https://blog.naver.com/travel0202,20260824,마포구 팝업스토어,"크래비티 캐릭터인 크크루의 팝업스토어를 홍대에서 연다고 합니다 ~
얼른 정보 알아보러 갈게요 !
​
타이틀은
[
DETECTIVE CCREW]
일정
운영 장소 : 서울 마포구 양화로 188 AK PLAZA 홍대 1층
운영 기간 : 2026년 9월 2일 수요일 ~ 2026년 9월 10일 목요일
운영 시간 : 월~금 11:00 ~ 22:00
토~일 10:30 ~ 22:00
AK PLAZA 홍대
서울특별시 마포구 양화로 188
​
​
​
​
​
​
​
​
​
특전
[Welcome Gift]
​
팝업스토어 방문 시 1인 1회,
크크루 도무송 엽서 9종 중 1종 랜덤 증정
* 일일 한정 수량으로 당일 수량 소진 시 증정 종료
​
​
[MD REWARD EVENT]
MD 구매 영수증 당 1인 1회,
크크루 미니 핀버튼 9종 중 1종 랜덤 증정
​
​
[MD REWARD EVENT]
MD 구매 금액 7만원 당
포토카드 9종 중 1종 랜덤 증정
(14만원 이상 구매 시 9종 중 2종 랜덤 증정...)
​
​
* 이벤트 증정품은 한정 수량으로 조기 마감될 수 있습니다.
* 본 이벤트는 상품 판매가 기준으로 적용되며 상품 판매는 원화(KRW)로만 이루어집니다.
* 이벤트 참여 시 당일 영수증에 한해 단일 영수증 금액으로 참여 가능하며,
영수증 합산 및 분할은 불가합니다.
* 구매 상품 취소/환불/반품 시 증정품도 함께 반품하셔야 정상적인 처리가 가능합니다.
​
​
​
​
​
​
입장 안내
* 본 팝업스토어는 사전 예약 없이 현장에 방문하여 입장 대기 시스템 등록 후 순차적으로 입장이 가능합니다.
* 오든 전 대기 인원이 있을 경우 오전 10시부터 홍대입구역 4번 출구 앞에서 웨이팅 등록이 진행될 예정입니다.
* 입장을 원하시는 인원 모두 1인 1등록 필수이며 대기줄에 없는 인원의 대리 등록은 불가합니다.
* 입장 차례가 되면 입장 알람이 발송됩니다. 입장 알림 호출을 받으시면 수신 후 15분 이내 입장 부탁드립니다. 15분 초과 시에 대기 예약이 자동 취소됩니다.
* 입장 등록은 현장 상황에 따라 조기 마감될 수 있습니다. 입장 등록을 완료하였더라도 대기 인원에 따라 입장이 제한될 수 있습니다.
* 입장 대기 인원이 없는 경우 자율 입장으로 진행됩니다.
* 퇴장 후 재입장은 불가하며 재입장을 원하시는 고객님께서는 새로운 대기 등록이 필요하니 주의해주시기 바랍니다.
​
​
​
​
​
​
​
​
MD 리스트
모든 사진 출처 : @
withmuu
* 입장 후 상품 구매는 1인 1회만 가능하며 퇴장 시 재입장이 불가합니다.
* 모든 상품은 한정 수량으로 판매되어 조기 품절 될 수 있으며
품목/옵션 별 1인 3개
까지 구매 가능합니다.
* 모든 거래는 한국 원화(KRW)로만 이루어지며 신용카드 결제만 가능합니다.
* 현금 결제 및 상품권 결제는 불가합니다.
* 정부 정책에 따라 팝업 내일회용 쇼핑백 무상 제공이 금지되어 있으며 쇼핑백을 유상으로 판매합니다.
​
​
​
​
​
​
​
​
​
​
​
​
​
​
#크래비티
#CRAVITY
#크래비티팝업
#크크루팝업
#크래비티캐릭터팝업
#홍대팝업추천
#
DETECTIVECCREW
#크래비티팝업스토어추천"
"홍대 AK플라자, 반프레스토 x 치비구루미 팝업스토어 열렸어요",https://blog.naver.com/wing2722/224387506456,"반프레스토와 치비구루미의 콜라보 팝업스토어인데, 확인 가능한 정보로 정리해봤어요. 어디서 열리나요 이번 팝업은 서울 마포구 양화로 188에 위치한 AK플라자 홍대점에서 열려요. 홍대입구역 4번 출구에서... ",테크모터스 노트,https://blog.naver.com/wing2722,20260823,마포구 팝업스토어,"홍대에 또 하나의 귀여운 팝업이 찾아왔어요. 반프레스토와 치비구루미의 콜라보 팝업스토어인데, 확인 가능한 정보로 정리해봤어요.
​
어디서 열리나요
​
이번 팝업은 서울 마포구 양화로 188에 위치한 AK플라자 홍대점에서 열려요. 홍대입구역 4번 출구에서 나오면 바로 있는 접근성 좋은 위치라, 홍대 나들이 겸 방문하기 편해요.
​
AK플라자 홍대점, 왜 팝업 명소일까요
​
AK플라자 홍대점은 국내에서 가장 큰 애니 굿즈샵으로 꼽히는 곳이에요. 층별로 다양한 콘텐츠를 취급하는데, 이곳에서는 상시적으로 여러 애니메이션·캐릭터 브랜드의 팝업스토어가 순환하며 열리고 있어요. 실제로 최근에도 원피스, 짱구는 못말려, 명탐정 코난, 귀멸의 칼날, 주술회전 등 인기 만화 장르의 굿즈를 취급하는 팝업이 잇따라 열렸던 곳이라, 애니 굿즈 마니아들 사이에서 '홍대 성지'로 통해요.
​
반프레스토x치비구루미, 어떤 조합인가요
​
반프레스토는 일본의 대표적인 피규어·경품 제작사로, 게임 센터나 크레인 게임기에서 만날 수 있는 고품질 피규어와 인형으로 유명해요. 치비구루미는 귀엽고 아기자기한 캐릭터 디자인이 특징인 브랜드라, 두 브랜드가 만나면 수집 욕구를 자극하는 아기자기한 굿즈들이 많이 나올 것으로 예상돼요.
​
운영 시간대는 이렇게 확인하세요
​
AK플라자 홍대점은 오전 11시부터 오후 9시 40분까지 연중무휴로 운영돼요. 다만 개별 팝업스토어는 정해진 기간에만 운영되는 경우가 많고, 요일에 따라 운영 시간이 조금씩 달라질 수 있어요(예: 평일 11시~22시, 주말은 10시 30분부터 시작하는 경우도 있음). 정확한 운영 기간과 시간은 방문 전 AK플라자 공식 채널이나 팝업스토어 전문 플랫폼(팝플리, 데이포유 등)에서 다시 한번 확인하시는 게 안전해요.
​
팝업 방문 시 알아두면 좋은 점
​
가챠·랜덤 상품 주의: 반프레스토 계열 상품은 랜덤 뽑기 형태로 판매되는 경우가 많아, 원하는 캐릭터를 얻기 위해 여러 번 시도해야 할 수 있어요. 예산을 미리 정해두고 방문하시는 걸 추천드려요.
주말 혼잡 예상: 홍대 상권 자체가 주말에 유동인구가 많은 만큼, 여유롭게 구경하고 싶다면 평일 방문이 좋아요.
연계 코스: AK플라자 홍대점에는 다른 애니 굿즈 매장과 카페, 식당도 함께 있어서, 팝업 관람 후 홍대 상권을 함께 둘러보기 좋아요.
마무리
​
정확한 팝업 운영 기간과 판매 상품 구성은 현장 상황에 따라 달라질 수 있는 만큼, 방문 전 AK플라자 홍대점 공식 채널이나 팝업스토어 정보 플랫폼에서 최신 일정을 한 번 더 확인하고 다녀오시길 추천드려요. 반프레스토와 치비구루미 팬이시라면 놓치기 아까운 소식이니, 홍대 나들이 계획에 넣어보시는 것도 좋을 것 같아요.
​
#반프레스토치비구루미
#홍대AK플라자
#홍대팝업스토어
#치비구루미굿즈
#홍대애니굿즈
#반프레스토피규어
#홍대가볼만한곳
#AK플라자홍대점"
오아시스 팝업 예약 일정 및 MD 라인업 방문 정보,https://blog.naver.com/jja0412/224384584645,오아시스 재결합 1주년을 맞아 서울 마포구에서 공식 팝업스토어가 개최되면서 국내 록 팬들의 발길이 이어지고 있습니다. 이번 오아시스팝업 행사는 단순한 굿즈 판매를 넘어 밴드의 음악적 유산을 경험할... ,후기박스,https://blog.naver.com/jja0412,20260820,마포구 팝업스토어,"▲ 따뜻한 자연광이 드는 창가 테이블 위, 오아시스 팝업 정보를 기록한 노트와 예술 소품이 어우러진 지적인 감성 스냅과 '오아시스팝업' 타이틀.
​
오아시스 재결합 1주년을 맞아
서울 마포구에서 공식 팝업스토어가
개최되면서 국내 록 팬들의 발길이
이어지고 있습니다.
이번 오아시스팝업 행사는 단순한
굿즈 판매를 넘어 밴드의 음악적
유산을 경험할 수 있는 전시형
공간으로 마련되었습니다.
운영 일정과 장소는 어떻게 되나요?
이번 행사는 서울 마포구 서강로
78, 2층 LOUNGE M에서
열리고 있습니다.
구체적인 진행 기간은 2026년
7월 4일부터 7월 19일까지이며
매주 화요일은 휴무일로 지정되어
있습니다.
운영 시간은 오후 2시부터 오후
8시까지 운영되므로 방문 전
일정을 확인하는 편이 좋습니다.
예약 방법과 사전 접수 과정은 무엇인가요?
혼잡을 줄이기 위해 이번 행사는
온라인 사전 예약 시스템을 통해
운영되고 있습니다.
지정된 플랫폼인 팝플리를 통해
원하는 날짜와 회차를 선택하는
방식으로 진행됩니다.
인기 시간대의 경우 빠르게
마감되는 경향이 있어 오픈 일정에
맞춰 미리 신청하는 것이 유리합니다.
현장 대기 및 본인 확인 시 주의할 점은 무엇인가요?
현장에 도착하면 본인 확인을 위해
신분증 지참이 필수적으로 요구됩니다.
타인 명의로 예약한 경우 입장이
제한될 수 있어 주의가 필요합니다.
그리고 예약 시간보다 조금 여유
있게 도착해 대기 줄을 안내받는
편이 안전합니다.
어떤 한정판 MD와 굿즈를 만날 수 있나요?
현장에서는 포스터와 음반을 비롯해
다양한 한정판 아이템이 전시되고
있습니다.
펜으로 체크하여 주문서를 작성하는
방식으로 운영되어 결제 과정을
빠르게 진행할 수 있도록 돕고 있습니다.
인기 품목은 조기 소진될 가능성이
있어 원하는 상품이 있다면 빠른
확인이 필요합니다.
방문 시 참고해야 할 이용 팁은 무엇인가요?
굿즈 주문서에 체크했다고 해서
해당 품목의 재고가 확실히
남아있는 것은 아니며 실제 결제
창구에서 최종 확인이 가능합니다.
비치된 QR코드를 통해 상세
정보를 실시간으로 확인하며
둘러보는 방식을 활용하면 더욱
편리합니다.
핵심 요약
행사명: 오아시스 팝업스토어
장소: 서울 마포구 서강로 78 2층 LOUNGE M
기간: 2026년 7월 4일부터 7월 19일까지 운영
시간: 오후 2시부터 오후 8시까지 (매주 화요일 휴무) 예약
방식: 팝플리 온라인 사전 예약제 운영
​
​
💡
함께 읽으면 좋은 추천
돈키호테 추천템 성공적인 쇼핑을 위한 필수 리스트
일본 여행을 떠나기 전 수많은 후기를 찾아보아도 막상 매장에 들어서면 수많은 물건 속에서 무엇을 담아야...
blog.naver.com
​"
[게임/굿즈] 라테일 20주년 팝업 이벤트 뒤늦은 후기꒰(っꈍ~ꈍς)꒱,https://blog.naver.com/mongle_chuu/224384191657,좋아해서 그냥 블로그 씁니다 호호 라테일 20주년 팝업스토어 현재 종료! ♡팝업 위치 서울특별시 마포구 동교로30길 21 스페이스비 연남 ♡팝업기간 현재는 종료되었습니다! 라테일 찍먹해보시라고 링크... ,몽글몽글 ଘ(੭*ˊᵕˋ)੭* ̀ˋ.,https://blog.naver.com/mongle_chuu,20260820,마포구 팝업스토어,"안녕하세요 몽글입니당>.<
제가 즐겨하는 게임인
라테일이 20주년
을 맞아!
팝업스토어를 열어 방문한 후기 들고왔습니다~
​
이미 끝난 팝업이지만 라테일.. 좋아해서
그냥 블로그 씁니다
호호
​
라테일 20주년 팝업스토어
현재 종료!
스페이스비 연남
서울특별시 마포구 동교로30길 21
♡팝업 위치
서울특별시 마포구 동교로30길 21
스페이스비 연남
​
♡팝업기간
현재는 종료되었습니다!
​
흥미롭고 놀라운 이야기, '라테일(LaTale)'
샤이닝 3차 업데이트-변화의 빛 중요 (수정) 7월 22일(수) 샤이닝 - 무대 위의 빛 업데이트 안내 전체 공지 점검 패치 이벤트 8월 한정판매 Change 배틀패스 8월 뉴스타일 펭펭이랑 노래할펭 8월 이리스의 선물 패션 특별판매 여름 특별판매 WELCOME! 신규 복귀 특별판매 이전 03 99 다음 게임 시작 로그인 회원가입 아이디/비밀번호 찾기
www.latale.com
라테일 찍먹해보시라고 링크 남겨드려요
뉴비들 하기 좋고 완전 귀여우니까 하세요
꼭꼭
시작하면 제가 도와드리겠습니다!!!!!!
(니가 뭔데)
오늘의 저의 팝업메이트입니다
이 사진은 나오자마자 신발끈 끊어져서
신발부터 사러갔습니다..
연남 착한구두에서 샀어용
멀리서부터 대왕 프리링이 저를맞이해줬어요
사람들이 은근 많았고 저는 예약을 먼저 해서
오후 1:30 방문을 했습니다!
사실 스트레스볼 키링을 갖고싶었는데
방문하자마자 바로 품절되어있었어용 휴휴 ..
대기하면서 프리링 부채를 나눠줬는데
이거 요긴하게 썼어요..
짱더워서 부채 짱!!!
입구 바깥벽에는
카즈노 이리스 초엔팜
일러스트가 있었어요 귀여워..
입장해서는 대왕 프리링 간판이 있었구
스탬프투어를 할 수 있었어요!
그래서 딱히 굿즈를 사지 않아도
할거리가 꽤나 많아서 좋았어용ㅎㅎㅎ
굿즈들을 집어서 사는것이 아니라
보고난 후
체크리스트에 적어서
앞에서 결제하고 담아주는 식으로
진행했습니다
갠적으로 이 귀여운 쪼마난 뜨개프리링
팔아주면 좋겠어요..
얜 파는게 아니예요
앞쪽에서 퀴즈도 맞출 수 있었는데
라테일 나름... 오래 한 사람으로
틀릴까봐 걱정했는데
난이도 하중에 완전 하!!!
​
다맞췄답니다 요호호
그리고 사는동안 여러개가 또 품절이 됐는데
장패드 진짜 딱 제가 마지막이여서
문닫고 사서 좀 쫄렸어요.. 휴!!!!
완전 럭키비키였어요
라테일은 또 브금이 대박이거든요..
브금 월드컵했는데 전 옛날부터
엘아노르 평원 동부
​
노래를 좋아했어요
짜루짜루 진짜루..
한번만 들어주세요 제발요!!!!!!!!
벽에는 전 직업 일러스트가 그려져있었습니다
저는 파픈스타라는 기타쓰는 직업을 하고있어요
일러스트 보는맛도 너무 좋았어요
귀여워!!!!!!!
아니 심지어 네컷짜리 사진 공짜였어요
전 당연히 돈내고 찍는줄알았는데
돈내도 물론 찍으려 했는데 공짜라니.....
뭐가 남나요..
(여러분이요)
마지막으로 포토카드까지 뽑아서 팝업 즐기기 끝!
심지어 키링도 줬어요...
사진이없네용 근데 짱짱 귀여워욤
라테일 제발 건강하게 살아다오
굿즈 안사도
즐길거리 대박 많았다
20주년 축하해 라테일아
아프지말고 건강해야해..!
​"
[상암동 KCON JAPAN 2026 팝업스토어] LED 전광판 설치 후기 — 코너형 시....,https://blog.naver.com/greamwall/224383112262,오늘은 서울 상암동에서 진행한 KCON JAPAN 2026 팝업스토어현장을 소개해드립니다 설치개요 항목 내용 지역 서울 마포구 상암동 업종 K-POP 팝업스토어 (체험형 리테일) 전광판 사이즈 640×1920mm (5대 조합) 외... ,Greamwall,https://blog.naver.com/greamwall,20260819,마포구 팝업스토어,"안녕하세요, LED 전광판 직접 시공 전문 업체
그림월
입니다.
​
저희는 기획부터 제작, 시공, AS까지 외주 없이 전 과정을 직접 진행합니다. 오늘은 서울
상암동에서 진행한 KCON JAPAN 2026 팝업스토어현장을 소개해드립니다
설치개요
항목
내용
지역
서울 마포구 상암동
업종
K-POP 팝업스토어 (체험형 리테일)
전광판 사이즈
640×1920mm (5대 조합) 외 존별 상이
해상도 / 픽셀피치
344×1032 / P1.86 (실내용 고해상도)
설치 목적
브랜드 영상 송출, 무대 실황 재생, 포토존
시공 과정 — ""세로 배너형""으로 포토존 및 브랜등 영상 송출
행사 기간 동안 렌탈 설치 및 운영을 목적으로 고객사에서 의뢰해 주셨습니다.
설치 위치는 방문객의 첫인상을 좌우하는 입구 포토존과 대기 공간이었고, 몰입도를 높
이기 위해 실내용 고해상도 세로형 LED 전광판 5대를 시공하기로 했습니다.
실내에서 영상을 보다 선명하게 송출하고, 특히 포토존으로 활용되는 만큼 근접 거리에서 화면을 보더라도 픽셀이 거슬리지 않도록 컬러와 텍스트를 정교하게 표현하기 위해
“
P1.86 픽셀피치
” 를 사용했습니다.
MZ세대에게
익숙한 팝업스토어 환경에서 사진과 영상 촬영은 SNS 콘텐츠 제작의 핵심 순간이기 때문에, 고해상도 연출 여부가 방문객 경험에 큰 차이를 만듭니다.
여기서 잠깐...픽셀피치는 어떻게 선택하나요?
픽셀피치별 특징 비교 (실내 / 실외 / 옥외)
구분
픽셀피치
특징
적합한 장소
실내용
P1.2~P1.9
초근접 시야에도 선명, 정밀한 영상 표현
매장 내부, 로비, 무대 영상 (
이번 현장
)
실외용
P2.5~P4
근~중거리 시야 기준, 방수 사양
상가 간판, 건물 저층부
옥외용
P5 이상
원거리 시야 기준, 높은 밝기와 내구성
대형 빌보드, 고층 건물 외벽
세로형 LED 배너를 팝업스토어에 최적인 이유
▶세로형 LED 전광판은 공간을 보다 넓어 보이게 만듭니다.
천장방향으로 방문객들의 시선을 이끌어 공간이 답답하지 않고 시원한 개방감을 줍니다.
​
▶SNS 촬영에 최적화 되었습니다.
MZ들의 소통방식은 릴스, 숏츠, 스토리에 그들의 일상을 올리고 공유하는 문화입니다.
대부분 연출되는 이미지와 영상의 비율이 세로이므로 이에 적합한 환경을 제공합니다.
​
▶콘텐츠 교체가 쉽습니다.
행사장 상황에 따라 송출되는 텍스트나 영상의 수정 및 교체가 즉각적이며 쉽습니다.
드디어 완성된 모습
KCON JAPAN 2026 무대 실황이 대형 스크린에 송출됩니다. 관람객이 가까이서 관람하
는 구조라 고해상도 세팅이 필수였던 구역입니다.
비용은 얼마나 드나요?
사이즈, 픽셀피치, 실내·실외 여부에 따라 차이가 큽니다. 특히 기둥 코너처럼 특수 형태 시공은 구조물 제작비가 추가될 수 있어, 정확한 견적은 현장 실측 후 산정해드립니다.
​
렌탈도 가능한가요?
네, 이번 현장도 2주 단기 렌탈로 진행했습니다. 팝업스토어나 행사처럼 짧은 기간만 필요하시면 구매보다 렌탈이 훨씬 경제적입니다.
​
AS는 어떻게 대응하나요?
직접 시공한 현장이기 때문에 문제 발생 시 저희가 바로 대응합니다. 시공팀과 AS팀이
분리되어 있지 않아 응대 속도가 빠릅니다
​
이번 현장은 관람객이 매우 가까이 접근하는 실내 환경이었기 때문에
P1.86 고해상도
실내용
을 선택했습니다. 설치 환경에 안 맞는 피치를 선택하면 화면이 거칠어지거나, 반
대로 고장 위험이 커지므로 견적만큼 중요한 선택 기준입니다.
​
기존 간판 대비 LED 전광판의 장점
콘텐츠 교체 자유도: 재제작 없이 영상·이미지를 즉시 교체 가능
시선 집중력: 정지된 간판보다 동 콘텐츠의 주목도가 훨씬 높음
입체적 연출: 이번 현장처럼 기둥 코너를 감싸는 시공도 가능해 평면 간판으로는 낼 수 없는 공간감을 구현
타사 대비 저희 업체의 차별점
직접 시공: 기획-제작-시공-AS 전 과정을 한 팀이 전담
현장 실측 기반 견적: 도면만으로 견적을 내지 않고 반드시 현장 확인
단기 렌탈 대응: 팝업스토어, 행사장 등 짧은 설치 기간도 유연하게 대응
다구역 동시 시공 경험: 여러 존을 동시에 진행하는 복잡한 현장도 효율적으로 운영
현장 후기
비록 2주간의 렌탈을 위한 현장이었지만, 방문객이 많고 동선이 넓고 혼잡한 환경이라 안전에 신경을 많이 썼던 현장이었습니다.
​
깔끔한 배선 정리는 물론, 세로형 LED가 포토존으로 활용되는 만큼 전광판 앞으로 관람객들이 촬영 및 관람을 위해 모이는 구역이라 패널 및 모듈 간 설치 과정을 꼼꼼하게 진행했습니다.
​
​
LED 의 모든 것 언제든지 연락주세요
010-8921-2286
매장 기둥·코너 등 특수 형태에 LED 설치를 고민 중이신 분
팝업스토어, 전시 부스처럼 여러 존을 동시에 구성해야 하는 분 단기 렌탈 LED 전광판
이 필요하신 분
실측부터 설치, 운영, 철거까지 직접 진행하기 때문에 복잡한 현장에서도 빠르게 대응합
니다.
편하게 문의 주세요 😊
​
그림월 벽면인쇄 - 네이버톡톡
독일의 혁신적인 기술로 모든 표면위에 현장인쇄 서비스를 진행해 드립니다.
talk.naver.com
그림월_월펜
벽면 공간의 새로운 가치를 창출하는 솔루션 제공자
pf.kakao.com
LED_전광판 제작 문의
네이버 폼 설문에 바로 참여해 보세요.
form.naver.com
#그림월
#전광판
#LED
전광판
#상암동전광판
# 팝업스토어전광판
#RGB
#실내용전광판
#전시장LED
#전시장전광판
#LED디스플레이
#KCONJAPAN2026"
[홍대] 팬베이스 명탐정 코난 하이웨이의 타천사 팝업스토어 방문 ....,https://blog.naver.com/leee_bee/224382741574,홍대 팬베이스 명탐정코난: 하이웨이의 타천사 팝업스토어 서울 마포구 양화로 178-5 LC타워 별관 지하2층 매일 11:00 - 20:00 홍대 AK에 명탐정 코난 30주년 전시를 보러 갔다가 바로 근처에 하이웨이의 타천사... ,리비로그,https://blog.naver.com/leee_bee,20260819,마포구 팝업스토어,"​
홍대 팬베이스
명탐정코난: 하이웨이의 타천사 팝업스토어
서울 마포구 양화로 178-5 LC타워 별관 지하2층
매일 11:00 - 20:00
​
홍대 AK에 명탐정 코난 30주년 전시를 보러 갔다가
바로 근처에 하이웨이의 타천사 팝업스토어가 있다는
소식을 보고 방문했다
​
​
팝업 기간은
2026년 8월 12일 수요일부터 30일 일요일
까지!
입장료는 따로 없다
​
​
홍대 팬베이스는
AK플라자 근처
유플러스 건물 옆 계단 지하 2층으로 내려가면 있다!
​
라신반 지나서 계속 쭉 내려가면 나온다
​
​
평일 오후 1시 정도에 방문했더니
웨이팅도 없고, 내부에 사람도 많이 없었다
​
들어서자마자
하이웨이의 타천사 포스터가 쨘..!
​
입장하면 직원분이
사건 파일 같은 걸 주시는데
​
A,B 구역에 숨어 있는 QR을 인식해서
수집한 알파벳 단서를 모아 코드명을 완성하면 된다
미션을 완료하면 특전을 준다
​
​
입구에서
첫 번째
'수사 투입 확인 도장' 찍고 시작!
​
​
수사 구역이 그리 넓진 않지만
사진 촬영이 가능하고,
단서 QR을 찾는 재미가 있었다
(개인적으론 코난 전시보다 더 재밌었음......!)
​
​
마츠다 대형 아크릴도 있다구욧
​
​
QR코드를 인식하면 이런 화면이 뜨는데
카드를 뒤집어보면 단서를 확인할 수 있다
​
QR코드는 총 15개인데,
단서가 아닌 QR도 (소위 꽝 ㅋㅋ) 섞여 있어서 진짜 재밌다
꽝인 경우는 어탐단 카드가 나옴
​
​
코드명을 완성했다면
두 번째 스탬프를 찍으면 된다
​
​
직원분 개인 소장품도 전시되어 있었고
​
​
귀여운 SD 캐릭터도 있었음
​
​
팝업 한정 프레임으로 사진을 찍을 수 있는
포토이즘 네컷 부스도 있고
​
​
직원분이 열심히 찍어주신 예시 사진도 있었다
​
​
마지막으로 커튼을 열고 들어가면
교통과 사무실이 나오는데
​
이 공간이 진짜! 잘 만들었다고 생각...
​
​
이렇게 바닥에 일러들이 바뀌고
​
​
사진 배치 감성 무엇....
​
​
이 공간에서는
태블릿에 메모를 써서
​
​
이렇게 화면에 띄울 수 있다
​
진실은 언제나 하나!
​
​
교통과 사무실을 나서면
바로 굿즈샵으로 이어진다
​
하이웨이의 타천사 팝업스토어 굿즈리스트
​
코난 30주년 전시회 굿즈보다는
라인업이 다소 약하지만...!
​
경찰 뱃지 지갑이랑
진페이 안경 거치대는 좀 흥미가 생기더라 ㅋㅋㅋㅋ
(요즘 캐릭터 안경 거치대 유행인가요)
​
​
뭔가 회사 자리에 하나
두고 싶었던
자리 비움 스탠드 ㅋㅋㅋㅋ
​
​
갖고 싶었던
마츠다 경찰 뱃지....!
​
가격은 각 35,000원
​
​
치하야, 쥬고, 켄지, 마츠다
총 4종인데 인기캐인 치하야랑 마츠다만 품절 ㅠㅠ
​
​
마츠다는 위로 씌우는 거더라 ㅋㅋㅋㅋㅋㅋ
진짜 카츠라 거치대 산 것만 아니었으면 샀다
​
​
이것도 품절일 거라 생각했는데
재고가 있어서 신기..
​
우리집 카츠라는 품절이었다구..
가격도 30,000원이다
카츠라는 42,000원이었는데 상대적으로 저렴해보이는 매직
​
​
굿즈 전시도 예쁘게 잘 해두셨다
​
​
쿠키 귀여웠는데
각 6,500원이라................. 다음을 기약합시다
​
마지막으로
카운터에서
현장 인증샷을 해시 태그를 달아 SNS에 업로드 한 후,
팬베이스 인스타 팔로우를 하면
​
​
하이웨이의 타천사 극장판 심볼 전자파 차단 스티커를 준다!
​
무료인데
볼거리, 즐길거리가 많아서
명탐정 코난 30주년 전시를 보러 홍대에 온다면
기간 내에 한번쯤 방문하면 좋을 것 같다!
​
​
팝업스토에서 판매된 굿즈들은
팝업스토어 운영이 종료된 후,
팬딩 페이지를 통해 온라인 예약 판매를 진행한다고 하니
참고 참고!
​
​
​
​
​
#명탐정코난하이웨이의타천사팝업스토어
#명탐정코난팝업스토어
#홍대팬베이스코난팝업
#홍대코난팝업
#하이웨이의타천사팝업
#8월홍대팝업
​"
약사의 혼잣말 특별전 | 홍대 팝업스토어 굿즈부터 전시까지 직접 ....,https://blog.naver.com/noranoar2/224382559515,"마사비스카페 방문 후 10% 할인 티켓까지 받아서 홍대 팝업스토어를 함께 둘러보고 왔답니다. 약사의 혼잣말 특별전  전시기간 26.07.04- 26.09.30 위치 서울시 마포구 동교로 161, 2층 ⏰ 운영시간 11:00 - 22:00  주차... ",소소하고 행복한 하루,https://blog.naver.com/noranoar2,20260818,마포구 팝업스토어,"​
아이가 평소 궁금해했던
약사의 혼잣말 특별전에 다녀왔어요.
마사비스카페 방문 후 10% 할인 티켓까지 받아서
홍대 팝업스토어를 함께 둘러보고 왔답니다.
​
약사의 혼잣말
특별전
​
🔖
전시기간
26.07.04- 26.09.30
📍
위치
서울시 마포구 동교로 161, 2층
⏰
운영시간
11:00 - 22:00
🚗
주차
/ 불가 (인근 공영주차장 이용)
스테이지 비밀
서울특별시 마포구 동교로 161 2층
​
홍대역 1번 출구에서 도보 5분 거리에 위치한
약사의 혼잣말 특별전입니다.
예매 사이트
bemill - [입장권] 약사의 혼잣말
[입장권] 약사의 혼잣말
be-mill.com
​
저는 마사비스 카페 이용 후 10% 할인쿠폰을
받아 현장 구매 후 관람했어요.
​
약사의 혼잣말 특별전 외관
입구에 약사의 혼잣말 현수막이 있어
찾기 쉬웠어요.
​
​
계단을 이용해 2층으로 올라가 봅니다!
​
​
2층으로 올라가면 발권/입장 대기선이 있습니다.
오후 4시 반쯤 방문했는데 바로 입장 가능했어요.
약사의 혼잣말 티켓 가격
​
입장권은 22,000원
복지할인은 증빙서류 지참 시 20% 할인
24개월 미만은 무료입장
​
​
저는 마사비스에서 받은 10% 할인권으로
1인당 19,800원에 관람했습니다.
​
관람 시 주의 사항 한번 읽어보고~
(유리문안의 장소는 굿즈샵이에요.
우측은 화장실이니 관람전 이용하고 입장하세요!)
커튼 문을 열면 약사의 혼잣말 전시가 시작됩니다!
​
인물관계도 먼저 눈으로 보고,
​
새로운 테마로 들어가봅니다.
​
각 공간에는 영상이 상영되며,
스케치 그림이 함께 제공되어 그림에 나타난
영상을 찾는 재미도 느낄 수 있었어요.
​
캐릭터들의 의상과
장신구들도 함께 전시!
​
​
캐릭터의 서사도 체험할 수 있고
영상과 함께 그림과 문구가 친절하게 안내되어
있어 약사의 혼잣말을 모르고 방문했음에도
즐길 수 있는 공간들이었어요.
​
감독이 말하는 주목 포인트들!
조만간 주목포인트들을 참고하여 시청예정 입니다!
​
​
영상도 함께라 지루할 틈이 없던 공간들.
약사의 혼잣말을 재밌게 보신 분들이라면
한 곳 한 곳 다 애정하며 볼 수 있겠죠?
​
​
새로운 테마가 나타날 때마다 천으로 된 그림 문
​
궁중 미스테리라는 독창적인 세계관을
나타내는 공간.
​
또 다른 공간으로 들어가 볼게요!
​
오늘 잠깐 1화를 보았을 때 만난 등장인물들!
영상을 보고 포스팅을 쓰니 잠깐 본 내용에
나온 등장인물들에 반가움을 느낍니다!
​
포토존은 그냥 지나칠 수 없죠!
​
​
스케치 그림을 함께 보는 재미는 덤!
​
​
관람 후 약사의 혼잣말 내용을 모르고 갔음에도
재미있게 관람 가능했어요.
집에가면 영상찾아봐야겠다! 생각들었답니다.
약사의 혼잣말 포토존
​
기념촬영하기 좋은 포토존도 설치되어 있어요.
이곳이 관람의 마지막.
이제 굿스샵으로 넘어가 봅니다!
​
약사의 혼잣말 굿즈샵
캐릭터 뱃지 10,000₩
키링 15,000₩
아크릴 스탠드, 키링
아크릴 스탠드와 키링은 크기와 모양에 따라
다양한 가격대로 판매되고 있습니다.
​
많은 고심 끝에 키링을 구매했어요.
가격은 12,000원이었습니다.
​
마무리
아이와 함께 궁금했던
약사의 혼잣말 특별전을 다녀왔어요.
전시 곳곳에서 작품 속 캐릭터와 이야기를
만나볼 수 있어 아이도 재미있게 즐겼답니다.
마사비스 카페에 들렀다가 제휴 할인 티켓으로
방문할 수 있어 더욱 알차게 다녀온 것 같아요.
홍대 나들이 계획과 약사의혼잣말을 좋아하시는 분이시라면 전시 끝나기전 들러보셔도 좋을 것 같아요
(약사의 혼잣말 특별전 관람후 모바일 예매번호
인증시 마사비스연남점 10% 할인됩니다.)
연남동 마사비스 | 아이와 함께 가본 쉬폰케이크 맛집 후기
아이와 함께 연남동을 걷다가 예쁜 주택이 눈에 들어와 궁금한 마음에 들어가 본 마사비스. 알고 보니 부드...
m.blog.naver.com
​
오늘도 방문해 주셔서 감사합니다❤️
​
#약사의혼잣말
#약사의혼잣말전시회예약
#약사의혼잣말특별전
#홍대약사의혼잣말팝업
#약사의혼잣말전시회굿즈
#약사의혼잣말현장예매
#약사의혼잣말전시할인"
[정보] 이누야샤 AK플라자 팝업스토어 개최,https://blog.naver.com/1215426/224382488374,이누야샤 국내 팝업스토어 개최!  개최 기간  26년 9월 1일 ~ 26년 9월 22일  운영 시간  평일 OPEN 11:00... 서울시 마포구 양화로 188 AK플라자 홍대 4층 경기도 수원시 팔달구 덕영대로 924 AK플라자 수원 5층... ,いいことがいっぱいになれ,https://blog.naver.com/1215426,20260818,마포구 팝업스토어,"​
​
전국시대 모험이야기!
이누야샤 국내 팝업스토어 개최!
​
​
​
🔮 개최 기간 🔮
26년 9월 1일 ~ 26년 9월 22일
​
🔮 운영 시간 🔮
평일 OPEN 11:00 ~ CLOSE 22:00
주말 및 공휴일 OPEN 10:30 ~ CLOSE 22:00
​
🔮 개최 장소 🔮
서울시 마포구 양화로 188 AK플라자 홍대 4층
AK PLAZA 홍대
서울특별시 마포구 양화로 188
​
경기도 수원시 팔달구 덕영대로 924  AK플라자 수원 5층
AK플라자 수원
경기도 수원시 팔달구 덕영대로 924 AK플라자 수원
​
​
​
​
🔮 방문 예약 및 안내 🔮
​
사전 예약은 네이버 예약으로 진행되며
9월 1일 ~ 9월 6일은 사전 예약으로 운영됩니다.
​
해당 기간 동안 노쇼 발생 시 현장 워크인 입장 가능하며 사전 예약 기간인 첫날만 워크인 입장 운영을 하지 않습니다. 워크인 입장을 원하실 경우, 매장 앞에서 워크인 전용 나우웨이팅 등록 후 대기 부탁드립니다.
​
​
​
​
사전 예약 하는 곳
​
​
​
​
🔮 MD 구매 특전 🔮
​
2만원 이상 구매 시 캐릭터 코스터 1종 증정
​
​
​
5만원 이상 구매 시 메모리얼 카드 1종 증정
​
■ 특전은 구매 당일의 영수증 금액에 따라 증정되며, 영수증 합산은 불가합니다.
■ 특전은 랜덤 증정되며, 선택 및 교환은 불가합니다.
■ 특전은 조기 소진될 수 있으며, 소진 시 증정 이벤크는 종료됩니다.
​
​
​
​
🔮 MD 굿즈 라인업 🔮
​
사혼의 구슬 캔뱃지
❥ 이누야샤, 가영, 산고, 미륵, 셋쇼마루 외 전 8종
가격: 6,000원
​
​
​
캐릭터 카드 [1팩 2매]
❥ 이누야샤, 가영, 산고, 미륵, 셋쇼마루 외 전 12종
가격: 5,000원
​
​
​
​
네컷 필름
❥ 이누야샤, 가영, 산고, 미륵, 셋쇼마루 외 전 8종
가격: 4,000원
​
​
​
​
에마 키링
❥ 이누야샤, 가영, 산고, 미륵, 셋쇼마루 외 전 8종
가격: 11,000원
​
​
​
​
사혼의 구슬 부적 키링
가격: 23,000원
​
​
​
​
사혼의 구슬 반구 스마트톡
가격: 15,000원
​
​
​
​
페어 아크릴 스탠드
❥ 이누야샤, 가영, 산고, 미륵 전 2종
가격: 22,000원
​
​
​
아크릴 스탠드
❥ 이누야샤, 가영, 셋쇼마루 외 전 4종
가격: 19,000원
​
​
​
이누야샤 스프링 아크릴 스탠드
가격: 16,000원
​
​
​
​
셋쇼마루 족자봉
가격: 22,000원
​
​
​
​
이누야샤 키보드 커버
가격: 10,500원
​
​
​
​
셋쇼마루 데스크 장패드
가격: 28,000원
​
​
​
​
​
유가영 마우스 패드
가격: 7,000원
​
​
​
​
미륵 풍혈 멀티클리너
가격: 5,000원
​
​
​
A4 클리어 파일
가격: 5,500원
​
​
​
​
엽서 세트
❥ A버전,  B버전
가격: 8,000원
​
​
​
렌티큘러 카드
❥ 이누야샤, 셋쇼마루 전 2종
가격: 7,000원
​
​
​
​
🔮 MD 실물 공개 🔮
​
이누야샤만의 독보적인 비주얼이 담긴 굿즈 실물 공개 ✨️"
"이누야샤 팝업스토어 (홍대)│사전예약 방법, 굿즈 및 특전 안내",https://blog.naver.com/memory-green/224382246340,"이누야샤 팝업스토어 (홍대)│사전예약 방법, 굿즈 및 특전 안내 * 이누야샤 팝업스토어 (홍대) 장소 : 마포구 양화로 188, AK플라자 4층 기간 : 09.01 ~ 09.22 사전예약오픈 : 08.24 (월) 18:00~ 네이버예약 09.... ",추억의 게임과 일상이 있는 블로그,https://blog.naver.com/memory-green,20260818,마포구 팝업스토어,"이누야샤 팝업스토어 (홍대)│사전예약 방법, 굿즈 및 특전 안내
* 이누야샤 팝업스토어 (홍대)
장소 : 마포구 양화로 188, AK플라자 4층
기간 : 09.01 ~ 09.22
사전예약오픈 : 08.24 (월) 18:00~ 네이버예약
09.01~09.06 사전예약만 입장가능
09.07~09.22 현장대기만 입장가능
사전예약사이트
홍대 :
https://booking.naver.com/booking/12/bizes/1716768
수원 :
https://booking.naver.com/booking/12/bizes/1716815
​
* 무엇을 하는걸까?
이누야샤테마 테마 스토어 구경
한정 굿즈 구매
2만원 이상 구매 시 : 코스터 랜덤1종
5만원 이상 구매 시 : 메모리얼 카드 랜덤 1종
AK PLAZA 홍대
서울특별시 마포구 양화로 188
리밋션 AK PLAZA 홍대
서울특별시 마포구 양화로 188 AK PLAZA 홍대 4층
이누야샤 팝업 @홍대
서울특별시 마포구 양화로 188 (동교동, 애경타워) AK PLAZA 홍대 4층 LIMITION
이누야사 팝업 (홍대점) 사전예약
2026.09.01-09.22
- AK 플라자 홍대 4F LIMITION
- AK 플라자 수원 5F SMG STORE
​
사전 예약 오픈 : 08.24(월) 18:00
사전 예약 가능 일자 : 09.01(화) - 09.06(일)
​
※사전 예약은 지점별로 운영되오니,
예약 시 이용 지점을 반드시 확인해주시기 바랍니다.
※예약 링크는 사전 예약 오픈 당일 SNS를 통해
미리 안내해 드릴 예정입니다.
운영기간 첫 주는 ""사전예약자""만 입장가능하고
두번째 주 부터는 ""현장입장"" 으로만 이용이 가능하네요~
​
홍대점 기준으로는
평일 11시가 첫타임이고
주말 10시30분이 첫타임입니다!
예약 시 신분증을 반드시 가져와야 하고
오픈 첫날에는 퇴장 후 재입장이 어렵다고 하네요.
모든 상품은 한정수량 이기 때문에
조기품절 될 수 있다는 점..!!
사진 및 내용 출처 :
limition_pick 인스타그램
이누야사 팝업 (홍대점) 굿즈
굿즈는 사진을 클릭하시면 더 잘보여요!
​
지난번 신촌 이누야샤 팝업스토어(
후기
)에서는
이누야샤 테마로 꾸며진 카페?느낌으로 구경했었고
컨셉에 맞는 음료+디저트도 먹을 수 있었고
스탬프 미션
굿즈구매 등 다양하게 즐길 수 있었어요.
​
이번 홍대에서는 어떤 테마가 있을지 완전 기대중!!
사실 굿즈구매만 할 수 있어도 행복해요..>.<
사혼의 구슬 부적 키링은
빠르게 품절날것으로 예상됩니다..
저도 갖고싶거든요..우후후
​
마우스패드도 ㅋㅋ ""안녕히계세요여러분~"" 이여서 그런지
인기가 많을것으로 생각됩니다 ㅎㅎ
​
렌티큘러 카드도!
이누야샤일행만 있는게 아니라,
셋쇼&린 커플까지 있다보니
감다살 디자인이네요..와우
사진출처 :
SMG store 인스타그램
​
여러모로 기대되는 팝업입니다.
홍대와 수원에서 동시 진행된다고 해요.
오픈날에 바로 가야겠네요 ㅎㅎ
​"
"8월 팝업스토어 추천, 홍대 명탐정 코난 팝업 사전예약 하는 법, 굿....",https://blog.naver.com/mha0715/224378928608,"명탐정 코난 팝업 : 하이웨이의 타천사 위치는 서울 마포구 양화로 178-5 LC타워 별관 지하2층... 코난 시리즈 15,000원 하이웨이의 타천사 포켓백 20,000원 8월 홍대 팝업스토어로 추천드립니당~",제아링의 파우치,https://blog.naver.com/mha0715,20260814,마포구 팝업스토어,"안녕하세요. 명탐정코난 영화가 나오면서 팝업도 나오고 콜라보 카페도 나오네요! 명탐정 코난 팝업 : 하이웨이의 타천사 위치는 서울 마포구 양화로 178-5 LC타워 별관 지하2층 팬베이스 홍대점입니닷. 2026년 8월 12일 ~ 2026년 8월 30일까지 매일 11:00 ~ 20:00까지 운영해요.
팬베이스 홍대점
서울특별시 마포구 양화로 178-5 LC타워 별관 지하2층
홍대 명탐정 코난 콜라보 카페 사전 예약하는 곳 링크입니당. 현장 예약 하는 기간도 있으니 사전 예약 못했다고 실망하지마여.
네이버 예약 :: 명탐정 코난:하이웨이의 타천사&야이바 팝업스토어
명탐정 코난:하이웨이의 타천사&야이바 팝업스토어의 사전 예약 신청입니다.
booking.naver.com
참고로 코난 팝업 종료 후 팝업 한정 굿즈는 온라인 스토어에서도 만나볼 수 있어요!!
온라인 예약 판매 사전 안내 | 극장판 명탐정 코난_하이웨이의 타천사
안녕하세요, 『명탐정 코난: 하이웨이의 타천사』팝업스토어에 보여주신 뜨거운 성원에 정말 감사하다는 말씀 전합니다. 최대한 많은 분들이 팝업스토어 한정 굿즈를 받아보실 수 있도록 팝업스토어가 종료된 후 팝업스토어 상품의 온라인 예약 판매를 진행할 예정입니다! ※ [쿠키&띠부씰 세트]의 경우 제작 공정 상의 이유로 온라인 판매에서 제외됩니다. ※ 온라인 판매의 경우 구매 특전은 제공되지 않습니다. ※ 온라인 판매는 대한민국 배송 한정으로 진행됩니다...
fanding.kr
명탐정 코난 팝업 굿즈들 보여드릴게욧.
치하야, 쥬고, 진페이, 켄지 경찰 뱃지 지갑 각 35,000원
코난 보이스 키체인 29,000원
하이웨이의 타천사 접시 35,000원
로고 메탈 북마크 15,000원
POLICE / 코난 탐정소 박스 테이프 2종 각 12,000원
마츠다 진페이 안경 아크릴 거치대 30,000원
치하야, 쥬고, 진페이, 켄지 메탈 명찰 각 12,000원
경찰 리빙 박스 23,000원
보타이, 헬멧, 수갑 카라비너 3종 각 12,000원
자리비움 스탠드 2종 POLICE / 코난 탐정소 각 18,000원
치하야, 쥬고, 코난, 세라, 진페이, 켄지 미니만쥬 6종 각 15,000원
CJENM 필름통키링 코난 시리즈 15,000원
하이웨이의 타천사 포켓백 20,000원
8월 홍대 팝업스토어로 추천드립니당~"
[팝업스토어] 은혼 팝업 요시와라 대염상 홍대 AK플라자,https://blog.naver.com/cmoon8/224377913467,은혼 팝업 - 요시와라 대염상 @홍대 • 주소 서울 마포구 양화로 188 AK PLAZA 홍대 4층 LIMITION • 운영기간 2026.08.04.(화) ~ 2026.08.30.(일) • 운영시간 평일 11:00~22:00 / 주말 10:30~22:00 귀여운 카구라랑... ,대충 사는 먼지 한 톨,https://blog.naver.com/cmoon8,20260813,마포구 팝업스토어,"​
2026-08-12
​
예약할까 말까 고민하다가 첫 주에는 못 갈 것 같아서 따로 예약은 안 했었다.
어차피 살 것도 없으니 그냥 마음 편하게 구경이나 한 번 해보자는 생각으로 들러봄.
은혼 팝업 - 요시와라 대염상 @홍대
서울특별시 마포구 양화로 188 (동교동, 애경타워) AK PLAZA 홍대 4층 LIMITION
​
​
🔥
은혼 팝업 - 요시와라 대염상 @홍대
•
주소
서울 마포구 양화로 188 AK PLAZA 홍대 4층 LIMITION
•
운영기간
2026.08.04.(화) ~ 2026.08.30.(일)
•
운영시간
평일 11:00~22:00 / 주말 10:30~22:00
​
​
귀여운 카구라랑 신파치
​
​
2만 원 이상 구매하면 받을 수 있는 특전 코스터
​
​
굿즈 리스트
​
​
전시된 굿즈 구경 🔎
​
​
입구 앞 긴토키
​
​
휑한 느낌이다.
​
​
은혼 팝업이지만 다른 애니 굿즈가 더 많은 듯 ㅋㅋ
​
​
그래도 막상 보면 또 반가운 은혼 캐릭터들 ㅋㅋㅋ
​
​
남아 있는 굿즈
​
​
근데 팝업이라고 하기엔 뭔가 좀 애매... 🤔
​
​"
라이즈 팝업스토어 ARCHIIVE² 방문 후기｜서강대역 RIIZE 팝업 전시·포....,https://blog.naver.com/hyeoie/224376406076,RIIZE POP-UP ARCHIIVE²  레이어 스튜디오 11 서울 마포구 광성로 41-11  운영 기간 2026.06.16 ~ 2026.06.28 ⏰ 운영... 서울팝업스토어 #서강대역가볼만한곳 #마포가볼만한곳 #홍대팝업 #신촌가볼만한곳 #서울전시추천... ,my youth,https://blog.naver.com/hyeoie,20260812,마포구 팝업스토어,"​
RIIZE POP-UP ARCHIIVE²
​
📍 레이어 스튜디오 11
서울 마포구 광성로 41-11
​
🗓 운영 기간
2026.06.16 ~ 2026.06.28
​
⏰ 운영 시간
12:00 - 20:00
​
🚇 가까운 역
서강대역 도보권
​
이번 라이즈 팝업스토어 ARCHIIVE²는
라이즈의 두 번째 미니앨범과 연결된 콘셉트 공간으로,
앨범이 가진 분위기를 오프라인 공간으로 확장한 형태
​
이름 그대로 ‘아카이브(Archive)’라는 키워드에 집중해
라이즈가 만들어온 순간들을 기록하고
보여주는 공간처럼 구성
​
​
공간 곳곳에 담긴 라이즈의 청량한 무드
​
입구에 들어서자마자 가장 먼저 느껴졌던 건
라이즈 특유의 밝고 자유로운 분위기
​
전체적인 공간은 깔끔한 컬러감과
감각적인 오브제로 꾸며져 있었고,
앨범 콘셉트를 시각적으로 경험할 수 있도록
다양한 요소들이 배치
​
단순히 멤버들의 사진을 전시하는 방식이 아니라
음악, 이미지, 공간 디자인이 함께 어우러져
하나의 브랜드 전시를 보는 듯한 느낌
​
특히 사진으로 남겼을 때 예쁘게 담기는 공간들이 많아
방문객들이 자연스럽게 머물며 즐길 수 있도록 구성
​
포토존부터 전시 공간까지
​
라이즈 팝업스토어에서 가장 기대했던 부분은
역시 포토존이었는데요.
​
멤버들의 콘셉트와 앨범 분위기를 담은 공간들이
곳곳에 마련되어 있어 방문 인증 사진을 남기기 좋았어요
​
각 공간마다 다른 분위기를 가지고 있어
천천히 둘러보는 재미가 있었고,
팬들에게는 좋아하는 아티스트와
관련된 추억을 남길 수 있는 공간
​
최근 아이돌 팝업스토어가
단순 관람형 전시가 아니라 직접 참여하고 경험하는 형태로
변화하고 있다는 점을 다시 한번 느낄 수 있었어요!
​
라이즈 팝업 MD 구경하기
​
팝업스토어에서 빼놓을 수 없는 MD 존도 함께 운영
​
이번 라이즈 ARCHIIVE² MD는 팝업 콘셉트와
연결되는 디자인으로 구성
​
앨범을 좋아하는 팬들에게는
특별한 소장 가치가 있는 아이템들이었고,
라이즈의 분위기를 일상 속에서도
이어갈 수 있는 제품들이 많았어요 !
​
라이즈 팝업스토어 ARCHIIVE²는 단순한 굿즈 판매 공간이 아니라, 음악을 공간으로 경험할 수 있었던 전시형 팝업
​
앨범을 듣는 것에서 끝나는 것이 아니라
공간의 분위기, 사진, 오브제, 굿즈를 통해
라이즈가 표현하고자 하는 무드를
직접 느낄 수 있었던 점이 가장 인상적이었어요!
​
서강대역 근처에서 색다른 공간을 찾고 있다면
방문해 보기 좋은 팝업스토어였고,
최근 다양한 브랜드와 아티스트들이 선보이는 공간
마케팅의 흐름을 느낄 수 있었던 곳
​
라이즈 팬이라면 물론이고, 감각적인 전시와
팝업 공간을 좋아하는 분들에게도 추천하고 싶은 공간 :)
​
그리고 최애가 나왔어요 .. ㅎ ㅎ
럭 ~~ 키
​
#라이즈팝업스토어
#RIIZE
#RIIZE팝업
#ARCHIIVE2
#라이즈ARCHIIVE
#라이즈팝업후기
#라이즈방문후기
#아이돌팝업스토어
#서울팝업스토어
#서강대역가볼만한곳
#마포가볼만한곳
#홍대팝업
#신촌가볼만한곳
#서울전시추천
#서울데이트코스
#팝업스토어후기
#공간전시
#전시추천"
홍대 전지적 독자 시점 팝업스토어 &amp; 콜라보 카페 후기｜내돈내산 ....,https://blog.naver.com/heute_ins/224376025071,&lt;전지적 독자 시점&gt; 팝업 스토어 &amp; 콜라보 카페 : 한여름의 유람  위치 : 서울 마포구 성미산로 151-1 1~4층 굿즈모먼트  운영시간 : 7/31(금)~8/17(월) 11:00~20:00 홍대에 있는 굿즈모먼트에서 전지적 독자시점 팝업 및... ,Be Better Log,https://blog.naver.com/heute_ins,20260812,마포구 팝업스토어,"<전지적 독자 시점> 팝업 스토어 & 콜라보 카페 : 한여름의 유람
📍 위치 :
서울 마포구 성미산로 151-1 1~4층 굿즈모먼트
🕰 운영시간 :
7/31(금)~8/17(월) 11:00~20:00
홍대에 있는 굿즈모먼트에서
전지적 독자시점 팝업 및 콜라보카페 운영해서
다녀왔어요!!
​
엄청난 티켓팅을 뚫고 사전예약해서 다녀왔씁니당ㅎㅎ
전 같은 날 2개 예약을 못해서...
각각 다른 날에 방문했어요ㅠㅋㅋ
​
​
굿즈모먼트 벽면에 크케 붙어있는 김독자컴퍼니 사진!!
너네 행복해보인다 😆
​
층별로 전독시를 즐길 수 있었는데
​
1층 - 포토이즘, 웹툰 단행본 판매
2층 - 콜라보카페
3층 - 오디오북, 렌즈 등 콜라보 상품
4층 - 팝업스토어
​
팝업
김독자 생일 주간에 열렸던 팝업 스토어 이후
2번째로 방문하게 된 팝업!
​
전독시를 올 초에 처음 읽게 되는바람에
구원의마왕 전시회도 못가고ㅠㅠ
아쉬운 맘 뿐이라
앞으로 전독시 이벤트는 무조건 올참석이다!! 하는 맘 뿐
​
​
사전예약 특전으로
오리지널 티켓 2종 중 1종(랜덤임!)
비유 부채, 유중혁 생일 기념 포토카드 받았어요~!
랜덤티켓은 유중혁 나옴!
​
​
MD 구매 특전도 있는데
1만원 이상 구매 시, [PP카드 4종 중 1종] 랜덤 증정
3만원 이상 구매 시, [PP카드 4종] 전종 증정
0만원 이상 구매 시, [렌티큘러 카드] 증정
​
전 7만원정도 써서 pp카드 4종 받았어요!
​
​
이번엔 그래도 나름 은근 신상 굿즈들이 있더라구요!!
김독자, 유중혁 한복 일러스트 굿즈들도 있구요~
​
​
야구 유니폼이랑 에코백, 앉은 피규어 4종, 키캡세트 등!!
일단 저는 아크릴 스탠드보다는 요런 피규어를 너무 조아해서
김독자, 유중혁 앉은 피규어 2개는 무조건 구매함!!
1개에 19,000원이었는데
퀄이 진짜 너무 좋아요
침대 머리맡에 나뒀는데 볼때마다 너무 귀여움..🤍
​
​
이 키캡세트는 솔직히 방문할 때
사야지 생각 안했는데..
실물보고 반해서 무지성 구매
저렇게 키캡키링으로 만들고 싶은데
아까워서 들고다닐 수 있을지ㅎㅎ
​
​
이번에 김독자컴퍼니 굿즈들도 넘 잘 뽑혔더라구요 !!
서머스트림 포스터도 진짜 청량하고
김컴 행복해보여서 좀 좋음ㅠㅠ
​
​
김컴 아크릴 디오라마다 멋있어서
살짝 고민하다..
최근 예산 문제로... 참았음다
​
근데 다들 진짜 쓸어담으시더라구요
대단하심..
👍🏻
​
​
한쪽에는 이전에 판매했던 굿즈들도 재고가 남았는지..?
판매하고 있었어요ㅋㅋ
​
​
MD 외에도 팝업 공간에 포토존도 있었어용
크게 보니 더 좋군
오랜만에 다시 전독시 정주행 해볼까나..
​
​
엠디 구매하고 쇼핑백도 구매했는데
너무 예쁘긴 했는데.. 이게 5천원임..;;
​
​
집에 와서 구매한 굿즈 펼쳐봤어용!
​
​
키캡세트 넘 귀엽지 않나요??!!
25,000원이나 하지만..ㅋ
사길 잘 한 것 같아요ㅎㅎㅎ
​
​
랜덤 포토카트5..도 1개만 사봄ㅋㅋ
드래곤볼할 자신 없꼬... 전 진짜 랜덤 운이 나쁜 편이라ㅋㅋ
기념으로 1개만 샀는데
그래도 젤 갖고싶은 김독자, 유중혁 1장씩 나와서
나름 성공함!!
​
오른쪽 사진은 엠디 구매 특전으로 받은 pp카드세트예요~
​
​
젤 맘에 들었던건 요 앉은 피규어!!
한수영도 샀어야햇나...ㅠㅋㅋ
둘이 같이 두니 너무 귀여워요ㅠㅠ
둘이 그림체 다른거 너무 귀여워~~~
​
포토카트랑 피규어랑 같이 두고 보닠ㅋㅋ
귀엽고 멋있고 다하네...ㅎ
(주접 주저리주저리..)
콜라보 카페
이번엔 콜라보 카페 방문후기입니다!
콜라보 카페는 1매 예약하면 2명이 입장 가능하다고 해서
음료 사준다고하고
전독시 보지도 않은 친구 끌고 갔어요...
그리고 친구가 받은 특전까지 내가 챙겨옴ㅎ
​
​
각 타임별 20분 후부터는 현장입장 가능했구요!
​
제가 방문했을 타임 보니까
사전예약으로 반정도 테이블 차있었구
나머지는 현장입장으로 들어오셨어요!!
​
​
콜라보카페 메뉴는 이렇습니다....!
솔직히 맛을 전혀 기대하지 않음ㅋㅋ
그냥 내가 이곳에 온게 중요했을 뿐..ㅎ
​
저희는
생과사의 동료 set 15,000원
천재 미소녀 작가의 레몬 아메리카노 7,000원
SD 캐릭터 쿠키 각 4,000원 2개
주문했어요
쿠키는 2개사야 특전 준다해서..ㅎ
​
​
콜라보 카페는 매우 협소한 편...! 테이블이 그렇게 많지는 않더라구욥!
​
여기도 한쪽 벽면에 요 메인 사진 포토존 있었구요
​
입장할 때 요 미니 등신대 인당 1개씩 챙겨서
테이블에 놔두고 사진 찍을 수 있게 해놨더라구요ㅋㅋ
김독자, 유중혁 빠르게 소진되니..
빠르게 챙겨가시길..!!
​
​
저희도 김독자, 유중혁 미니 등신대 챙겨와서 같이 인증샷 찍었어욤ㅎㅎ
​
​
비예약자분들은 키오스크에서 테이크아웃은 가능하더라구요~!
​
사전예약 특전으로 받은 책갈피는
김독자 나옴!!!!
행복쓰ㅋㅋㅋ
​
종이 티코스터는 총 4장 나왔는데
김독자 안나와서 초큼 아쉬움ㅠㅠ
이번 일러스트 넘 맘에 들었는데 ㅠㅠㅋㅋ
​
​
SD캐릭터 쿠키도 생각보다 고퀄이었어요ㅋㅋ
안먹고 집에 챙겨갔는데
가는길에 부셔지면 어카지 했는데
멀쩡하더라구요ㅋㅋ
아직 안먹었는데 버터랑 초코맛인듯!
​
세트 메뉴중에 이게 그나마...
실패가 적을 것 같아 주문한 생과 사의 동료 세트..
까망베르 치즈 케이크는.. 밑에 딸기쨈? 같은게 굉장히
인공적인 맛이긴 했지만... 먹을만은 했음
콜라랑 밀키스는ㅋㅋㅋ 실패할 수가 없어서
만족..ㅎㅎ
​
친구가 주문한 레몬 아메리카노....
아메리카노만 먹는 친구라 넌 아메리카노 마셔~ 하고 데려갔는데
레몬 아메리카노...?
밑에 레몬이 깔려있었는데..
여러분.. 이건 드시지 마셔요ㅠㅠㅋㅋㅋㅋ
그냥 신맛이 좀 강한 아메리카노가 아니고
그냥 신... 아메리카노...
​
​
마지막으루 1층 포토이즘에서 독자랑 중혁이랑 사진찍고
마무리~~
​
아니 근데 이러고 집가는 길에
애니메이트 홍대점에서 전독시 콜라보 카페 한다는 소식을 봄...!
9월엔 애니메이트 카페 후기로 남겨볼게요~~
🤍
굿즈모먼트
서울특별시 마포구 성미산로 151-1 1~4층
#전지적독자시점
#전독시
#전독시팝업
#전독시카페
#전지적독자시점팝업
#전독시콜라보카페
#굿즈모먼트
#홍대팝업
#홍대콜라보카페
#홍대가볼만한곳
#김독자
#유중혁
#한수영
#김독자컴퍼니
#전독시굿즈
#덕질기록
#웹소설
#웹툰
#내돈내산
#서울팝업스토어"
홍실퀘스트 웹툰 팝업스토어 서울&amp;숲이랑 작가님 사인회 방문 후기,https://blog.naver.com/insiiru_/224373214848,♬ 이구이(IGWI) - 아마도(Maybe) 2026 홍실퀘스트 서울 팝업스토어 2026.08.06(목) ~ 2026.08.17(월) 서울 마포구 월드컵로 8길 69 마루 1층 &lt; &gt; 예약도 있는데 현장으로 바로 드갈 수도 있고 무료입장이니까 한 번씩 구경... ,♡♥ 이제 니 인생 살아 ♥♡,https://blog.naver.com/insiiru_,20260809,마포구 팝업스토어,"♬ 이구이(IGWI) - 아마도(Maybe)
​
​
​
​
​
​
​
2026 홍실퀘스트 서울 팝업스토어
2026.08.06(목) ~ 2026.08.17(월)
서울 마포구 월드컵로 8길 69 마루 1층
Previous image
Next image
Previous image
Next image
네이버 예약 :: 홍실퀘스트 서울 팝업
<Red Thread Quest Popup Store : Seoul> - 팝업스토어 위치 서울특별시 마포구 월드컵로 8길 69, 마루빌딩 1층 - 영업 시간 매일 11시 30분 - 21시 30분 - 예약 안내 ID당 최대 예약 가능 수량 5매 (회차당 최대 2매 예약 가능) - 입장 안내 01 서울 팝업스토어 [홍실퀘스트] 는 사전 예약 입장과 현장 예약 입장이 동시 운영됩니다. 02 대기 등록 시 알림톡이 발송될 예정입니다. (외국인은 이메일 발송 됩니다 ) 입장 알림 호출을 받으시면 수신 후 20분 이내 입장 부탁드립니다. 20...
booking.naver.com
예약도 있는데 현장으로 바로 드갈 수도 있고
무료입장이니까 한 번씩 구경 가보시길!
전 숲이랑 작가님 사인회 찬스로 입장 쿠폰 받았더욘
​
​
​
​
​
​
​
#홍실퀘스트
#홍퀘
#엑스스퀘어
#RedThreadQuest
#xsquare
#xsquare_icons
#홍실퀘스트x엑스스퀘어
​
두긘두긘 오늘은 홍실퀘스트 숲이랑 작가넴 사인회 가는 날
오랜만에 갑자기 무슨 변덕인지 풀메를 하고 싶어졌는데요
​
​
​
​
​
​
​
눈썹 정리하다가 잘못 밀어서 그리지머 움냠얌 하고 있었는데
생각보다 준비 시간이 ㄹㅇ 타이트 했던거긔 ;;;;
앉아서 핫도기 먹으면서 유튜브 볼 때가 아녔음
​
​
​
​
​
​
​
잘 보이는 것보다 못 드가는 게 더 심각하다 판단했기에
눈썹 ㅇㅈㄹ하고 감
​
​
​
​
​
​
​
앞머리 있으니까 괜찮겠지 싶었는데 웬걸 돌핀의 영향인가
바람이 ㅈㄴ게 불기 시작
​
​
​
​
​
​
​
그렇게 추노꾼이 되어 사인회 근처까지 왔는데 넘 빨리 온 거임
​
​
​
​
​
​
​
하네루
서울특별시 마포구 잔다리로 71 1층 102호
그래서 혼자 카페에서 코피 수혈함
​
​
​
​
​
​
​
여긴 조금 있다가 사인회 갔다 방문할 팝업이고
​
​
​
​
​
​
​
라움빌딩
서울특별시 마포구 동교로16길 31 라움빌딩
사인회는 마주 보고 있는 건물 2층에서 진행됨이
밖에 스탭분 서 계시는데 ㄹㅇ 개덥겠다 싶었음요 ㅠㅠ
어제가 진짜 ㄹㅈㄷ 더웠는데 오늘은 바람도 불고
그나마 조금 나아져서 다행이라고 해야 할지;
​
​
​
​
​
​
​
아무튼 2층으로 올라가줍니다
한 층인데 사람들이 다 엘베 타서 놀랐음
​
​
​
​
​
​
​
입구 ㄹㅇ 너무 집이라서 당황슨
​
​
​
​
​
​
​
줄 서서 기다리면 예약 내역 / 신분증 / 소장 내역 체크하고
팝업 입장권이랑 사인지에 적힐 이름 or 닉네임 적으면 됨!
​
​
​
​
​
​
​
근데 안에서 숲이랑 작가넴과 팬분들의 이야기가 꽤 길어짐
+ 갑자기 사인지가 떨어짐 이슈로 사인회 시간이 좀 딜레이 돼서
​
​
​
​
​
​
​
봉에 매달린 코여운 연기훈처럼 의젓하게 기다렸어요
​
​
​
​
​
​
​
두긘두긘 작가넴 뵙기 바로 직전. . .
다들 작가넴 너무 좋아 어흑 하면서
지인분들과 부등부등 꺄르륵 하고 계시는데
​
​
​
​
​
​
​
난 안에서 뭘 보여드려야 하는 건지
혼자서 개쓸데없이 위기감 느낌
​
​
​
​
​
​
​
드가기 전에 생각보다 안 떨리는데? ㅋ ㅇㅈㄹ하고 있었는데
이제 들오세요 하니까 갑자기 떨려서 더워지기 시작함
작품 넘 잘 보고 있다 더운데 고생 많으시다 뭐 이런 얘기들했슨
갑자기 어쩌다 내가 개명한 사실까지 오픈하게 되고(?)
작품 다 보셨는지 물어봐 주셔서 아직 후반부 못 봤다고 했는데
작가넴이 플리 올린 거 있다고 그거 들으면서 봐주셨음 좋겠다고
리튓하겠다구 하셔서 꼭 들음서 과몰입하기로 약속함
​
​
​
​
​
​
​
사인회 다니면서 역대급으로 많은 대화를 한 듯
시간 다 됐다고 스탭분이 얘기해 주셔서 나온 거 첨이에요
원래도 알던 사이인 것처럼 너무 편안하게 해주셔서
​
​
​
​
​
​
​
눈썹 갈린 것도 잊어버렸다네요
​
​
​
​
​
​
​
홍실 퀘스트 팝업 @홍대
서울특별시 마포구 월드컵로8길 69 (서교동, 마루) 마루빌딩 1층
그리고 사인회 나와서 바로 앞에 있는 홍실퀘스트 팝업에 입장
​
​
​
​
​
​
​
저 오른쪽에 안내가 이렇게 되어 있어서 여기가 입구인 줄 알았음
​
​
​
​
​
​
​
이상하다고 생각은 했는데 문이 있길래 걍 드가 버림
스탭분이 여기 출구라고 알려주셔서 알았고연;;
​
​
​
​
​
​
​
아무튼 출구로 입장해서 입구로 간 다음에 입장 쿠폰 드렸어요
​
​
​
​
​
​
​
어제가 감자기훈 생일이었다네요
​
​
​
​
​
​
​
이제 레드라는 문구만 봐도 춤춰야 할 거 같음
​
​
​
​
​
​
​
홍퀘는 기훈이가 른인게 렬로 맛인 것이에요
​
​
​
​
​
​
​
돈 없어서 이 갓굿즈들을 침 흘리면서 구경만 함
컨셉을 작가넴이 너무 잘 잡고 그려주셔서
예쁜 굿즈들 많아요 ㅠㅠㅠ
​
​
​
​
​
​
​
이 향수 맡아봐도 되는 거였을까 이제야 생각이 드네
​
​
​
​
​
​
​
갠적으로 여기 디피가 젤 코여워서 좋았슨요
​
​
​
​
​
​
​
나 얼른 뒷부분 다 봐야 하는데 사놓고 보질 못한 작품만 5억 개
사실상 그냥 기부 중인 게 아닌가 싶을 정도
​
​
​
​
​
​
​
근데 숲이랑 작가넴은 연재도 하시고 이 굿즈들
일러도 그리시고 대체 얼마나 열심히 하시는 거지
하는 생각이 갑자기 들기 시작하면서
나의 삶을 되돌아보기 시작함
​
​
​
​
​
​
​
진짜 이거 너무 코염져서 지갑 열고 싶었어
​
​
​
​
​
​
​
어흐흑 돈 주세요
​
​
​
​
​
​
​
여기가 ㄹㅇ청량한 여름이고
​
​
​
​
​
​
​
진짜 어른이들만 입장할 수 있는 구금 굿즈존
신분증을 보여드리고 드가면 됩니다
​
​
​
​
​
​
​
아무리 말랑하게 나와도 알몸이니까 가려드렸습니다
​
​
​
​
​
​
​
그 굿즈를 실물로 봄. . . .음후 울랄라
​
​
​
​
​
​
​
가기 전에 저도 메모지 하나 붙였더욘 제거 뭐게요
​
​
​
​
​
​
​
출구로 들어와서 출구로 나가는 사람이 있다?
​
​
​
​
​
​
​
여기 기훈이 얼굴로 드가시면 됨
입구라고 대놓고 써져 있는 걸 이제야 봤지 뭡닉가;
​
​
​
​
​
​
​
그리고 투니크 방포랑 헤이포카 4주 차 뽑으러 가는 길에
스파이더맨 브랜뉴데이 광고 영상 찍고 싶었는데
내가 매번 핸드폰만 꺼내면 빌딩에서 멋지게 떨어지는 장면
끝나고 꼭 저렇게 개박살나는 장면만 나오더라
​
​
​
​
​
​
​
포기하고 좀 걸어가니까
스파이더맨 손 전시되어 있어서 이거라도 찍어줌
방포 교환하고 있는 학생들이 있길래
전 다 모아서 바꿔줬는데 좋아하는 거 넘 코여웠어. . .
​
​
​
​
​
​
​
집 가는 길에 살 거 있어서 다이소 들렸다
과자 고르는데 정말 당연한 게 적혀있어서 공포임
저걸 안 지키는 사람이 있다는 거 아니야
​
​
​
​
​
​
​
요새 몸무게 인생 최대치 찍고 어제 다이어트 결심
오지게 했는데 과자 개큰 거 산 꼬라지
​
​
​
​
​
​
​
음 몰겠고 다녀왔슨니다
​
​
​
​
​
​
​
이거 박살 난 거 때문에 다이소 간 건데 살 게 없더라고욘;
담에 다른 다이소 가면 사야겠어요. . .
​
​
​
​
​
​
​
이런 일도 있었긔; 손풍기 몇 년 전에 산 건데
사용한 횟수 열 손가락에 꼽음 왜 이러는지 나도 몰겠네
그래서 이제 들고 다녀요. . .쓰려고
​
​
​
​
​
​
​
사인지에 그림 그려주신 거 실시간으로 첨 봤어
​
​
​
​
​
​
​
이건 홍실퀘스트 팝업 입장하면 누구나 주는 입장 특전
​
​
​
​
​
​
​
이건 홍퀘 팝업 방문한 사진 태그 걸어서 올리면
증정되는 기훈이 부채인데 소진되면 종료될 수도 있대요
​
​
​
​
​
​
​
다이어리에 붙이라고 이것도 가져옴
​
​
​
​
​
​
​
투니크 타시로 헤이포카 4주 차도 뽑아왔는데
오늘이 딱 마지막이더라구욘 후
말도 안 된다 이제 살만하니까 주말이 끝났어
​
​
​
​
​
​
커어어억 푸데푸데
​
​
​
​
​
​
​
​"
서울 홍실퀘스트 팝업스토어 후기 (+ 숲이랑 작가님 사인회),https://blog.naver.com/cart0813/224370510984,:  2026년 8월 6일(목) ~ 8월 17일(월) 서울 마포구 월드컵로8길 69 마루빌딩 1F 네이버 예약  &lt; &gt; 건물 벽... ☺️☺️ 팝업 스토어 입장 티켓 너무 예뻐요… ㅜㅜ 굿즈 라인업  입장 / 금액 / 방문 인증 특전,부남자의 BL 채널,https://blog.naver.com/cart0813,20260806,마포구 팝업스토어,"𝑹𝒆𝒅 𝑻𝒉𝒓𝒆𝒂𝒅 𝑸𝒖𝒆𝒔𝒕 𝑷𝒐𝒑𝒖𝒑 𝑺𝒕𝒐𝒓𝒆 : 𝑺𝒆𝒐𝒖𝒍
📅2026년 8월 6일(목) ~ 8월 17일(월)
📌서울 마포구 월드컵로8길 69 마루빌딩 1F
​
네이버 예약
👇👇
네이버 예약 :: 홍실퀘스트 서울 팝업
<Red Thread Quest Popup Store : Seoul> - 팝업스토어 위치 서울특별시 마포구 월드컵로 8길 69, 마루빌딩 1층 - 영업 시간 매일 11시 30분 - 21시 30분 - 예약 안내 ID당 최대 예약 가능 수량 5매 (회차당 최대 2매 예약 가능) - 입장 안내 01 서울 팝업스토어 [홍실퀘스트] 는 사전 예약 입장과 현장 예약 입장이 동시 운영됩니다. 02 대기 등록 시 알림톡이 발송될 예정입니다. (외국인은 이메일 발송 됩니다 ) 입장 알림 호출을 받으시면 수신 후 20분 이내 입장 부탁드립니다. 20...
booking.naver.com
건물 벽 사진
​
​
입장 특전 진짜 예뻐요
방문 인증 이벤트로 기훈이 생일 부채도 증정하니
꼭 받으세요 !! :3
​
​
​
입장하면 보이는 등신대
​
​
굿즈 존 입장하면 전생 등신대가 있어요 !! ☺️
​
​
​
요건 랜덤 티켓 세트 10종 라인업
​
​
캔뱃지가 ㄹㅇ 진짜 예뻐요
​
​
​
​
​
인형 너무 귀여워요 ㅋ큐ㅠㅠ
​
​
​
​
굿즈 실물 미쳤습니다 ㅜㅜ
너무 예쁨 ㅜㅜ…
​
​
굿즈 전시 최고… ..❤️❤️🫶🫶
​
​
작가님 사인도 받았어요 !! 🫠☺️☺️🫶
팝업 스토어 입장 티켓 너무 예뻐요… ㅜㅜ
​
​
​
​
굿즈 라인업 👇👇
​
​
​
입장 / 금액 / 방문 인증 특전 👇👇"
전지적독자시점 한여름의 유람 팝업스토어(1) 굿즈구경 &amp; 포토이즘....,https://blog.naver.com/yam_durian/224369256531,전지적 독자 시점 한여름의 유람 팝업 서울 마포구 성미산로 151-1 굿즈모먼트 팝업스토어 &amp; 콜라보카페 예약페이지 ⬇️ 행사기간 26.07.31(금) ~ 08.17(월) 행사위치 서울 마포구 성미산로 151-1 예약자가... ,취미기록장입니다 구경옵셔,https://blog.naver.com/yam_durian,20260805,마포구 팝업스토어,"전지적 독자 시점 콜라보 카페 - 한여름의 유람
서울특별시 마포구 성미산로 151-1 (연남동, 일오일 빌딩) 굿즈모먼트 1~4층
전지적 독자 시점
한여름의 유람 팝업
서울 마포구 성미산로 151-1 굿즈모먼트
팝업스토어 & 콜라보카페 예약페이지 ⬇️
굿즈모먼트 : 네이버
방문자리뷰 1,097 · 블로그리뷰 84
m.place.naver.com
​
📍행사기간
26.07.31(금) ~ 08.17(월)
​
📍행사위치
서울 마포구 성미산로 151-1
​
예약자가 몰리다보니 예약페이지가 터졌다 생겼다 하네요..
​
​
굿즈모먼트 도착!
웹툰 굿즈 콜카로 1층부터 4층까지 쭉 돌면됩니다
​
전독시 팝업은
1층 포토이즘
2층 콜라보카페
3층 밀리오디오책&구체관절인형
4층 굿즈팝업 이렇게 있습니다
​
1층 전독시 포토이즘
​
생일맞이 중혁ts 안뽑을 수가 없어서 ㅋㅋㅋ큐ㅠㅠ
이거랑 김독자B 뽑
​
​
입장특전이랑 4컷
특전 비유부채 너무 귀엽고
​
​
2층이 콜카인데 팝업은 두 층 더 올라가시면 됩니다 (4층)
현장대기도 있긴한데 날이 너무 더워서 진짜 무리같아요
물론 중간에 야외 에어컨을 설치해주셨지만 그래도 이 날씨에 버티기 쉽지 않을듯요..
​
관리자분도 너무 더우니까 중간에 야외에서 대기하시는 분들 나눠서 실내로 미리 안내해주시더라구요
​
4층 전독시 팝업스토어
​
팝업입구는 큰 한복 아크릴 등신대와 등장인물 전시된 포토존입니다
​
안쪽으로 들어오시면 바로 야구유니폼이 나오는데 생각보다 예쁘네요 ..실물이 나은듯
​
​
​
​
단독아크릴은 생각보다 엄청 크네요 키링도 그렇고 이번엔 굿즈가 전체적으로 크게 나온것같아요
​
​
​
생일이라 그런지 눈매가 착해진 유중혁
​
​
마스킹 테이프랑 지하철 미니 아크릴스탠드 이건 전에 전시회때도 봤던 굿즈네요
루돌프 중혁 산타 수영이 귀엽네요 마그넷이었나
​
​
여름굿즈 실물도 이쁩니다 ~
아크릴스탠드 서머스트림 버전으로 내는게 좀더 끌리는데 글리픽이라 아쉽
​
단체 아크릴 스탠드 멋있네요 안쪽에 포토존겸 전시용으로 크게 배치되어있었습니다
​
​
​
중혁 코롯토 귀여움 ! 독자 코롯토는 품절 상태
​
❤
​
앉아 피규어 다 너무 귀여운데
우리엘 옆에서보니 약간 거북목인거 같아욬ㅋㅋㅋ
뭘 보느라 목을 저렇게 빼고 보는지 귀욥❤
​
​
​
여기도 기존 굿즈인듯
전에 전시때도 인형 금방 품절나서 수량이 넉넉해진 느낌이네요
​
​
​
원화보드 구경~
포카 바인더도 굿즈 구매 대기줄에 있었습니다
3층에도 밀리오디오책 & eyetist & 구체관절인형 구경할 수 있었는데 사진이 넘 많아서 나눠서 올려야겟네요 ,,ㅜ
​
전독시 팝업 후기(2) 에 이어서 ⬇️
전지적독자시점 한여름의 유람 팝업스토어 3층 밀리의서재 오디오북, 구체관절인형, EYETIST
⬆️ 위 전독시 여름팝업후기(1)에 이어서! 3층 밀리의서재 오디오북 3층 들어오시면 볼 수 있는 밀리의 서...
m.blog.naver.com
전시 팝업 굿즈 구경 ⬇️
우리길드아이돌 달무리: 오프라인 길드룸 팝업 후기ㅣ 네이버웹툰 굿즈모음
우리길드아이돌 팝업스토어 🗓팝업기간 26.08.01.(토) ~ 08.28.(금) 📍팝업장소 서울 용산구 한강대로2...
m.blog.naver.com
AK플라자홍대 간략후기(2)ㅣ메가캠퍼스, 귀멸의칼날 팝업, 새틀라이트, 애니메이트
1편은 위 링크에 ⬆️ 홍대 AK 플라자 3층에 위치해있는 메가캠퍼스 구경겸 들어갔는데 귀여운 룩업피규...
m.blog.naver.com
길티기어 블레이블루 아크시스템웍스 아시아 10주년 팝업후기ㅣ길티기어팬이라면 추천!
길티기어 블레이블루 아크시스템웍스 아시아 10주년 팝업 🗓전시기간 26.07.31.(금) ~ 08.13.(목) 📍전...
m.blog.naver.com
쿠키런 킹덤 위대한 왕국의 유산 and B!TES 전시후기
쿠키런 : 킹덤 위대한 왕국의 유산 and B!TES 전시 📍전시기간 2026. 7. 17(금) ~ 2026. 8. 17(월) ...
m.blog.naver.com"
[POP-UP] 홍대 주술회전 사멸회유 팝업스토어 방문 후기 | 홍대 팬베이....,https://blog.naver.com/xiwonworld/224367250701,"사멸회유 팝업스토어 in 홍대 팬베이스 서울특별시 마포구 양화로 178-5 LC타워 별관 지하2층  2026/7/24 (화) ~ 2026/8/9 (일) ⏰ 11:00 ~ 20:00 (KST) * 금,토,일 사전예약 후 방문 홍대 ak 가기 전에 스벅 맞은편 건물이 바로... ",먹치치의 人生日记,https://blog.naver.com/xiwonworld,20260804,마포구 팝업스토어,"안녕하세요 먹치치입니다
（⸝⸝⸝ ̑ ̑⸝⸝⸝ ）
네 안녕하세요~ 오타쿠는 멈추지 않는다
홍대에서 주술회전 사멸회유 팝업스토어가 열린다는 소식
한국 오자마자 바로 다녀왔어요
주술회전 사멸회유 팝업스토어 in 홍대 팬베이스
팬베이스 홍대점
서울특별시 마포구 양화로 178-5 LC타워 별관 지하2층
📍서울특별시 마포구 양화로 178-5 LC타워 별관 지하2층
📆 2026/7/24 (화) ~ 2026/8/9 (일)
⏰ 11:00 ~ 20:00 (KST)
* 금,토,일 사전예약 후 방문
네이버지도
주술회전 사멸회유 팝업스토어
naver.me
홍대 ak 가기 전에
스벅 맞은편 건물이 바로 팬 베이스 입니다요
주술회전 팝업이 열리고 있는 이곳이에요
지하 2층으로 내려가시면 됩니다
사멸회유만 보면 가섬이 웅장해짐
엘리베이터를 타고 내려오셔도 되고
계단으로 지하2층까지 내려오면 됩니당
​
저희는 주말이라서 네이버 사전예약을 하고 왔어요!
입구에서 직원분이 네이버 예약 직원확인 해주시고
스탬프 지도도 받았어요
막타임에 온건데도 손님이 매우 많았뜸
메굼아 .. 누나왔어 널 보러 홍대까지
메인 캐릭터는 쵸소우, 메구미, 이타도리, 유타, 나오야에요
고죠 굿즈는 없으니 참고 바랍니당!
메인 캐릭터들의 주술 술식들
메구미꺼는 진짜 눈 뒤집고 봐도 너무 후시구로시다~
사람이 많아서 요 등신대 앞에서 한 5분 기다림
웅장스 유타는 오늘도 피곤해보이는구나
저는 후시구로 메구미와 젠인 나오야를 젤 조아합니다
아 물론 고죠도 좋아하긴 하는데
그냥 이정도면 잘생긴 남자만 좋아하는 남미새 맞아요
​
커플, 남성분들, 여성분들, 외국인, 가족단위 할 거 없이
되게 다양하게 많이 방문하셨어요
명장면 들을 이렇게 벽에 전시해 두셔서
앞에서 사진도 많이 찍었어요 야르루
요것이 바로 입장할 때 주셨던 스탬프 카드!
해당하는 스탬프 카드 모두 다 찍으시면
퇴장 시에 입장포카 특전을 주십니다!
5인 모두 다 주시니까 꼭 받아가세요 🫢
​
① 입장 시 팬딩 페이지 회원가입 및 페이지 팔로우 하기
② 라이브 메세지월 작성
③ 포토이즘 촬영
④ SNS후기 인증
⑤ 설문조사 참여 (아래 QR코드)
✅ 라이브 메세지 월 작성
​
메세지 월을 작성하면 왼쪽에 있는 스크린에
제 메세지가 둥둥 떠다녀요
저는 사심을 담아 가득 쓰고 스탬프를 하나 받았어용
✅ 포토이즘 촬영
​
포토이즘은 프레임이 2가지 였는데요
저는 메구미 + 나오야 조합이 있어서 이걸 어떻게 안찍어!!!!라고 외치며
바로 찍어줬답니다
장당 7,000원
이였어요!
​
촬영프레임 + 캐릭터프레임 총 2장이 나옵니다
안에서 야무지게 찍고 밖에 직원분 보여드리면
스탬프 찍어주시니까 꼭 챙겨가세용
그리고 큰 스크린 월에 나오는 사멸회유 에딧을 지나
굿즈존으로 넘어왔어요!
솔직히 기대는 안했는데 이번 메구미 키링이 너무 귀엽더라고요
그래서 이놈은 내가 꼭 데려가겠거늘 다짐함 ..
​
이 외의 굿즈들도 다 귀엽고 사멸회유 버전이라서 괜히 더 반갑고 그랬어요
구매 특전으로 받을 수 있는 굿즈들도 미리 볼 수 있었어요
저는 띠부씰만 노려서 나오야 띠부씰 받음 😜
바로 이것이에요 제 마음을 훔친 메굼이 키링 ..
귀여워 .. 내 에어팟에 달랑 달랑 달고다닐것이여 ..
아크릴 스탠드. 필로우 커버, 쿠션 등
귀여운 굿즈가 너무 많아서 저는 너무 힘들어요
여기가 제 방이면 얼마나 좋을까요 ? ezr
* 가챠도 구매 특전 가격에 포함 가능
​
이곳에서는 메탈 배너키링, 카라비너 등
가챠도 가능해서 원하시는 분들은 겟또 하시길 바랍니두두
이번 팝업의 구매 특전은 이렇게 구성되어 있어요
​
1만원 - 랜덤 띠부띠부 씰 5종 중 1종
3만원 - 조각 스티커 세트
5만원 - A3 키비주얼 포스터
7만원 - 랜덤 클리어 파일 5종 중 1종
10만원 - 랜덤 미니 태피스트리 5종 중 1종
​
이 외에도
포츈쿠키 쿠지도 있어서 회당 6,500원
주고 가능했어요
저는 그냥 귀여운 키링만 두개 샀답니다요
나가는 길에 있던 귀여운 아가들 ..
다 귀여워 다  .. 귀 여워 ,,, 근데 메구미 진짜 귀엽지 않나요
엄마가 되
스탬프 모두 완료 하고 직원분께 인증 후 포카도 받았어요
제일 좋아하는 두 남정네 들고 다시 사진찍기
🐶
요건 포카 5종입니다 보여들이겠습니다요
이것이 여자가 가진 권력입니다. 보이십뉘까 ?
볼것도 많고 굿즈도 귀엽고 엄청 대규모 팝업은 아니지만
있을건 다 있었던 주술회전 사멸회유 팝업!
얼마 남지않은 8월 9일 까지니까
우리 덕후 분들은 꼭 한번 방문해보시길 추천드려용
😎 🤞🏻
​
오늘도 먹치치와 함께
행복한 하루 보내십시오 ☘️
또 만나요 : - )
​
​
​
​
​
#주술회전
#주술회전사멸회유
#주술회전사멸회유팝업
#홍대팝업
#팬베이스
#홍대팬베이스
#주술회전홍대팝업
#후시구로메구미
#젠인나오야"
주술회전 팝업스토어 후기｜굿즈 포토존 솔직 리뷰,https://blog.naver.com/n2u1_2x/224365709923,주술회전 사멸회유 팝업스토어 : 서울 마포구 양화로 178-5 LC타워 별관 지하2층 ️: 2026년 07월 24일 (금) ~ 08월 09일 (일) : 매일 11:00 - 20:00 요즘 주술외전에 푹 빠져있는 여동생이랑 홍대에 있는 주술회전... ,❤️둘이서 여기저기 눈누난나❤️,https://blog.naver.com/n2u1_2x,20260802,마포구 팝업스토어,"주술회전 사멸회유 팝업스토어
🚩: 서울 마포구 양화로 178-5 LC타워 별관 지하2층
🗓️: 2026년 07월 24일 (금) ~ 08월 09일 (일)
🕛: 매일 11:00 -  20:00
요즘 주술외전에 푹 빠져있는 여동생이랑
홍대에 있는 주술회전 팝업스토어에 다녀왔어요.
​
2~3주밖에 안하는 팝업스토어라서
오픈하자마자 가고 싶었는데 제가 개인 일정이
생겨서 한주 늦게 방문을 하게 되었어요!
사전예약 & 웨이팅
네이버에서 사전예약을 하고 방문을 했어요.
시간대를 골라 예약할 수 있어서 가장 무난한 13시로
예약을 했는데, 주말에는 사전예약만 받고 있다고 해요.
​
다행히도 시간도, 날짜도 있어서 무탈하게
예약을 하고 방문을 할 수 있었어요.
사전예약을 했더라도 현장에서 약간의 웨이팅이 있었어요.
지하 2층에서 웨이팅을 하는거다보니
덥지 않아서 좋았고, 한 번에 여러명을 들여보내지 않고,
입장문 바로 앞에 있는 포토존쪽에서 약간의
여유를 두고 입장을 할 수 있도록 해서
여유롭게 사진을 찍고 입장을 할 수 있어서 참 좋았어요.
​
주술회전 팝업스토어를 방문하면
도장을 받을 수 있는데 총 5개의 도장을 받으면
주술회전 굿즈 카드를 받을 수 있었다고 해요.
​
아쉽게도 저희가 방문을 했을 때는 굿즈 카드가
소진되어 받지 못해 너무 아쉬웠어요...ㅠㅠ
팝업스토어 입장
주술회전 팝업스토어에 입장을 하면
왼쪽으로 포토존이 있었어요.
동생의 최애는 유타라고 얘기를 해줬는데,
신나서 사진을 왕창 찍더라구요.
반대쪽에는 지금까지의 줄거리 중
임펙트가 강한 장면들이 나열된 듯 보였어요
​
주술회전을 잘 모르는 저도 점점 관심이 갈 정도로
캐릭터들이 매력있어 보였어요.
스탬프 미션
MISSION.1 라이브 메세지 작성하기
​
​
커다란 메세지 창 오른편에 메세지를 쓸 수 있는
태블릿이 있어서 자유롭게 작성이 가능했어요.
​
작성을 한 후 직원분께 가면 도장을 찍어주셨어요.
MISSION.2 포토이즘 네컷 사진 찍기
​
메세지를 적는 공간과 함께 위치한 포토이즘
7,000원에 촬영을 할 수 있었어요.
​
각 캐릭터들과 찍을 수 있어서 인기가 많았던 공간이에요.
포토이즘 부스 앞에 있는 쿠션도 이용해서
촬영이 가능하다고 해서 들고 들어가서
귀엽게 촬영을 할 수 있었어요.
​
촬영을 하면 사진은 네컷사진과
캐릭터들이 나오는 세컷사진이 각 1장씩 나왔어요.
다음 공간은 미션을 하는 공간은 아니었지만
주술회전의 주요 줄거리를 볼 수 있었던 공간이에요.
​
커다란 화면으로 보다보니 몰입도 되고
거울이 있어서 함께 사진을 찍기에도 좋았어요.
MISSION.3 SNS 후기 작성하기
​
​
3번째 미션은 sns에 방문한 주술회전의
사진과 내용을 바탕으로 후기를 작성하면 도장을 받을 수 있었어요.
​
대부분의 사람들은 뽑은 굿즈들로
후기를 작성하는 것 같았어요.
MISSION.4 설문조사 참여하기
​
​
오늘 팝업스토어를 바탕으로 설문조사를 완료하면
또 귀여운 도장을 받을 수 있었어요.
​
MISSION.5 회원가입 & 팔로우하기
​
5번째 미션은 맨 처음에 해도 되지만
포토카드를 받을 수 없다고 해서 스킵하고 시작했네요!
굿즈샵
마지막으로 있는 공간은 굿즈샵이었어요.
열쇠고리부터 쿠션, 가방, 포스터 등 다양한 굿즈들이
있어서 구경하는 재미가 있었던 공간이에요.
동생이 제일하고 싶어했던 돌려돌려 돌려 가챠!
유타를 꼭 뽑고 싶다며 여러번 도전을 했어요!
처음에는 원하는 캐릭터가 안나왔지만
옆에 분이 혹시 바꿔주실 수 있냐는 얘기에
신나서 유타도 겟!!
그렇게 원하는 유타 굿즈들을 한껏 모을 수 있었어요.
가챠 뽑기를 하면 그 가격만큼 사은품을 받을 수 있어서
꼭 가챠 뽑기를 한 후 안에 들어있는 종이도 챙겨주셔야해요.
저희는 3만원 딱 맞춰 구매를 해서 선물로
주술회전 캐릭터 스티커를 받았어요.
​
구매권에 따라 선물이 달라지니 확인해보시기를 바라요.
여동생이 포춘쿠키도 하고 싶어했는데,
아쉽게도 이것도 품절이라서 못했어요!
인기가 많은 주술회전 팝업스토어라서 그런지
굿즈나 선물들이 빠르게 품절이 되어서 아쉬움이
많이 남았던 것 같아요.
​
그래도 원하는 굿즈들을 뽑아서 만족스러웠네요!
주술회전 사멸회유 팝업스토어
서울특별시 마포구 양화로 178-5 LC타워 별관 지하2층"
[홍대] 감도 높은 대형 소품샵 '오브젝트' 최고심 팝업 스토어 방문 ....,https://blog.naver.com/k_m_n/224365646854,서울 마포구 와우산로35길 13  02-3144-7738 ️ 매일 11:00 - 21:00 친구가 최고심 팝업 스토어 꼭 보러 가고 싶다고 해서 홍대 소품샵으로 유명한 오브젝트에 다녀왔다! 홍대입구역 6번 출구에서 매우 가까운 오브젝트... ,日常,https://blog.naver.com/k_m_n,20260802,마포구 팝업스토어,"오브젝트 서교점
서울특별시 마포구 와우산로35길 13
📍
서울 마포구 와우산로35길 13
📞
02-3144-7738
🕰️ 매일 11:00 - 21:00
친구가 최고심 팝업 스토어
꼭 보러 가고 싶다고 해서
홍대 소품샵으로 유명한
오브젝트
에 다녀왔다!
​
홍대입구역 6번 출구에서
매우 가까운 오브젝트
​
이날 날씨가 너무 더웠음...
이렇게 더운 날에는 계속 돌아다니기도 힘들고
할 것도 없고 하니 소품샵 구경이 딱이다
​
홍대 오브젝트는
무려
4층까지 있는 대형 소품샵
이렇게 큰 소품샵은 오랜만에 와보네ㄷㄷ
1층 들어가자마자 보이는 느좋 상품들
​
​
나도 이런 미니 액자 집에 걸어두고 싶다ㅜㅜ
​
​
이 시계는 집들이 선물로 주기에도
너무 좋아 보였음!!!!
​
​
각종 스티커, 노트, 키링, 초 등
여러 가지 소품을 판매 중인 오브젝트
마냥 귀여운 것만 있지도 않고
여러 가지 취향의 소품들이 있어서
구경하는 재미가 쏠쏠했다
​
​
할매할배 리무버블 스티커
ㅋㅋㅋㅋㅋㅋㅋㅋㅋㅋㅋㅋㅋㅋ
할무니 할부지들이 직접 쓰셨나?
​
​
진짜 띵언들만 있어서
구매욕 상승ㅋ
​
참지 말자구
건강이 재산이다
생각 없이 살면 속은 편하겠네
속이 불편하면 방구가 나오는 것이야
?
​
ㅋㅋㅋㅋㅋㅋㅋㅋㅋㅋㅋㅋㅋ
ㅋㅋㅋㅋㅋㅋㅋㅋ
​
​
알록달록 귀여운 양초?도 있고
처음 보는 신기한 소품들에 눈이 돌아갔다
​
이 귀여운 건 또 뭐지,,
일러스트로 잔뜩 꾸며놓았다
​
​
컵받침인가?
네잎클로버 모양이 귀여워서 찍어봤다
​
​
친구가 보고 싶다고 했던
최고심 팝업스토어는 3층에 있었다!
생각보다 상품이 엄~청 많지는 않았지만
​
뱃지, 키링, 카드, 거울 같은
작은 소품들이 많았고
​
그중에서도 부적 카드가
신박하고 귀여웠음ㅋ
ㅋㅋㅋㅋㅋㅋㅋㅋㅋㅋㅋㅋㅋ
​
​
이런 거 친구들 선물해 주면 좋아할 듯
ㅋㅋㅋㅋㅋㅋㅋㅋㅋㅋㅋㅋㅋㅋㅋㅋㅋㅋ
​
​
좋은 사람 만나는 부적
다들 하나씩 가져가유🍀
​
​
올라가는 계단마다
일러스트로 꾸며놓은 것도 귀엽잔항..
모든 공간이 느좋 그 자체인 이 소품샵...
​
​
창문마저 예뻐요...
그래서 그런지 사람들이 꽤 많았고
외국인들도 많이 방문했다!
​
​
반지나 액세서리도 판매 중!!
내 손가락에 맞는 사이즈는 많이 없는데
오브젝트에는 있었다ㅎㅎ
​
​
나만의 키링 만들기
하나씩 조합해 보는 재미가 있었긔
하지만 스트랩?이
죄금 밤티라 사지는 않았다
​
​
그리고 눈 돌아간 내 친구ㅋ
ㅋㅋㅋㅋㅋㅋㅋㅋㅋㅋㅋㅋㅋㅋㅋㅋ
​
​
이땅궁이 사줬다>< 고마워
걱정은 내일로 미뤄볼게
​"
AK플라자 홍대 귀멸의 칼날 팝업스토어｜굿즈 종류와 방문 후기,https://blog.naver.com/kyungkku14/224364769985,"홍대에 방문했다가 AK플라자 홍대 귀멸의 칼날 팝업스토어를 구경하고 왔어요~ 팝업스토어 정보 위치 서울 마포구 양화로 188 일정 26.07.07 ~ 26.08.02 ⏰️ 운영시간 월~금 11:00~22:00 토,일 10:30~22:00 ☎️ 전화... ",양념나라 맵시공주,https://blog.naver.com/kyungkku14,20260801,마포구 팝업스토어,"홍대에 방문했다가 AK플라자 홍대 귀멸의 칼날 팝업스토어를 구경하고 왔어요~
​
팝업스토어 정보
📍
위치
서울 마포구 양화로 188
🗓
일정
26.07.07 ~ 26.08.02
⏰️
운영시간
월~금 11:00~22:00
토,일 10:30~22:00
☎️
전화
02-789-9800
​
귀멸의 칼날 팬이라면 꼭 가야할 다양한 귀멸의 칼날 굿즈와 캐릭터 전시 공간!
홍대 AK플라자 4층에 있어요
​
​
귀멸의칼날 무한성편 팝업이에요~
귀멸의 칼날 MD LIST
포토카드, 캔뱃지, 아크릴 스탠드, 키링 등
​
가격대는 4,000원 ~ 50,000원 사이정도임다
​
구매 특전 혜택, 수량제한
구매자 전원 눈가림 부적 스티커
3만원당 랜덤 무비 티켓 증정
​
예약상품 수령은 카운터로 바로 고고!
​
수량제한은
키캡 세트는 1인 2개
랜덤 코스튬, 일륜도 키링 1인 11개
입니다
​
Previous image
Next image
귀멸의 칼날 굿즈 전체 떼샷
​
굿즈 종류
Previous image
Next image
Previous image
Next image
Previous image
Next image
귀멸의 칼날 팝업스토어에는 다양한 캐릭터 상품들이 준비되어있어옹
​
탄지로, 네즈코, 젠이츠, 이노스케와 기유, 시노부 등 귀살대 캐릭터부터 상현 아카자, 무잔까지 만나볼 수 있슴다
​
귀멸의 칼날 포토존도 많아용
방문 인증 사진 무조건 갈겨야함
​
AK플라자 홍대 귀멸의 칼날 팝업스토어 방문은 귀멸의 칼날 팬분들은 가서 구경하기 딱좋아용
​
다양한 귀멸의 칼날 굿즈 종류를 직접 보니까 구매결정하기 더 좋을거같아요
​
AK PLAZA 홍대
서울특별시 마포구 양화로 188
홍대에서 특별한 볼거리를 찾고 있거나 애니메이션 굿즈를 좋아한다면 구경해보세요!"
[서울]주술회전 사멸회유 팝업스토어 방문후기(스탬프랠리 도장받....,https://blog.naver.com/xverryx/224364373370,(방문일시 26.07.31) 기대하고 고대하던 주술회전 사멸회유 팝업스토어 방문기 시작합니다~~~!! 위치 서울특별시 마포구 양화로 178-5 LC타워 별관 지하2층 기간 07월 24일 금요일 - 08월 09일 일요일까지 특전... ,하꼬 블로거,https://blog.naver.com/xverryx,20260801,마포구 팝업스토어,"(방문일시 26.07.31)
주술회전 사멸회유 팝업스토어
서울특별시 마포구 양화로 178-5 LC타워 별관 지하2층
기대하고 고대하던 주술회전 사멸회유 팝업스토어 방문기 시작합니다~~~!!
위치
​
서울특별시 마포구 양화로 178-5 LC타워 별관 지하2층
​
​
기간
​
07월 24일 금요일 - 08월 09일 일요일까지
​
​
특전
​
스탬프랠리 특전(랜덤 포토카드 5종) 無
1만원 특전(랜덤 띠부띠부씰 5종) 無
​
3만원 특전(조각 스티커 세트) 有
5만원 특전(A3 키비주얼 포스터) 有
7만원 특전(랜덤 클리어 파일 5종) 有
10만원 특전(랜덤 미니 태피스트리 5종) 有
​
팝업시작한 지 일주일 정도된지라 스탬프랠리 특전이 다 나갔나봐요,,,,,ㅠㅠㅠㅠㅠ
​
주술회전 사멸회유 팝업스토어 예약 링크⬇️⬇️⬇️
네이버 예약 :: 팝업스토어 입장권
줄 서지 않는 편리한 생활의 시작
m.booking.naver.com
​
​
​
라신반 아래층에 있어요.
제일 아래층! 지하 2층입니다.
​
​
입장
팔로우 -> 스탬프랠리 1번째 도장
입장하면 스탬프랠리 종이를 배부해주십니다.
미리 팔로우해가시면 바로 도장받을 수 있습니다.
​
지하 2층이라 데이터 매우 엄청 느리니 먼저 해가시는 걸 추천드려요.
​
팔로우 -> 유지 도장
팔로우 페이지 링크 ⬇️⬇️⬇️
주술회전 사멸회유 팝업스토어 | 팬딩
한국 공식 팝업스토어 페이지
fanding.kr
우측 상단 팔로우 버튼 누르시고 직원분 보여주시고 입장하면 바로 도장받고 관람할 수 있습니다.
​
​
​
​
팝업내부 전시
잘생이 5인방.
​
​
쵸소우랑 메구미를 가까이서 못찍었네요..ㅠ
유타... 마키랑 행복해라..
​
혼자오셔도 직원분이 사진 찍어주십니다~
친절하심,,
​
​
​
​
메세지 작성존
(스탬프랠리 2번째 도장)
유타 순애 탈락.
너어는 리카두고 재혼행이면서 순애를 논하지말거라.....
​
메세지 적으시고 직원분께 확인페이지 보여주시면 도장찍어주셔요.
​
도장... 팔아주시지 ㅠㅠㅜ
엄청 탐났어요.
​
​
메세지 작성 -> 메구미 도장
​
​
​
포토이즘 7,000원
(스탬프랠리 3번째 도장)
앞에 있는 인형 골라서 찍을수도 있어요.
유지, 메구미, 유타 있습니다.
포토이즘 사진 안찍고 인쇄만 할 수 있답니다~
종류는 4가지 있습니다.
​
포토이즘도 찍고 나오면 유타 도장찍어주십니다!
​
​
​
팝업스토어
1만원당 특전도 떨어져서 그냥 가볍게 3만원만 샀습니다^^......
​
​
​
품절 현황은 링크 참고부탁드립니다.
주술회전 사멸회유 전편 POP-UP STORE MD 재고 | Notion
Hosted by Notion Sites — The easiest way to get a website up and running.
fanding.notion.site
​
​
​
특전
충격.....아놔...말도 안돼.........특전 내놔ㅠㅠ
맨날 늦게 갔다가 이런 상황을......
​
팝업 가실분들은 참고해주세요.
​
포춘쿠키(쿠지)는 뽑을때 뭐가 나오든 직원분들이 엄청난 텐션으로 축하해주십니다.
완전 내성인으로서 부담스러웠...ㅠㅜㅋㅋㅋ
​
​
​
​
스탬프랠리 4, 5번째 도장
설문조사 링크 ⬇️⬇️⬇️
주술회전 사멸회유 POP-UP
여러분의 소중한 의견을 들려주세요!
smore.im
스탬프랠리에 있는 큐알로 설문조사랑 트위터에 sns 업로드(
#주술회전
#사멸회유
#팬베이스
태그해서 게시)하시면 계산대쪽에서 나머지 2개찍어주십니다.
​
설문조사 -> 나오야 도장
sns 업로드 -> 쵸소우 도장
​
​
토벌 목록
나오야 도장 번졌다...ㅠ
그래도 다른건 안번져서 다행입니다,,
가져가실때 도장 잘 말리고 넣어가세요.
6,500원 주고 한 쿠지가 1,000원이 되는 마법..!
슬프네요........
​
팝업기간에 가서 쿠폰 보여주면 1,000원 할인해준답니다...
아마 안갈듯.....ㅠ
​
​
​
​
3만원 특전 스티커 세트
3만원 특전 전신 스티커 세트
1. 이타도리 유지
2. 옷코츠 유타
3. 쵸소우
4. 후시구로 메구미
5. 젠인 나오야
총 5장 들어있습니다.
​
​
스틸컷 스티커 세트
12,000원
​
옷코츠 네임택
8,000원
​
말랑 핀버튼 젠인 나오야
7,500원
​
박스 테이프
7,000원
​
포춘쿠키
6,500원
포춘쿠키안에 캐릭터별로 대사가 적혀있어요!
저는 유타 하나, 메구미 2개 나왔습니다.
​
​
​
마치며..
띠부씰이랑 포토카드는 비록 다떨어져서 못받았지만 스탬프랠리는 다 채웠어요. (아쉽..)
​
도장 팔아주시면 안될까요....?!!!!!
직접 나무 조각해서 자급자족해야하나.....ㅠ"
[서울 홍대]틴틴팅클 모펀 콜라보 카페&amp;팝업스토어 첫날 방문 후기,https://blog.naver.com/xverryx/224364048920,"위치 서울특별시 마포구 양화로 188 AK PLAZA 5층 기간 07월 31일 금요일 - 08월 23일 일요일까지 특전... 판넬 탐난다 ㅠㅠ 갖고 싶었어요.., 굿즈존 (팝업스토어) 저 캔뱃지가 정말 실물이 진짜 귀여워요!!... ",하꼬 블로거,https://blog.naver.com/xverryx,20260731,마포구 팝업스토어,"모펀 AK PLAZA 홍대점
서울특별시 마포구 양화로 188 AK PLAZA 5층
위치
​
서울특별시 마포구 양화로 188 AK PLAZA 5층
​
​
기간
​
07월 31일 금요일 - 08월 23일 일요일까지
​
​
특전
​
1만원당 증명사진 스티커 1장 증정
​
​
​
굿즈 정보
더 자세한 굿즈 정보는 여기를 참고해주세요!
⬇️⬇️⬇️
[서울 홍대]틴틴팅클 모펀 콜라보 카페 & 팝업스토어 정보(예약 링크, 특전, 메뉴)
7월 31일 금요일부터 8월 23일 일요일까지 한다고합니다! 예약 링크 예약 링크 ⬇️⬇️⬇️ 콜라보카페 정...
m.blog.naver.com
​
​
외관
와!!! 너무 귀여워요 ㅠㅠ
카페 유니폼입은 틴틴, 팅클, 콩물, 베리라니!!!
인형으로도 나왔으면 좋겠다는 바램이...드네요.
​
​
​
​
내부 판넬
카페옷 컨셉 인형도 나오면 너무 귀여울 거 같아요.. 판넬 탐난다 ㅠㅠ 갖고 싶었어요..,
​
​
​
굿즈존
(팝업스토어)
저 캔뱃지가 정말 실물이 진짜 귀여워요!!
보들거리고 귀엽습니다.
​
쉐이커 키링도 실물이 훨씬 이쁘구요!
뒷면에는 각 캐릭터의 설명이 짤막하게 적혀있었어요.
​
​
메세지존
메세지를 적으면 작가님께 전달된다고 해서 나름 그림도 그리고 메세지도 적어보았습니다.
​
작가님 귀여운 만화 항상 감사합니다!😊
​
영수증에도 귀여운 고양이들의 스윗 카페에 초대한다는 게 적혀있어요.. 너무 귀여웠네요.
​
랜덤 말랑 핀버튼! 개당 5,000원에 귀엽고 푹신하고 보들뷰들한 뱃지를 얻을 수 있답니다.
​
​
​
메뉴
​
해변 끝에서 만난 소라빵 9,000원
​
반짝이는 여름의 추억 바다 파르페 10,000원
여름 바캉스 멜론소다 7,000원
해변 끝에서 만난 소라빵은 앞에 마카롱 꼬끄가 붙어있고 안에는 초코크림이 들어있었습니다.
​
이것만 먹으면 퍽퍽할 수 있어서 음료랑 같이 드시는 걸 추천드려요.
​
반짝이는 여름의 추억 바다 파르페는 바닐라 아이스크림, 파란젤리(개인적으로 봉봉 음료맛이 생각났어요), 블루베리, 라즈베리, 사고펄, 생크림, 설탕반죽 데코, 딸기잼 정도 들어있었어요.
​
베리랑 건배~~
멜론소다는 스탠다드한 맛이었어요. 시원 달달!
바닐라 아이스크림은 파르페에서 쓴 거랑 같은 걸 쓰는 거 같았습니다.
맛이 똑같았어요 ㅋㅋ
​
야무지게 다 비우고 나왔습니다.
​
​
​
지류 특전
(증명사진 스티커)
1만원당 1장
파르페랑 초코소라빵 먹으니까 중간에 스티커 두개를 받을 수 있었고요!
​
예약금액 포함 4만원 좀 넘게 나와서 특전 스티커 4장 받았습니다.
일행이랑 나눠가졌어요.
(Tmi | 팅클, 베리 / 콩물, 미니로 나눴어요)
​
​
​
콩물이 인형탈 이벤트
오후 3시부터 진행되는 콩물이 인형탈 이벤트!!
귀여운 콩물이 탈이 모펀 카페 옆에서 돌아다녀요ㅠㅜㅜ!
​
다들 찍으면서 귀엽다고 하셨어요 ㅋㅋㅋ
콩물이 팬서비스도 충실..! 사진찍으러 옆으로 가면 살짝 몸을 기울여준답니다. 대박!!
​
혼자 가셔도 옆에 계신 직원분이 사진 찍어주시기 때문에 괜찮을 거 같습니다.
​
​
​
으악 이거 찍은 시간대에
작가님도 다녀가신 거 같았어요...
작가님....제가 많이 애정합니다......
아프지마시고 부디 오래 연재해주세요..
​
​
​
​
​
​
​
​
난 작가님 인스타그램 ⬇️⬇️⬇️
난 𝑵𝑨𝑵(@tttk_nan) • Instagram 사진 및 동영상
팔로워 162K명, 팔로잉 484명, 게시물 853개 - 난 𝑵𝑨𝑵(@tttk_nan)님의 Instagram 사진 및 동영상 보기
www.instagram.com
​
​
난 작가님 트위터(현 X) ⬇️⬇️⬇️
X의 난 NAN님(@tttk_nan)
인스타 @tttk_nan ★스토어 https://t.co/0PIHPaTkhh 💌iluv_89@naver.com🍁 책:틴틴팅클1,2권,오늘도 언제나 틴틴팅클,2024년 틴틴팅클 애착일력
x.com
​
​
모펀 인스타그램 ⬇️⬇️⬇️
MOFUN(@mofun_official) • Instagram 사진 및 동영상
팔로워 5,365명, 팔로잉 3명, 게시물 67개 - MOFUN(@mofun_official)님의 Instagram 사진 및 동영상 보기
www.instagram.com
​
​
모펀 트위터 ⬇️⬇️⬇️
X의 모펀카페 AK PLAZA 홍대점님(@mofun_collabo1)
모펀 K-콜라보레이션 카페 AK PLAZA 홍대점 관련 정보를 전달합니다. / 홍대역 4번출구앞 / 서울시 마포구 양화로 188 AK PLAZA 홍대 5층 / 연중무휴 / 문의 cs@mofun.co.kr (* DM문의는 받지 않습니다.)
x.com"
[홍대 팝업] 주술회전 사멸회유 팝업스토어 솔직후기 무료입장 포토....,https://blog.naver.com/minjjok_/224363686742,오늘은 홍대 주술회전 사멸회유 팝업스토어 다녀오다. 위치 : 서울특별시 마포구 양화로 178-5 LC타워 별관. 지하 2층 ( 라신반 건물 ) 팝업 기간 : 26.07.24(금)~26.08.09(일) 운영 시간 : 11:00~20:00 매일 무료입장 월~목... ,민쪽이네,https://blog.naver.com/minjjok_,20260731,마포구 팝업스토어,"오늘은 홍대 주술회전 사멸회유 팝업스토어 다녀오다.
주술회전 사멸회유 팝업스토어
서울특별시 마포구 양화로 178-5 LC타워 별관 지하2층
위치 : 서울특별시 마포구 양화로 178-5 LC타워 별관.      지하 2층 ( 라신반 건물 )
팝업 기간 :
26.07.24(금)~26.08.09(일)
운영 시간 :
11:00~20:00 매일
무료입장
월~목 - 현장대기입장
금.토.일 - 사전예약입장
​
주술회전 사멸회유 팝업스토어는 LC 타워 별관 지하 2층에 위치해 있습니다. 라신반 아래에 있습니다.
​
평일 오후 4시쯤 방문했는데 웨이팅 없이 입장 가능했고 입구에서 직원분께서 스탬프 랠리에 필요한 미니포스터를 주신다!! 5가지의 미션 수행을 완료하면
포토카드 5장 !!!
​
​
팝업 내부가 주술회전 애니 장면으로 멋지게
꾸며져 있었습니다.
​
​
사멸회유 팝업스토어 주인공 5인 표식 !!!
​
스탬프
​
스탬프 미션은 총 5가지
1. 회원가입 및 팔로우
2. 라이브 메시지 작성
3. 포토이즘 촬영 ( 7,000원 )
4. 설문조사 참여
5. sns 후기 인증 ( 태그 포함 )
미션이 누구나 쉽게 할 수 있어서 좋았습니다!
사멸회유 주인공들 도장 찍어주심..너무 귀엽죠?!
​
​
라이브 메세지 !!
거치된 태블릿에 쓰고 싶은 메시지를 쓰고 사진으로 인증하면 미션 성공!!
​
​
포토이즘에서 사진 찍기 !
한 장에 7,000원이고 사멸회유 주인공 3인방과 함께 찍을 수 있습니다!!
​
4가지 종류가 있으니 골라서 찍으시면 됩니다1
​
​
모찌 인형도 들고 들어가서 같이 찍을 수 있고요!
​
​
이제 애니메이션 영상 보러 고고씽!
​
​
여러 장면이 많이 나와요!!
어두운 곳에서 보는 거라 영화관 온 느낌
​
​
유타 : 순애다..
리카 : 유타아아아아아아!!
​
​
영상관을 나오면 팝업 굿즈 판매하는 곳이 나옵니다.
​
​
모찌 인형 ( 45,000원 ) 도 있고
​
​
아크릴 스탠드, 네임택, 박스테이프, 캔뱃지 등등
가격도 나쁘지 않은 듯 퀄리티도 굿!!
네임택이 엄청 귀엽게 나왔더라고요.
근데 쵸소우 상품은 다 품절인 듯...
​
​
이거 하시는 거 추천!!
포춘쿠키 경품 이벤트 - 6,500원
통 안에 손 넣어서 종이 뽑기 해서 랜덤으로 경품 뽑기하는건데 상품이 잘 나오더라고요!!
품절된 쵸소우 굿즈 상품도 나올 수 있다고 합니다!!
​
​
가챠기계 3종 !!
​
​
sns 인증 미션까지 완료해주고!!
​
​
포토존에서 사진도 찍어주고!!
​
​
총 5가지 스탬프 완료하면 포토카드 5장 !!
유지. 유타. 쵸소우. 메구미. 나오야
멋있죠!?
​
​
< 주술회전 사멸회유 팝업 후기 >
무료입장인데도 너무 잘 꾸며져 있었습니다.
스탬프 랠리가 있는 팝업은 대부분 만족했던 거 같습니다. 누구나 쉽게 할 수 있는 미션이라 즐기기 좋았던 거 같습니다!!
굿즈 상품도 이쁘게 잘 나온 거 같고 가격도 착하고!!
포춘쿠키 경품 이벤트도 좋았고 주술회전 좋아하시는
분들은 방문 추천 !!!
그럼 이만!!
< T1 암행천문 팝업 스탬프 랠리 >
< 성수 팝업 > T1 암행천문:별을 헤다 팝업스토어 구경 가기 !! 무료 입장( 07.13 )
오늘은 성수역에 있는 T1 암행천문 : 별을 헤다 다녀왔습니다 ! 뚝섬역 5번 출구에서 400m 정도 가면. T1...
blog.naver.com
​
​
​"
"온앤오프 ONF 9주년 기념 팝업스토어 [Our Lights, FUSE] 카페 MD 리스트 이....",https://blog.naver.com/travel0202/224363704525,"그룹 온앤오프가 데뷔 9주년을 맞이하여 카페 겸 팝업스토어를 연다고 합니다 ~ 타이틀은 [Our Lights, FUSE] 일정 운영 장소 : 서울 마포구 독막로9길 30 사운드웨이브 1층 운영 기간 : 2026년 8월 1일 토요일... ",일상기록지,https://blog.naver.com/travel0202,20260731,마포구 팝업스토어,"그룹 온앤오프가 데뷔 9주년을 맞이하여
카페 겸 팝업스토어를 연다고 합니다 ~
​
타이틀은
[
Our Lights, FUSE]
일정
운영 장소 : 서울 마포구 독막로9길 30 사운드웨이브 1층
운영 기간 : 2026년 8월 1일 토요일 ~ 8월 5일 수요일
운영 시간 : 매일 10:00 ~ 20:00
사운드웨이브 본사
서울특별시 마포구 독막로9길 30 1,2,3,4층
​
​
​
​
​
​
​
​
​
입장 안내
* 사전 예약 없이 현장에 방문하여 대기 시스템 등록 후 순차적으로 입장이 가능합니다.
* 오픈 전 대리 인원이 있을 경우 9:30 ~ 부터 입장 대기를 위한 시스템 사전 등록이 진행되며, 순차적으로 입장이 진행됩니다. (사전 대기 등록 자옷 : 사운드웨이브 1층 입구)
* 현장 대기 예약 진행 시 PLVE 어플을 통해 현장 웨이팅 등록 부탁드리며, 입장 대기 등록을 하시면 입장이 가능한 시간에 푸시 메시지 또는 이메일을 통한 입장 호출 안내를 드릴 예정입니다.
* 웨이팅 시스템은 팝업 장소 기준 반경 1km 이내에서 등록 가능합니다.
* 입장 알림을 받으시면 매장 입장 대기줄에서 대기해 주세요.
* 알림 수신 후 20분 이상 경과 시 대기 예약이 자동 취소됩니다.
* 현장 상황에 따라 입장 대기 예약이 조기 마감될 수 있습니다.
* 대기 인원 호출이 완료되면 자율 이밪ㅇ으로 전환될 수 있습니다.
* 카페 내부 이용 시, 1인 1메뉴 필수이며 이용 시간은 1시간으로 제한됩니다.
* 카페 메뉴 take-out은 카페 이용과 별개로 자유롭게 이용 가능합니다.
​
​
​
​
​
​
​
​
카페메뉴
* 현장 내 안전을 위해 CCTV가 작동 중입니다.
* 쾌적한 관람을 위해 팝업 카페 내 외부 음식물 반입을 금지합니다.
* 카페 내부 이용 시, 1인 1메뉴 필수이며 이용 시간은 1시간으로 제한됩니다.
* 카페 메뉴 TAKE-OUT은 카페 이용과 별개로 자유롭게 이용 가능합니다.
* 메뉴 및 특전은 한정 수량으로 조기 소진될 수 있습니다.
* 디저트 메뉴는 소진 시 다른 제품으로 대체될 수 있습니다.
​
​
​
​
​
​
​
MD 리스트
​
​
​
​
​
​
​
​
이벤트
[카페 EVENT]
카페 세트메뉴 구매 시
미공개 포토카드 <케이크ver.> 6종 중 1종 랜덤 증정
​
​
[MERCH EVENT]
MERCH 금액 5만 원당
미공개 포토카드 <하트스티커ver.> 6종 중 1종 랜덤 증정
​
​
[9주년 EVENT]
9주년 당일에 방문하여 MERCH 또는 CAFE SET MENU 구매 시
미공개 포토카드 <컨페티 ver.> 6종 중 1종 랜덤 증정
벌써 9주년이라니 ~
앞으로 10주년 15주년 더욱더 잘 됐으면 좋겠네요 !!
​
​
​
​
​
​
​
#온앤오프
#ONF
#온앤오프팝업
#온앤오프카페
#온앤오프9주년
#온앤오프9주년팝업"
"명탐정 코난 추리게임 팝업스토어 스포 없는 솔직 후기 (예약, 웨이....",https://blog.naver.com/ge_6618/224360631613,"명탐정 코난 추리게임 팝업 &lt;할로윈의 웨딩 미스터리&gt;  위치 : 서울 마포구 홍익로2길 7 지하1층  기간 : 2026년 7월 17일 ~ 2026년 8월 30일  가격 : 인당 35,000 원 ⏱️플레이 타임 : 총 2시간 ️ 특이 사항 : 6인 1팀... ",일상 기록 블로그,https://blog.naver.com/ge_6618,20260728,마포구 팝업스토어,"​
명탐정 코난 추리게임 팝업
서울특별시 마포구 홍익로2길 7 B1층
명탐정 코난 추리게임 팝업
<할로윈의 웨딩 미스터리>
​
📍 위치 : 서울 마포구 홍익로2길 7 지하1층
📅 기간 : 2026년 7월 17일 ~ 2026년 8월 30일
💰 가격 : 인당 35,000 원
⏱️플레이 타임 : 총 2시간
​
🕵️ 특이 사항 : 6인 1팀 진행 (함께 예약해야 같은 팀 가능)
🅿️ 주차 : 불가 (주변 공영 주차장 이용)
🎫 예약 : 네이버 예약
네이버지도
명탐정 코난 추리게임 팝업
naver.me
​
​
​
🕵🏻
추리 게임 운영 방식
<명탐정 코난: 할로윈의 웨딩 미스터리>는
6인이 한 팀을 이루어 진행되는 게임입니다
​
​
​
​
스포 없는 요약 후기 : 그냥 그랬음
​
​
아쉬운 이유는 인당 3.5만원
둘이 7만원으로 차라리 다른 걸 하겠다.
​
여러 후기에서도 보았듯 공간 이동 전혀 없고
넓은 공간에 60명 정도 (예약할 때 보이는 예매 가능 수)
를 한 공간에 다 욱여 앉아넣고 진행하는데
그만한 값어치를 하는지 잘 모르겠음 ...
​
도대체 중간에 누가 돈을 많이 가져가는지
너무 궁금해짐 ㅜㅋㅋㅋㅋㅋㅋ
​
(굳이굳이 이런 거 안 좋아하지만..
1인 3.5만원 x 60명 = 210만원이고
하루에 4타임 있으니 만석 기준 하루 840만원)
​
워낙 추천 후기가 많으니
그냥 솔직하게 이런 그냥그런 후기도 있음 머
참고나 되지 않을까 싶어서
​
걍 쓰지말까 몇번을 고민하다 써봄
​
스페셜 티켓 / 일반 티켓 차이도
딱히 없어보이고 돈 더 쥐어주면 그냥 역할 생기는?
​
초/중/고 및 20대 초반 정도이고
이런 비슷한 류의 팝업이나 방탈출을
안 해본 사람이라면 재밌을 것 같음
​
​
예약시간의 10~15분 전까지
도착 추천
이것도 후기에서 많이 봤는데
미리 앉아서 파악해둬야 좋음
​
시작하면 뭔가 정신이 하나도 없음
사람도 많고 진행자도 계시고
관찰력도 필요함 ㅠㅠ
테이블마다 협력이 필요한 팀플레이이고
일행끼리 같은 테이블로 배치해주심
​
그리고
혼자 가는 건 절대절대 비추
꼭 친구 최소 둘이서 가기
​
누구라도 함께 친해질 수 있다면 상관없겠지만
내가 내향형 인간에 주먹받는 것도 싫어하고
만약 6인 테이블에 2인/3인 그리고 나혼자 1인이다?
그냥 남들 추리하는 거 지켜보다 끝날 거 가틈ㅠ
​
추리 난이도 자체는 완성도가 높아서
고인물이 풀기에도 충분히 재밌을 수 있지만
전체적으로 재밌었냐? 돈 안 아깝냐? 한다면
​
조금 돈 아까웠다.
​
​
합정역 근처 카페
후기가 궁금하다면
[홍대/합정] 카페 파트투 합정역 1번출구 20초 컷 신상카페 방문 후기
카페 파트투 📍위치 : 서울 마포구 양화로 57 2층 ⏰시간 : 평일 10시~20시 / 주말 21시까지 (매주 수요...
blog.naver.com
​"
주술회전 사멸회유 팝업스토어 굿즈 사은품 [홍대 팝업],https://blog.naver.com/big0339/224359780045,"홍대 주술회전 사멸회유 팝업스토어 위치 : 서울 마포구 양화로 178-5 LC 타워 별관 지하 2층 기간 : 2026.07.24 ~ 2026.08.24 시간 : 평일 11:00 ~ 20:00 예약 필수, 노쇼가 생긴다면 현장 예매 가능합니다. #주술회전... ",오늘기록 TO DO,https://blog.naver.com/big0339,20260727,마포구 팝업스토어,"팝업의 천국 홍대에서
추가로 진행하는 팝업이 있어서 다녀왔어요.
​
홍대에 가면 즐거운 것도 보고
맛있는 것도 먹기 딱 좋아요
데이트로도 추천합니다.
​
홍대 팝업 주술회전 사멸회유 팝업 스토어
굿즈까지 싹 찾아왔어요.
​
홍대 주술회전 사멸회유 팝업스토어
📌위치 : 서울 마포구 양화로 178-5 LC 타워 별관 지하 2층
📌기간 : 2026.07.24 ~ 2026.08.24
📌시간 : 평일 11:00 ~ 20:00
​
📌예약 필수, 노쇼가 생긴다면 현장 예매 가능합니다.
LC타워 별관
서울특별시 마포구 양화로 178-5
#주술회전
#주술회전팝업
#주술회전사멸회유
#사멸회유팝업
#주술회전굿즈
#주술회전특전
#주술회전MD
#홍대팝업
#홍대팝업스토어
#홍대가볼만한곳
#애니메이션팝업
#애니굿즈
#굿즈샵
#덕질
#덕질투어
#오타쿠
#오타쿠투어
#고죠사토루
#이타도리유지
#후시구로메구미
​
제 주변에는 주술회전을 좋아하는 친구들이
여럿 있다 보니 함께 가게 되었는데요
볼 것도 은근히 많고 포토존도 괜찮고
심지어 이번 팝업은 정말 대박인 게
사은품이 최고였어요.
​
정말 다 퍼주는 느낌이 들어서 조금만 사도
이득이었습니다.
​
게다가 제 최애가 아닌 경우에
바꿔주시기도 합니다. (출구 쪽에서)
​
Previous image
Next image
최애 모음
중간에 애니메이션도 볼 수 있는 공간부터
은근히 공간이 넓게 만들어놓은 관람 공간이 있었어요.
​
사진 찍을 곳도 꽤 있었고
볼거리도 있었어요.
​
적어도 저는 너무 즐겁게 봤던 것 같습니다.
너무 알차게 뜯어보는 바람에 돈 더 낼 뻔했어요.
​
사실 이런 팝업의 핵심에는
굿즈가 먼저인데요
굿즈 정보 드리려고 서둘러왔어요.
Previous image
Next image
굿즈 리스트
첫 번째 사진에 있는 저 쿠션!
진짜 엄청 쫀득하고 말랑하고 부드러워서
뭐에 홀린 듯이 바로 살 뻔했는데
다른 것들이 살게 많다 보니까
잘 버텨냈습니다.
​
그리고 마지막에 있는 굿즈 중에
포천 쿠키가 있는데요,
정말 말 그대로 포천 쿠키이지만
그 안에 대사들이 적힌 쪽지가 나와요.
​
그리고 하나 더!
이건 정말 비밀인데 포천 쿠키가 생각보다 맛있었습니다.
​
하나쯤 여유 있게 드시는 것도 추천드려요
대사가 적힌 쪽지가 생각보다 아기자기하고 귀여워서
하나쯤 가질만합니다.
​
Previous image
Next image
굿즈 특전
다른 건 다 모르겠지만
이번 팝업이 정말 혜자다 스럽다고 느낀 부분이
이 특전 부분입니다.
​
1만 원 넘기면 하나, 2만 원 넘기면 2만 원에 해당하는 하나,
가 아니에요.
​
10만 원어치 사면
1만 원에 해당하는 것부터 2, 3, 5, 7,10만 원 각각 해당하는 사은품
모두 증정해 주는 건데요, 적어도 제가 갔던 팝업 중에서는
이번 홍대 주술회전 사멸회유 팝업이 가장 혜자였어요.
​
뭐랄까 지갑이 마구마구 열리는 느낌이었습니다.
열릴수록 이득인 느낌이라 기분도 좋고
워낙 좋아하는 애니다 보니까 뿌듯하기도 하고
여러모로 기분이 좋은 홍대 팝업이었습니다.
​
모든 팝업에 있는 포토 부스까지 있고
구경할 것이 조금 적다 싶을 수 있지만
굿즈가 있으니 마음이 풍족해지는 팝업이었어요.
​
홍대에 맛있는 것도 먹고
홍대 팝업도 보고 주술 회전 사멸 회유도 복습하고
굿즈도 얻고 한 번쯤 꼭 가보시는 걸 추천드려요.
​
예약은 필수이지만 노쇼가 날 경우
현장 예약도 가능하니 포기하지 말고 가보시는 것도 추천드립니다.
​
웬만하면 예약하고 가시는 것이 가장 베스트입니다!
​
짧은 한 줄 후기
굿즈 최고
사은품 최고
​"
"홍대 AK플라자 4층 토이스토리 팝업스토어, 굿즈 종류와 가격 후기",https://blog.naver.com/oh-nyonyo/224358900393,홍대 AK플라자 4층에서 만난 토이스토리 팝업스토어✨ 서울 마포구 양화로 188 AK플라자 홍대점 4층 스파오 앞 ⏰ 팝업 운영기간 : 26.07.17(금) - 07.30(목) 팝업 운영시간 : 월-금 11:00 ~ 22:00 토-일 10:30 ~ 22:00 02-789-9800... ,오뇽뇽의 요기죠기,https://blog.naver.com/oh-nyonyo,20260727,마포구 팝업스토어,"홍대 AK플라자 4층에서 만난
토이스토리 팝업스토어✨
서울 마포구 양화로 188
AK플라자 홍대점 4층 스파오 앞
⏰ 팝업 운영기간 : 26.07.17(금) - 07.30(목)
팝업 운영시간 : 월-금 11:00 ~ 22:00
토-일 10:30 ~ 22:00
📞
02-789-9800
🅿️ 주차 불가
AK PLAZA 홍대
서울특별시 마포구 양화로 188
오늘은 홍대 갔다가 우연히 들린 곳!!
하.. 전 픽사와 디즈니 하면 환장하잖아요?
홍대하면 더우니까 무조건
AK플라자를 들르는 편인데 여기 4층
스파오 앞에서 토이스토리 팝업을 하더라고요!!
​
이거 못참쥐~ 하면서 열심히 찍었는데 웬걸..
딱 7월만 운영하는 프로모션ㅠㅠ🥹
너무 늦게 올리네요.. 그렇지만 찍은 게 아쉬우니까
올리기 힝 ㅠㅠ
알린 풍선이 반겨주는 4층!!
갖고싶네요ㅋㅋㅌ
토이스토리의 핫함이 아직도 유지되는 것 같아요
그러니 이 프로모션 더 오래 해달라ㅜㅜ
보니까 귀여운 인형부터 퍼즐, 키링, 파우치, 컵 등
굿즈들이 정말 다양했어요
진짜 다양하게 느껴졌어요ㅋㅋㅋㅌ
고민하다가 사진 않았지만,
월급 받은 다음날이었으면 샀을 듯^^
랜덤 캔뱃지도 이쁘네요 라인업을 봤는데 이건,
더키와 버니가 귀여운 것 같아요ㅋㅋㅋ
근데 만 원...? 하 일러스트 아쉬워
랜덤 코인 파우치 키링도 이뻐요
이게 더 나아요!! 가격 대비 이게 더 이뿨
제가 하나하나 가격도 보시라고
가격 나오게 찍어왔어요ㅋㅋㅋㅌ
안쪽은 이렇게 인형도 한가득!
하 인형 다 사고 싶었어요...♥️
퍼즐도 정말 많더라고요!
아가들이 좋아할 것 같아요ㅋㅋㅋ
아기 있었으면 아가를 빌미로 샀을 듯..
파우치 키링 이건 다 이뻐요 진짜
에어팟 넣기 딱일 듯..!!
간단한 거 아무거나 넣기도 딱이에요!
누구 이거 사줄 사람?
안대도 이쁨ㅋㅋㅋㅋㅋ 이거 쓰면 인싸 가능이에요
제가 마그넷을 참 좋아하는데요
8천 원 가격은 좋은데.. 비주얼이 .. 음..
좀 더 .. 좀 더 .. 일러스트가 그닥..
차라리 색감이 좋았으면 좋았을 텐데
키링은 진짜 이쁘더라고요 다
미니 틴케이스도 이뻤어요!🫶🏻
컵은 하... 빈티지로 할 거면 더 빈티지로 했었음
좋았을 텐데 개인적으로 디자인이 조금 아쉬웠어요!
차라리 컵 코스터가 더 예뻤음
딱 픽사 토이스토리의 상징이잖아요?
색감도 너무 잘 나왔고요!
알린도 이쁨!!! 캬  아 이거 살걸🥹
홍대AK플라자ㆍ토이스토리팝업ㆍ홍대놀거리
바깥쪽에 스티커며 미니키링, 마그넷도
더 많았어요! 구경하느라 한참 걸렸어요ㅋㅋㅋ
인생네컷 느낌의 마그넷 이쁘네요?
아아ㅏ.. 근데 알린은 별로라 헤헷..
키링도 이쁘고, 아니 스티커 가격 대비 이게 뭐죠?
스티커는 좀 비싼 거 같아요ㅋㅋㅋㅋㅋㅋ
아 물론 아크릴이긴 하지만.. 흠...
토이스토리에 축구가 무슨 상관이죠..?
월드컵 겨냥인가..ㅋㅋㅋㅋㅋ
아 근데 축구 말고 아까 차라리 코스터 공을 하지
홍대AK플라자ㆍ토이스토리팝업ㆍ홍대놀거리
엽서는 그냥 그랬어요
엽서 이미지 좋은 거 많았을 텐데... 흠?
ㅋㅋㅋㅋㅋㅋㅋㅋㅋㅋ
스티커 이쁘네요ㅋㅋㅋㅋ
이거 다이소에서 팔았으면 좋겠다 ^_^
발판 짱 예쁘더라고요🥰
가격 좀만 착했으면 샀을 듯!
Previous image
Next image
전 인형 음.. 귀엽긴 한데
너무 이렇게 눈알 다르게 해놓는 거 싫어요
네가 뭔데..? ㅋㅋㅋㅋㅋㅋ
공책이랑 엽서도 투척!
비싸네요... 후 ㅜㅜ 근데 엽서 이쁘다
홍대AK플라자ㆍ토이스토리팝업ㆍ홍대놀거리
이게 제일 유명한 거 알죠?
토이스토리 랜덤 카메라 키링이에요
소장 가치 꽤나 있지만,
이야기 듣기로 화질이 심히 구리다고 해요!
그리고 좀 무거움 가격 안착함 패스-!
​
결국 아무것도 안 삼 엔딩ㅋㅋㅋㅋㅋㅋㅋㅋㅋ
그래도 구경할 만했어요ㅋㅋㅋ
아니 써놓고 보니 너무 극딜했잖아?ㅋㅋㅋㅋ
홍대 AK플라자 갔다가 우연히 들린
토이스토리 팝업인데, 귀여운 굿즈가 많아서
구경하는 재미가 쏠쏠했어요!
​
디자인이나 가격 면에서 살짝 아쉬운 아이템들도
있었지만, 픽사 팬이라면 한 번쯤
둘러보기 딱 좋더라고요 히힛..😚
​
아쉽게도 7월까지만 진행하는 프로모션이라
너무 늦게 올리지만, 사진으로나마
같이 랜선 구경하셨길 바라요!
​
홍대 놀거리나 AK플라자 방문할 일 있으시다면
4층 스파오 앞 팝업 구경해 보시길 추천드려요✨
AK PLAZA 홍대
서울특별시 마포구 양화로 188"
굿즈모먼트 [전지적 독자 시점 팝업스토어/콜라보카페] 사전예약링....,https://blog.naver.com/s2hines2/224354287483,굿즈모먼트 위치 마포구 성미산로 151-1 4층 팝업 2층 카페 (현장입장은 8월4일부터) 전지적 독자시점 콜라보카페 기간 7월 31일 - 8월 17일 네이버 사전예약오픈일 7월 22일 19시 예약금 4천원 전독시... ,ねえ、見てる,https://blog.naver.com/s2hines2,20260722,마포구 팝업스토어,"굿즈모먼트 위치
마포구 성미산로 151-1
​
4층 팝업
2층 카페
​
(현장입장은 8월4일부터)
​
​
전지적 독자시점 콜라보카페 기간
7월 31일 - 8월 17일
​
네이버 사전예약오픈일
7월 22일 19시
​
예약금 4천원
​
​
전독시 콜라보카페 네이버 예약 링크
네이버 예약 :: 전지적 독자 시점 콜라보 카페
<전지적 독자 시점 콜라보 카페 사전 예약 안내> 07/31(금) ~ 08/03(월) : 해당 기간 동안에는 네이버 사전 예약을 하신 분만 카페 좌석 이용이 가능합니다. <전지적 독자 시점 콜라보 카페 좌석 이용(예약자) 안내> 카페 좌석은 전 기간 예약자에게 우선 제공되며, 예약 이용 시간으로부터 20분 경과 시 노쇼 처리됩니다. 노쇼 처리된 좌석은 비예약자의 현장 입장객에게 제공됩니다. 예약금 4,000원은 메뉴 주문 시 차감되며, 당일 예약 및 취소는 불가합니다. ID 별 5회차 예약 가능하며, 예약 1건 당 최대 2인 입장 ...
booking.naver.com
​
​
전지적 독자 시점 팝업 기간
7월 31일 - 8월 17일
​
네이버예약오픈일정
7월 22일 18시
​
전독시 팝업 네이버예약 링크
네이버 예약 :: 전지적 독자 시점 팝업 스토어
<전지적 독자 시점 오피셜 팝업 스토어 사전 예약 안내> 07/31(금) ~ 08/03(월) : 해당 기간 동안에는 네이버 사전 예약을 하신 분만 이용 및 상품 구매가 가능합니다. ID 별 5회차, 1인 2매 예약 가능합니다. (동반 입장의 경우 수량 2개로 예약 부탁 드립니다.) <전지적 독자 시점 오피셜 팝업 스토어 이용 안내> 사전 예약 및 현장 입장으로 운영되며, 전 기간 예약자 우선 입장 됩니다. 회차 시각 10분 전부터 입장 가능하며, 회차 이용 마감 전까지 언제든 입장 가능합니다. 대기 인원이 발생할 경우, 현장 대기 ...
booking.naver.com
​"
홍대 연남 맛집 후기 | 놀거리 후기 | 연남 토마 | 파스타 맛집 | 명란....,https://blog.naver.com/kimsohee0611/224354432116,연남 토마 연남토마 위치 서울 마포구 월드컵북로6길 61 연남토마 홍대입구 2번 출구에서 451m 영업시간... 홍대 맛집을 찾으신다면 추천드립니당 ~~ 오버워치 팝업스토어 오버워치 x 요아소비 콜라보 저는... ,히히노트 ₍. ᐢ..ᐢ₎,https://blog.naver.com/kimsohee0611,20260722,마포구 팝업스토어,"안녕하세요!
최근에 제가 홍대를 다녀왔는데요!
바로바로 오버워치 팝업과 맛집을 탐방하기 위해 다녀왔습니다!
​
​
​
​
연남 토마
연남토마
위치
서울 마포구 월드컵북로6길 61 연남토마
홍대입구 2번 출구에서
451m
​
영업시간
11:30 - 21:30
​
캐치테이블, 예약, 무선 인터넷, 단체 이용 가능, 유아의자, 대기공간
​
​
매장
테이블 키오스크가 있어서 편하게 주문 할 수 있었습니다!
​
​
​
​
기본반찬
우동 국물과 김치, 피클, 단무지 모두 준비되어 있어서 느끼하지 않고 잘 먹을 수 있었습니다
​
​
​
저는
바질명란오일파스타 ----17,000원
안심카츠 정식 ---14,000원
애비후라이 2p ----5,000원
​
3가지 메뉴를 주문했습니다! 양이 많아서
남겼어용
​
​
​
바질명란오일 파스타
추천메뉴!!
너무너무너무 맛있었어요!
명란이 올라가 있어서 조금씩 먹거나 아예 섞어서 먹을 수 있다고 안내해주세요
저는 아예 섞어서 먹었는데 많이 짜지도 않고 좋았습니다!
​
무엇보다도 바질의 향이 많이 나서 너무 맛있었어요!
​
​
​
​
​
안심카츠 정식과 에비 후라이 2p
카츠와 에비후라이에요!
​
안심카츠
저는 안심카츠 러버인데요! 밥 한 공기와 같이나와서 먹기 좋았습니다
또한 겨자와 소금, 고추냉이, 소스까지 있어서 다양하게 먹을 수 있어서
좋았습니다!
​
에비 후라이
새우튀김이 5,000원이라서 고민을 많이 했는데
튀김이 정말 바삭하고 새우가 커서 너무 맛있었습니다!
타르타르 소스도 있어서 느끼하지 않게 먹을 수 있었습니다.
​
파스타가 너무 맛있어서 다음에 또 먹으러 가려구요!
홍대 맛집을 찾으신다면 추천드립니당 ~~
​
​
​
​
​
​
오버워치 팝업스토어
오버워치 x 요아소비 콜라보
저는 오버워치가 발매되었을 때부터 계속했던 오버워치 유저입니다!
오버워치 팝업 스토어가 부천이나 서울에 종종 열리긴 했는데
이번에 홍대에 열린다고 해서 다녀왔어요!!
​
​
​
오버워치 x 요아소비 팝업스토어
기간 : 2026.07.09 - 07.19
위치 : 홍대 ak플라자 3층
생각보다 조금 크게 있어서 설레더라구요!
​
​
​
안에는 이번에 있는 요아소비 콜라보 스킨을 착용한 캐릭터들이 있었어요!
사람이 많아서 사진을 많이 찍지는 못했어요 ㅠㅠ
​
​
이번에 스킨이 너무너무! 예쁘지 않나요!?!?
저는 키리코 스킨을 오기 전부터 구매해서 가지고 있었답니다..ㅎㅎ
​
안에는 체험들이 있었는데요!
​
3,000원 캡슐 뽑기, 역할 뽑기, 15,000원 쿠지가 있었습니다!
저는 캡슐뽑기와 쿠지는 사람이 많아서 무료로 진행하는
역할 뽑기를 해보았습니다!
​
​
저는 탱커가 나왔네용..
저는 디바 원챔이다가 최근부터는 약 1-2년간은 힐러를 자주 하고있습니다!
​
이건 팝업에 방문해서 설문조사를 진행하면
엽서를 2개 주더라구요!
​
다음에 오버워치 팝업스토어가 또 생긴다면
굿즈들을 판매하면 좋을 것 같아요..
굿즈랑 귀여운 포토존들이 많았으면 좋겠습니다...
더 많은 오버워치 팝업스토어를 기대하며
오늘의 포스팅을 마치겠습니다!
​
​
다음은 전산회계 2급 시험 후기로 찾아오겠습니다!! 그럼 안뇽 ~~
​
​
#홍대맛집
#연남맛집
#파스타
#연남토마
#오버워치
#키리코
#주노
#한조
#겐지
#미즈키
#홍대오버워치팝업
#파스타맛집
#바질명란오일파스타
#안심카츠
​
​
​
​"
[하츠네미쿠 팝업] 2026 HATSUNE MIKU 서울 홍대 팝업 마포구 서교동 오프....,https://blog.naver.com/0u0zzouo/224353927730,"13(목) ⏰ 월-금 11:00 ~ 22:00 토·일 10:30 ~ 22:00  서울 마포구, AK PLAZA 홍대 2F 새틀라이트 플러스 Moree 어플에서도 곧 편하게 볼 수 있어요! #하츠네미쿠 #홍대팝업 #팝업스토어... ",혹시 토마토 좋아하세요?,https://blog.naver.com/0u0zzouo,20260722,마포구 팝업스토어,"✨하츠네 미쿠 in AK PLAZA HONGDAE🎤💙
​
📅 2026.07.17(금) ~ 2026.08.13(목)
⏰ 월-금 11:00 ~ 22:00
토·일 10:30 ~ 22:00
📍 서울 마포구, AK PLAZA 홍대
2F 새틀라이트 플러스
새틀라이트플러스
서울특별시 마포구 양화로 188 AK PLAZA 홍대 2층
AK PLAZA 홍대
서울특별시 마포구 양화로 188
​
​
🌳Moree 어플에서도 곧 편하게 볼 수 있어요!
​
#하츠네미쿠
#홍대팝업
#팝업스토어
#初音ミク
#HatsuneMiku
https://x.com/i/status/2078057131735949819
X의 Moree님(@moree_app)
✨하츠네 미쿠 in AK PLAZA HONGDAE🎤💙 📅 2026.07.17(금) ~ 2026.08.13(목) ⏰ 월-금 11:00 ~ 22:00 토·일 10:30 ~ 22:00 📍 서울 마포구, AK PLAZA 홍대 2F 새틀라이트 플러스 🌳Moree 어플에서도 곧 편하게 볼 수 있어요! #하츠네미쿠 #홍대팝업 #팝업스토어 #初音ミク #HatsuneMiku
x.com
​
​
🛰️새틀라이트+ 개최 소식🛰️
​
【하츠네 미쿠 in AK PLAZA HONGDAE】
​
모치즈키 케이님의
신규 일러스트
차이나풍 하츠네 미쿠 등장🐼🍜
​
하츠네 미쿠 in AK PLAZA
HONGDAE 개최합니다🎉
대형 태피스트리, 아크릴, 캔뱃지 등
다양한 상품 준비 완료❗️
​
📅 2026.07.17(금) ~ 2026.08.13(목)
📍 AK PLAZA 홍대 2F 새틀라이트 플러스
https://x.com/i/status/2077923836520284290
X의 새틀라이트 플러스 SATELLITE+님(@SATELLITE_kr)
🛰️새틀라이트+ 개최 소식🛰️ 【하츠네 미쿠 in AK PLAZA HONGDAE】 모치즈키 케이님의 신규 일러스트 차이나풍 하츠네 미쿠 등장🐼🍜 하츠네 미쿠 in AK PLAZA HONGDAE 개최합니다🎉 대형 태피스트리, 아크릴, 캔뱃지 등 다양한 상품 준비 완료❗️ 📅 2026.07.17(금) ~ 2026.08.13(목) 📍 AK PLAZA
x.com
​
【하츠네 미쿠 in AK PLAZA HONGDAE】
📢MD 리스트 공개!
​
- 상품별 구매 수량 제한이 적용될 수 있습니다.
- 행사 운영에 따라 안내 내용은 변경될 수 있습니다.
​
🗓️2026.07.17(금) ~ 2026.08.13(목)
📍AK PLAZA 홍대점 2F 새틀라이트 플러스
Big 아크릴 스탠드 24,000원
아크릴 키홀더 12,000원
아크릴 블록 18,000원
랜덤 홀로그램 캔뱃지
단품 7,500원 박스 45,000원
랜덤 스퀘어 캔뱃지
단품 9,000원 박스 54,000원
랜덤 하트 캔뱃지
단품 7,500원 박스 45,000원
Big 캔뱃지 9,700원
앞머리 클립 세트 19,500원
다이컷 스티커 12,000원
패스 케이스 40,500원
클리어파일 집합 6,700원
클리어파일 하츠네 미쿠 6,700원
등신대 태피스트리 128,000원
B2 태피스트리 45,000원
프린트 티셔츠 60,000원
모코모코 프린트 티셔츠 85,000원
머플러 타월 30,000원
모코모코 프린트 토트백 67,500원
☑️ 본 매장은 현재
온라인 판매를 진행하고 있지 않습니다.
https://x.com/i/status/2075520407134699738
X의 새틀라이트 플러스 SATELLITE+님(@SATELLITE_kr)
【하츠네 미쿠 in AK PLAZA HONGDAE】 📢MD 리스트 공개! - 상품별 구매 수량 제한이 적용될 수 있습니다. - 행사 운영에 따라 안내 내용은 변경될 수 있습니다. 🗓️2026.07.17(금) ~ 2026.08.13(목) 📍AK PLAZA 홍대점 2F 새틀라이트 플러스
x.com
https://x.com/i/status/2077326787147907232
X의 새틀라이트 플러스 SATELLITE+님(@SATELLITE_kr)
@eden_dongsan 안녕하세요! 본 매장은 현재 온라인 판매를 진행하고 있지 않습니다. 감사합니다.
x.com
​
【하츠네 미쿠 in AK PLAZA HONGDAE】
📢품절 공지
​
-등신대 태피스트리 하츠네 미쿠
-등신대 태피스트리 MEIKO
​
재입고 미정입니다.
(아래 트윗 타래 확인 하세요)
-클리어파일 집합
-등신대 태피스트리 카가미네 렌
-앞머리 클립 세트
-BIG 아크릴 스탠드 카가미네 렌
-랜덤 하트 캔뱃지
​
재입고 미정입니다.
https://x.com/i/status/2078317617153196066
X의 새틀라이트 플러스 SATELLITE+님(@SATELLITE_kr)
【하츠네 미쿠 in AK PLAZA HONGDAE】 📢품절 공지 -등신대 태피스트리 하츠네 미쿠 -등신대 태피스트리 MEIKO 재입고 미정입니다.
x.com
​
​
【하츠네 미쿠 in AK PLAZA HONGDAE】
📢구매 특전 공개!
- 30,000원당 랜덤 특제 카드를 한 장씩 증정
- 수량 소진 시 종료됩니다.
​
🗓️2026.07.17(금) ~ 2026.08.13(목)
📍AK PLAZA 홍대점 2F 새틀라이트 플러스
https://x.com/i/status/2075520413892014506
X의 새틀라이트 플러스 SATELLITE+님(@SATELLITE_kr)
【하츠네 미쿠 in AK PLAZA HONGDAE】 📢구매 특전 공개! - 30,000원당 랜덤 특제 카드를 한 장씩 증정 - 수량 소진 시 종료됩니다. 🗓️2026.07.17(금) ~ 2026.08.13(목) 📍AK PLAZA 홍대점 2F 새틀라이트 플러스
x.com
​
【하츠네 미쿠 in AK PLAZA HONGDAE】
📢품절 공지
​
구입 특전 랜덤 특제 카드 수량 소진 되었습니다.
https://x.com/i/status/2078314694180528544
X의 새틀라이트 플러스 SATELLITE+님(@SATELLITE_kr)
【하츠네 미쿠 in AK PLAZA HONGDAE】 📢품절 공지 구입 특전 랜덤 특제 카드 수량 소진 되었습니다.
x.com
​
​
​
🪐새틀라이트 상품 안내🪐
​
【 하츠네미쿠 】
​
미래에서, 처음의 소리를 가져오다🎶
마스터〰️ 미쿠가 찾아왔어요⭐️
​
-하츠네미쿠 액션 아크릴 스탠드
​
귀엽고 앙증맞은 몸으로 열심히 노래하는 디바🎤
변화 가능한 팔과 표정으로💚
직접 미쿠의 포즈를 프로듀싱해보세요🫶
​
📍AK PLAZA 홍대점 2F
🕚평일11:00~21:40/주말10:30~21:40
#하츠네미쿠
#미쿠
#새틀라이트
#새틀라이트플러스
https://x.com/i/status/2079097020959351217
X의 새틀라이트 플러스 SATELLITE+님(@SATELLITE_kr)
🪐새틀라이트 상품 안내🪐 【 하츠네미쿠 】 미래에서, 처음의 소리를 가져오다🎶 마스터〰️ 미쿠가 찾아왔어요⭐️ -하츠네미쿠 액션 아크릴 스탠드 귀엽고 앙증맞은 몸으로 열심히 노래하는 디바🎤 변화 가능한 팔과 표정으로💚 직접 미쿠의 포즈를 프로듀싱해보세요🫶 📍AK PLAZA 홍대점 2F
x.com
​
​
HATSUNE MIKU × NORI
오프라인 팝업 JS스토어 2층
(종료)
​
nori는 좋아하는 것을 일상 속에서 자연스럽게
즐길 수 있게 만드는 브랜드입니다.
과한 굿즈가 아닌, 매일의 삶 속에서도
개인의 취향이 자연스럽게 드러나는 경험을
중요하게 생각합니다.
​
일상과 취향의 조화를 통해,
누구나 부담 없이 좋아하는 감정을 즐길 수 있는
라이프 스타일을 제안합니다.
HATSUNE MIKU × NORI
오프라인 팝업이
JS스토어 2층에서 진행됩니다.
​
팝업 기간 동안
HATSUNE MIKU × NORI 슈즈와 굿즈를
직접 확인하고, 시착보세요!
​
각 일러스트 테마로 꾸며진 포토존에서는
슈즈 착용 후 사진 촬영도 가능합니다.
​
구매특전과 럭키드로우 이벤트도 준비되어 있으니,
JS스토어 2층에서 직접 만나보세요.
​
📆기간: 2026.07.17 ~ 2026.07.19
📍장소: 서울 마포구 서교동 329-1, JS스토어 2층
제이에스스토어
서울특별시 마포구 와우산로29길 48-24 1층
#하츠네미쿠
#HATSUNEMIKU
#MIKU
#NORI
​
​
​
260206
HATSUNE MIKU × NORI
[일러스트 공개]
이번 신규 일러스트는 랄랑
@lalangheej
작가님께서 작업 해 주셨습니다!
​
#하츠네미쿠
#HatsuneMiku
#初音ミク
#노리
#NORI
https://x.com/i/status/2019577005277434006
X의 NORI 노리님(@NORI_lable)
HATSUNE MIKU × NORI [일러스트 공개] 이번 신규 일러스트는 랄랑 @lalangheej 작가님께서 작업 해 주셨습니다! #하츠네미쿠 #HatsuneMiku #初音ミク #노리 #NORI
x.com
​
랄랑 작가 인스타그램 @lalangheej
​
하츠네미쿠 X NORI 콜라보
일러스트를 작업했습니다!
노래를 부르는 K-POP 아이돌
느낌으로 작업했어요 🎤
많은 관심 부탁드립니다 ^_^!
​
初音ミク×NORIコラボイラストを
制作いたしました！
歌を歌うK-POPアイドルの雰囲気で
制作いたしました 多くの ご関心を
賜りますよう お願い申し上げます ^_^!
#하츠네미쿠
#初音ミク
https://app.wadiz.kr/links/8ZpcvXWIHZ
하츠네 미쿠 콜라보ㅣ일상을 기록하는 슈즈 by (주)순이엔티 | 와디즈
하츠네미쿠와 NORI 슈즈의 특별 콜라보! 신규 일러스트를 이용한 다양한 신발 꾸미기 아이템부터 티셔츠까지 한정 구성으로 만나요.
app.wadiz.kr
https://www.instagram.com/p/DUklDheElew/?igsh=NXNzd3pqaDJhaTVr
Instagram의 🌷랄랑🌷 서일페 F22님 : ""하츠네미쿠 X NORI 콜라보 일러스트를 작업했습니다! 노래를 부르는 K-POP 아이돌 느낌으로 작업했어요 🎤 많은 관심 부탁드립니다 ^_^! 初音ミク×NORIコラボイラストを制作いたしました！ 歌を歌うK-POPアイドルの雰囲気で制作いたしました 多くのご関心を賜りますようお願い申し上げます^_^! #하츠네미쿠 #初音ミク https://app.wadiz.kr/links/8ZpcvXWIHZ""
1,970 likes, 6 comments - lalangheej - February 10, 2026: ""하츠네미쿠 X NORI 콜라보 일러스트를 작업했습니다! 노래를 부르는 K-POP 아이돌 느낌으로 작업했어요 🎤 많은 관심 부탁드립니다 ^_^! 初音ミク×NORIコラボイラストを制作いたしました！ 歌を歌うK-POPアイドルの雰囲気で制作いたしました 多くのご関心を賜りますようお願い申し上げます^_^! #하츠네미쿠 #初音ミク https://app.wadiz.kr/links/8ZpcvXWIHZ"".
www.instagram.com
​
랄랑 작가님 트위터
https://x.com/lalangheej
X의 ❤️랄랑❤️ 서일페 F22님(@lalangheej)
커미션 계정 @liliangakuen 외주 문의 nomadic7901@naver.com Don't use or repost my works without permission. NO AI.
x.com
​
​
260206
HATSUNE MIKU × NORI
​
[매일 다른 분위기로 연출하는 커스터마이징 슈즈 NORI와 하츠네미쿠의 콜라보]
랄랑 @lalangheej 작가님
신규 미쿠 일러스트로 탄생한 DTF 스티커와
다양한 슈액세서리로 나만의 슈즈를 완성해보세요!
​
프리오더 일정: 2026.02.13~02.22 (종료)
📎
https://www.wadiz.kr/web/campaign/detail/387790
하츠네 미쿠 콜라보ㅣ일상을 기록하는 슈즈 by (주)순이엔티 | 와디즈
하츠네미쿠와 NORI 슈즈의 특별 콜라보! 신규 일러스트를 이용한 다양한 신발 꾸미기 아이템부터 티셔츠까지 한정 구성으로 만나요.
www.wadiz.kr
​
와디즈 순이엔티 주식회사 순이엔티
https://www.wadiz.kr/web/maker/detail/196453/projects
와디즈 메이커 (주)순이엔티
새로운 생각을 현실로 만들기 위해 도전하는 메이커 공간입니다.
www.wadiz.kr
​
※ 이 제품은 와디즈 프리오더 단독으로 공개되며,
프리오더 종료 후에는 추가 판매가 진행되지 않습니다.
​
#하츠네미쿠
#HatsuneMiku
#初音ミク
#노리
#NORI
​
​
260210
랄랑 작가 인스타 @lalangheej
​
하츠네미쿠 X NORI 콜라보 일러스트를 작업했습니다! 흰색 운동화에
귀여운 슈 악세사리가 잔뜩 달려있는 미쿠입니다. 🎀
​
初音ミク×NORIコラボイラストを制作いたしました！
白いスニーカーにかわいい
シュアリングがたくさん 付いているミクです。
#하츠네미쿠
#初音ミク
https://www.wadiz.kr/web/wcomingsoon/rwd/387790
하츠네 미쿠 콜라보ㅣ일상을 기록하는 슈즈 by (주)순이엔티 | 와디즈
하츠네미쿠와 NORI 슈즈의 특별 콜라보! 신규 일러스트를 이용한 다양한 신발 꾸미기 아이템부터 티셔츠까지 한정 구성으로 만나요.
www.wadiz.kr
https://www.instagram.com/p/DUkk4TVElPx/?igsh=a3k3NGxkaW8zMDZ3
Instagram의 🌷랄랑🌷 서일페 F22님 : ""하츠네미쿠 X NORI 콜라보 일러스트를 작업했습니다! 흰색 운동화에 귀여운 슈 악세사리가 잔뜩 달려있는 미쿠입니다. 🎀 初音ミク×NORIコラボイラストを制作いたしました！ 白いスニーカーにかわいいシュアリングがたくさん付いているミクです。 #하츠네미쿠 #初音ミク https://www.wadiz.kr/web/wcomingsoon/rwd/387790""
3,057 likes, 9 comments - lalangheej - February 10, 2026: ""하츠네미쿠 X NORI 콜라보 일러스트를 작업했습니다! 흰색 운동화에 귀여운 슈 악세사리가 잔뜩 달려있는 미쿠입니다. 🎀 初音ミク×NORIコラボイラストを制作いたしました！ 白いスニーカーにかわいいシュアリングがたくさん付いているミクです。 #하츠네미쿠 #初音ミク https://www.wadiz.kr/web/wcomingsoon/rwd/387790"".
www.instagram.com
​
​
260210
랄랑 작가님 인스타 @lalangheej
​
하츠네미쿠 X NORI
콜라보 일러스트를 작업했습니다!
연습실에서 춤을 연습하는 미쿠입니다💃
활동적인 느낌으로 작업해 보았어요!
​
初音ミク × NORI の
コラボイラストを制作しました！
練習室でダンスの練習をしているミクです💃
活動的な雰囲気で仕上げてみました！
#하츠네미쿠
#初音ミク
https://www.instagram.com/p/DUklKIaEuhu/?igsh=MXVmOG1lYWw1bWRyOA==
Instagram의 🌷랄랑🌷 서일페 F22님 : ""하츠네미쿠 X NORI 콜라보 일러스트를 작업했습니다! 연습실에서 춤을 연습하는 미쿠입니다💃 활동적인 느낌으로 작업해 보았어요! 初音ミク×NORIのコラボイラストを制作しました！ 練習室でダンスの練習をしているミクです💃 活動的な雰囲気で仕上げてみました！ #하츠네미쿠 #初音ミク https://app.wadiz.kr/links/8ZpcvXWIHZ""
5,085 likes, 23 comments - lalangheej - February 10, 2026: ""하츠네미쿠 X NORI 콜라보 일러스트를 작업했습니다! 연습실에서 춤을 연습하는 미쿠입니다💃 활동적인 느낌으로 작업해 보았어요! 初音ミク×NORIのコラボイラストを制作しました！ 練習室でダンスの練習をしているミクです💃 活動的な雰囲気で仕上げてみました！ #하츠네미쿠 #初音ミク https://app.wadiz.kr/links/8ZpcvXWIHZ"".
www.instagram.com
​
​
HATSUNE MIKU × NORI
📢 놓치면 끝, 마지막 앵콜 프리오더 OPEN
​
앵콜 프리오더 종료
2026.04.16 ~ 04.26
​
한정 수량 앵콜 프리오더 오픈
❌ 추가 생산 없음
/ ✔ 기존 생산분 한정
​
팬분들의 요청으로 다시 오픈되었습니다.
Back by popular demand.
ご要望にお応えして再登場。
​
신발, 짐색, 캔뱃지, 슈레이스까지
일상에서 활용하기 좋은 아이템들을 만나보세요
소진 시 조기 종료
​
Final Encore Pre-order OPEN
Limited stock / No additional production
Shoes, gym sack, can badges & shoelace set
Everyday-ready items inspired by Miku
Ends early when sold out
​
数量限定アンコール予約受付開始
追加生産なし・在庫限り
シューズ、ジムサック、缶バッジ、シューレースまで
日常使いできるアイテムをラインナップ
完売次第終了
​
🗓 26.04.16 ~ 04.26 / Limited Time
​
#하츠네미쿠 #HatsuneMiku #初音ミク
#노리 #NORI
https://x.com/i/status/2044643948933919128
X의 NORI 노리님(@NORI_lable)
HATSUNE MIKU × NORI 📢 놓치면 끝, 마지막 앵콜 프리오더 OPEN (Global Shipping Available) 👉 https://t.co/mBp5IC00ud 팬분들의 요청으로 다시 오픈되었습니다. Back by popular demand. ご要望にお応えして再登場。 한정 수량 앵콜 프리오더 오픈 ❌ 추가 생산 없음 / ✔ 기존 생산분 한정
x.com
​
HATSUNE MIKU × NORI
[제품 디테일 MD LIST 공개]
엠디리스트 굿즈리스트
슈즈
스페셜 슈즈 케이스
기본 DTF 필름 스티커
더스트백
(짐색 타입)
SD 캔뱃지
SD 슈레이스
SD 아크릴 키링
SD DTF 필름 스티커
SD 인솔
SD 슈 액세서리
티셔츠
DTF 필름 스티커 세트
캔뱃지 6종 세트
슈 액세서리 세트
​
※ 본 이미지는 연출 이미지로,
실제 상품은 제작 과정 및
모니터 환경에 따라 다르게 보일 수 있습니다.
Art by Lalang © CFM
https://x.com/i/status/2019578080277463215
X의 NORI 노리님(@NORI_lable)
HATSUNE MIKU × NORI [제품 디테일 MD LIST 공개] 다양한 옵션을 공개합니다! 프리오더 일정: 2026.02.13~02.22 📎https://t.co/0BLaugJj9G ※이 제품은 와디즈 프리오더 단독으로 공개되며, 프리오더 종료 후에는 추가 판매가 진행되지 않습니다. #하츠네미쿠 #HatsuneMiku #初音ミク #노리
x.com
​
미쿠 슈즈 디테일컷
사이즈는 230-280 까지
10mm단위로 출시됩니다 !
https://x.com/i/status/2021847773268807888
X의 NORI 노리님(@NORI_lable)
HATSUNE MIKU × NORI [제품 샘플 공개] 슈즈 디테일 컷입니다. 프리오더 일정: 2026.02.13~02.22 https://t.co/3aloXBbLzK ※ 이 제품은 와디즈 프리오더 단독으로 공개되며, 프리오더 종료 후에는 추가 판매가 진행되지 않습니다. #하츠네미쿠 #HatsuneMiku #初音ミク #노리 #NORI
x.com
​
HATSUNE MIKU × NORI
[구매 특전 공개]
​
각 리워드별 특전을 공개합니다.
아크릴 스탠드 (풀세트 특전)
포토카드 (SD 세트 특전)
포토카드 (LD 세트 특전)
투명포토카드 (DTF 필름 스티커 세트 특전)
투명포토카드 (슈 액세서리 세트 특전)
미니포스터 (기본 특전)
미니포스터 (얼리버드 특전)
홀로그램 포토카드 (티셔츠 특전)
​
※ 본 이미지는 연출 이미지로,
실제 상품은 제작 과정 및 모니터 환경에 따라
다르게 보일 수 있습니다.
Art by Lalang © CFM
https://x.com/i/status/2019954614628720683
X의 NORI 노리님(@NORI_lable)
HATSUNE MIKU × NORI [구매 특전 공개] 각 리워드별 특전을 공개합니다. 프리오더 일정 : 2026.02.13~02.22 📎https://t.co/0BLaugJj9G ※ 이 제품은 와디즈 프리오더 단독으로 공개되며, 프리오더 종료 후에는 추가 판매가 진행되지 않습니다. #하츠네미쿠 #HatsuneMiku #初音ミク #노리 #NORI
x.com
​
HATSUNE MIKU × NORI
[제품 샘플 공개]
미쿠 티셔츠 & 특전
특전 포스터 포토카드 미쿠 아크릴스탠드
풀세트특전 아크릴스탠드
미쿠 슈레이스 신발끈
인솔
슈 액세서리
슈레이스
https://x.com/i/status/2021494319342026839
X의 NORI 노리님(@NORI_lable)
HATSUNE MIKU × NORI [제품 샘플 공개] 슈 액세서리입니다. 프리오더 일정: 2026.02.13~02.22 https://t.co/0BLaugJj9G ※이 제품은 와디즈 프리오더 단독으로 공개되며, 프리오더 종료 후에는 추가판매가 진행되지 않습니다. #하츠네미쿠 #HatsuneMiku #初音ミク #노리 #NORI
x.com
미쿠 캔뱃지 (핀버튼)
https://x.com/i/status/2021496999678521685
X의 NORI 노리님(@NORI_lable)
HATSUNE MIKU × NORI [제품 샘플 공개] 캔 뱃지입니다. 프리오더 일정: 2026.02.13~02.22 https://t.co/3aloXBbLzK ※이 제품은 와디즈 프리오더 단독으로 공개되며, 프리오더 종료 후에는 추가판매가 진행되지 않습니다. #하츠네미쿠 #HatsuneMiku #初音ミク #노리 #NORI
x.com
​
미쿠 DTF 필름 스티커
https://x.com/i/status/2021849212774953368
X의 NORI 노리님(@NORI_lable)
HATSUNE MIKU × NORI [제품 샘플 공개] DTF 필름 스티커입니다. 프리오더 일정: 2026.02.13~02.22 https://t.co/3aloXBbLzK ※ 이 제품은 와디즈 프리오더 단독으로 공개되며, 프리오더 종료 후에는 추가 판매가 진행되지 않습니다. #하츠네미쿠 #HatsuneMiku #初音ミク #노리 #NORI
x.com
​
DTF 필름 스티커 사용방법
** DTF(Direct To Film)
전사 방식으로 만든 전사용 필름
https://x.com/i/status/2021497045954302085
X의 NORI 노리님(@NORI_lable)
HATSUNE MIKU × NORI [제품 샘플 공개] DTF 필름 스티커 사용방법입니다. 프리오더 일정: 2026.02.13~02.22 https://t.co/3aloXBbLzK ※이 제품은 와디즈 프리오더 단독으로 공개되며, 프리오더 종료 후에는 추가판매가 진행되지 않습니다. #하츠네미쿠 #HatsuneMiku #初音ミク
x.com
​
미쿠 더스트백
캔뱃지, 아크릴 키링, DTF 필름 스티커는 연출입니다.
​
아크릴키링
(슈 액세서리와 조합하여 다양한 연출이 가능합니다.)
https://x.com/i/status/2021848914585161858
X의 NORI 노리님(@NORI_lable)
HATSUNE MIKU × NORI [제품 샘플 공개] 아크릴 키링입니다. (슈 액세서리와 조합하여 다양한 연출이 가능합니다.) 프리오더 일정: 2026.02.13~02.22 https://t.co/3aloXBbLzK ※ 이 제품은 와디즈 프리오더 단독으로 공개되며, 프리오더 종료 후에는 추가 판매가 진행되지 않습니다. #하츠네미쿠
x.com
​
​
260214
HATSUNE MIKU × NORI
​
✨프리오더 오픈기념✨
샘플 전시 인증 EVENT!
​
1️⃣
#MIKU_NORI
해시태그 하고
2️⃣ 샘플 전시 인증샷을 본 게시물 인용 RT로 업로드 !
콜라보 제품 프리오더 참여 인증시 당첨 확률 UP !
비매품으로 특별 제작된 아크릴 키링 20분께 드립니다
​
📆 이벤트 기간 : 2026.02.14 ~ 02.22
📩 당첨자 개별 DM 안내
📦 배송정보 7일 이내 회신 필수
​
📍 마포구 와우산로 29길 48-24 1층
​
#하츠네미쿠
#HatsuneMiku
#初音ミク
#노리
#NORI
https://x.com/i/status/2022547209561210993
X의 NORI 노리님(@NORI_lable)
HATSUNE MIKU × NORI ✨프리오더 오픈기념✨ 샘플 전시 인증 EVENT! 1️⃣ #MIKU_NORI 해시태그 하고 2️⃣ 샘플 전시 인증샷을 본 게시물 인용 RT로 업로드 ! 콜라보 제품 프리오더 참여 인증시 당첨 확률 UP ! 비매품으로 특별 제작된 아크릴 키링 20분께 드립니다 📆 이벤트 기간 : 2026.02.14 ~
x.com
​"
"「주술회전 사멸회유」 팝업스토어 홍대 개최, 예약 및 입장 정보",https://blog.naver.com/kisswing0/224353845598,「주술회전」의 인기 에피소드 「사멸회유」를 테마로 한 팝업스토어가 홍대에서 개최됩니다. 행사 기간은 2026년 7월 24일부터 8월 9일까지입니다. 행사는 팬베이스 홍대(서울 마포구 양화로 178-5 LC타워 별관... ,아공간 Z,https://blog.naver.com/kisswing0,20260722,마포구 팝업스토어,"「주술회전」의 인기 에피소드 「사멸회유」를 테마로 한 팝업스토어가 홍대에서 개최됩니다. 행사 기간은 2026년 7월 24일부터 8월 9일까지입니다.
​
행사는 팬베이스 홍대
(서울 마포구 양화로 178-5 LC타워 별관 지하 2층)에서 진행되며,
운영 시간은
매일 오전 11시부터 오후 8시까지입니다.
입장은
오후 7시 50분에 마감되므로 늦게 방문할 예정이라면 시간을 미리 확인하는 것이 좋습니다.
​
입장 방식은 요일에 따라 달라집니다. 월요일부터 목요일까진 자유 입장
으로 운영되며, 현장 대기줄이 길어질 경우 나우웨이팅 시스템을 이용한 현장 예약 방식으로 전환될 수 있습니다.
​
금요일과 토요일, 일요일은 네이버 예약 시스템을 통한 사전 예약제로 운영
됩니다. 예약 오픈 일정과 예약 방법은 추후 별도 공지를 통해 안내될 예정입니다. 사전 예약 대상일이라도 잔여 입장 인원이 남아 있으면 현장 예약을 통해 입장할 수 있습니다.
​
네이버 예약 :: 팝업스토어 입장권
줄 서지 않는 편리한 생활의 시작
m.booking.naver.com
예약은 위 링크에서 하시면 됩니다.
​
팝업스토어를 방문하면 입장 특전으로 「주술회전 사멸회유」 브로셔 1부를 받을 수 있습니다. 특전은 준비된 수량이 모두 소진되면 조기 종료됩니다.
​
「사멸회유」는 시부야 사변 이후를 배경으로 하는 원작의 대규모 장편 에피소드입니다. 켄자쿠가 시작한 죽음의 게임에 이타도리 유지와 후시구로 메구미, 옷코츠 유타, 하카리 킨지 등 여러 술사가 참가하면서 각 결계에서 치열한 전투가 이어지는 내용이지요.
​
어떤 굿즈가 판매되는지 공개되면 다시 전해드리겠습니다.
주술회전 사멸회유 애니메이션 인기 캐릭터 순위 10.
주술회전 사멸회유 애니메이션 인기 캐릭터 순위 10.
「주술회전 3기: 사멸회유 전편」이 인기리에 방영 중인데요. 방영을 기념해 일본 랭킹 전문 사이트 '...
blog.naver.com
일본에서 뽑은 주술회전 캐릭터 강함 순위 20.
일본에서 뽑은 주술회전 캐릭터 강함 순위 20. 주술회전 최강 캐릭터는?
「주술회전 3기」가 드디어 방영을 시작했습니다. 넷플릭스에도 동시에 올라오기 때문에, 많은 팬들이 편하...
blog.naver.com
일본에서 뽑은 주술회전 캐릭터 인기 순위 20.
일본에서 뽑은 주술회전 캐릭터 인기 순위 20.
오늘은 일본 랭킹 전문 사이트 '모두의 랭킹'에서 조사한 「주술회전 캐릭터 랭킹」를 소개 해 ...
blog.naver.com
​"
홍대 놀거리 추천 팝업스토어 '카카오프랜즈샵' 방문후기,https://blog.naver.com/93leek/224351700884,-주소: 서울 마포구 양화로 162 좋은사람들빌딩 -운영시간: 매일 10:30~22:00 -연락처: 02-6010-0104 -주차장: 없음 안녕하세요 ㅎㅎ 오늘 포스팅해볼 글은 홍대에서 놀만한 곳인 '카카오프랜즈샵' 방문후기입니다 ㅎㅎ... ,우렉크의 이야기,https://blog.naver.com/93leek,20260720,마포구 팝업스토어,"카카오프렌즈 홍대플래그십 스토어
서울특별시 마포구 양화로 162 좋은사람들빌딩 1~3층
-주소: 서울 마포구 양화로 162 좋은사람들빌딩
-운영시간: 매일 10:30~22:00
-연락처: 02-6010-0104
-주차장: 없음
​
​
안녕하세요 ㅎㅎ 오늘 포스팅해볼 글은 홍대에서
놀만한 곳인 '카카오프랜즈샵' 방문후기입니다 ㅎㅎ
​
​
매장입구에 운영시간도 표기되어있으니
운영시간 미리 확인은 필수 ㅎㅎ
​
​
층별 안내도 있는데 카카오프랜즈샵은
건물 1~2층이랍니다 ㅎㅎ
​
​
카카오프랜즈샵의 1층 전경입니다 ㅎㅎ
​
​
카카오프랜즈샵이라는 이름답게
다양한 카카오프랜즈 굿즈를 판매한답니다 ㅎㅎ
​
​
귀염뽀짝한 작은 인형들부터 시작해서
​
​
큼지막한 대형인형들도 판매하고 있었답니다 ㅎㅎ
​
​
여기저기 데코할수 있는 스티커들 ㅎㅎ
​
​
평소 적는것을 좋아하는 사람들에게
관심갈만한도 노트도 있답니다 ㅎㅎ
​
​
여기저기 쓰임새가 많은 따수운 담요들도 있답니다
​
​
MBTI가 J인 사람들에게 딱인 다이어리와
달력도 있었답니다 ㅎㅎ
​
​
카카오프랜즈샵에는 포토존도 있어서 다양한
물품구경하다가 사진도 찍을수 있답니다 ㅎㅎ
​
​
야구를 좋아하는 사람으로 너무 마음에 들었던 굿즈
​
​
가방에 달고 다니기 좋은 인형키링도 있답니다 ㅎㅎ
​
​
인형키링뿐만 아니라 피규어키링도 있어요 ㅎㅎ
​
​
요즘 카카오프랜즈에서 핫한 캐릭터가 춘식이라
그런지 춘식이 굿즈가 제일 많더라구요 ㅋㅋ
​
​
집에 인테리어용으로도 좋은 카카오프랜즈 쿠션 ㅎㅎ
선물용으로도 좋아보였어요 ㅎㅎ
​
​
카카오프랜즈샵의 2층으로 올라갈수 있는 계단 ㅎㅎ
​
​
개인적으로 1층보다 2층이 훨씬 넓은 느낌 ㅎㅎ
​
​
2층에도 역시 카카오프랜즈 포토존이 있답니다 ㅎㅎ
​
​
뿐만 아니라 2층에도 대형인형도 있었어요 ㅎㅎ
​
​
여기에도 J들에게 딱인 다이어리가 ㅋㅋㅋ
​
​
꿀잠자기 딱좋은 아이템인 수면안대와 잠옷들
요거 탐나더라구요 ㅋㅋ
​
​
씻을때 유용할거 같은 세면 머리띠와 샤워볼도
있는데 이런 제품까지 있어 놀랐답니다 ㅋㅋ
​
​
머그컵과 텀블러도 있는데 텀블러파로써
텀블러 짱짱짱!! ㅎㅎㅎ
​
​
어린아이들이 엄청 좋아할거 같은 식기류도 있더라구요
​
​
귀염귀염한 카카오프랜즈 캐릭터 양말들 ㅎㅎ
​
​
집에서 신고다니기 좋은 실내용 슬리퍼도 있어요 ㅎㅎㅎ
​
​
뭔가 레고 느낌의 굿즈도 있었는데 특이한 느낌 ㅋㅋ
​
​
다양한 키링이 2층에도 있는데 키링성애자로
정신을 못차리고 구경했답니다 ㅎㅎ
​
​
주차번호판도 있는데 귀엽게 차를 꾸미기 좋아보였어요
​
​
차량의 쾌적함을 책임지는 차량방향제도 있어요 ㅎㅎ
​
​
2층에는 딱 적당한 크기의 인형들도 많이 있었답니다
​
​
캐릭터 방석도 있는데 이거 쓰면 관종이겠죠?!
(하지만 탐나기는 함 ㅋㅋㅋ)
​
​
우산도 있었는데 개인적으로는 미니우산 디자인이 취저
​
​
각종 캐릭터필기구들도 있었답니다 ㅎㅎ
​
​
그이외에도 다양한 굿즈들을 판매하고 있었는데요 ㅎㅎ
​
​
침실에 두면 좋을것 같은 무드등도 있구요 ㅎㅎ
​
​
방에 인테리어용으로 두면 좋을거같은 스노우볼,
피규어, 레고 등도 있었답니다 ㅎㅎ
​
​
마지막으로 현대인들의 필수템인 보조베터리 ㅎㅎ
이것도 갠적으로 엄청 탐났답니다 ㅎㅎ
​
​
​
​
홍대에 위치한 카카오프랜즈샵을 방문한 소감은
카카오프랜즈 캐릭터를 좋아하는 분들은
꼭한번 방문해볼만한 곳이었답니다 ㅎㅎㅎ
​
카카오프랜즈샵답게 카카오프랜즈 캐릭터들이
박혀있는 제품들이 가득하다는 점에서
귀여운 제품을 좋아하는 사람들에게는
선호도가 높을거 같았습니다 ㅎㅎ
​
단순한 굿즈 뿐만이 아니라 실용적인 제품도
많이있어서 여러모로 홍대왔을때 시간보내기 좋은
카카오프랜즈샵 방문을 추천드립니다 ㅎㅎ
​
​"
[서울 홍대]주술회전 팝업스토어 후기,https://blog.naver.com/xverryx/224350344655,위치 서울특별시 마포구 양화로 188 AK PLAZA 홍대 4층 LIMITION 기간 26.06.19 - 07.16 목요일까지 현재는 종료 주술회전 사멸회유 팝업스토어 후기 8월9일까지 진행중 ⬇️⬇️⬇️ 언제 와도 항상 사람이 많은... ,하꼬 블로거,https://blog.naver.com/xverryx,20260718,마포구 팝업스토어,"주술회전 팝업스토어 by MAPPA X SMG
서울특별시 마포구 양화로 188 AK PLAZA 홍대 4층 LIMITION
위치
​
서울특별시 마포구 양화로 188 AK PLAZA 홍대 4층 LIMITION
​
​
기간
​
26.06.19 - 07.16 목요일까지
현재는 종료
​
주술회전 사멸회유 팝업스토어 후기
8월9일까지 진행중 ⬇️⬇️⬇️
[서울]주술회전 사멸회유 팝업스토어 방문후기(스탬프랠리 도장받는법, 특전)
(방문일시 26.07.31) 기대하고 고대하던 주술회전 사멸회유 팝업스토어 방문기 시작합니다~~~!! 위치 서울...
m.blog.naver.com
​
언제 와도 항상 사람이 많은 홍대 AK플라자!
​
주술회전 팝업스토어를 하고 있다고 해서 구경 겸 들러봤습니다.
​
이때가 좋았다........
​
비주얼 하나는 정말.. 맛있습니다....
​
감자도리 표정이 이만저만이 아니구만...
​
굿즈는 이미 털릴 대로 털려있었어요 ㅋㅋ큐ㅜ..
아쉽지만 잔여 굿즈 사진이라도 찍고 갑니다.
​
감자도리 인형만 가득 있는 것 보소ㅋㅋㅋㅋㅋ..
​
주술회전 굿즈 말고도 다른 굿즈들도 있었어요~
재밌게 봤던 단다단 굿즈, 진격거, 오늘부터 신령님, 괴수 8호 등등의 굿즈들도 소소하게  있었습니다.
​
​
팝업은 끝났지만 다른 잔여 굿즈들 계속 판매하는 것으로 보아 주술회전도 대형 판넬은  정리하고 남은 굿즈만 판매할 거 같네요.
​
​
​
​
​
끝! 좋은 하루 보내세요!"
전지적독자시점 오피셜 팝업 스토어 &amp; 콜라보 카페 :  한여름의 유람....,https://blog.naver.com/yam_durian/224347826328,&lt;전지적 독자 시점&gt; 오피셜 팝업 스토어 &amp; 콜라보 카페 : 한여름의 유람 행사기간: 26.07.31(금) ~ 08.17(월) 행사위치: 서울 마포구 성미산로 151-1 행사내용은 아래 트위터에서 ⬇️ 운영 시간 | 11:00~20:00 사전... ,취미기록장입니다 구경옵셔,https://blog.naver.com/yam_durian,20260715,마포구 팝업스토어,"​
<전지적 독자 시점>
오피셜 팝업 스토어 & 콜라보 카페 :
한여름의 유람
​
📍
행사기간
:
26.07.31(금) ~ 08.17(월)
​
📍
행사위치
:
서울 마포구 성미산로 151-1
굿즈모먼트
서울특별시 마포구 성미산로 151-1 1~4층
​
​
행사내용은 아래 트위터에서 ⬇️
X의 전지적 스타스트림님(@OmView_official)
웹툰 【전지적 독자 시점】 공식 계정. '전지적 스타스트림'은 굿즈, 행사 등 성좌님들을 위한 이벤트 소식을 알려드립니다! 레드아이스 스튜디오에서 운영하는 공식 채널입니다.
x.com
​
​
​
​
​
운영 시간
| 11:00~20:00
사전 예약
| 7/22(수) 18:00 예약 오픈
예약 페이지⬇️
굿즈모먼트 : 네이버
방문자리뷰 1,065 · 블로그리뷰 62
zrr.kr
​
​
MD LIST
​
​
유중혁 생일맞이겸 팝업 콜라보카페가 열리나봅니다
​
오 김독자 컴퍼니 아크릴 38000원..?
실제로 보면 크기랑 느낌이 어떨지 궁금하네요!
​
​
​
​
앉은 피규어 전에 못보던 것 같은데
이번에 새로나오는 굿즈들이 많네요
​
아크릴 글리픽 여름에 맞춰서 나온 서머 스트림 귀엽습니다~
야구 유니폼도 독자 수영 중혁 이렇게 세가지 나왔네요
실물 궁금합니다!
​
​
​
​
​
족자, 아크릴, 포스터도 좋을 거같고 실물 보고와야겠습니다 :)
​
​
예약자, 구매금액별 특전도 준비되어있습니다
비유 부채 너무 귀엽 ♡
​
굿즈구경 ٩꒰｡•◡•｡꒱۶
용산 도파민스테이션 간략구경ㅣ치이카와팝업 모펀스토어 니케수묵화 별정직공무원 4주애인
치이카와 팝업은 현장 예약만 되어서 대기 걸어 놓았는데 거의 두 시간 이상 기다려야 해서 결국 포기하고 ...
m.blog.naver.com
홍대 애니메이트(1)ㅣ하이틴 에이스테 굿즈 구경✨
📍전시일정 2026.06.27 ~ 07.19 수아 미지 너무 예뻐요 ㅜㅜ 루카 너드남 ㅋㅋㅋㅋ 의외로 잘 어울리는거...
m.blog.naver.com
망나니 pd 아이돌로 살아남기 팝업 후기ㅣ향수는 시향하러 꼭 가보세요!
예약페이지 및 굿즈 소개는 위 링크에 ⬆️ 저녁타임에 보러가서 수량이 많이 빠졌을까 했는데 아직은 넉넉...
m.blog.naver.com
홍대 애니메이트 간략 구경 (2)ㅣ박하사탕콜카, 산가지는 도깨비의 꿈을 꾼다, 체인소맨카페, 주술회전, 묘냥이와 멍구팝업
사진이 너무 많아서 나눠서 올리게되네뇨 ㅜ 새로 시작한 팝업카페나 이벤트가 많아서 소개겸 올려봅니다 ...
m.blog.naver.com"
홍대 가볼만한 곳 | 홍대팝업 |추억의 장난감 엔젤이 팝업스토어 탐....,https://blog.naver.com/shyun9347/224347402248,"어렸을적 크리스마스 선물로 받고 정말 좋았던 기억이 있는 &lt;엔젤이 팝업스토어&gt;가 홍대 AK플라자에 열렸다고 해서 다녀왔어요 서울 마포구 양화로 188 (동교동, 애경타워) AK PLAZA 홍대 1층) 26.07.03.(금) ~ 07.16.... ",얼굴 찌푸리지 말아요,https://blog.naver.com/shyun9347,20260715,마포구 팝업스토어,"Previous image
Next image
어렸을적 크리스마스 선물로 받고
정말 좋았던 기억이 있는
<엔젤이 팝업스토어>
가
홍대 AK플라자
에 열렸다고 해서 다녀왔어요🪽
​
서울 마포구 양화로 188
(동교동, 애경타워) AK PLAZA 홍대 1층)
​
26.07.03.(금) ~ 07.16.(목)
​
평일 11:00 - 22:00
주말 10:30 - 22:00
수호천사 엔젤이 팝업 : 네이버
방문자리뷰 2 · 블로그리뷰 18
m.place.naver.com
​
​
추억을 떠올릴 수 있는 공간들이 곳곳에 꾸며져 있고,
포토존
도 여러 곳 있어서 사진 찍기 좋았고,
​
최애의 엔젤이에게 투표
하는 공간도 있었어요.
좋아했던
비밀일기장 엔젤이
에게 투표했답니다🩷
수많은 스티커에 가려진 곳 보이시죠!
​
​
Previous image
Next image
가장 재미있었던 건
운세를 뽑아주는 기계
였는데요.
버튼만 누르면 랜덤 운세 스티커가 나오더라구요~
​
저는
“오늘 얼굴 꽤괜”
이라는 결과가 나왔고ㅋㅋ
언니는…
“힝입니다.”
가 나와서 한참 웃었어요😂
​
​
Previous image
Next image
굿즈존도 있었는데요. 생각보다 다양한 제품들이 준비되어 있어서
구경하는 재미가 쏠쏠했습니다.
​
티셔츠, 인형, 스티커, 북파우치, 뱃지, 마스킹테이프, 키링, 담요, 컵홀더 등
메뉴판
첨부해드릴게요 :)
​
저는 고민하다 다이어리용 스티커 한 장 구매했어요🪽
​
가짓수는 적지만 더미미스토어에서 온라인 구매도 가능하다고 해요
더미미스토어 : 네이버 스마트스토어
장난감을 가지면 행복해집니다
m.smartstore.naver.com
​
어릴 때 좋아했던 엔젤이!
팝업에서 추억 여행 어떠세요~?
​
​
​
#홍대팝업스토어
#홍대가볼만한곳
#AK플라자
#엔젤이팝업
#엔젤이
#엔젤이비밀일기장
#추억의장난감
#추억여행
#90년대감성
#레트로감성
#캐릭터팝업
#서울팝업
#홍대데이트
#홍대놀거리
#더미미스토어
#굿즈샵
#캐릭터굿즈
#서울가볼만한곳
​
​"
홍대 귀칼 무한성 팝업 특전 귀멸의 칼날 포토카드 가챠,https://blog.naver.com/rlarlxo0930/224346754605,극장판 귀멸의 칼날 무한성편 팝업스토어 서울 마포구 양화로 188 AK PLAZA 4F LIMITION 기간 2026.07.07 ~ 2026.08.02 오늘은 귀칼 무한성 팝업 행사를 하고 있다는 소식을 듣고 굿즈 보러 다녀왔어요. 위치는 홍대... ,Achamtae cultural life,https://blog.naver.com/rlarlxo0930,20260714,마포구 팝업스토어,"극장판 귀멸의 칼날 무한성편 팝업스토어
서울 마포구 양화로 188 AK PLAZA 4F LIMITION
기간 2026.07.07 ~ 2026.08.02
오늘은 귀칼 무한성 팝업 행사를 하고 있다는 소식을 듣고 굿즈 보러 다녀왔어요.
위치는 홍대 AK플라자 4층 리미션에서 진행 중입니다.
​
​
이번 홍대 귀칼 팝업에서는 많은 분들이 기다리셨던 상현 굿즈를 만나보실 수 있는데요.
그 중에서 마우스 장패드가 특히 눈에 띄었어요.
무한성편 배경으로 디자인이 잘 뽑혔습니다.
​
귀멸의 칼날 일러가 예쁘다 보니 포스터 관련 굿즈가 많이 보이더라고요.
달력도 있고 몇몇 인기 제품은 특전 구매 금액에 포함되지 않는다는점 참고하세요.
​
​
카드 지갑 같은 실용적인 굿즈도 있습니다.
레더 소재로 귀살대 주 옷 특징을 잘 표현했어요.
맥세이프 케이스는 디자인이 깔끔하게 나와서 데일리하게 활용하기 좋은 느낌입니다.
​
​
홍대 귀칼 팝업에 요즘 유행하는 키캡 굿즈도 있더라고요.
항상 인기가 많은 귀멸의 칼날 일륜도 키링은 옷이랑 같이 세트로 나왔고 이번에도 역시나 품절을 기록하네요.
​
​
아크릴 굿즈도 잘 나왔어요.
키링 전부 모아서 인테리어 소품으로 전시해둬도 예쁠 것 같아요.
아크릴 스탠드는 여러가지 디자인이 있으니 취향에 맞게 가시면 되겠습니다.
​
​
애니 굿즈하면 랜덤 상품을 빼놓을 수 없죠.
저는 귀멸의 칼날 포토카드 가챠를 해봤어요.
가격은 4,000원으로 한 팩에 두 장씩 들어 있었습니다.
​
바로 언박싱했는데 젠이츠랑 시노부가 나왔네요.
개인적으로 둘 다 좋아하는 캐릭터라서 아주 만족입니다.
​
​
귀칼 팝업 구매 이벤트도 진행 중인데 스티커가 제공되고 3만원 충족 시 랜덤 무비 티켓을 받아보실 수 있습니다.
​
그리고 팝업 내부에 배치된 유시로를 찾아 특전으로 받은 눈가림 부적 스티커와 함께 사진 촬영 후 SNS 업로드하면 경품 추첨 기회가 주어진답니다.
​
​
극장판 무한성편 영화 속 장면들을 액자로 담아내 사진전 느낌으로 전시해둬서 구경하는 재미가 또 쏠쏠했어요.
귀칼 팝업스토어 포토존도 잘 꾸며놓은게 인증샷 찍으며 추억 남겨보셔도 되겠습니다.
​
​
QR 스캔을 통해 재고 파악이 가능하니 확인 후 방문하면 효율적으로 이용할 수 있겠죠.
​
오늘은 이렇게 홍대 귀멸의 칼날 팝업 후기를 남겨봤는데 이번 극장판 무한성편을 재밌게 본 분들은 참고해보셔도 좋을 것 같아요~^^
​
​
귀멸의 칼날 팝업 @홍대
서울특별시 마포구 양화로 188 (동교동, 애경타워) AK PLAZA 홍대 4층 LIMITION
​"
"아일릿 민주, 첫사랑 감성 담은 팝업 스토어 현장 포착",https://blog.naver.com/sunhoo272/224345995014,"순수한 매력, 홍대 팝업 스토어를 물들이다 아일릿 민주가 7일 오후 서울 마포구 홍대타운에서 열린 한 브랜드 팝업스토어 오픈 행사에 참석해 독보적인 존재감을 드러냈다. 이날 민주는 특유의 청량하고 풋풋한... ",BBC 미디어센터,https://blog.naver.com/sunhoo272,20260714,마포구 팝업스토어,"순수한 매력, 홍대 팝업 스토어를 물들이다
아일릿 민주가 7일 오후 서울 마포구 홍대타운에서 열린 한 브랜드 팝업스토어 오픈 행사에 참석해 독보적인 존재감을 드러냈다
.
이날 민주는 특유의 청량하고 풋풋한 매력으로 현장을 가득 채우며 팬들의 시선을 사로잡았다
.
그녀의 등장만으로도 행사장 분위기는 한층 고조되었으며, 첫사랑을 떠올리게 하는 순수한 눈빛은 많은 이들에게 깊은 인상을 남겼다
. 아일릿 멤버로서 글로벌 인기를 누리고 있는 민주는 이날 행사에서도 변함없는 인기를 실감케 했다
.
​
​
아일릿의 글로벌 인기, 민주의 영향력
아일릿은 데뷔곡부터 히트곡 행진을 이어가며 국내외에서 뜨거운 사랑을 받고 있다
. 특히 멤버 민주는 팀의 인기를 견인하는 핵심 멤버로서, 그녀의 다채로운 활동은 그룹의 글로벌 팬덤 확장에 크게 기여하고 있다.
이번 팝업 스토어 참석 역시 민주의 높은 인기를 방증하는 사례로, 그녀가 가진 파급력을 다시 한번 확인시켜 주었다
. 앞으로도 민주와 아일릿이 보여줄 활발한 활동에 귀추가 주목된다.
​
​
첫사랑의 아이콘, 민주의 순간들
행사장에서 민주는 다채로운 포즈를 취하며 팬들과 소통했다.
그녀의 자연스러운 모습 하나하나가 마치 화보의 한 장면처럼 느껴졌다
. 맑고 투명한 피부와 생기 넘치는 표정은 '첫사랑'이라는 수식어가 왜 그녀에게 붙는지 여실히 보여주었다.
아일릿으로서 무대 위에서의 카리스마 넘치는 모습과는 또 다른, 인간 민주의 매력을 엿볼 수 있는 소중한 시간이었다
. 팬들은 그녀의 등장에 환호하며 뜨거운 응원을 보냈다.
​
​
아일릿 민주, 팝업 스토어 현장 요약
아일릿 민주가 홍대 팝업 스토어 행사에 참석해 '첫사랑' 같은 순수한 매력을 발산했다. 아일릿의 글로벌 인기를 이끄는 민주는 이날 행사에서도 팬들의 뜨거운 호응을 얻으며 그녀의 높은 인기를 다시 한번 증명했다.
​
​
아일릿 민주에 대해 궁금하신 점들
Q.아일릿 민주가 참석한 팝업 스토어는 어떤 브랜드인가요?
A.기사에 명시된 브랜드 정보는 없으나, 민주의 참석으로 보아 대중적인 브랜드일 것으로 예상됩니다.
​
Q.아일릿의 히트곡에는 어떤 것들이 있나요?
A.아일릿은 데뷔곡 'Magnetic'을 비롯해 다양한 히트곡으로 글로벌 팬들의 사랑을 받고 있습니다.
​
Q.민주의 '첫사랑' 같은 매력이란 구체적으로 무엇을 의미하나요?
A.순수하고 풋풋하며, 맑고 깨끗한 이미지를 가진 모습을 '첫사랑'에 비유하여 표현한 것입니다.
​
​
​
​
​
​"
8살에 라테일했던 아기가 20주년 라테일 팝업스토어(서울 마포구)를 ....,https://blog.naver.com/wishfor_/224344106034,사실 라테일이 벌써 20주년이라는 것과 마포에서 팝업한다는 것도... 마포구에 '스페이스비'로 갔는데 벌써부터 마음이 몽글함. 넘... 예쁘네요 팝업스토어에서.. 스티커와 자석마그넷 등등을 획득했답니다... ,"Calmer, happier, smoother.",https://blog.naver.com/wishfor_,20260713,마포구 팝업스토어,"​
내돈내산 인증
방문
라테일 20주년 팝업스토어
서울특별시 마포구 동교동 148-12
더보기
라테일 20주년 팝업스토어 예약
2026.07.
예약
소싯적에 정말정말 애기때, 다른 친구들은 다른 게임하고 있을 때 나는 라테일을 주구장창하는 아이였는데
초등학생이었던 내가 8~9살에 라테일을 했었는데.. 2~3년을 진짜 열심히하고 너무 즐거워했고 지금 20대가 되서도 마음 한켠에 계속있는 소중한 추억이었던 게임이... 올해 20주년을 맞이했다네요
​
7월 3일부터 5일까지 진행했고
3일 금요일은 네이버 예약만, 4일 토요일은 네이버 예약자 + 현장대기, 5일 일요일은 현장대기만해서 가능!!! 그래서 저는 예약으로 다녀왔답니당.
​
​
​
라테일 20주년 팝업스토어
서울특별시 마포구 동교로30길 21 스페이스비 연남
사실 라테일이 벌써 20주년이라는 것과 마포에서 팝업한다는 것도 몰랐는데 갑자기 어쩌다보니 인스타에서 우연찮게 알고리즘 타고 발견하며..
너무너무 좋아했던 게임이었고 즐거운 마음에 너무 가고 싶었어요 그리고 또 첫 팝업이래요!!! 근데 이제 팝업 예약에 5시30분에 딱 한자리 남아서,,, 어쩌다보니 얼레벌레 예약에 성공했다가 가게됐다네요...
​
​
마포구에  '스페이스비'로 갔는데
벌써부터 마음이 몽글함. 넘 울컥했어요.
너도 나도 우리 둘다 나이를 먹는구나 ㅠ....
​
​
​
네이버 예약자 한정으로 들어올 수 있었나봅니당.
사실 5시30분 넘어서 왔는데도 들어올 수 있었어요
오면 이제 도장스탬프하고 종이와  라테일 시그니처 프리링 부채를 받고 팝업 스토어 구경 레츠기릿.
​
​
게임 첫 시작 할때 만나는
벨로스 대표 NPC 아세스를 만다나디
언니 여기서 만나니까 넘반가와요... ><
​
​
​
프리링 인형 굿즈도 판매했는데
왜.
벌써 품절이냐고
샤갈
​
​
​
헤드셋을 끼고 최애 플레이리스트를 고르는건데 히히.
너무 오랜만에서 들어서 그런가 메인테마 말곤 거의 다 처음 듣는 브금들이. ㅜㅜㅜ
업데이트를 너뭄 많이하셨나봐요 라테일..
그래서 마음속 1위는 메인테마 may be happy 로 선정!!
​
​
​
이게 다 직업군인가... 맞는듯
내가 마지막으로 했을때 소울리스원 나오고 카드마스터가 마지막으로 나오고
그 뒤로는 모르겠습니다.........
​
TMI로는 옌님은 탐험가-트레져헌터(2차전직) 했다가 접고
다시 마법사로가서 아크메이저까지 했다가 다른 계정파서 파픈도하다가 또 바꿔서 마지막으로 다시 근본이었던 탐험가다시해서 프라이쉬츠까지 203레벨인가... 까지하고 접었답니다
총쏘는게 너무 멋있었음.
​
​
프리링왜이렇게생겼어
귀엽네
조에!!!랑 누구더라... 미안해
오랜만이야
​
​
이제 1층은 다 구경했고 2층으로 올라가면 다른게 있다고해서 올라가봤어욤
​
와펜 키링 2종을 고를 수가 있었는데..
프리링이랑 인기 있는 친구들은 다 품절이었어요 ㅜㅠㅠㅠ,, 넘 늦게와서 그론가...
​
​
​
​
그리고 사진도찍으라는데
진짜 개밤티.
그치만 프리링과 함께라면 찍습니다
​
​
라테일 일러스트는 다 귀여운거 같아욤
근데 직업군이 너무 많아서 뭐가뭔지도 모르겠슨
​
​
프리링 도장있길래 찍어봤어요 넘 귀여워요
​
​
그리고 라테일이랑 헤비???........................ 라는거랑 콜라보했다는데 잘 모르겠어요
약간 최애의 아이 느낌 아이돌 그런느ㅡ낌같은데암튼.
​
닉네임써서 포토카드도 만들 수 있대요!! 그래서 만듬
사실 라테일 닉네임은 '기다림' 이었는데....
그치만 지금은 그 닉네임을 안써서..
​
블로그 닉넴으로 햇어요 ㅎㅎ
아이돌이 된 이리스인가 뭔가 예쁘네요
​
팝업스토어에서.. 스티커와 자석마그넷 등등을 획득했답니다
((누군가가 사주심))
스템프도 다 찍었구 넘 귀여워요
​
스티커도 귀여움
​
ㅍㄹㄹㄱㅇㅇ
​
​
마지막으로 어릴적 추억을 성인이 되서도 팝업을 통해서 잠시나마 추억을 회상하기 넘 좋았구 비록 팝업이 큰 규모는 아니었어서 아쉬었지만 귀엽고 구경하기 좋았어욤.
그리고 나두... 다른 네이버 계정으로 라테일포스팅도 열심히 했었는데@!!!!!! 그 계정을 폭파시켜버렸어요.
너무 아까워요 증말.
추억이 날라갔지만 그래도 즐거웠습니당."
수호천사 엔젤이 팝업 스토어 | 현장예약 오픈런 후기 | 홍대 ak 플라....,https://blog.naver.com/adansonia_/224343784864,수호천사 엔젤이 팝업 스토어 대답해줘 엔젤아 방문 후기 주소: 서울 마포구 양화로 188 ak 플라자 1층 방문일: 2026년 7월 7일 / 8일 이틀 귀엽고 레트로한 디자인을 강조하는 포토존이 있었다. 저 레트로... ,먹고 걷고 적고,https://blog.naver.com/adansonia_,20260712,마포구 팝업스토어,"​
수호천사 엔젤이 팝업
서울특별시 마포구 양화로 188 (동교동, 애경타워) AK PLAZA 홍대 1층
AK PLAZA 홍대
서울특별시 마포구 양화로 188
수호천사 엔젤이 팝업 스토어
대답해줘 엔젤아
방문 후기
주소:
서울 마포구 양화로 188 ak 플라자 1층
방문일: 2026년 7월 7일 / 8일 이틀
귀엽고 레트로한 디자인을 강조하는 포토존이 있었다.
저 레트로 화면에서 레트로한 스티커를 뽑아 주신다
운세 스티커인데 너무 귀엽다
7월 7일에 방문했을 때는 봉제인형밖에 없었다 거의..
인기가 넘쳐나서 다 털린 엔젤이 팝업..
7월 8일에 다시 갔을땐 품목이 많이 늘어나 있었다.
​
품목 가격
엔젤이 접이식 스트링백 17000원
엔젤이 2in1 컵홀더 8000원
엔젤이 멀티 여권 파우치 15000원
엔젤이 날개 파우치 10000원
태닝 엔젤이 인형 키링 19000원
엔젤이 얼굴 키링 4종 6000원
엔젤이 포토카드 홀더 13000원
엔젤이 후드 담요 28000원
엔젤이 자수 뱃지 세트 9000원 (3개입)
엔젤이 양면 거울 4000원
엔젤이 티셔츠 (손그림 / 엔젤폰 2종) 18000원
터치 엔젤폰 클릭커 11000원
내맘대로 스티커 메이커 35100원
엔젤이 21cm 인형 26100원
비밀일기장 북파우치 25200원
엔젤이 인형 키링 4종 19000원
엔젤폰 인형옷 11000원
엔젤이 증명사진 홀더 키링 10000원
엔젤폰 아크릴 키링 7000원
엔젤이 자수뱃지 3000원
엔젤이 판스티커 4000원
엔젤이 라벨스티커 3000원
엔젤이 펄 마스킹 테이프 (2종) 5000원
엔젤이 카드스티커 4개입 5000원
엔젤이 떡메모지 2종 2000원
엔젤이 부채도 오후엔 품절나서 배포되지 않고 엔젤이 구매 특전 랜덤카드도 소진이었고 럭키드로우(뽑기 이벤트)도 안 한다고 했다.
7일엔 품목이 너무 없어서 슬펐으나 8일엔 많이 들어왔고
인스타 스토리로 입고 소식이 계속 올라오니 주시하면 된다
근데 화난 엔젤이 인형 키링은 진짜 인기 품목이라 이틀 내내 구할 수 없었다
추억 속 친구인 줄 알았는데 지금도 나의 친구인 엔젤이
오래 함께하자~
귀엽고 레트로하고 무해하고 순진하고 폭신한 그런 이미지가 좋다.
어릴 때 같이 놀던 순진한 내 친구 느낌
귀여운 엔젤..
뱃지가 의외로 맘에 들었다
보통 캔뱃지 굿즈류는 그냥 프린팅 되어있는건데 엔젤이 굿즈는 자수여서 질감이나 느낌이 더 좋고 레트로한 느낌이 산다.
화난 인형 키링을 언젠간 구하고 싶다.."
묘냥이와 멍구 팝업 스토어 | 현장예약 오픈런 후기 | 홍대 ak 플라자....,https://blog.naver.com/adansonia_/224343764353,주소: 서울 마포구 양화로 188 (동교동) AK 플라자 1층 묘냥이와 멍구 팝업 방문기 2026년 7월 7일 11시... 사랑스러워 팝업스토어 전체적으로 아기자기하게 꾸며져있어서 보는 재미도 있었다. 계산대는... ,먹고 걷고 적고,https://blog.naver.com/adansonia_,20260712,마포구 팝업스토어,"묘냥이와 멍구 팝업스토어
서울특별시 마포구 양화로 188
AK PLAZA 홍대
서울특별시 마포구 양화로 188
주소: 서울 마포구 양화로 188 (동교동) AK 플라자 1층
묘냥이와 멍구 팝업 방문기
2026년 7월 7일
11시 오픈인데 10시 반쯤 도착했던 거 같고 벌써 줄이 있었다
오픈하니 바로 입장이었고 사전예약 따로 없고 현장예약이었다
토끼풀 빌라 주민들은 묘냥이, 멍구, 시루, 아나스타샤.
부끄, 밤송, 밤톨이 거주중인 것 같다.
죽은 눈의 묘냥이가 더 인기가 많을 줄 알았는데
눈이 초롱초롱한 멍구가 더 인기가 많았다 (마스코트 키링 품절 기준)
서로를 흉내내는 묘냥이와 멍구
품목 가격
묘냥 / 멍구 기본 마스코트 키링 14000원
묘냥 / 멍구 코스튬 마스코트 키링 19000원
묘냥 / 멍구 중형 30CM 시팅 인형 36000원
늘어나요 롱 펜케이스 묘냥 19000원
행복한 얼굴 포쉐트 멍구 26000원
묘냥 / 멍구 스트링 파우치 15000원
랜덤 아크릴 키링 8종 7000원
(묘냥/멍구/코스튬 묘냥/코스튬 멍구/아나스타샤/시루/밤송 밤톨/부끄)
랜덤 업무용 마그넷 6종 7500
묘냥 멍구 키캡 4종 세트 22000 (키캡 키링 부자재 포함)
다이컷 얼굴 마우스패드 멍구 / 묘냥 6500
엽서 + 조각스티커 세트 6종 2500원
성실 / 불성실 스티커 2종 3500원
반소매 티셔츠 묘냥/ 멍구 (M / L ) 32000원
누들스토퍼 15000원
이어폰 줄감개 키링 9000원
모니터 메모보드 14000원
쉐이커 키링 12000원
스티커팩 8개입 5000원
포토카드 아크릴 스탠드 15000원
맥세이프 전용 스마트톡 묘냥 / 멍구 15000원
아크릴 카라비너 묘냥 / 멍구 8000원
랜덤 아크릴 디오라마 3종 9000원 (묘냥+멍구 / 아나스타샤+시루 / 밤송 밤톨 부끄)
7월 7일 기준 입고가 된 모양인지 제법 풍족했으나
코스튬 마스코트 멍구는 거의 없었다. 거의 마지막 거를 겟했다.
비닐을 안 씌우고 파는 인형은 처음 봤다.
보들보들
초롱초롱 멍구
죽은 눈의 묘냥
기본 마스코트 키링들
롱 펜케이스 저것도 품귀 현상을 빚고 있다
커피를 마시는 죽은 눈의 묘냥
티셔츠
키캡도 귀엽다
랜덤 마그넷
초롱초롱 귀여운 멍구
죽은 눈의 묘냥과 초롱초롱 멍구 조합이 좋다
찌든 직장인 인
말도 안되는 가격이 판치는 문구류  굿즈 세상인데
엽서랑 조각스티커 세트가 2500원이라는건 꽤 괜찮아보였다
디자인도 귀엽고
마우스패드
사랑스러워
팝업스토어 전체적으로 아기자기하게 꾸며져있어서 보는 재미도 있었다.
계산대는 관리사무소 ㅎㅎ
아크릴 굿즈도.. 봉제 굿즈도 귀여워..
묘냥, 멍구 말고도
시루 아나스타샤 밤송+밤톨 부끄 다 귀엽고 개성있어서
정신 차리면 여기서 한 30만원 쓸 거 같다
요새 아크릴 쉐이커라는게 유행이라 큰일이다
다 너무 귀엽다..
11시 20분? 즈음 나와서 보니 벌써 예상 웨이팅이 91분이었다
인기가..
다양한 이벤트도 진행하고 있다.
탐나는 아이템만 가득..
​
사랑스러운 멍구들을 대거 데려왔다..
묘냥이와 멍구를 보면
화려하지 않고 단순한 디자인 속에 궁극의 귀여움이 있음을 느낀다..
​
​"
[화산귀환 팝업스토어] 웹화귀가 돌아왔다,https://blog.naver.com/reeeng9/224343715886,기념 팝업스토어 입니다 &lt;기획전 정보&gt; [기간] 26.05.01 ~ 26.05.17 [장소] 서울 마포구 성미산로 151-1(굿즈모먼트) 4층 스페셜 팝업 플로어 [운영시간] 12:00 - 20:00 굿즈모먼트 라는 건물엔 처음 와봤습니다 원래도... ,렝8렝9,https://blog.naver.com/reeeng9,20260711,마포구 팝업스토어,"​
저는 화귀 ost 중에 만개화를 제일 좋아해요
​
​
​
​
​
​
​
​
렝하🫪
​
오늘은 전시회에 갑니다
(올~ 교양있는 양~)
​
​
​
​
​
​
​
​
^^*
​
정말 교양 넘치죠
​
오늘 방문한 곳은 바로바로
화산귀한 복귀 기념 팝업스토어
​
입니다
​
​
​
​
​
<기획전 정보>
​
[기간]
26.05.01 ~ 26.05.17
​
[장소]
서울 마포구 성미산로 151-1(굿즈모먼트) 4층 스페셜 팝업 플로어
​
[운영시간]
12:00 - 20:00
​
​
​
​
​
굿즈모먼트
서울특별시 마포구 성미산로 151-1 1~4층
​
굿즈모먼트 라는 건물엔 처음 와봤습니다
원래도 씹덕굿즈를 파는 곳인 듯 한데요..
​
​
​
​
너무너무 기여운 호들요 친구들도 있고요..😍😍
​
호랑이 들어와요 라는 웹툰인데
너무너무너무너무 귀여우니 다들보셈
기초가 탄탄한 작화라서 눈이 호강하는 웹툰
​
​
​
​
​
제가 좋아하는 스파이패밀리두 있네요
​
​
​
​
​
이 웹툰 그림체는 익숙한데 잘 모르는 작품이라..
이 작품도 전시회 진행 중인가봐요
사실 제가 웹툰을 끊은지 꽤 오래됐습니다
그래서 요즘 작품은 잘 몰라요
​
제 웹툰 전성기는..
​
.. 말하면 연령대가 들통날 것 같아서 그만두겠습니다
​
​
​
​
​
이런공간도 있었어요..
아무래도 비엘 웹툰인 듯 함
부끄러우니 지나쳐줍니다
​
​
​
​
저희가 가야할 곳은 4층입니다
아주 커다란 현수막이 외벽에 걸려있어요
​
(
화산의 형제들 너뮈너뮈 멋지다…
)
O
o
​
​
​
​
​
​
1일부터 3일까지는 사전예약 방문자만 받습니다
그 이후는 현장예약 자율방문으로 운영한다고 함
​
저는 사전예약으로 2일에 방문했어요
제가 예약한 건 아니지만.. 그렇게 빡빡한 난이도는 아니었던듯 합니다.
의외로 사람이 없나..?
​
​
​
​
매화검존님을 뵙습니다
내부가 예쁘게 꾸며져 있어요
​
​
​
이렇게 포토존도 .. 있는데 ㅋㅋㅋ
뭔가 웃김
너무나도 부담스러운 크기..
​
​
​
​
흠..
오기전에 엠디리스트를 보고 오긴 했는데
딱히 사고싶은 건 없었어요
애초에 제가 오자고 한 것도 아니었지만..
​
어쨌든 화산귀환 저도 애정하는 작품이니
구경이나 해볼까~ 하고 방문
ㅎㅎㅎ
​
​
​
​
13시 예약 손님들과 함께 입장했습니다
내부가 넓진 않아서 줄서서 구경해야 했어요
느긋하게 감상은 못했다.~ 이 말씀
​
근데 위 사진 오른쪽에 보이시나요
등짝에
제육볶음의 효능
..이 써진 티셔츠를 입고계심
​
유익하시다..
​
​
​
​
​
의류 굿즈가 그나마 쓸모 있는데
이번에 나온 티셔츠는 너무 일코불가능 재질이라(..)
저는 별로 사고싶은 마음이 안들더라구요
​
저번에 스파오에서 콜라보한 옷들은 무난해서 예뻤어요
물론 저는 돈 없어서 안샀음
​
​
​
​
​
티비에서는 화귀 ost 뮤비 틀어줬고
반대쪽 벽에는 사원증같은 카드가 붙어있었어요
저거 뽑는 기계 있었는데 저는 안 뽑았어요
​
저번에 괴출 팝업갔을때 사원증 굿즈 뽑았는데..
어디 쳐박혀있음 ㅠㅠ
뽑아봤자 그럴것같아서..
​
Previous image
Next image
​
스티커 도장 아크릴스탠드 뱃지 등등..
여러가지 굿즈가 있었음
예쁘긴한데….
사실 요즘 이런 자질구레한 굿즈들 진짜 최대한 안사려고 노력하고 있습니다 .. ㅠㅠㅠㅠㅠ
​
​
​
피규어가 꽤 잘 나온듯
이설누나가 넘무 예뿜..
​
​
​
​
카메라 이슈로 눈뽕 ㅈㅅ합니다
그리고 인형들이 뭔 뚝배기에 담겨있음 (귀엽..)
​
아니근데 진짜 살 마음이 1도 없었는데
청명인형 하나 옆에 두면 감시받는 느낌이 날 것 같았음
결국 제 갈굼 대상으로 구매했습니다
​
​
​
그리고 또 눈독들인 굿즈 하나
월병전낭..
근데 생각보다 크기가 작아가지구 패스~
​
​
​
​
결국 구매한 것은 저 두 개 뿐이었답니다
​
내부에서 스탬프 찍고 이벤트도 하든데
너무 번거로워서 안했습니다 우하핫
​
​
​
🌸아무튼 웹화귀의 복귀를 축하합니다!!🌸
​
저는 소설로 500화 정도 읽었는데요
어우 저는 활자 체질이 아닌가봐요
재밌긴 한데 도저히 끝까지 못읽겠더라구요..
​
웹툰도 끊어가지고..
더이상 화귀가 어떻게 전개되고 있는지 알 길이 없지만
그래도 언젠가 한 번 확인 하리라 믿으며..^^
​
​
이미 인기 많지만
더 번성하길 바라겠습니다
리코팀도 파이팅^^
​
​
​"
"팝업스토어 인테리어, 바닥 시트 시공, 업체 선택이 완성도를 결정....",https://blog.naver.com/kangsby0035/224342302553,포스팅 요약 마포구 삼대오백 행사 팝업스토어 바닥 시트 출력 및 시공 진행 실내 공간 바닥 훼손... 서울 종로 중구 용산 성동 광진 동대문 중랑 성북 강북 도봉 노원 은평 서대문 마포 양천 강서 구로 금천... ,간판 제작 전문 강츠비,https://blog.naver.com/kangsby0035,20260711,마포구 팝업스토어,"📌 포스팅 요약
마포구 삼대오백 행사 팝업스토어 바닥 시트 출력 및 시공 진행
실내 공간 바닥 훼손 방지를 위한 포맥스 베이스 작업 적용
강츠비 — 디자인 제작부터 현장 시공까지 원스톱 진행
​
안녕하세요,
강츠비입니다.
​
간판과 사인물 제작부터
팝업스토어 공간 연출,
시트지 시공까지 브랜드의 공간을
완성해 드리는 업체입니다.
​
오늘은 마포구에서 진행한
삼대오백 행사 현장을
소개해 드리려 합니다.
​
피트니스 브랜드 삼대오백과
MXSSIVE의 콜라보 이벤트로,
넓은 실내 공간 전체를
팝업스토어 형태로 연출한
작업이었습니다.
​
출력물 설치 외에도
공간 전체가 하나의 브랜드
경험이 될 수 있도록
바닥 시트 출력과 시공,
그리고 포맥스 베이스 작업까지
함께 진행했습니다.
① 팝업스토어 인테리어, 바닥부터 달라야 공간이 산다
​
팝업스토어 인테리어에서
바닥는 가장 먼저
눈에 들어오는 요소이자,
전체 공간의 분위기를 좌우하는
핵심입니다.
​
이번 삼대오백 행사는
START부터 FINISH까지
구간을 나눈 Zone 개념으로
공간을 구성했는데요.
​
각 존마다 브랜드
아이덴티티가 담긴 대형 바닥
시트를 출력해 시공하는
작업이 핵심이었습니다.
​
블랙 바탕에 화이트
타이포그래피가 강렬하게
인쇄된 바닥 그래픽은,
입장한 순간부터 방문객들이
브랜드 세계관 안으로 완전히
몰입할 수 있도록
유도하는 역할을 했습니다.
​
​
특히 이번 작업은 실내
공간이었기 때문에 기존 바닥
훼손을 방지하는 것이
중요한 과제였습니다.
​
행사가 끝난 이후에도
원상복구가 가능해야 하기에,
저희 업체에서는 시트 시공 전
포맥스 베이스 작업을
먼저 진행했습니다.
​
포맥스 판재를 바닥 전면에 깔아
완충재 역할을 하게 함으로써,
행사용 시트가 기존 바닥재에
직접 닿거나 접착제 자국이
남는 것을 원천적으로
차단했습니다.
​
팝업스토어처럼 임시 설치와
철거를 반복해야 하는
행사 공간에서는 이런 디테일이
업체의 전문성을 보여주는
부분이기도 합니다.
② 대형 행사 바닥 시트, 출력 품질이 곧 인테리어 완성도다
​
바닥 시트는
이번처럼 대형 공간에 걸쳐
브랜드 그래픽을 이음새 없이
자연스럽게 연결하려면,
출력 품질과 시공 기술 두 가지가
모두 받쳐줘야 합니다.
​
저희 강츠비는 디자인 단계부터
시공까지 모두 직접 진행하는
업체이기 때문에,
출력물이 현장에서 어떻게
보일지를 고려한 색감 조정과
사이즈 설계가 가능합니다.
​
이번 삼대오백 팝업스토어
현장에서는 블랙 계열의
바닥 시트에 화이트 로고와
텍스트가 선명하게
인쇄되어야 했는데요.
​
넓은 면적에 고해상도 출력을
진행하면서도 각 패널의 색감이
균일하게 유지되도록
관리했습니다.
​
팝업스토어 인테리어에서
바닥 그래픽은 위에서 찍히는
사진에도 그대로 담기는 만큼,
출력 해상도와 색 재현력이
브랜드 이미지에 직결된다는 점을
항상 염두에 두고 작업에
임하고 있습니다.
구분
일반 시공 방식
강츠비 시공 방식
바닥 보호
시트 직접 부착
포맥스 베이스 후 시공
원상복구
접착 흔적 잔여 가능
깔끔한 철거 가능
출력 연결
이음선 불일치 발생
패널별 색감 균일 조정
진행 방식
출력·시공 분리 발주
디자인~시공 원스톱
③ 팝업스토어 공간 연출, 업체 선정 시 꼭 확인해야 할 3가지
​
팝업스토어나
브랜드 행사 공간을 기획할 때
업체 선정 단계에서
반드시 확인해야 할 부분들이 있습니다.
​
원스톱 진행 가능 여부
대형 출력 및 현장 시공 경험
실내 바닥 보호 공법 보유
행사 후 원상복구 책임 범위
​
강츠비는 디자인 제작부터 출력,
현장 시공, 행사 이후 철거까지
하나의 업체에서 모두
진행할 수 있습니다.
​
팝업스토어 인테리어처럼
단기간에 완성도 높은 공간을
만들어야 하는 프로젝트일수록,
소통 창구가 하나로 통일되는 것이
일정 관리와 품질 유지에
유리합니다.
​
이번 삼대오백 행사도 현장
설치 일정이 촉박했던 만큼,
빠른 의사결정과 현장 대응이
필요했고 저희가 그 역할을
충실히 수행했습니다.
​
또한 실내 행사 공간을 다루는
업체라면 바닥 보호 공법에 대한
노하우가 있어야 합니다.
​
포맥스 베이스 작업은
시트 시공 후 표면이 더 평탄하고
균일하게 마감되는 효과도 줍니다.
​
방문객들이 밟고 지나가는
행사 공간에서 바닥 시트가
들뜨거나 울지 않도록 하는 것도
팝업스토어 인테리어 완성도를
높이는 중요한 요소입니다.
​
④ 삼대오백 × MXSSIVE 팝업스토어, 공간이 브랜드가 되다
​
이번 마포구 삼대오백 행사는
브랜드의 세계관을 공간으로
구현한 팝업스토어였습니다.
​
Zone1부터 Zone3,
START와 FINISH로 이어지는
동선 설계와 함께 바닥 그래픽이
하나의 경험 흐름을
만들어냈는데요.
​
저희 강츠비가 맡은 바닥 시트
출력 및 시공 작업이 그 경험의
물리적 기반이 되었습니다.
​
이처럼 팝업스토어 인테리어는
벽면 사인물, 트러스 배너,
집기 제작, 바닥 시트 등
다양한 요소가 하나의 방향성 안에서
통일감 있게 구성되어야
완성도가 높아집니다.
​
강츠비는 간판 및 사인물
제작·시공은 물론이고,
브랜드 팝업이나 백화점 행사 등
이벤트존 전체를 구상하고
실행하는 업체로서 다양한 현장
경험을 보유하고 있습니다.
​
공간이 브랜드를 말하게 하고
싶다면, 저희에게 맡겨 주세요.
팝업스토어 행사 공간 연출이나
바닥 시트 시공이 필요하시다면
언제든지 문의해 주세요.
​
강츠비가 처음부터 끝까지
함께하겠습니다.
강츠비 광고기획
부산광역시 수영구 과정로15번길 8-2 1층
서울 종로 중구 용산 성동 광진 동대문 중랑 성북 강북 도봉 노원 은평 서대문 마포 양천 강서 구로 금천 영등포 동작 관악 서초 강남 송파 강동 인천 중구 동구 미추홀구 연수구 남동구 부평 계양 서구 강화 옹진 부산 기장 대구 달성 광주 대전 울산 울주 세종 경기 가평 고양 과천 광명 광주 구리 군포 김포 남양주 동두천 부천 성남 수원 시흥 안산 안성 안양 양주 양평 여주 연천 오산 용인 의왕 의정부 이천 파주 평택 포천 하남 화성 강릉 고성 동해 삼척 속초 양구 양양 영월 원주 인제 정선 철원 춘천 태백 평창 홍천 화천 횡성 충북 괴산 단양 보은 영동 옥천 음성 제천 진천 청주 충주 충남 공주 금산 논산 당진 보령 부여 서산 서천 아산 예산 천안 청양 태안 홍성 전북특별자치 고창 김제 남원 무주 부안 순창 완주 익산 임실 장수 전주 정읍 진안 전남 강진 고흥 곡성 광양 구례 나주 담양 목포 무안 보성 순천 신안 여수 영광 영암 완도 장성 장흥 진도 함평 해남 화순 경북 경산 경주 고령 구미 군위 김천 문경 봉화 상주 성주 안동 영덕 영양 영주 영천 예천 울릉 울진 의성 청도 청송 칠곡 포항 경남 거제 거창 고성 김해 남해 밀양 사천 산청 양산 의령 진주 창녕 창원 통영 하동 함안 함양 합천"
라테일 20주년 팝업스토어 후기,https://blog.naver.com/s2_3_/224342910605,안녕하세요 벨웨더입니다 저도 라테일 팝업스토어에 다녀왔는데요 =33 빠르게 시작해볼게요오 라테일 20주년 팝업스토어 운영 기간: 2026. 07. 03. (금) ~ 2026. 07. 05. (일) 매장 위치: 서울특별시 마포구 동교로30길 21... ,ღღღღ,https://blog.naver.com/s2_3_,20260710,마포구 팝업스토어,"​
안녕하세요 벨웨더입니다
저도 라테일 팝업스토어에 다녀왔는데요 🐇=33
​
빠르게 시작해볼게요오
​
라테일 20주년 팝업스토어
서울특별시 마포구 동교로30길 21 스페이스비 연남
라테일 20주년 팝업스토어
운영 기간: 2026. 07. 03. (금) ~ 2026. 07. 05. (일)
매장 위치: 서울특별시 마포구 동교로30길 21 스페이스비 연남
​
​
​
​
​
​
스페이스비 연남 주변에 공영주차장이 있어서
여기에 주차하고 도보로  5분 정도 걸어서 이동했어용
​
​
​
​
​
​
​
​
라테일 팝업스토어 입구 🤩
​
많은 라테일 유저들의 잠수 스팟인 벨로스 초록 지붕과
석탑을 배경으로 만들어 놓았더라구요 ㅋㅋㅋㅋㅋ
​
개인적으로는 NPC 로한이나 리치링이 입구에 있었으면
확 몰입되지 않았을까 하는 살짝의 아쉬움도 있었지만,
온라인에서만 듣던 벨로스 브금을 밖에서 들으니까
기분이 뭔가,, 요상하면서도,, 좀 설렜던 것 같아요 ദ്ദി˶ˊᵕˋ˵)
​
​
​
​
​
​
​
쩌~~~ 멀리서도 보였던 20주년 생크림케이크 프리링
해맑은 표정이 넘 귀여움 ㅠㅠㅠㅠㅠㅠㅠㅠㅠㅠㅜㅠ
​
​
​
​
​
​
저는 남자친구와 함께 예약 방문을 했기 때문에
네이버 예약 화면 + 신분증 보여드리고 입장했습니다.
​
​
​
​
​
​
​
팝업스토어 내부구조는 1층, 2층으로 나누어져 있었어요
​
​
​
​
​
​
​
입구를 지나 오른쪽에는
[라테일 OX]
키오스크가 있었고,
​
정면에는 카즈노와 이리스
라요니, 고마리, 프리링들이 함께 반겨주는 중 👀
​
​
​
​
​
​
​
반대쪽에는 부보, 프리팅, 고냥이도 있었는데
요 아이들은 왜 판매를 안 하는 걸까요..?
심지어 판매하는 것들보다 훨씬 더 고퀄임 ㅠㅠ
​
​
​
​
​
​
​
​
세 상 에.
​
전시 상품으로 미니미 뜨개 프리링들이
숲 속에(?) 옹기종기 모여 있는데
​
진짜 귀여워서 주글뻔 ㅠㅠㅠㅠㅠㅠㅠㅠㅠ
​
​
​
​
​
​
몰래 데려오고 싶었던 불그락 프리링
저 많은 프리링 중에 가장 디테일이 미쳤어요.
​
​
​
​
​
​
​
이리스 파티 센세들과 + 신규 직업 아이돌
​
머리카락 디테일은 최곤데,,
몇몇 캐릭터들.. 눈을 왜 네모나게 떠..?^ㅁ^?
저 중에서는 이리스가 가장 잘 뽑힌 것 같아요
​
​
​
​
​
​
​
주문서 작성하기 전에 찍어봤서요
저는 굿즈 전품목을 구매했습니다 우하하 🤗
​
​
​
​
​
​
​
​
그리고 랜덤 뽑기 하로 ~~!
​
랜덤 뽑기는
3만원 - 1회, 5만원 - 2회
10만원 - 3회, 15만원 - 4회
​
상품은
1등 - 프리링 뜨개 인형 (20개 한정)
2등 - 아크릴 코룻토
3등 - 라테일 키캡
4등 - 라테일 티셔츠
5등 - 라테일 에코백
이었습니다 🙄
​
​
​
​
​
​
​
뭔가.. 바보 가티 웃고 있는
뜨개 인형 프리링 ㅋㅋ
​
기다료. 언니랑 같이 집에 가자!!!!!!!! 🥹🥹
​
​
​
​
​
​
​
..했는데
​
1등이랑 5등만 빼고 다 나온 ㅋㅋ
프리링 티셔츠는 6장인가 뽑혀서
속상한 마음으루 이동했다..
​
​
​
​
​
​
​
​
쩜 슬펐지만 프리링 풍선 보면서
다시 기분 좋아져버림 ^ㅇ^~~!
​
​
​
​
​
​
​
​
오빠랑 뭐 뽑았는지 앉아서 확인하고 있는데
어떤 여성분이 오셔서 혹시 에코백이랑 티셔츠 교환하는거
괜찮으시냐고 물어보시길래
​
""헉 저희야 감사하죠~!"" 하고
인증 사진 빠르게 부탁드린 후 교환완료 😖
근데 이 날 이후에 재방문을 한 우리.. 에코백이 무려 7장이 대었다 ^^..
​
​
​
​
​
​
​
​
현장 이벤트 1층에 위치한
[BGM Pick!]
에서는
나의 최애 플레이리스트를 출력시킬 수 있었다
​
역시 근본은 May be happy 🧡
​
라테일 유저는 아니지만 오빠도 했는데
Hot blood를 뽑음 🔥
​
띵곡 ㅇㅈ이애요.
​
​
​
​
​
​
​
벽에 작은 흔적도 남기기 ㅎ.ㅎ
​
닉네임 쓰려다가 다들 소속 길드 최고라길래
정원 트레이드 마크인 미니미한 사과도 그렸답니다 🍎
​
정원 길드 파이팅~~!
​
​
​
​
​
​
그리고 2층으로 올라가면,
​
[아이돌 포토카드]
[라테일 포토부스]
[라테일 와펜 DIY]
​
3곳의 현장 이벤트가 준비되어 있어요!
​
​
​
​
​
​
​
포토카드 줄이 너무 길어서 [라테일 DIY] 팔찌 만들러 먼저 왔다가
발견한 뜨개 인형 토마리 🐰
얘가 진짜 고고고퀄 이었다..  목도리에 단추까지 갓벽
​
다음 팝업 때 팔아주시면 안 될까요 😭
​
​
​
​
​
​
​
팔찌 챙기고 포토카드 줄 서면서 발견한 이리스와 아이돌
핑크핑크 캐비넷 안에 꾸며놓으니까
키치해서 찰떡이던 ..💗
​
​
​
​
​
​
​
여기 전시용 뜨개 인형들은 넘 잘 나왔더라구요 🤍💙
​
사진 찍을 땐 이리스랑 양쪽 아이돌만 보였는데
밑에 작은 선그리 프리링이랑 해맑 프리링도 있었다!!!!
근데 얘네는 왤케 황달끼(?)가 있나요 ;ㅁ;
​
​
​
​
​
​
[아이돌 포토 카드]
만드는 중 😎
​
포토카드 뒷면에 닉네임 기입할 수 있었는데
완성되면 앞에 계신 스태프분이 기입된 닉네임을 힘차게
""O O O 님 포토카드 완성됐습니다~!""
하셨다  ʘ‿ʘ
​
​
​
​
​
​
​
[라테일 포토 부스]
에서 사진두 찍었답니당 📸
이벤트 부스 전부 다 무료로 참여할 수 있었어요~!
​
그리고,
출구로 나가기 전
1층 프풍 있는 곳에 짐 가지러 내려 왔는데
!!!!!! GM낭만님이 와계셨따 !!!!!!
​
오빠한테 ""오빠 저분이 낭만님이셔..!""라고 말하자마자
파워 E 인간... 겜도 안 하면서 스몰톡 하러 이미 떠남 ㅋㅋㅋㅋ
​
캐치캐치 언제 올라오는지 여쭤보니까
""오늘 저녁에 곧 올라갈 거예요~"" 라고 하셨고
진짜로 당일 저녁에 바로 올라왔다
​
(숏츠 봤는데 넘 잘 추셔서 깜짝 놀래버림)
​
이후에 오빠가 같이 사진 찍어주실 수 있냐고 여쭤봤는데
낭만님께서 ""선남선녀 분들이 저와 사진을.."" 하시더니
찍어주심 ㅠㅠㅠㅠㅠㅠㅠㅠㅠ 꺅 감사합니당 🥰
사진 잘 간직할게요 💝
​
​
친한 동생한테 칭찬받은거 자랑하기 😜
​
​
​
​
팝업에서 산 것들 차에 내려놓고,
라테일 팝업 스토어 제휴 카페
[삡삡] 방문도 했어요 🎈
삡삡
서울특별시 마포구 동교로32길 16 1층 삡삡
​
​
​
팝업 주변에서 종종 팔에 노란색 팔찌 같은걸
착용하신 분들이 보여서 대체 뭐지???
어디서 얻는거지??? 했는데
​
바로 이 컵홀더 였음 !!!!
​
​
디카페인 아아 시켰는데 괜찮았어용 👍🏻
​
그론데 라테일 유저분들이 꽤 오셔서 그런가
카페 내부에 자리가 없어서
테이크 아웃으로 받고 나왔다는 ^_ㅠ
​
​
​
🧸 팝업스토어 후기 🧸
라테일 팝업스토어가 우리나라에선 처음 진행된 행사였던 만큼
준비된 수량이 많지 않아 아쉬워하고
속상해하는 분들이 많았던 것 같아요..
​
저 역시 예약하고 방문했는데도  못 산 굿즈가 몇 개 있어서,
결국 재방문 해서 겨우 구했답니다 🥲
​
다음에 또 팝업을 열게 된다면
조금 더 넓고 쾌적한 공간에서,
굿즈 퀄리티는 물론 수량도
넉넉하게 준비해 주셨으면 하는 바람이에요 🙏🏻
​
그래도 덕분에 올여름 소중한 추억 하나를 만들 수 있어서
정말정말 즐거웠습니당 ~!
행사를 준비해 주신 라테일 관계자분들과 운영자분들
모두 정말 고생 많으셨습니다 🐹
​
더운 날씨에 팝업 같이 다녀와준 오빠에게도 감사를 🧡
​
다음은 굿즈 전제품 리뷰로 돌아올게요!
​
​
​"
주술회전 사멸회유 팬베이스 홍대 팝업스토어 정보,https://blog.naver.com/chochocola/224342878468,09(일) 운영 시간 매일 11:00 ~ 20:00 (입장 마감 19:50) 위치 팬베이스 홍대 (서울 마포구 양화로 178-5 LC타워 별관 지하 2층) 주술회전 사멸회유 팝업스토어 공식 페이지 팬베이스 공식 X 주술회전 사멸회유... ,빙코!!...,https://blog.naver.com/chochocola,20260710,마포구 팝업스토어,"​
​
주술회전 사멸회유 팝업스토어가
팬베이스 홍대에서 열릴 예정이에요!
​
주술회전 사멸회유 팝업스토어 정보
기간
2026.07.24(금) ~ 08.09(일)
​
​
운영 시간
매일 11:00 ~ 20:00
(입장 마감 19:50)
​
위치
팬베이스 홍대
(서울 마포구 양화로 178-5 LC타워 별관 지하 2층)
팬베이스 홍대점
서울특별시 마포구 양화로 178-5 LC타워 별관 지하2층
​
주술회전 사멸회유 팝업스토어 공식 페이지
주술회전 사멸회유 팝업스토어 | 팬딩
한국 공식 팝업스토어 페이지
fanding.kr
​
팬베이스 공식 X
X의 팬베이스 FANBASE님(@Fanding_Store)
🩵 Official @FandingOfficial 🩵 팬딩이 선물하는 팝업스토어 이야기, FANBASE | 「SIX STAR STELLIVE」 POP-UP 🍽️ 🚏 2026.6.26 (FRI) ~ 2026.7.12 (SUN)
x.com
주술회전 사멸회유 팝업스토어 입장 안내
주술회전 사멸회유 팝업스토어는
요일에 따라
입장 방식이 다르게 운영됩니다
​
월요일~목요일
: 자유 입장 (현장 예약)
금요일 ~ 일요일
: 사전 예약 + 현장 예약
​
​
평일 4일은 자유 입장제로 운영되며,
대기줄이 길어질 경우 나우웨이팅 시스템을 이용한
현장 예약 방식
으로 전환될 수 있습니다
​
​
주술회전 사멸회유 팝업스토어 사전 예약
​
사전 예약
네이버 예약 시스템을 통해 진행
​
예약 오픈 일정과 예약 방법은
추후에 업데이트 해둘게요
​
​
주술회전 사멸회유 팝업스토어 현장 예약
현장 예약 방법
팬베이스 홍대점 입구에 배치된 태블릿에 전화번호 입력
​
​
유의사항
팬베이스 홍대점 입구 대기 공간이 협소하니, 이른 시간부터의 오픈런 대기 지양
현장 예약은 동반 1인을 포함해 최대 2명까지 가능
현장 예약 입장 시, 예약 인원 수에 맞춰서만 입장 가능 (1인 예약 시 2인 입장 불가 / 2인 입장 희망 시 반드시 2인으로 예약)
입장 호출 알림 후 15분이 지나면 입장이 제한될 수 있음
나우웨이팅 시스템은 휴대폰 번호를 통한 카카오톡 · 문자 알림으로 이용 가능하며, 외국인의 경우 메일 알림으로 이용할 수 있음
현장 대기 인원에 따라 현장 예약이 사전에 마감될 수 있음. (이 경우 팬베이스 X를 통해 안내)
현장 예약 입장은 현장 상황에 따라 대기가 길어지거나 입장이 지연될 수 있음
​
주술회전 사멸회유 팝업스토어 특전
​
입장 특전
주술회전 사멸회유 브로셔 1부
​
* 재고 소진 시 증정이 조기 종료될 수 있음 *
​
구매 특전
1만 원당: 랜덤 띠부띠부씰 5종
3만 원당: 조각 스티커 세트
5만 원당: A3 키비주얼 포스터
7만 원당: 랜덤 클리어 파일 5종
10만 원당: 랜덤 미니 태피스트리 5종
​
​
구매 특전 유의사항
MD 구매 특전은 금액별 누적 증정
특전 수량은 결제 시 영수증 금액으로 계산되며, 같은 회차여도 이전 영수증과의 합산 불가
캡슐 머신으로 구매한 굿즈의 결제 금액도 특전 지급 금액 포함 (
캡슐 내부에 동봉된 구매 확인지
를 캐셔존으로 가져와야 특전 지급 금액에 합산 가능)
​
* 재고 소진 시 증정이 조기 종료될 수 있음 *
주술회전 사멸회유 팝업스토어 굿즈 리스트
랜덤 상품을 제외한 모든 상품은
최대 5개까지 구매 가능
합니다
​
단, 여러 캐릭터로 제작된 상품은
옵션당 5개까지
구매 가능
​
아크릴 디오라마 (5종) 29,000원
SD 말랑 핀버튼 (5종) 6,000원
코가네 포카 홀더 15,000원
SD 키링 (5종) 5,000원
PVC 카드 파우치 (3종) 5,000원
일러스트 색지 세트 5개입 32,000원
일러스트 베개 커버 40,000원
​
얼빡 쿠션 (3종) 45,000원
플레이어 카드 & 코가네 키링 (3종) 16,000원
네임택 (5종) 8,000원
스틸컷 스티커 세트 12,000원
박스 테이프 7,000원
랜덤 메탈 배너 키링 (5종) 9,500원
랜덤 카라비너 (5종) 11,000원
랜덤 홀로그램 캔뱃지 (5종) 6,500원
포춘쿠지 1회 6,500원
​
​
포춘쿠지의 경우,
쿠키와 함께 진행되는 이벤트
가 있습니다
​
​"
마포 팝업스토어 인테리어 비용 43평 모던 3주 시공사례 | 내드리오,https://blog.naver.com/imakehouse2021/224342269589,#마포인테리어 #마포구인테리어 #팝업스토어인테리어 #팝업스토어 #매장인테리어 #상가인테리어 #상업인테리어 #43평인테리어 #브랜드공간 #포토존인테리어 #모던인테리어 #매장인테리어비용... ,내드리오 · LX하우시스 공식 주거·상업·창호,https://blog.naver.com/imakehouse2021,20260710,마포구 팝업스토어,"팝업스토어 인테리어는 일반 매장과 접근이 다릅니다. 운영 기간이 정해져 있는 만큼 짧은 공사 기간 안에 브랜드 아이덴티티를 공간 전체에 구현해야 하고, 방문객의 동선과 포토 존까지 계산된 설계가 필요합니다. 이 글은 서울 마포구 43평 팝업스토어 인테리어 사례(모던·기간 3주)를 비용대와 기간 중심으로 정리한 글입니다. 내드리오는 직접 시공을 하는 회사가 아니라, 검증된 시공사를 소개하고 여러 곳의 견적을 비교하도록 돕는 비교견적 중개 플랫폼입니다.
​
​
서울 마포구 팝업스토어 인테리어 사례 개요
​
이번 사례는 서울 마포구에 위치한 43평 팝업스토어입니다. 노출 콘크리트 마감 위에 브랜드 캐릭터 그래픽과 아트월, 디스플레이 카운터, 포토 존을 배치해 방문 자체가 콘텐츠가 되는 공간으로 완성했습니다. 시공은 주식회사 린벤트에서 진행했고, 전체 기간은 약 3주로 팝업 특성에 맞춰 빠르게 마무리됐습니다.
43평 팝업스토어 인테리어 포인트
​
팝업스토어 인테리어의 핵심은 ""짧게, 강하게""입니다. 운영 기간이 수개월 이내인 만큼 공사 기간을 최소화하면서도, 방문객이 사진을 찍어 SNS에 올리고 싶어지는 장면을 곳곳에 만들어야 합니다. 이번 43평 사례는 기존 골조를 노출 마감으로 살려 공기를 줄이고, 캐릭터 아트월과 진열 월, 포토 존으로 브랜드 경험 동선을 완성했습니다.
팝업스토어 인테리어 비용대와 기간 (서울 마포구 43평 기준)
​
이번 서울 마포 43평 팝업스토어 사례의 공식 비용대는 5000만원대, 기간은 약 3주입니다. 팝업스토어는 같은 평형이라도 브랜드 그래픽·집기 제작 범위, 조명·연출 설계에 따라 견적 차이가 큽니다. 그래서 ""평당 얼마""로 단정하기보다, 운영 기간과 연출 범위를 기준으로 여러 시공사의 견적을 비교해 보는 편이 정확합니다.
​
▶ 무료로 비교 견적 신청
(전화 상담 1800-7431)
​
사례 비교 (내드리오 비교 플랫폼 관점)
​
팝업스토어·매장 인테리어는 공사 기간이 곧 비용입니다. 오픈 일정이 정해진 상태에서 공기가 늘어지면 임대료와 기회비용이 함께 커지기 때문에, 단기 상업 공간 경험이 있는 시공사를 고르는 것이 중요합니다. 이번 43평 사례가 3주 만에 5000만원대로 완성된 것도 브랜드 집기·그래픽 제작과 현장 시공을 병행한 결과입니다. 내드리오는 이런 차이를 한 번에 비교하도록 검증 절차를 거친 시공사들의 견적을 나란히 받아보게 해드립니다. 직접 시공이나 시공 책임을 지는 구조가 아니라 비교견적 중개 플랫폼이라는 점이 일반 업체와 다른 부분입니다. 또한 내드리오는 주거·상업 인테리어를 모두 다루며, 창호(샷시)는 LX하우시스 공식 대리점으로서 직접 시공까지 가능합니다.
​
​
자주 묻는 질문 (FAQ)
​
Q. 팝업스토어 인테리어 비용은 얼마인가요?
A. 이번 마포 43평 사례는 5000만원대로 진행됐습니다. 브랜드 그래픽·집기 제작 범위와 연출 설계에 따라 편차가 크므로 운영 기간과 연출 범위를 기준으로 비교 견적으로 확인하시는 것이 정확합니다.
​
Q. 팝업스토어 공사 기간은 어느 정도 걸리나요?
A. 이번 사례는 약 3주가 소요됐습니다. 기존 골조를 살리는 노출 마감을 활용하면 공기를 줄이면서도 브랜드 무드를 살릴 수 있습니다.
​
Q. 매장·상가 인테리어도 비교 견적이 가능한가요?
A. 네. 내드리오는 팝업스토어를 포함한 매장·상가 인테리어 전반에 대해 검증된 시공사 비교 견적을 무료로 연결해 드리며, 창호(샷시)는 LX하우시스 공식 대리점으로 직접 시공이 가능합니다.
​
​
팝업스토어는 일정과 연출 범위를 함께 두고 견적을 비교해야 실패가 없습니다. 마포·서울은 물론 전국 단위로 검증된 시공사 견적을 무료로 받아보실 수 있습니다.
​
#마포인테리어
#마포구인테리어
#팝업스토어인테리어
#팝업스토어
#매장인테리어
#상가인테리어
#상업인테리어
#43평인테리어
#브랜드공간
#포토존인테리어
#모던인테리어
#매장인테리어비용
#인테리어비교견적
#내드리오
#서울매장인테리어
#쇼룸인테리어
#가게인테리어
#인테리어추천"
홍대 카카오프렌즈 복심이 팝업 스토어 투어,https://blog.naver.com/redbokjo/224341803322,운영시간 10 : 30 ~ 22 : 00 주소 서울 마포구 양화로 162 좋은사람들빌딩 1~3층 홍대입구역 8번 출구 51m... #홍대카카오프렌즈 #복심이팝업 #복심이 #춘식이 #튜브발바닥 #클릭커키링 #힐링굿즈 #개로마테라피... ,읽고 먹이고 살아가는 중,https://blog.naver.com/redbokjo,20260709,마포구 팝업스토어,"운영시간
10 : 30 ~ 22 : 00
주소
서울 마포구 양화로 162 좋은사람들빌딩 1~3층
홍대입구역 8번 출구 51m
주차
주차할 곳이 마땅치 않아요. 저는 옆 LG 팰리스 빌딩 지하 주차장에 해요.
튜브와 복심이
평소 너무나 애정하는 귀여운 캐릭터들을 한자리에서 만날 수 있는 곳, 홍대 카카오프렌즈 매장에 다녀왔습니다.
춘식이 데리고 방문
테라피견 복심이
요즘 아주 핫한 카카오프렌즈의 새 친구, 수습 테라피견 '복심이'가 나타났다는 소식을 듣고 한걸음에 달려갔는데요. 매장 입구부터 커다란 튜브가 복심이를 꼭 안아주고 있는 대형 일러스트가 반겨주어 들어서기 전부터 마음이 몽글몽글해졌습니다.
이제 복심이도 프렌즈에요.
겁 많고 여린 튜브와 소심하지만 용기 가득한 복심이의 케미는 보기만 해도 완벽한 힐링을 선사하더군요
오늘부터 달라집니다.
특히 감동적이었던 것은 벽면에 전시된 복심이와 튜브의 다정한 성장일기 만화였습니다.
다정한 성장일기
화가 나면 초록 오리로 변하는 튜브의 분노를 감지하고 테라피를 해주기 위해 찾아온 복심이의 서사가 참 따뜻했어요. 😍
이게 힐링?
빈백에 앉은 튜브의 배 위로 복심이가 폴짝 올라가 안기자, 튜브가 코를 콕 박고 구수한 향을 맡으며 ""따뜻해... 이게 힐링...?"" 하고 느끼는 장면이 있었습니다.
복심이 스토리
그 모습을 보는데 문득 우리 강아지 복돌이 생각이 확 스치더라고요.
춘식툰 읽고 있는 복돌이
강아지 키우시는 분들은 다들 공감하시겠지만, 발바닥에서 나는 그 특유의 구수하고 포근한 누룽지 꼬순내는 세상 그 어떤 아로마 향수보다 마음을 편안하게 만들어주는 최고의 '개로마테라피'잖아요. 👍
수습 복심이
복심이의 귀여운 몸짓과 만화 속 풍경 덕분에 복돌이와의 따뜻한 추억까지 몽실몽실 떠올라 정말 제대로 위로받는 기분이었어요. 😊
딸기를 좋아하는 복심이
​
귀여운 물건이 가득
Previous image
Next image
복심이 키링
복심이 백팩 키링 인형 15,000
복심이 미니 납작 키링인형 8,000
튜브&복심이 키링인형 15,000
매장 안은 그야말로 개미지옥이 따로 없었습니다. 😅 하얗고 부들부들한 복심이 인형 키링부터 시작해서, 하늘색 바탕에 복심이 얼굴이 입체적으로 툭 튀어나온 페이스 카드 파우치, 깜찍·끈기·꼬순내 같은 귀여운 키워드가 적힌 스프링 노트까지 사고 싶은 게 너무 많아 지갑을 사수하느라 진땀을 흘렸습니다.
복심이 키링, 스티커
복심이 클리커 키링 15,000
복심이 미니 피규어 키링 13,000
복심이 빅 포인트 리무버블 스티커 팩 테라피 모드 2,500
복심이 필통, 펜, 연습장
복심이 플랫 펜슬 케이스 해낸다 5,000
복심이 젤펜 4,000
복심이 스프링 연습장 해낸다 3,000
복심이 파우치
복심이 페이스 카드 파우치 16,000
복심이 백팩 포켓 지갑 키링인형 16,000
코찔찔이 튜브
해피 가드닝 인형 튜브 13,500
빼꼼 샤이 베이비 필로우 튜브
베이비드라이밍 키링인형 14,000
한교동 콜라보
한교동 키링
한교동 프렌즈 찜질방 키링 인형 춘식이 16,000
한교동 프렌즈 키링 인형 한교동 16,000
한교동 프렌즈 엘이디피규어키링 춘식이 18,000
한교동 프렌즈 키링 인형 한교동 16,000
한교동 프렌즈 키링 인형 춘식이 16,000
한교동 프렌즈 스마트키 케이스 춘식이 16,000
게다가 복심이뿐만 아니라  '한교동'과 카카오프렌즈의 역대급 목욕탕 콘셉트 콜라보 존도 있었어요.
한교동 손에는 춘식이 때수건, 춘식이는 오이 마사지 중
한교동 프렌즈 키링 인형 한교동 16,000
한교동 프렌즈 찜질방 키링 인형 춘식이 16,000
한교동 스티커
한교동 프렌즈 물방울 드롭 스티커 6,000
한교동 프렌즈 찜질방 투명 스티커 레드 3,000
한교동 피규어 스티커
한교동 프렌즈 투명보틀 18,000
한교동 프렌즈 중형 인형 춘식이 35,000
한교동 프렌즈 랜덤 피규어
(4종 중 1) 14,000
​
한교동 프렌즈 클리커 피규어 22,000
​
춘도락 춘식이, 토마토의 변신
상큼함이 팡팡 터지는 토마토 컨셉과 유부초밥 띠를 두른 고소한 '춘도락' 시리즈도 정말 귀여웠어요. 😆
토마토 가방
춘도락 보냉 파우치 19,000
춘도락 토트백 22,000
춘도락
춘도락 스트링 백팩 24,000
춘도락 오므라이스 파우치 14,000
유부초밥
춘도락 무스비 키링인형 15,000
춘도락 유부초밥 키링인형 프렌즈 12,000
토마토
춘도락 스텐텀블러 27,000
춘도락 후르츠팟 19,000
감정춘
이빨을 앙다물거나 눈물을 주르륵 흘리는 하찮고 귀여운 '감정 춘식이' 키링까지 가득했어요. 😂😁
감정춘
감정춘 평온 연두 키링인형 14,000 (평온한 표정 너무 귀여운데요 😆)
감정춘 슬픔 하늘 키링인형 14,000
감정춘
감정춘 불안 회색 키링인형 14,000
감정춘 설렘 분홍 키링인형 14,000
국립중앙박물관 유물전
심지어 지난번 국립중앙박물관에서 감탄하며 보았던 영롱한 자개 스티커와 반가사유상 포즈의 유물 춘식이 뮷즈(MU:DS) 시리즈까지 전부 들어와 있어서 구경하는 재미에 시간 가는 줄을 몰랐답니다.
​
춘식이 덕후 심쿵사 주의! 국립중앙박물관 뮷즈(MU:DS) x 카카오프렌즈 콜라보 팝업 방문기
드디어 기다리고 기다리던 '뮷즈(MU:DS)와 카카오프렌즈'의 역대급 콜라보 현장에 다녀왔왔...
m.blog.naver.com
​
유물 춘식이
뮷즈 프렌즈 청자 향로 천연자개 스티커 7,000
뮷즈 프렌즈 호랑이 꾸미기 5,000
뮷즈 프렌즈 유물 꾸미기 스티커 5,000
꼬순내 폴폴 복심이 클릭커, 이너피스 북커버
함께해
수많은 유혹의 갈림길 속에서 고심 끝에 제가 최종적으로 선택해 데려온 아이들은 바로 '클릭커 키링'과 '이너피스 북커버'입니다.
먼저 클릭커 키링은 귀여운 주황색 튜브 발바닥 모양 베드 위에 복심이가 쏙 안겨 있는 디자인인데요.
복심이 클리커 키링 15,000
만화 속에서 튜브가 복심이를 품에 안고 힐링하던 따뜻한 서사가 이 조그만 키링 하나에 그대로 압축되어 있는 것 같아 볼수록 매력적입니다. 복심이 머리를 손가락으로 꾹꾹 누를 때마다 경쾌하게 ""타닥타닥, 딸깍딸깍"" 소리가 나는데, 손맛이 아주 찰지고 중독성이 강해서 일상 속 스트레스 해소용으로 최고입니다. 복돌이의 구수한 발냄새가 그리울 때마다 아쉬운 대로 이 클릭커를 누르며 소소한 기분 전환을 해보려고 합니다.
​
김다예 프렌즈 이너피스 북커버, 원산지가 대한민국, 세일가 16,800원
그리고 마지막에 결국 참지 못하고 함께 품어온 캔버스 재질의 북커버도 정말 마음에 쏙 들어요. 빨간 욕조 안에 라이언과 춘식이가 나란히 앉아 머리에 보송보송한 비누 거품을 얹은 채 마스크팩을 하고 진지하게 책을 읽고 있는 일러스트가 그려져 있는데요. 'RELAX'라는 문구 그대로 안락하고 개운한 포근함이 고스란히 묻어나요. 탄탄한 천 재질에 책이 벌어지지 않도록 깔끔하게 잡아주는 검은색 고무 밴드까지 둘러져 있어 실용성도 만점입니다. 평소에 책 읽는 시간을 소중하게 여지는데, 이렇게 귀여운 새 옷을 책에 씌워주니 앞으로 이어질 독서 시간이 몇 배는 더 행복하고 아늑해질 것 같아요. 😄
문득 마음의 위로가 필요하거나 포근한 힐링 에너지를 충전하고 싶으시다면, 귀여운 캐릭터 서사와 소장 가치 가득한 굿즈가 넘쳐나는 홍대 카카오프렌즈 매장에 꼭 한번 방문해 보시길 추천해요!
내돈내산 인증
방문
카카오프렌즈 홍대플래그십 스토어
서울특별시 마포구 동교동 165-5
더보기
복심아 클리커 키링_복삼이
외 3개
2026.07.
영수증
카카오프렌즈의 새로운 친구 복심이! 테라피견! 복심이 정말 귀여워요 😍 #카카오프렌즈샵 #카카오프렌즈샵홍대 #복심이 #튜브 #테라피견
m.blog.naver.com
#홍대카카오프렌즈
#복심이팝업
#복심이
#춘식이
#튜브발바닥
#클릭커키링
#힐링굿즈
#개로마테라피
#꼬순내
#춘도락
#한교동콜라보
#감정춘식이
#국중박춘식이
#뮷즈
#춘식이북커버
#내돈내산
#블로그리뷰
​"
"라이즈, 팝업 스토어까지 '완판 행진'…팬심 사로잡은 비결은?",https://blog.naver.com/nowmoon101/224340778804,A.라이즈 팝업 스토어 'ARCHIIVE²'는 지난 16일부터 28일까지 총 13일간 서울 마포구 레이어스튜디오 11에서 진행되었습니다. Q.팝업 스토어에서 가장 인기가 많았던 상품은 무엇인가요? A.멤버들의 아이디어로... ,지금 이 이슈,https://blog.naver.com/nowmoon101,20260708,마포구 팝업스토어,"팬덤 열기, 팝업 스토어까지 집결시키다
음반과 음원 차트를 휩쓴 그룹 라이즈가 오프라인 팝업 스토어에서도 압도적인 인기를 증명했습니다
. 서울 마포구에서 열린 팝업 'ARCHIIVE²'는 총 13일간 진행되었으며, 약 250평 규모의 공간에서 팬들을 맞이했습니다.
모든 회차가 사전 예약제로 운영되었음에도 불구하고, 예약 오픈과 동시에 전 회차가 매진되는 기염을 토했습니다
.
이는 라이즈가 가진 강력한 팬덤의 화력을 여실히 보여주는 대목입니다
. 앨범 콘셉트와 유기적으로 연결된 공간 연출은 팬들에게 특별한 경험을 선사했습니다. 멤버들의 영감 수집 과정을 시각적으로 구현한 전시 공간에는 악기, LP, 의류 등 다채로운 소품들이 배치되어 마치 멤버들의 취향이 담긴 편집숍을 방문한 듯한 느낌을 주었습니다.
​
​
멤버들의 손길 닿은 MD, '품절 대란' 일으키다
라이즈 팝업 스토어의 또 다른 흥행 요인은
멤버들의 아이디어가 담긴 자체 제작 상품(MD)이었습니다
. 멤버들이 직접 디자인에 참여한 모자, 후디, 티셔츠 등은 일상에서도 편하게 착용할 수 있는 실용적인 디자인으로 팬들의 높은 만족도를 이끌어냈습니다.
팝업 기간 내내 이들 MD 상품은 연이어 품절 사태를 빚으며 라이즈의 상품 기획력과 팬들의 구매력을 동시에 입증했습니다
. 단순한 굿즈 판매를 넘어, 멤버들의 개성과 취향이 반영된 상품들은 팬들에게 더욱 특별한 의미로 다가왔습니다. 이는 팬들이 아티스트와 더욱 깊은 유대감을 형성하는 계기가 되었습니다.
​
​
체험형 콘텐츠와 풍성한 즐길 거리로 '팬심 저격'
라이즈 팝업 스토어는 단순한 전시 공간을 넘어 팬들이 직접 참여하고 즐길 수 있는 다채로운 콘텐츠로 가득했습니다
. 멤버별 키워드 키링을 모으거나 카드를 조합해 나만의 아카이브를 만드는 체험형 프로그램은 팬들에게 잊지 못할 추억을 선사했습니다. 또한, 행잉 포스터, 캐비닛, 퍼즐, 망원경 등 다양한 형태의 초상 이미지 전시와 라이즈 멤버들이 남긴 손글씨 흔적을 따라가는 감상 루트는 팬들의 몰입도를 높였습니다.
이러한 풍성한 즐길 거리는 팬들이 팝업 스토어에 머무는 시간을 더욱 즐겁게 만들었으며, 라이즈에 대한 애정을 더욱 깊게 하는 요소로 작용했습니다
.
​
​
음반·음원 넘어 팝업까지 '성공 방정식' 완성
라이즈는 이번 미니앨범 '투(II)'로 통산 네 번째 밀리언셀러 기록을 달성하며 음반 및 음원 시장에서의 강력한 파워를 재확인했습니다
. 음악방송 3관왕, 국내외 주요 음원 차트 석권 등 화려한 성과를 이어가고 있습니다. 이러한 음반·음원에서의 성공을 바탕으로 진행된 팝업 스토어 역시 전 회차 매진이라는 기록적인 성과를 거두며 라이즈의 다방면에 걸친 성공 가능성을 보여주었습니다.
이는 단순히 음악적 재능을 넘어 팬들과의 적극적인 소통과 차별화된 경험 제공이 성공적인 팬덤 구축의 핵심임을 시사합니다
.
​
​
라이즈, 성공적인 팝업 스토어의 핵심 요약
라이즈는 음반·음원 흥행에 이어 팝업 스토어까지 전 회차 매진을 기록하며 강력한 팬덤 파워를 입증했습니다. 앨범 콘셉트와 연계한 공간 연출, 멤버 참여 MD 상품의 품절 대란, 팬 참여형 콘텐츠 제공 등이 성공 요인으로 분석됩니다. 이는 아티스트와 팬 간의 유대감을 강화하고 특별한 경험을 제공하는 것이 성공적인 팬덤 전략임을 보여줍니다.
​
​
라이즈 팝업 스토어, 이것이 궁금해요!
Q.라이즈 팝업 스토어 'ARCHIIVE²'는 언제 어디서 진행되었나요?
A.라이즈 팝업 스토어 'ARCHIIVE²'는 지난 16일부터 28일까지 총 13일간 서울 마포구 레이어스튜디오 11에서 진행되었습니다.
​
Q.팝업 스토어에서 가장 인기가 많았던 상품은 무엇인가요?
A.멤버들의 아이디어로 탄생한 모자, 후디, 티셔츠 등 일상 친화적인 디자인의 MD 상품들이 팝업 기간 내내 품절 대란을 일으키며 가장 큰 인기를 얻었습니다.
​
Q.팝업 스토어에서 팬들이 참여할 수 있는 콘텐츠는 어떤 것이 있었나요?
A.멤버별 키워드 키링 수집, 카드 조합 및 스캔을 통한 나만의 아카이브 완성 체험, 다양한 형태의 초상 이미지 전시, 멤버들의 손글씨 흔적을 따라가는 감상 루트 등이 마련되어 팬들의 참여를 유도했습니다.
​
​
​
​
​
​"
홍대 귀멸의 칼날 무한성편 팝업스토어 리밋션 AK몰 예약 주차 굿즈 ....,https://blog.naver.com/lohm/224340528460,안녕하세요 여러분~ 오늘은 극장판 귀멸의 칼날 무한성편 팝업스토어가 진행중인 「리밋션 AK PLAZA 홍대」 에 대해 소개해드리려고 합니다 위치: 서울 마포구 양화로 188 AK PLAZA 홍대 4층 영업 시간: 매일 11:00~22... ,예형의 맛집과 일상 블로그,https://blog.naver.com/lohm,20260708,마포구 팝업스토어,"안녕하세요 여러분~
오늘은
극장판 귀멸의 칼날 무한성편 팝업스토어가 진행중인  「리밋션 AK PLAZA 홍대」 에 대해 소개해드리려고 합니다
리밋션 AK PLAZA 홍대
서울특별시 마포구 양화로 188 AK PLAZA 홍대 4층
위치: 서울 마포구 양화로 188 AK PLAZA 홍대 4층
영업 시간: 매일 11:00~22:00
주차: 구매 금액당 지원(1만원 이상 1시간, 3만원 이상 2시간, 5만원 이상 3시간)
​
​
​
​
애니메이션과 덕질을 사랑하는 분들이라면 방앗간처럼 들르는 AK PLAZA 홍대!
이번에 역대급으로 기대감을 모으고 있는 <극장판 귀멸의 칼날: 무한성편> 팝업스토어가 오픈했다는 소식을 듣고 방문해보았습니다
방문 예정이신 분들은 아래 꿀팁들을 꼭 확인하고 가세요!
📍 위치 & 주차장
​
극장판 귀멸의 칼날 무한성편 팝업스토어는 홍대입구역 도보 1분 거리에 위치해있습니다
AK몰 내에 위치해 있어서 팝업 구경하고 쇼핑, 맛집, 카페까지 한 번에 해결할 수 있는 최고의 데이트/덕질 코스입니다
​
차량을 이용하실 분들은 구매 금액별 주차 지원과 요일을 꼭 확인하세요!
평일과 주말의 주차 요금 차이가 꽤 큰 편이랍니다
​
[구매 금액별 무료 주차]
1만 원 이상 구매 시: 1시간 지원
3만 원 이상 구매 시: 2시간 지원
5만 원 이상 구매 시: 3시간 지원
​
[기본 주차 요금]
평일: 최초 30분 2,000원 / 이후 10분당 1,000원
주말 및 공휴일: 최초 30분 5,000원 / 이후 30분당 5,000원
⏰ 웨이팅 & 예약 방법
​
이번 귀칼 무한성편 팝업은 워낙 인기가 많다 보니 기간별로 입장 방식이 다릅니다
잘못하면 헛걸음하실 수 있으니 주의하세요!
​
[네이버 사전예약 기간 (7/7 ~ 7/12)]
운영 기간: 2026년 7월 7일(화) ~ 7월 12일(일) (총 6일간)
티켓 오픈: 2026년 7월 3일(금) 낮 12:00 (정각 오픈!)
​
※ 주의사항: 1인당 딱 1매만 예약 가능합니다. 동행이 있다면 각자 본인 명의로 모두 예약하셔야 해요
★ 필수 지참: 입장 시 신분증 확인이 필수입니다!
예약자 본인 확인을 위해 신분증(주민등록증, 면해증, 여권, 학생증 등)을 반드시 챙겨가세요~
​
[워크인(현장 대기) 및 자율 입장]
7/8(수) ~ 7/12(일) 기간 동안의 워크인: 사전예약 기간이지만 노쇼(취소분)가 발생하거나 현장 상황에 따라 매장 앞 나우웨이팅 기기에 등록 후 입장이 가능할 수 있습니다 (하지만 안전하게 예약하는 걸 추천!)
7/13(월) 이후: 이때부터는 별도 예약 없이 현장 자율 입장이 가능하니 예약에 실패하셨다면 13일 이후를 노려보시는 것도 방법입니다
🌈 내부 분위기
​
팝업스토어 내부는 꽤 넓고 굿즈들이 보기 좋게 잘 배치되어 있어서 쾌적하게 둘러보기 좋았습니다
​
매장 밖으로는 대기할 수 있는 웨이팅 라인이 쳐져 있는데요
센스 있게 이 웨이팅 라인을 따라 굿즈 실물들이 전시되어 있더라고요!
덕분에 기다리는 동안 실물을 미리 구경하면서 찜해둘 수 있어서 지루할 틈이 없었어요~
​
게다가 옆쪽에는 <극장판 귀멸의 칼날: 무한성편> 포토존까지 마련되어 있으니 입장 전 인증샷은 필수!
⚔️ MD LIST 굿즈 총정리 (재고&구매 특전)
​
이번 팝업의 메인이라고 할 수 있는 MD 리스트입니다
​
랜덤상품
: 포토카드, 캔뱃지, 아크릴 스틱키링, 미니 아크릴 스탠드, 코스튬&일륜도 키링
확정상품
: 콜렉트북, 카드커버 스티커, 엽서세트, 노트, 포스터 컬렉션, 무한성 아크릴 디오라마, VS 아크릴 디오라마, WITH 아크릴 디오라마, 멀티클리너, 장패드, 키캡세트, 레더 맥세이프 카드지갑, 레더 카드지갑
현장 MD 재고 상황은 매장에 있는 QR코드를 통해 실시간으로 확인할 수 있으니 참고하세요!
구매특전으로 눈가림 부적 스티커(구매자 전원), 랜덤 무비 티켓(3만원 당)을 증정합니다
🎁 인스타 이벤트 (장패드 경품)
​
현재 인스타그램 공식 계정(@limition_pick)에서 대박 이벤트가 진행 중이니 꼭 참여하시고 경품 받아 가세요!
​
""유시로를 찾아라!"" 이벤트 참여 방법
팝업스토어 내에 숨어있는 유시로를 찾습니다
구매 특전으로 받은 '눈가림 부적 스티커'와 함께 유시로를 촬영해 주세요
본인 인스타그램에 필수 해시태그와 함께 사진을 업로드!
필수 해시태그:
#극장판_귀멸의칼날_무한성편_팝업스토어
공식 계정 이벤트 게시글 댓글에 '참여 완료' 문구를 남기면 끝!
​
★ 이벤트 경품: 귀칼 장패드 (랜덤 1종)
​
포스팅 본문 사진 속에도 유시로가 곳곳에 다수 등장하니 방문하셔서 원하는 포인트에서 쏙쏙 찾아 인증해 보시기 바랍니다!
네이버 예약 시간에 맞춰 드디어 팝업스토어 안으로 입장했습니다!
내부에는 귀멸의 칼날 외에도 다른 애니메이션 굿즈들이 소소하게 준비되어 있어서 함께 구경하는 재미가 쏠쏠했습니다
매장이 꽤 넓은 편인데도 동선이 일방향으로 딱 깔끔하게 짜여 있더라고요!
게다가 직원분들이 곳곳에서 현장 안내와 정리를 정말 친절하고 발 빠르게 잘해주시는 덕분에 인파가 몰리는 주말이나 피크 시간대에도 동선 엉킴 없이 아주 편안하고 쾌적하게 쇼핑을 즐길 수 있었습니다
이런 대형 팝업은 자칫하면 도떼기시장 같아지기 마련인데 여긴 관리가 진짜 최고였어요!
그리고 가장 중요한 굿즈 실물!
제품들을 직접 눈으로 보니 전체적으로 마감이나 프린팅 퀄리티가 기대 이상으로 엄청 좋아서 가격 대비 만족도가 진짜 높겠다 싶었어요~
저처럼 극장판을 보신 분들이라면 심장이 웅장해질 만한 명장면들이 가득한 아크릴 디오라마는... 보자마자 소장 욕구를 마구마구 자극하더라고요ㅎㅎㅎ
아! 참고로 많은 팬분들에게 골고루 기회가 돌아갈 수 있도록 상품마다 1인당 구매 제한 개수가 정해져 있어요!
품절 앤딩을 막기 위한 좋은 시스템인 것 같아요
다들 바구니에 담으실 때 벽면이나 가판대에 적힌 현장 안내 문구를 꼭 확인하시길 바랄게요~
특히 이 랜덤 키링이 아주 대박이었는데 랜덤의 묘미를 확실하게 지켜줬어요
겉면에 종이 포장을 한 번 더 하고 비닐 포장까지 되어 있어서 내부가 전혀 보이지 않는 것은 기본이고
혹시라도 손으로 만져서 내부 캐릭터를 유추하는 분들이 없도록 직원분들이 옆에서 직접 관리하고 안내해 주시더라고요
덕분에 100% 공정하고 짜릿한 랜덤의 재미를 그대로 느낄 수 있어서 아주 만족스러웠습니다
쇼핑을 마치고 계산 전 필수 코스인 구매 인증샷도 야무지게 남겨주었습니다
저희는 랜덤 코스튬 & 일륜도 키링(12,500원)과 키캡 세트(28,000원)를 구매했어요~
​
🤝 원하는 최애가 안 나왔다면? 현장 교환이 남았습니다!
랜덤 굿즈를 뽑았는데 원하는 최애 캐릭터가 안 나왔다고 해서 실망하고 바로 집에 가시면 안 됩니다
팝업스토어 바로 앞쪽에 의자들이 마련되어 있는데 이곳이 바로 팬들 사이의 실시간 굿즈 교환의 장이더라고요
시간 여유가 있으신 분들은 오픈한 굿즈를 들고 팝업 앞에서 다른 팬분들과 훈훈하게 교환 거래를 해보시는 것도 좋은 방법입니다
​
​
🐾 총평
​
이번 <극장판 귀멸의 칼날: 무한성편> 팝업스토어는 쾌적한 일방향 동선과 직원분들의 친절하고 체계적인 관리 덕분에 스트레스 없이 쇼핑할 수 있었던 대만족 팝업이었습니다
굿즈 퀄리티도 기대 이상으로 훌륭하고 랜덤 상품 관리도 철저해서 뽑는 맛이 제대로 살아있어요
구매 특전과 인스타 이벤트까지 짱짱하게 준비되어 있으니 홍대 AK몰 필수 코스로 무조건 추천드립니다!
​
근처 고양이가 반겨주는 홍대술집 홍담도 추천드립니다
그럼 다음에도 유용한 리뷰로 돌아오겠습니다
감사합니다~!
​
[홍대술집] 고양이가 있는 특별한 홍대입구술집 홍담
업체로부터 소정의 음식을 협찬받았지만, 실제 방문 후 주관적 내용의 후기입니다. 안녕하세요 여러분! 오...
blog.naver.com
내돈내산 인증
방문
리밋션 AK PLAZA 홍대
서울특별시 마포구 동교동 190-1
더보기
<극장판 귀멸의 칼날: 무한성편> 팝업스토어 사전 예약
2026.07.
예약
#귀멸의칼날무한성편팝업스토어
#귀멸의칼날팝업스토어
#홍대귀칼팝업
#귀칼팝업스토어리밋션
#홍대AK플라자귀칼
#AKPLAZA홍대
#홍대AK몰팝업
#귀멸의칼날무한성편굿즈
​
​"
"아일릿 민주, 팝업 스토어 현장서 빛난 '요정 미모' 포착",https://blog.naver.com/livenews101/224340195720,"아일릿 민주, 팝업 스토어 현장 요약 아일릿 민주가 7일 서울 마포구 홍대에서 열린 팝업 스토어 행사에 참석해 요정 같은 미모를 뽐냈습니다. 그녀의 등장에 현장은 뜨거운 환호로 가득했으며, 이는 아일릿의... ",GOOD NEWS,https://blog.naver.com/livenews101,20260708,마포구 팝업스토어,"순백의 요정, 민주가 팝업 스토어에 나타나다
7일 오후, 서울 마포구 홍대타운에 위치한 한 브랜드 팝업 스토어 오픈 행사에 아일릿 민주가 등장했습니다
.
마치 동화 속에서 걸어 나온 듯한 순백의 의상과 청순한 미모로 현장을 환하게 밝혔습니다
. 그녀의 등장은 마치 요정이 나타난 듯한 착각을 불러일으키며, 참석자들의 시선을 단숨에 사로잡았습니다.
이날 민주는 특유의 사랑스러운 분위기와 함께 성숙한 매력을 동시에 발산하며 팬들의 뜨거운 환호를 받았습니다
.
​
​
글로벌 대세 아일릿, 민주를 중심으로 펼쳐지는 인기
민주가 속한 그룹 아일릿은 데뷔곡부터 글로벌 차트를 휩쓸며 신인답지 않은 저력을 보여주고 있습니다
. 특히 민주는 팀의 비주얼 멤버로서 독보적인 존재감을 자랑하며, 그녀의 활동 하나하나가 팬들의 큰 관심을 받고 있습니다.
이번 팝업 스토어 행사 역시 민주의 인기를 실감케 하는 자리였으며, 그녀의 앞으로의 활동에 대한 기대감을 더욱 높였습니다
. 아일릿은 앞으로도 다채로운 음악과 퍼포먼스로 글로벌 팬들과 소통할 예정입니다
.
​
​
순간을 담은 포착, 민주의 다채로운 매력
행사장에 들어서는 민주의 모습은 마치 한 폭의 그림 같았습니다
. 카메라 플래시 세례 속에서도 흔들림 없이 당당하고 우아한 포즈를 취하며 프로페셔널한 면모를 드러냈습니다.
그녀의 눈빛 하나, 손짓 하나에도 팬들은 열광하며 환호성을 보냈습니다
. 이날 민주는 팝업 스토어의 콘셉트와 완벽하게 어우러지는 스타일링으로 시선을 끌었으며, 그녀의 등장만으로도 행사는 절정에 달했습니다.
이 순간들은 아일릿 민주의 눈부신 활약을 증명하는 소중한 기록이 될 것입니다
.
​
​
아일릿 민주, 팝업 스토어 현장 요약
아일릿 민주가 7일 서울 마포구 홍대에서 열린 팝업 스토어 행사에 참석해 요정 같은 미모를 뽐냈습니다. 그녀의 등장에 현장은 뜨거운 환호로 가득했으며, 이는 아일릿의 글로벌 인기를 다시 한번 입증하는 계기가 되었습니다. 민주는 성숙하면서도 사랑스러운 매력을 동시에 발산하며 팬들의 마음을 사로잡았습니다.
​
​
아일릿 민주에 대해 궁금하신 점들
Q.아일릿 민주가 참석한 행사는 어떤 브랜드의 팝업 스토어였나요?
A.기사에 명시된 브랜드는 없으나, 한 패션 또는 뷰티 브랜드의 팝업 스토어 행사로 추정됩니다.
​
Q.아일릿은 현재 어떤 활동을 하고 있나요?
A.아일릿은 데뷔곡으로 큰 인기를 얻으며 활발하게 글로벌 활동을 이어가고 있습니다.
​
Q.민주의 패션 스타일은 어떠했나요?
A.순백의 의상을 착용하여 청순하고 요정 같은 이미지를 강조했으며, 성숙한 매력도 함께 보여주었습니다.
​
​
​
​
​
​"
홍대팝업[귀멸의칼날팝업스토어] 홍대AK플라자 사전예약 입장방법 M....,https://blog.naver.com/nahobeya/224339828722,"안녕하세호요 오늘 소개해드릴 곳은, #홍대귀멸의칼날팝업 #홍대귀칼팝업스토어... 칼날:무한성편 팝업' 입니다. 귀멸의 칼날 팝업 @홍대 서울 마포구 양화로 188 (동교동, 애경타워) AK PLAZA 홍대 4층 LIMITION... ",죠마카세,https://blog.naver.com/nahobeya,20260708,마포구 팝업스토어,"안녕하세호요 오늘 소개해드릴 곳은,
​
#홍대귀멸의칼날팝업 #홍대귀칼팝업스토어
#귀멸의칼날무한성편팝업 #홍대귀멸의칼날
​
내돈내산 솔직후기임을 알려드립니다
홍대 '
귀멸의 칼날:무한성편 팝업
' 입니다.
📍귀멸의 칼날 팝업 @홍대
서울 마포구 양화로 188 (동교동, 애경타워)
AK PLAZA 홍대 4층 LIMITION
(홍대입구역 5번 출구에서 12m)
​
✨팝업 기간
26.07.07.(화)~08.02.(일)
월화수목금
11:00-22:00
토일
10:30-22:00
smgstore_kr Official: Instagram, X | Linktree
에스엠지홀딩스(주)의 하이퀄리티 굿즈 브랜드 공식 계정입니다.
linktr.ee
귀멸의 칼날 팝업 @홍대
서울특별시 마포구 양화로 188 (동교동, 애경타워) AK PLAZA 홍대 4층 LIMITION
귀멸의 칼날에 푹 빠져🗡️ 얼마 전 성수에 이어
작년부터 서울에서 열리는 전시 팝업은 전부 찾아 다녀왔었는데요
경쟁이 심했던 첫날! 티켓팅 성공으로 다녀온 홍대 현장 가보시죠! :)
​
​
외관
홍대 AK플라자 4층 LIMITION
홍대입구역에서 접근성도 좋고
홍대
에서
팝업하면 워낙 유명한 AK플라자
입니다
​
바로 옆에서는 진격거 전시회가 운영중이죠?
운명같이 만난 거인의 뒷태
요즘 전시 팝업 볼 게 정말 많습니다
🫪
(🪽
진격거 당연히 가지만 11/1까지라 저는 조금 선선해지고 갑니다
)
​
​
사전 예약 운영 기간
• 26.07.07(화) - 26.07.12(일)
✅7.7(화) 첫날은 워크인 입장❌
✅7.8(수)-7.12(일) 노쇼 발생시 워크인 입장⭕️
Previous image
Next image
<극장판 귀멸의 칼날: 무한성편> 팝업스토어
* 사전 예약 운영 기간: 2026.07.07(화) - 2026.07.12(일)
* 사전
예약 기간 첫 날 - 26.07.07(화)은 워크인 입장 불가
* 26.
07.08(수) - 07.12(일) 기간 동안
노쇼 발생 시 현장 워크인 입장 가능
합니다.
* 워크인 이용을 원하실 경우, 매장 앞에서 워크인 전용 나우웨이팅 등록 후 대기 부탁드립니다.
* 나우웨이팅 등록은 조기 마감될 수 있습니다.
​
​
사전 예약 오픈
• 26.07.03(금) 12:00(정오)
✅예약 기간 내에는 1인당 1매 예약만 가능
Previous image
Next image
11시30분부터 각잡고 있다,
40분정도부터 서버 들어가 대기
🔄
새로고침 하면서
정확히 12시 정시 입장
했는데도
누르는 회차마다 쭉쭉쭉 예약마감😰
와.. 진짜 빡쎄다..
하다
어렵게 4:00 성공!
​
유독 첫날 경쟁이 심해
, 정말 손에 땀을 쥐며
어렵게 성공한 티켓팅이였습니다🎫😂
​
작년, 강남 신세계 귀칼 팝업에서
앞날 거진 다 품절이 되어
멀리까지 찾아가
살 수 있던게 없어
...
모든 팝업
MD 조기품절 이슈
로
저 포함
다들 이를 악물고 무조건 첫날 오전만 노려
4시 오후 시간 때라 가기 전까진 조금 불안
했습니다😶‍🌫️
​
​
내부
- 아담한 팝업 스토어 규모
귀멸의 칼날:무한성편 팝업
개인적으로 좋아하는 편이라 더 기대가 컸습니다
✨
성수 전집중전 MD가 밤티
였죠?
홍대 귀칼 팝업이 열릴 예정이라는 소식을 조금 빠르게 들어
저는 성수/홍대 2곳 모두 갈 계획
이였어요
​
4시 입장 티켓인데,
여유있게 3시10분쯤 도착해
등신대 및 팝업 현장 촬영
했습니다⌚️📸
​
​
예약타임별 10분전 줄서기 가능
팝업 이용시간 30분
👍🏻깔끔하고 매끄러운 현장진행 만점
👍🏻현장관리자분들 운영 최고
Previous image
Next image
첫날 3시30분 예약팀 줄
📌전회차 30분 간격 예약인데,
내
예약 10분전 부터
저 검정 줄 라인에 설 수 있고
애초에 모든 회차 예약 인원을 무리하게 받지 않아
아주 쾌적하게 대기하며 입장 가능합니다.
현장 관리자 분들이, 5~7분정도 계셨던거 같은데
성수랑 차원이 다른
깔끔한 운영과 매끄러운 진행력
👍🏻👍🏻
홍대 귀멸의 칼날 팝업 스토어
현장 가보시면 정말 너무 잘 운영되어 운영자분께 박수
👏🏻
​
​
MD리스트 구매특전
👍🏻성수 전집중전보다 예쁜 디자인 보유
특전1)
구매자 전원
눈가림 부적 스티커
1종 1회 증정
​
특전2)
3만원 당
랜덤 무비 티켓
랜덤 12종 중 1종 증정
​
*특전은 조기 소진 될 수 있으며, 소진시 증정 이벤트는 종료*
*특전은 랜덤 증정되며, 선택 및 교환 불가*
*구매 당일 영수증 금액 따라 증정, 영수증 합산 불가*
​
수원이랑 동시 진행 팝업인데,
수원 귀멸의칼날 팝업에서는 실물 전시가 없다고 듣긴 했습니다
​
SNS에 MD 리스트 뜨자마자
제 구매 리스트 중📝 첫번째로
장패드 '혈귀 버젼' 원픽!
✨MD 모두 실물이 압승✨
​
Previous image
Next image
*사진 눌러서 보시면 선명합니다*
당연히
작년 강남 신세계 팝업 보다는,
규모 자체가 작기 때문에 적었고
〰️
성수 귀칼:
전집중전에 비교하면 말이 필요 없는,
디자인. 소장가치. 퀄리티. 종류. 만족도
🆙
*
무엇보다 전집중전에 없던 상현들이 있어 좋습니다
(상현 최애 코쿠시보👍🏻)
​
​
7/7 첫날 4:00 티켓
- 3시50분부터 줄서기 가능(10분전)
- 이용시간 4시30분까지(30분)
여유롭게 4시타임 첫 순서로 줄섰고
3시30분
사전 예약자들
이용하는 모습이 보이는데
아주 현명하게 타임별 인원 자체를 많이 받지 않아
전회차 이정도 명 수라 쾌적하게 구경/구매 가능 합니다
*
이용시간
30분 전혀 부족하지 않고 아주 널널해요
*
🔻
직원분들이 ➡️10.15분전부터 티켓.
신분증
확인 후
➡️바구니 나눠줌 ➡️예약시간
정시 칼입장
(오늘은 사전예약자만 입장 가능한데 모르고 줄 섰다
돌아간 외국인.한국 분들 정말 많으셨어요)
​
신분증 티켓확인 바구니 나눠주실 동안!
🌟
너무 좋았던 건, 앞타임 예약자들이 이렇게 전부 빠지면
현장 직원분들께서
MD상품을 확인 후
바로바로 다시 깔끔하게 정리, 채워
주십니다👍🏻
👍🏻
(4시타임이라 불안했는데 ✨수량 충분하다고 얘기 주셨어요)
​
​
정시 입장 이용
✅구매수량제한 상품마다 적혀있음
👍🏻MD 수량 넉넉히 준비해 놓으셨대요
Previous image
Next image
🔻장패드 주/혈귀 2종 25.-
개취로 상현들도 매력이 넘치고 장패드 퀄리티 좋습니다
먼저 이번 팝업에서 제 원픽, 혈귀버젼 장패드 획득🦍
​
정각 4시에 칼 같이 입장하고
타임별 수용 인원 자체가 적어
대기하느라 힘들고 그런게 전혀 없었습니다
​
🔻키캡 세트 8개 1set 28.-
실물이 더 예뻤고 두번째 픽이였던 키캡도 획득🦦
​
주와 멸로 이루어진 키캡이고
시중에 누르면 또각또각 소리 나는 키캡 아니라
찐 키보드 자판용 키캡
입니다.
​
귀멸의칼날 홍대 팝업
MD 리스트 발표 되자마자
난리가 났던, 만인의 1위 원픽 상품 키캡🥇⌨️
​
Previous image
Next image
몇가지 상품 제외,
랜덤이 많타는 부분
은 조금 아쉬웠지만
랜덤깡 퀄리티가 좋아 많이들 구매하세요🤓
​
상현들과 머리 풀은 텐겐이 나오길 바래
성수와 똑같이 1팩에2set 랜덤카드만 1개 재미로 구매
해봤는데,
랜덤카드만큼은 성수가 더 종이부터 두껍고 퀄이 좋았
습니다!
​
Previous image
Next image
🔻
아크릴 디오라마/랜덤 미니 아크릴 10.-부터 32.-까지
눈물나는 하쿠지의 순애보가 담긴 아크릴도 있고💫
아크릴 디오라마들 부터
랜덤 미니 아크릴 스탠드까지 귀엽고 멋있죠?
​
1년전쯤 전 기수 인원이 다 나오는 대형 조명 디오라마를
큰 맘 먹고 구매해 따로 구매하진 않았습니다
​
🔻포스터 컬렉션 4장 1set 20.-
가성비와 퀄리티 모두 좋아 많이들 구매하세요🤩
작년에 무한성 포스터를 액자에 전시해놔서 저는 패스했어요
​
실물 보여드리려 찍은
인기있던 3가지 MD입니다.
일륜도와 스틱키링 실물이 진짜 미쳤는데
랜덤이라 아쉬웠지만
랜덤깡 하시고 앞에 앉아 서로들 많이 바꾸시기도 하세요!
​
​
결제
👍🏻회전 속도 빠른편
👍🏻포스기 간격두고 직원 세분이 결제
🧾구매내역
✔️구매특전 2가지 모두 받음
- 쇼핑백 리밋션(대) 200원
- 귀칼 장패드 혈귀 25.000원
- 귀칼 랜덤 포토카드 4.000원
- 귀칼 키캡 세트주 7종+멸 1종 28.000원
총 57.200원
​
랜덤 카드는 폭망했지만😬
3만원 이상 구매 🎉
랜덤 특전으로 사네미가 찾아와 행보쿠
(특전 자체에, 텐겐 네즈코 상현 캐릭은 없어 사네미가 원픽이였어요)
​
​
이벤트
이벤트 기간 26.07.07(화)~07.20(월)
팝업 스토어 곳곳에
유시로를 찾아 참여하는
이벤트도 진행 중이니 재미삼아 한번 해보세요 🔎
✨경품: 장패드 2종 중 랜덤 1종 (추첨3인)
​
​
💬 솔직 총평과 한줄 후기
팝업
현장 진행 자체가 굉장히 깔끔하고 매끄럽
다.
정리 정돈 잘되고 차분한 실속형 팝업
느낌 아주 나이스
여러 팝업 스토어에서 많이들 데여
걱정하는 MD물량
굉장히 넉넉하게 준비
해 주셨고
홍대 귀칼 팝업 추천!
Previous image
Next image
초대형 팝업 전시가 아닌 이상
다양한 볼거리는 아니지만
소형 규모 팝업임에도 충분히 구색은 갖춘 팝업
MD 구매 목적으로 방문 Go❗️
​
최애 텐겐 네즈코 비율은 없었지만,
사네미와 상현들을 보고 간 팝업이기에 만족스러웠습니다 :)
​
✍🏻
""무엇보다 팝업현장이 군더더기 없이 매끄러운 진행으로
팝업 운영방식에 만점! 넉넉한 MD수량에 만점!
홍대 가실 일 있으면, 뒤로는 예약 없이도 이용 가능하니 귀멸의 칼날:무한성편 팝업스토어 추천드립니다.""
서이추 환영⛧
​
​"
아일릿 민주 '인사도 예쁘게' 팝업스토어 참석,https://blog.naver.com/jaejaehouse00/224339413653,홍대타운 찾은 민주 아일릿 민주가 7일 서울 마포구 동교동 올리브영 홍대타운에서 열린 헤어 브랜드 팝업스토어에 모습을 드러냈습니다. 행사장에 들어선 민주를 향해 현장에서는 자연스러운 관심이... ,연예이슈톡,https://blog.naver.com/jaejaehouse00,20260707,마포구 팝업스토어,"아일릿 민주가 서울 홍대에서 열린 헤어 브랜드 팝업스토어 행사에 참석했습니다.
​
단정한 분위기 속에서 밝은 인사를 전하며 현장 시선을 모았어요.
​
​
홍대타운 찾은 민주
아일릿 민주가 7일 서울 마포구 동교동 올리브영 홍대타운에서 열린 헤어 브랜드 팝업스토어에 모습을 드러냈습니다.
​
행사장에 들어선 민주를 향해 현장에서는 자연스러운 관심이 이어졌어요.
​
평소처럼 깔끔하고 세련된 분위기가 돋보이며 브랜드 행사와도 잘 어울렸습니다.
​
단정한 매력으로 시선 집중
민주는 짧은 인사만으로도 분위기를 부드럽게 만들며 존재감을 보여줬습니다.
​
특히 예쁘게 인사하는 모습이 포착되며 팬들과 취재진의 시선을 사로잡았어요.
​
과하지 않은 스타일링 속에서도 아일릿 민주 특유의 산뜻한 매력이 또렷하게 느껴졌습니다.
​
행사장 분위기 더한 아일릿 민주
이번 일정은 브랜드 팝업스토어 현장에서 진행된 만큼, 아일릿 민주가 보여준 밝은 태도도 자연스럽게 어우러졌습니다.
​
짧은 등장만으로도 현장 분위기를 환하게 만든 점이 인상적이었습니다.
​
아일릿 민주를 향한 관심은 앞으로의 활동에서도 계속 이어질 것으로 보입니다.
​
아일릿 민주가 전한 단정한 인사만으로도 현장은 한층 화사해졌습니다.
​
앞으로의 활동에서도 아일릿 민주의 매력이 기대돼요.
​
#아일릿
#민주
#아일릿민주
#팝업스토어
#홍대타운
#연예뉴스
#MD포토"
"라이즈, 팝업 스토어 전석 매진 신화: 팬덤 열기, 성공 비결은?",https://blog.naver.com/livenews101/224336990613,그룹 라이즈(RIIZE)가 두 번째 미니앨범 '투(II)'와 연계한 팝업 스토어 'ARCHIIVE²'를 성공적으로 마무리하며 팬덤의 뜨거운 열기를 입증했습니다. 약 250평 규모로 서울 마포구 레이어스튜디오 11에서 13일간... ,GOOD NEWS,https://blog.naver.com/livenews101,20260705,마포구 팝업스토어,"팬덤의 뜨거운 열기, 팝업 스토어 전 회차 매진!
그룹 라이즈(RIIZE)가 두 번째 미니앨범 '투(II)'와 연계한 팝업 스토어 'ARCHIIVE²'를 성공적으로 마무리하며 팬덤의 뜨거운 열기를 입증했습니다
.
약 250평 규모로 서울 마포구 레이어스튜디오 11에서 13일간 진행된 이번 팝업은 사전 예약 오픈과 동시에 전 회차가 매진되는 기염을 토했습니다
.
이는 라이즈의 강력한 팬덤 파워와 앨범의 높은 인기를 방증하는 결과입니다
. 팝업은 앨범 콘셉트인 '영감 수집'을 시각적으로 구현하여 팬들에게 특별한 경험을 선사했습니다. 멤버들의 취향과 감성이 담긴 공간 연출은 물론, 다양한 아이템들이 팬들의 마음을 사로잡았습니다
.
​
​
멤버들의 손길이 닿은 MD, 품절 대란의 주인공!
이번 팝업 스토어에서 가장 큰 화제를 모은 것은 바로 멤버들이 직접 아이디어를 내고 디자인에 참여한 MD 상품들이었습니다
.
모자, 후디, 저지, 티셔츠 등 일상에서 편하게 착용할 수 있는 친화적인 디자인의 의류와 액세서리들은 팝업 기간 내내 품절 대란을 일으키며 팬들의 뜨거운 구매욕을 자극했습니다
.
이는 단순한 굿즈 판매를 넘어, 멤버들과 팬들 간의 유대감을 강화하는 매개체 역할을 톡톡히 해냈습니다
. 팬들은 자신들이 좋아하는 멤버의 취향이 담긴 상품을 소장함으로써 더욱 깊은 만족감을 느꼈을 것입니다.
​
​
다채로운 체험형 콘텐츠, 팬심을 더욱 깊게 파고들다
라이즈 팝업 스토어는 단순한 상품 전시를 넘어 팬들이 직접 참여하고 즐길 수 있는 다채로운 콘텐츠로 가득했습니다
. 멤버별 키워드 키링을 수집하고 카드를 조합해 나만의 아카이브를 완성하는 체험, 행잉 포스터, 캐비닛, 1300피스 퍼즐, 망원경 등 다양한 형태의 초상 이미지 전시, 그리고 라이즈가 남긴 손글씨 흔적을 따라가는 감상 루트까지, 팬들은 마치 라이즈의 세계관 속으로 들어온 듯한 몰입감을 경험했습니다. 이러한 체험형 콘텐츠는 팬들에게 잊지 못할 추억을 선사하며 라이즈에 대한 애정을 더욱 깊게 만들었습니다
.
​
​
음반·음원 기록 경신, 라이즈의 거침없는 성장세
팝업 스토어의 성공은 라이즈의 음반 및 음원 성적과도 맥을 같이 합니다
. 신보 '투(II)'는 통산 4번째 밀리언셀러 기록을 달성했으며, 음악방송 3관왕, 멜론 글로벌 K-차트 및 HOT 100 1위, 중국 텐센트뮤직 산하 5개 음원 플랫폼 통합 K팝 차트 1위, QQ뮤직 '플래티넘' 인증, 일본 AWA 실시간 급상승 차트 1위 등 국내외 차트를 휩쓸며 압도적인 인기를 증명했습니다. 이러한 기록들은 라이즈가 단순한 신인 그룹을 넘어 K팝 시장에서 확고한 입지를 다지고 있음을 보여줍니다.
​
​
라이즈 팝업 스토어 성공 요인 분석
라이즈의 팝업 스토어 'ARCHIIVE²'는 음반 및 음원 흥행에 힘입어 전 회차 매진을 기록하며 팬덤의 뜨거운 열기를 확인시켜 주었습니다. 멤버들의 취향이 반영된 MD 상품의 품절 대란과 다채로운 체험형 콘텐츠는 팬들에게 특별한 경험을 선사하며 높은 만족도를 이끌어냈습니다. 이는 라이즈의 강력한 팬덤 파워와 함께, 팬들과의 적극적인 소통 및 교감을 통해 성공적인 팬덤 문화를 구축하고 있음을 보여줍니다.
​
​
라이즈 팝업 스토어 관련 궁금증 해결!
Q.팝업 스토어 'ARCHIIVE²'의 주요 콘셉트는 무엇이었나요?
A.팝업 스토어는 라이즈의 두 번째 미니앨범 '투(II)' 콘셉트인 '영감 수집'을 시각적으로 구현했습니다. 멤버들이 영감을 찾아 여행을 떠난 과정을 시간과 공간의 흐름에 따라 구현했으며, 멤버들의 감성과 취향이 반영된 편집숍 같은 공간으로 연출되었습니다.
​
Q.팝업 스토어에서 가장 인기가 많았던 MD 상품은 무엇인가요?
A.멤버들이 직접 아이디어를 내고 디자인에 참여한 모자, 후디, 저지, 티셔츠 등 일상 친화적인 디자인의 의류와 액세서리들이 팝업 기간 내내 품절 대란을 일으키며 가장 큰 인기를 얻었습니다.
​
Q.라이즈의 최근 음반 및 음원 성적은 어떤가요?
A.라이즈는 신보 '투(II)'로 통산 4번째 밀리언셀러를 기록했으며, 국내외 주요 음원 및 음악 방송 차트에서 1위를 석권하는 등 압도적인 성과를 거두며 K팝 시장에서의 입지를 공고히 하고 있습니다.
​
​
​
​
​
​"
홍대 귀칼 팝업 사전예약 방법 일정 굿즈 md 라인업 특전 정보 총정....,https://blog.naver.com/hej_ruru/224336691248,홍대 귀칼 팝업 사전예약 방법 일정 굿즈 md 라인업 홍대 귀멸의 칼날 팝업스토어 장소 : 서울시 마포구 양화로 188 AK 플라자 홍대 4층 LIMITION 수원 AK플라자에서도 진행! 귀멸의 칼날 무한성편 개봉을 앞두고... ,꿈돌이의 여행이야기,https://blog.naver.com/hej_ruru,20260705,마포구 팝업스토어,"홍대 귀칼 팝업 사전예약 방법 일정 굿즈 md 라인업
귀멸의 칼날 팝업 @홍대
서울특별시 마포구 양화로 188 (동교동, 애경타워) AK PLAZA 홍대 4층 LIMITION
📍홍대 귀멸의 칼날 팝업스토어
장소 : 서울시 마포구 양화로 188 AK 플라자
홍대 4층 LIMITION
​
수원 AK플라자에서도 진행!
​
귀멸의 칼날 무한성편 개봉을 앞두고
홍대 AK PLAZA에서 귀멸의 칼날 팝업스토어가 열린다!!!
​
이번 팝업은 무한성편 콘셉트의 신규 일러스트를 활용한
다양한 굿즈와 구매 특전이 준비되어 있어
귀멸의 칼날 팬이라면 꼭 방문해볼 만한 행사다
​
홍대 귀칼 팝업 수원 귀칼 팝업은
07월 07일 화요일부터 진행이 되는데
이번 성수 귀칼 전시 굿즈보다 라인업이 좋다!
단, 랜덤 많음 주의 😢
​
무성편이라 무한성 일러 굿즈들로 구성되어 있다
​
귀멸의칼날 팝업 굿즈(출처 : LIMITION 인스타)
이번 홍대 귀칼 팝업에서는
무한성편 신규 일러스트 굿즈가 다양하게 나오는데
​
대표 MD는
​
✔ 아크릴 스틱 키링
✔ 랜덤 코스튬&일륜도 키링
✔ 아크릴 디오라마
✔ 카드 커버 스티커
✔ 엽서 세트
✔ 키캡 세트
​
등이 준비되어 있다.
귀멸의칼날 팝업 굿즈(출처 : LIMITION 인스타)
카드 커버 스티커랑 엽서 세트도 괜찮은듯!
귀멸의칼날 팝업 굿즈(출처 : LIMITION 인스타)
젤 갖고 싶은건 키캡세트!!!
패키지 디자인까지 예뻐서 넘 기대!
​
아크릴 디오라마도 예쁜듯 ㅠㅠ
귀멸의칼날 팝업 굿즈(출처 : LIMITION 인스타)
구매자 전원에게
눈가림 부적 특전 제공하며
3만원당 랜덤 무비티켓을 증정한다
모아 놓으니 확실히 예쁨!
​
이번 홍대 귀칼 팝업은
성수 전시보다 MD 종류가
더 다양하고 예뻐서 지갑 많이 털릴 예정ㅋㅋㅋ
​
랜덤 굿즈 비중이 높은 편이라 아쉽긴한데
개인적으로는
무한성 일러스트가 적용된 키캡 세트와
아크릴 스틱 키링이 가장 기대된다
​
첫날 예약해서 방문 예정인데
수량이 넉넉하게 준비되어 있기를 기대 중이다!!!!!
귀멸의칼날 팝업 사전 예약 방법 안내(출처 : LIMITION 인스타)
홍대 귀멸의 칼날 팝업은
네이버 예약을 통해 사전예약 후 입장이 가능하다
​
사전예약 운영 기간은
07월 07일~07월 12일까지
​
특히 오픈 첫날인
7월 7일(화)은 워크인 입장이 불가능하며,
예약자만 입장할 수 있다.
​
7월 8일부터는
노쇼 발생 시 현장 워크인도 가능하지만,
매장 앞 나우웨이팅 등록 후 대기!
​
워크인 등록은 조기 마감될 수 있으므로
예약 후 방문하는 것을 추천한다!
​
예약은
아래 네이버 예약 링크로 가능하니
방문할 사람은 참고바란다!
​
​
네이버 예약 :: 리밋션 AK PLAZA 홍대
AK PLAZA 홍대 4F LIMITION 팝업스토어
booking.naver.com
#홍대귀칼팝업
#귀칼팝업
#귀멸의칼날팝업
#귀칼팝업사전예약
#귀칼팝업굿즈
#귀멸의칼날굿즈
#귀칼특전
#무한성편
#AK플라자홍대
#팝업스토어
#홍대팝업
#오타쿠
#애니메이션
#귀칼팝업"
&lt;SIX STAR STELLIVE ️&gt; 스텔라이브 팝업 스토어,https://blog.naver.com/yhc3640/224334589877,"&lt;SIX STAR STELLIVE ️&gt; 스텔라이브 팝업스토어 팬베이스 홍대점 (서울 마포구 양화로 178-5, LC타워 별관 지하 2층, 팬베이스) 신비로운 차원 속 스텔라이브 다이너를 콘셉트로 한 ‘SIX STAR STELLIVE’ 팝업스토어가... ",FANTA,https://blog.naver.com/yhc3640,20260702,마포구 팝업스토어,"<SIX STAR STELLIVE 🍽️>
스텔라이브 팝업스토어
​
팬베이스 홍대점
(서울 마포구 양화로 178-5,
LC타워 별관 지하 2층,
팬베이스)
신비로운 차원 속 스텔라이브 다이너를
콘셉트로 한 ‘SIX STAR STELLIVE’
팝업스토어가 홍대에 오픈합니다
​
다이너에서 특별한 하루를 보내게 된
스텔라들의 세계관을 담아낸 공간으로,
다양한 굿즈와 현장 콘텐츠를
함께 즐길 수 있는 팝업이에요
​
스텔라이브 멤버들과 함께
맛있는 추억을 만들 수 있는
특별한 공간을 직접 경험해보세요!
팬베이스 홍대점
FAN BASE
팬베이스 입구
팝업스토어는
LC타워 지하 2층에 위치한
팬베이스 홍대점에서 진행중이다.
​
팝업스토어 입구
여느때와 마찬가지로
팝업 한정 일러스트 전광판이 입구에서 맞아준다.
​
이번 팝업은 구경 방식이 좀 바뀌었는데,
전광판을 기준으로 왼쪽 공간부터 시계방향으로
이동하며 왼쪽 공간과 오른쪽 공간을 분리하는
커튼을 통과하면 다시 되돌아갈 수 없다.
​
포토 존
왼쪽 공간으로 들어서면
오른편엔 주방이 보이는 좌석과
등신대가 전시되어있다.
​
의자에 앉아서 사진 촬영이 가능하며 직원분께 부탁드리면 굉장히 열심히 찍어주신다.
등신대 전시 오른쪽 구석엔
냉장고와 병 소품으로 꾸며져 있다.
사키하네 후야/아라하시 타비/아오쿠모 린/시라유키 히나
하나코 나나
좀 더 들어가면 나나 등신대 옆에
라이브 메세지 월에 띄울
메세지를 적을 수 있는 공간이 있다.
​
입장 특전으로 나누어준 책자에 찍을 도장도 준비되어있다.
왼쪽 공간으로 들어섰을때
왼편에는 리코, 리제 등신대와
식당의 테이블 소품이 전시되어있다.
​
이곳에 앉아서도 사진촬영이 가능하다.
유즈하 리코/아카네 리제
​
라이브 메시지 월
네네코 마시로/텐코 시부키
매번 팝업마다 있는
직접 적은 메시지를 띄워주는 전광판이다.
시로와 부키 등신대와 함께있다.
곳곳에 붙어있던 재치있는 전단지
​
가챠 존
아야츠노 유니
유일한 랜덤 굿즈인 S.S.Stellive 메탈 뱃지를
뽑을 수 있는 가챠 존이다.
카드만 받는 뽑기기계들이다.
​
미디어 존
가챠 존 옆에 미디어 존으로 향하는 커튼이 있다.
​
왼쪽 오른쪽을 나누는 공간이며
여길 통과하면 다시 왼쪽 공간으로 돌아올 수 없다.
테이블과 의자를 비치해두었다.
벽에는 영상이 재생되고 있고 테이블에는
계속해서 바뀌는 음식 영상을 쏘아주고있다.
​
전에는 이 공간에서 랜덤 굿즈를 교환하곤 했는데
이번에는 굿즈 구매 이후 이곳에 들어올 수 없으니
굉장히 조용했다.
반대쪽 커튼을 통해 굿즈존으로 이동한다.
​
굿즈(MD)존
전경
굿즈(MD) 전시
유리장에 이번 팝업 굿즈들을 모아 전시해두었다.
첫 번째 매대
첫 번째 매대 전경
티셔츠를 입힌 마네킹과 각종 굿즈들이 있다.
장패드(전시용)/도어 사인
장패드(판매용)/레트로 미니 태피스트리
두 번째 매대
두 번째 매대 전경
아크릴 스탠드/레트로 밀크컵/sd 아크릴 키링
계산서 메모지/크루넥 반팔 티셔츠
크루 틴사인/메탈 뱃지/아크릴 스탠드 전시
크루 스티커 팩/레트로 병뚜껑 뱃지
세 번째 매대
판매용 상품은 없고
태피스트리와 소품 등으로 꾸며져 있다.
레트로 미니 태피스트리/계산서 메모지
오븐과 피자
​
카운터
굿즈를 계산하고 특전을 받는 카운터이다.
구매에 대한 안내와 멤버십 인증을
도와주는 해둥이가 있다."
전지적 독자 시점 오피셜 팝업 스토어 &amp; 콜라보 카페 개최 MD 굿즈 공....,https://blog.naver.com/gls9896/224333186764,&lt;전지적 독자 시점&gt; 오피셜 팝업 스토어 &amp; 콜라보 카페 : 한여름의 유람 [서브 시나리오 발생!]... ✅ 기간: 26.07.31(금) ~ 08.17(월)  위치: 서울 마포구 성미산로 151-1 #굿즈모먼트 #전지적독자시점... ,BORI Tea,https://blog.naver.com/gls9896,20260701,마포구 팝업스토어,"💫<전지적 독자 시점>
오피셜 팝업 스토어 & 콜라보 카페 : 한여름의 유람
​
[서브 시나리오 발생!]
성좌님들! 특별한 여름을 만들어봐요!
많은 관심 부탁 드립니다.
​
✅ 기간: 26.07.31(금) ~ 08.17(월)
📍 위치: 서울 마포구 성미산로 151-1
#굿즈모먼트
#전지적독자시점
#레드아이스
#STUDIO_3B2S
💫안녕하세요, 성좌님!
​
[서브 시나리오 : 한여름의 유람]
MD리스트 1차 공개합니다☆
​
✅ 기간: 26.07.31(금) ~ 08.17(월)
📍 위치: 굿즈모먼트 1F~4F
#굿즈모먼트
#전지적독자시점
#레드아이스
#STUDIO_3B2S
​
💫안녕하세요, 성좌님!
​
[MD리스트 2차 공개]
성좌님들의 관심으로 개연성이 높아집니다.🌟
​
✅ 기간: 26.07.31(금) ~ 08.17(월)
📍 위치: 굿즈모먼트 1F~4F
#굿즈모먼트
#전지적독자시점
#레드아이스
#STUDIO_3B2S
​
💫안녕하세요, 성좌님!
​
[MD리스트 3차 공개]
모든 MD가 공개되었습니다🌟
이후 공개되는 정보도 많은 관심 부탁드립니다!
​
✅ 기간: 26.07.31(금) ~ 08.17(월)
📍 위치: 굿즈모먼트 1F~4F
#굿즈모먼트
#전지적독자시점
#레드아이스
#STUDIO_3B2S
​
💫안녕하세요, 성좌님!
​
[히든 시나리오: 패왕의 탄신일]
히든 시다리오가 발생하였습니다.
성좌님들의 많은 관심 부탁드립니다.
​
✅ 기간: 26.07.31(금) ~ 08.17(월)
📍 위치: 굿즈모먼트 1F~4F
#굿즈모먼트
#전지적독자시점
#레드아이스
#STUDIO_3B2S"
"[내드리오] 마포구 팝업스토어 인테리어, 43평 인더스트리얼 시공사....",https://blog.naver.com/imakehouse2021/224317797052,상담 전화 1800-7431 [태그] #마포구인테리어 #마포팝업스토어 #팝업스토어인테리어 #인더스트리얼인테리어 #노출콘크리트인테리어 #상가인테리어 #매장인테리어비용 #상업공간인테리어 #마포상가인테리어... ,내드리오 · LX하우시스 공식 주거·상업·창호,https://blog.naver.com/imakehouse2021,20260630,마포구 팝업스토어,"마포구 팝업스토어 인테리어 / 마포구 상가 인테리어
마포구 팝업스토어 인테리어, 43평 인더스트리얼 공간은 이렇게 완성됐습니다
​
마포구 팝업스토어 인테리어는 '짧은 운영 기간 안에 강한 인상을 남기는' 것이 목적입니다. 43평 규모를 노출 콘크리트와 라인 조명으로 정리해, 빠른 시공과 임팩트를 동시에 잡은 인더스트리얼 상업공간입니다.
마포 팝업스토어 노출 콘크리트, 라인 조명과 구조체를 살린 인더스트리얼 천장입니다.
​
내드리오는 주거와 상업 인테리어를 모두 다루는 비교견적 중개 플랫폼입니다. 시공은 검증된 파트너 업체가 맡고, 저희는 조건에 맞는 업체를 매칭하고 여러 견적을 비교해 드리는 역할을 합니다. (창호·샷시는 LX하우시스 공식 대리점으로 직접 상담·시공이 가능합니다.)
​
팝업스토어 인테리어 핵심, 빠른 시공과 강한 첫인상
​
운영 기간이 짧은 팝업은 '덜 마감하고 더 연출'하는 전략이 맞습니다. 구조체를 노출로 살리고 조명과 디스플레이에 비중을 둬, 3주라는 짧은 기간에 완성도를 끌어올렸습니다.
팝업스토어 테라조 계단, 시원한 동선을 만든 진입부입니다.
마포 팝업 진입 계단, 자연광과 콘크리트가 어우러진 공간입니다.
​
마포 상가 인테리어 마감, 콘크리트와 조명으로 만든 무드
​
노출 콘크리트, 화이트 디스플레이 존, 테라조 바닥이 만나 차갑지 않은 인더스트리얼 무드를 만듭니다. 화이트 존은 제품·연출이 돋보이도록 비워 둔 것이 포인트입니다.
팝업스토어 화이트 연출존, 제품과 연출이 돋보이도록 비운 공간입니다.
팝업 복도 진열, 라인 조명 아래 깔끔하게 정리한 디스플레이입니다.
​
마포구 팝업스토어 인테리어 비용과 시공 기간 (모던 · 5000만원대 · 약 3주)
​
이번 마포구 팝업스토어은 5000만원대, 시공 기간 약 3주가 소요됐습니다. 현장 조건·마감 사양에 따라 차이가 크므로, 위 금액은 '이 조건에서의 한 사례'로 보시는 것이 정확합니다.
​
​
무료로 비교 견적 신청
​
​
같은 팝업스토어이라도 견적이 갈리는 이유 (비교 플랫폼 관점)
​
팝업·단기 매장 견적을 비교 중개하다 보면, '마감을 어디까지 하느냐'가 총액을 좌우합니다. 앞서 다룬 성동 50평 의류매장이나 대전 백화점 매장처럼 장기 운영 매장은 고급 마감이 필수지만, 팝업은 구조 노출과 연출 비중을 높여 비용을 합리화하는 경우가 많습니다. 43평 5000만원대·3주는 '단기 운영을 전제로 마감을 절제한' 한 사례로, 운영 기간과 콘셉트에 따라 견적이 달라지므로 복수 비교가 유리합니다.
​
마포구 팝업스토어 인테리어 자주 묻는 질문 (FAQ)
​
Q. 마포 팝업스토어 43평 인테리어 비용은 어느 정도인가요?
A. 이번 사례는 5000만원대였습니다. 팝업은 마감 수준과 디스플레이 제작 범위, 운영 기간에 따라 차이가 크므로 콘셉트를 정한 뒤 복수 견적을 비교하시길 권합니다.
​
Q. 팝업스토어 인테리어는 기간이 얼마나 걸리나요?
A. 이번 공간은 약 3주가 걸렸습니다. 구조를 노출로 살리고 마감을 절제하면 일반 매장보다 기간을 단축할 수 있습니다.
​
Q. 내드리오가 시공도 직접 하나요?
A. 내드리오는 시공을 직접 하지 않는 비교견적 중개 플랫폼입니다. 조건에 맞는 검증된 시공 파트너를 매칭하고 여러 견적을 비교해 드립니다. 단, 창호(샷시)는 LX하우시스 공식 대리점으로 직접 상담·시공이 가능합니다.
​
​
마포구 팝업스토어 인테리어, 견적부터 비교해 보세요. 상담 전화 1800-7431
​
[태그]
#마포구인테리어
#마포팝업스토어
#팝업스토어인테리어
#인더스트리얼인테리어
#노출콘크리트인테리어
#상가인테리어
#매장인테리어비용
#상업공간인테리어
#마포상가인테리어
#인테리어비교견적"
묘냥이와 멍구 팝업스토어 홍대 POP-UP 추천 [토끼풀빌라에 어서오세....,https://blog.naver.com/travel0202/224331767574,귀여운 묘냥이와 멍구 팝업스토어를 진행한다고 해요 ~ 지금 포토이즘도 나왔고 이벤트도 하고... 타이틀은 [토끼풀빌라에 어서오세요] 장소 운영 장소 : 서울 마포구 양화로 188 AK플라자 홍대 1층 운영... ,일상기록지,https://blog.naver.com/travel0202,20260630,마포구 팝업스토어,"귀여운 묘냥이와 멍구 팝업스토어를 진행한다고 해요 ~
지금 포토이즘도 나왔고 이벤트도 하고 있다고 하니
참고하세요 !!
​
타이틀은
[
토끼풀빌라에 어서오세요]
장소
운영 장소 : 서울 마포구 양화로 188 AK플라자 홍대 1층
운영 기간 : 2026년 7월 3일 금요일 ~ 2026년 7월 16일 목요일
운영 시간 : 월-금 11:00 ~ 22:00
토-일 10:00 ~ 22:00
AK PLAZA 홍대
서울특별시 마포구 양화로 188
​
​
​
​
​
​
​
​
MD 리스트
출처 : 묘냥이와 멍구 팝업 공식 X
요즘은 팝업스토어 열면 키캡도 많이 하더라구요 !!
저는 마우스패드가 필요해서 그런지
마우스패드에 눈이 가네요 ㅋㅋㅋㅋ
​
​
​
​
​
​
포토그레이
현재 묘냥이와 멍구 포토그레이 프레임도 있다고 하니까
가서 꼭 사진 찍고 이벤트도 참여해보세요 ~
기간
: 2026년 6월 26일 ~ 2026년 7월 25일
​
참여방법
: 1) 포토그레이 공식 인스타그램 (@photogray)official), 공식 X 계정 팔로우
2) 프레임 촬영 후 공식 계정 태그하여 SNS 업로드
​
필수 해시태그
:
#포토그레이
#묘냥이와멍구
#포토그레이X묘냥이와멍구
​
상품
​
: 묘냥/멍구 스트링 파우치 2종세트 (3명)
묘냥/멍구 기본 마스코트 키링 2종세트 (1명)
묘냥/멍구 코스튬 마스코트 키링 2종세트 (1명)
​
당첨자 발표
: 개별연락
​
추가로 팝업스토어 이벤트나 특전 같은것도 준비하고 계신 것 같은데
아직 소식은 없네요 !! 업데이트 되면 블로그에도 업로드 해놓겠습니다 ㅎㅎ
​
​
​
​
​
​
​
#홍대팝업추천
#홍대AKPLAZA팝업
#묘냥이와멍구
#묘냥이와멍구팝업
#묘냥이와멍구프레임
#묘냥이와멍구이벤트
#포토그레이프레임
#포토그레이묘냥이와멍구"
6월 4주차 홍대. 연남동. 연희동. 합정 팝업스토어 및 세일 행사 정보,https://blog.naver.com/qkehdehd17/224328775046,신촌 등에서 진행되고 있는 서대문구 팝업스토어 및 세일 행사 알아 보로 가시죠 마포구. 서대문구 팝업스토어 1. 뮤즈뮤지엄 2. 미스테페넘 3. 초조 4. 에버닌스테어스 5. 디스커스애슬레틱 6.... ,승하이의 fashion,https://blog.naver.com/qkehdehd17,20260627,마포구 팝업스토어,"​
안녕하세요 승하이입니다👋
오늘은 마포구와 서대문구에서 진행되고 있는 6월 넷째 주 팝업스토어 및 세일 행사 정보를 소개해 드리려고 합니다!
​
마포구에서는 홍대. 합정. 연남동. 망원 쪽에서 팝업스토어 소식이 있고 서대문구에서는 연희동과 신촌에서 진행되고 있는 팝업스토어 소식이 준비되어 있는데요😆
​
주말에 마포구나 서대문구 갈일 있다면 팝업스토어 및 세일 행사 정보 참고해서 한번 같이 들러보는 것도 좋을 것 같네요!
​
그럼 바로 6월 넷째 주 홍대. 합정. 연남동. 망원 등에서 진행되는 마포구 팝업과 연희동. 신촌 등에서 진행되고 있는 서대문구 팝업스토어 및 세일 행사 알아 보로 가시죠👇👇👇
마포구. 서대문구 팝업스토어
1. 뮤즈뮤지엄
2. 미스테페넘
3. 초조
4. 에버닌스테어스
5. 디스커스애슬레틱
6. 크래커하우스
7. 라이프프랙티스프로젝트
8. 로레카
뮤즈뮤지엄
안녕하세요, 뮤즈뮤지엄입니다. 6월 24일 QUIET DESIRE 컬렉션 발매와 함께 6월 27일 망원에서 팝업 스토어를 진행합니다.
​
이번 팝업은 포토 스튜디오 타이도와의 협업으로 이루어지며, 다양한 셀러들과 함께 특별한 공간을 선보일 예정입니다. 특히 뮤즈뮤지엄 구매 고객분들께는 이번 팝업에서만 만나볼 수 있는
뮤즈뮤지엄의 포토카드 촬영해 가져가실 수 있습니다.
출처 - 뮤즈뮤지엄
​
📌
#뮤즈뮤지엄
팝업스토어 정보
​
일정 - 26.06.27(토)
시간 - 13:00 ~ 19:00
위치 - 마포구 월드컵북로 9길 23 3층
타이도
서울특별시 마포구 월드컵북로9길 23 3층
​
📍팝업 이벤트
1️⃣ QUIET DESIRE 컬렉션 공개
​
2️⃣ 팝업스토어 익스클루시브 제품 공개
​
미스테페넘
Spotlight POP-UP NOTICE
MYSTEPENM의 스포트라이트 팝업 스토어가 하이츠 스토어 서교점에서 진행됩니다. VOL. 4.5 Vacation Unit' 컬렉션을 현장에서 직접 만나보실 수 있습니다.
출처 - 미스테페넘
​
📌
#미스테페넘
팝업스토어 정보
​
일정 - 26.06.23(화) ~ 26.06.29(월)
시간 - 12:00 ~ 21:00
위치 - 마포구 양화로 12길 16-8 1층
하이츠스토어
서울특별시 마포구 양화로12길 16-8 1층, 하이츠스토어
​
📍팝업 이벤트
1️⃣ 전 상품 10% 할인 혜택
​
2️⃣ 아카이브 상품 최대 40%까지 할인 혜택
​
3️⃣ 현장 구매 고객에 한해 최대 30,000원 할인 가능한 12% 쿠폰 적용이 가능하오니 많은 관심 부탁드립니다.
​
초조
안녕하세요, CHOJOE입니다. 6/25(목)부터 6/27(토)까지 총 3일간 하바티 서울점 2층에서 CHOJ0E의 팝업 스토어가 진행됩니다.
출처 - 초조
​
📌
#초조
팝업스토어 정보
​
일정 - 26.06.25(목) ~ 26.06.27(일)
시간 - 목. 금 | 13:00 ~ 21:00
- 토 | 12:00 ~ 21:00
위치 - 마포구 동교로 209-4 하바티
하바티
서울특별시 마포구 동교로 209-4 1,2 층
​
📍팝업 이벤트
1️⃣ 팝업에서는 HISHI SASHIKO SHIRT, FLOWER SASHIKO SHIRT를 비롯해 기존 코듀로이 셋업 위에 사시코 작업을 더한 SASHIKO CORDUROY DOUBLE JACKET과 SASHIKO CORDUROY PANTS를 한정 수량으로 만나보실 수 있습니다.
​
2️⃣ 팝업 기간 동안만 만나보실 수 있는 할인 프로모션과 방문해 주시는 분들을 위한 작은 선물도 함께 준비했습니다.
​
3️⃣ 팝업을 기념하여 인스타그램 리그램 이벤트가 @chojoe_seoul, @havati.shop 두 계정에서 진행 중이니 많은 관심과 참여 부탁드립니다.
​
에버닌스테어스
옷을 사기 위해서가 아니라, 재밌는 일을 찾기 위해
들러도 좋은 며칠을 준비했습니다. 에버닌 스테어스는 늘 좋은 브랜드를 소개하는 공간이 되고자 했지만, 이번에는 조금 다른 방식으로 고객분들을 만나보고자 합니다. 매장 곳곳에 숨겨진 쇼핑 지원금을 찾고, 딱지치기로 할인 혜택에 도전하고, 평소 쉽게 만나기 어려웠던 아카이브와 B-GRADE 제품들을 특별한 가격으로 만나볼 수 있습니다.
​
누군가는 쇼핑 지원금을 찾기 위해, 누군가는 딱지치기를 하기 위해, 누군가는 좋은 옷을 발견하기 위해, 또 누군가는 나만의 티셔츠를 커스텀 하기 위해. 어떤 이유든 좋습니다. 이번 주 에버닌 스테어스에서만 경험할 수 있는 작은 여름 축제를 만나보세요.
출처 - 에버닌스테어스
​
📌
#에버닌스테어스
여름 이벤트 정보
​
일정 - 26.06.26(금) ~ 26.07.01(수)
시간 - 월 ~ 금 | 13:00 ~ 20:00
- 토 ~ 일 | 12:00 ~ 20:00
위치 - 마포구 양화로 10길 53 에버닌스테어스
에버닌스테어스
서울특별시 마포구 양화로10길 53 1층
​
📍여름 이벤트
1️⃣ TREASURE HUNT EVENT
: 매장 곳곳에 숨겨진 쇼핑 지원금 찾기
​
- 10만 원 쇼핑 지원금 1장
- 5만 원 쇼핑 지원금 2장
- 1만 원 쇼핑 지원금 5장
- 토요일 하루 한정 20만 원 쇼핑 지원금 추가 운영
​
2️⃣ DDAKJI CHALLENGE
: 방문 고객 누구나 참여 가능
​
- 1승 : 5% OFF
- 2승 : 10% OFF
- 3승 : 15% OFF
- 1승 이상 달성 시 CUSTOM T-SHIRT EVENT 참여 가능
(프로모션 적용 제품 제외)
​
3️⃣ B-GRADE MARKET
: 아카이브 및 B-GRADE 제품 특별 판매 행사 기간 한정 운영
​
4️⃣ CUSTOM T-SHIRT EVENT
: 구매 고객 대상 진행
​
- 무지 티셔츠 + 패브릭 펜 제공
- 직접 커스텀 후 소장 가능
- 한정 수량 운영
​
디스커스애슬레틱
DISCUSS ATHLETIC X PENTAPORT
대한민국 대표 음악 축제, <인천 펜타포트 락 페스티벌 2026>의 공식 굿즈 메이커!
​
디스커스 애슬레틱이 제안하는 1차 MD 컬렉션 곧 시작될 펜타포트의 뜨거운 열기를 일상 속에서 먼저 입고 느껴보세요. 디스커스 애슬레틱의 감성으로 재해석한 공식 굿즈는 지금 바로 무신사 온. 오프라인에서 만나보실 수 있습니다.
출처 - 디스커스애슬레틱
​
📌
#디스커스애슬레틱
×
#펜타포트
팝업스토어 정보
​
일정 - 26.06.23(화) ~ 26.06.30(화)
시간 - 11:00 ~ 23:00
위치 - 마포구 양화로 164 무신사 스토어 홍대
무신사 스토어 홍대
서울특별시 마포구 양화로 164 무신사 스토어 홍대
​
📍팝업 이벤트
1️⃣ 현장 구매 시 전 상품 15% 할인
​
크래커하우스
Never grow out of my jam!
철들지 않는 취향이라는 크래커 하우스만의 슬로건을 담은 전시 팝업스토어가 진행됩니다.
출처 - 크래커하우스 & 하이츠 스토어
​
📌
#크래커하우스
전시 팝업스토어 정보
​
일정 - 26.06.27(토) ~ 26.06.28(일)
시간 - 12:00 ~ 21:00
위치 - 마포구 양화로 12길 16-8 1층 하이츠 스토어
하이츠스토어
서울특별시 마포구 양화로12길 16-8 1층, 하이츠스토어
​
이번 팝업 전시를 위해 새롭게 작업한 6점의 신작 회화를 최초로 공개합니다. 오직 현장에서만 마주할 수 있는 작품의 깊이와 함께 하이츠와 크래커 하우스의 익스클루시브 캡, 키 링 등 특별한 굿즈까지 함께 만나보세요.
​
라이프프랙티스프로젝트
sà-baai market : 만 원의 행복
​
태국에서 자주 쓰이는 단어 사바이(sa-baai)는 '편안하다, 느긋하다, 걱정 없어, 괜찮아'라는 의미를 담고 있습니다. 태국인 삶을 가장 잘 표한한 단어 중 하나이지 않나 싶습니다. 작은 스크래치가 있어도 괜찮아, 먼지가 쌓여 있어도 문제없어, 실밥이 풀려있어도 쓸만해. 완벽하진 않아도, 지금 이대로도 충분히 '사바이'한 것들
​
사바이한 마음으로 쓱 들려주세요. 감사합니다.
출처 - 라이프프랙티스프로젝트
​
📌
#라이프프랙티스프로젝트
팝업스토어 정보
​
일정 - 26.06.27(토) ~ 26.06.28(일)
시간 - 13:00 ~ 19:00
위치 - 서대문구 연희동 630 2층
라이프프랙티스프로젝트
서울특별시 서대문구 홍제천로6길 33 2층 라이프프랙티스프로젝트
​
📍팝업 이벤트
1️⃣ 샘플 / B급 상품 전부 10.000원
: 이번 팝업에서는 LPP의 샘플 상품과 B급 상품들을 전부 10,000원으로 만나보실 수 있습니다.
​
2️⃣ 오프라인 매장에서만 진행하는 행사입니다.
​
3️⃣ 할인 폭이 큰 행사로 교환 및 환불이 불가합니다.
​
로레카
ROREKA의 팝업스토어가 곧 시작됩니다. 올해 처음 여러분과 직접 만나게 되는 만큼 다양한 이벤트와 특별한 혜택들을 준비했어요. 가장 먼저 만나보는 신상품과 품절되었던 제품들의 리퍼브 할인, 재입고 제품들까지 오프라인에서 만나보세요!
​
조금 더 편안한 쇼핑과 안전한 공간 운영을 위해
현장 상황에 따라 OR 웨이팅 후 순차적으로 입장이 진행될 수 있습니다. 다양한 브랜드가 함께하는 행사이다 보니 공간이 다소 협소한 점 미리 양해 부탁드립니다.
이번 주 목요일부터, 우리 신촌에서 만나요.
출처 - 로레카
​
📌
#로레카
팝업스토어 정보
​
일정 - 26.06.25(목) ~ 26.07.01(수)
시간 - 10:30 ~ 22:00
위치 - 서대문구 연희로 13 현대백화점 신촌점 유플렉스 1층
현대백화점 신촌점 유플렉스
서울특별시 서대문구 연세로 13 현대백화점신촌점유플렉스
​
📍팝업 이벤트
1️⃣ 신상품 선공개
​
2️⃣ 전 품목 5% 할인
​
3️⃣ 일부 제품 10% 할인
​
4️⃣ 리퍼브 제품 최대 50% 할인
(매일 업데이트)
​
5️⃣ 구매 금액별 사은품 증정
- 7만 원 /10만 원 / 20만 원 이상 구매 시 Time Match Event 진행 가능
​
- 성공 시 선택하신 전 제품 무료 증정
​
6️⃣ 방문 후기 이벤트
: 최대 15,000원 적립금 지급
이렇게 6월 넷째 주 홍대. 합정. 연남동. 망원 등의 마포구 팝업스토어와 연희동. 신촌 등의 서대문구 팝업스토어 소식을 전달드렸는데요!
​
이번 주 마포구 쪽에서 진행되는 팝업들이 좀 있었고 서대문구 같은 경우 신촌에 하나 연희동에 하나가 있어 일정과 위치 잘 확인해서 한번 방문해 보는 것도 괜찮을듯하네요🤩
​
그럼 저는 이만 포스팅을 마치겠습니다👋👋👋"
"가챠샵부터 팝업스토어, 카페까지 다 있는 홍대 오아일랜드 (홍대 ....",https://blog.naver.com/rihae112/224328463703,"오늘 다녀온 곳은 홍대 가챠샵부터 팝업스토어, 카페까지 다 있는 홍대 오아일랜드! 팝업스토어중이라... 오아일랜드 서울 마포구 와우산로29바길 18 1층  매일 10:00 - 21:00 (휴무없음) ☎️ 0507-1337-6065 홍대... ",먹고 놀고 눕기,https://blog.naver.com/rihae112,20260627,마포구 팝업스토어,"안녕하세요. 째리입니다!
​
오늘 다녀온 곳은
홍대 가챠샵부터 팝업스토어, 카페까지 다 있는
홍대 오아일랜드!
​
팝업스토어중이라 그런지 카페에서 이벤트도 많이 하고
가챠 쿠폰에 2+1 이벤트까지..
신상 가챠샵이라 쾌적하고 너무 만족스러웠어요.
​
오아일랜드
📍서울 마포구 와우산로29바길 18 1층
🕐 매일 10:00 - 21:00 (휴무없음)
☎️ 0507-1337-6065
홍대 오아일랜드는 홍대입구역 8번 출구에서 도보 7분!
1층에는 카페, 2층은 가챠샵 & 인형 옷 (아이돌룩),
3층은 팝업스토어가 있는
생각보다 엄청 큰 대형 매장이었어요..!
사람 붐비는 홍대에서 이런 쾌적한 공간 너무 귀하죠 ...
​
정기휴무도 따로 없고
카페 공간도 넓고 깨끗해서
안에서 하루종일 놀기 가능 ㅎㅎ
​
홍대 오아일랜드 내부
1층 카페
문 열고 들어오면 넓고 쾌적한 카페가 1층에 있어요.
지금은 토이스토리5 팝업스토어 기간이라
토이스토리로 잔뜩 꾸며져있는~
전반적으로 블루&화이트톤이라 더 시원한 느낌!
(팝업은 주기적으로 바뀐대요!)
​
​
Previous image
Next image
오늘 저의 목표는 이것입니다!
오아일랜드패스
라는 상품이 있는데
메뉴를 주문하면 할인쿠폰에 가챠 이용권까지
주더라고요..?
2만원짜리 구매해도 7천원 상당의 쌀알피규어를 줌!!!!!
​
Previous image
Next image
패스를 주문하면 이렇게 ..
아크릴판, 쌀알피규어, 가챠쿠폰,
5천원 할인쿠폰까지 줍니다
홍대 오아일랜드 이렇게 퍼주셔도 되나요?
​
*오아일랜드 패스 내용은
뒷면에 자세히 써있으니 꼭 받으시면 읽어보세요!
​
Previous image
Next image
저는 디저트 한입 세트로 주문했는데요~
시그니처 음료인 오션샌드에이드를 마셨는데,
완전 여름의 맛 ! 🍋
저렴한 레몬에이드 맛이 아니라 직접 짠 것 같은 상큼한 맛이라 제 취향이었어요.
친구가 마신 딸기라떼도 추천 🍓
​
​
그리고 지금 이벤트를 진행하고 있었는데요!
다른 층 구경하면서 사진 찍고 > sns 에
#오아일랜드
해시태그, 계정 태그하면
아크릴파츠를 주더라구요.
​
팝업존 방문 이벤트도 있으니까 놓칠 수 없지요?
바로 출바알~
​
홍대 오아일랜드 가챠샵
2층 가챠샵 & 아이돌룩
Previous image
Next image
홍대 오아일랜드 2층에는
가챠기계와 각종 가챠들로 꽉! 채워져있었어요.
아 그리고 인형옷 브랜드인 아이돌룩도 함께 있더라구요?
​
제가 좋아하는 스펀지밥, 짱구부터 산리오까지!
생각보다 너무 다양해서 눈 돌아갑니다..
​
​
​
추억의 오란고교 호스트부 가챠도 있고요 ㅎㅎㅎ
그리고
동일 가격내에서 2+1 이벤트
도 하고 있어요.
가챠 2개 사면 1개 더 준다!! 말이 됩니까!!!
다른 가챠샵들 반성하세요 ㅠ ㅠ
​
홍대 오아일랜드 가챠샵
3층 팝업존 (토이스토리5 팝업)
Previous image
Next image
홍대 오아일랜드는 3층이 진짜에요...
토이스토리5 찐팬 분들은 꼭 들려야하는 앤디의 방..!
​
포토존뿐만 아니라 귀여운 키링들, 피규어 등 굿즈도
많아서 지갑 잘 사수해야됩니다.
​
​
Previous image
Next image
곳곳에 토이스토리 가득 .. ❤️
앤디의 방에서 사진 한 컷 찍고~
주변 소품 구경도 하다보면 ""아 맞다 이벤트!!!"" 하고 생각나요 ㅋㅋㅋ
구경하느라 이벤트 까먹을 뻔
​
Previous image
Next image
오아일랜드패스 구매하고 받은 가챠 뽑기 이용권을
3층 직원분께 드리면~ 가챠 기계를 돌릴 수 있습니다.
​
저는 불스아이 쌀알 피규어가 나왔어요 ㅎㅎ
아니 이렇게 조그만 피규어가 있다니.. 넘 귀엽죠
​
​
인증샷 SNS 이벤트랑, 3층 방문 이벤트 등..
슬쩍 여쭤보니까
이벤트는 계속 바뀌고, 추가한다고 하시더라구요 ㅎㅎ
인스타그램 팔로우하고 계속 소식 받아봐야겠어요!
​
오아일랜드
서울특별시 마포구 와우산로29바길 18 2, 3층
홍대에서 가챠 뽑기도 하고싶고,
시원한 음료도 마시고 싶고~
쾌적한 곳에서 대화하고 싶은 분들에게
홍대 오아일랜드 추천드려요🍀
​
저는 앞으로 홍대 갈때마다 들르려구요 ㅎㅎ
이벤트 끝나기 전에 꼭! 들러보세요!
​
​
​
​"
어스드롭 합정 팝업 스토어 정보 / 사전예약,https://blog.naver.com/yugioh1130/224326567055,어스드롭 팝업 스토어 서울시 마포구 월드컵로 3길 47 1층 블리스웨이커피 합정본점 2026.06.26(금) 12:00 - 18:00 * 이미지에는 19:00 까지 라고 기재되어 있는데 인스타 게시글에는 18:00 라고 기재되어 있어서... ,終着,https://blog.naver.com/yugioh1130,20260625,마포구 팝업스토어,"블리스웨이커피 합정본점
서울특별시 마포구 월드컵로3길 47 1층
​
어스드롭 팝업 스토어
서울시 마포구 월드컵로 3길 47 1층
블리스웨이커피 합정본점
2026.06.26(금) 12:00 - 18:00
​
* 이미지에는 19:00 까지 라고 기재되어 있는데
인스타 게시글에는 18:00 라고 기재되어 있어서
우선 18:00 까지 라고 기재해두겠습니다 💦
​
Instagram의 earthdrop님 : ""🌿 어스드롭 팝업스토어 사전예약 OPEN 🌿 6월 26일 단 하루! 합정 블리스웨이 카페에서 어스드롭을 만나보세요✨ 📍일시 6월 26일(금) 12:00 ~ 18:00 📍장소 합정 블리스웨이 카페 서울시 마포구 월드컵로 3길 47 1층 🎁 사전예약자 혜택 ✔ 블리스웨이 음료 제공 ✔ 어스드롭 샘플 증정 ✔ 7월 출시 예정 네롤리 글로우 컴플렉스 아로마틱 스킨 미스트 선체험 🛍 현장 구매 혜택 ✔ 팝업스토어 단독 30% 할인 ✔ 구매 인증 시 10만원 상당 상품권 추첨 이벤트 응모 네롤리의 편안한 향과 함께 가장 먼저 신제품을 경험해보세요 💚 ※ 시간대별 예약 인원 제한으로 조기 마감될 수 있습니다.""
4 likes, 0 comments - earthdrop_official - June 19, 2026: ""🌿 어스드롭 팝업스토어 사전예약 OPEN 🌿 6월 26일 단 하루! 합정 블리스웨이 카페에서 어스드롭을 만나보세요✨ 📍일시 6월 26일(금) 12:00 ~ 18:00 📍장소 합정 블리스웨이 카페 서울시 마포구 월드컵로 3길 47 1층 🎁 사전예약자 혜택 ✔ 블리스웨이 음료 제공 ✔ 어스드롭 샘플 증정 ✔ 7월 출시 예정 네롤리 글로우 컴플렉스 아로마틱 스킨 미스트 선체험 🛍 현장 구매 혜택 ✔ 팝업스토어 단독 30% ...
www.instagram.com
🌿 어스드롭 팝업스토어 사전예약
안녕하세요. 어스드롭 팝업스토어에 관심 가져주셔서 감사합니다. 📍일시 : 2026년 6월 26일(금) 12:00~19:00 📍장소 : 합정 블리스웨이 카페 📍주소 : 서울시 마포구 월드컵로3길 47 1층 (2호선,6호선 합정역 8번출구) ※ 주차는 불가 합니다. 근처 주차장을 이용해주세요 사전예약자 혜택 ✔ 블리스웨이 음료 제공 ✔ 어스드롭 샘플 증정 ✔ 신제품 네롤리 글로우 컴플렉스 아로마틱 스킨 미스트 선체험 현장 구매 혜택 ✔ 팝업스토어 단독 30% 할인 ✔ 구매 인증 시 10만원 상당 상품권 추첨 이벤트 응모 ※ 원활한...
docs.google.com
​
사전예약자 혜택
- 블리스웨이 음료 제공
- 어스드롭 샘플 증정
- 7월 출시 예정
네롤리 글로우 컴플렉스 아로마틱 스킨 미스트 선 체험
​
현장 구매 혜택
- 팝업 스토어 단독 30% 할인
- 구매 인증 시 10만 원 상당 상품권 추첨 이벤트 응모"
[팝업공지] &lt;전지적 독자시점&gt;오피셜 팝업스토어&amp;콜라보 카페: 한여....,https://blog.naver.com/mrjmrj-/224326122650,일정: 2026.07.31(금)~ 08.17(월) 위치: 서울 마포구 성미산로 151-1 전에 '굿즈 모먼트 연남 전지적 독자시점 팝업'이 열린 곳과 동일합니다. 사전예약공지는 아직 올라오지 않았고... ,시작과 끝에서,https://blog.naver.com/mrjmrj-,20260624,마포구 팝업스토어,"전지적 독자시점 팝업&콜라보 카페: 한여름의 유람
​
공지가 떴습니다.
일정:
2026.07.31(금)~ 08.17(월)
​
위치: 서울 마포구 성미산로 151-1
​
전에 '굿즈 모먼트 연남 전지적 독자시점 팝업'이
열린 곳과 동일합니다.
​
사전예약공지는 아직 올라오지 않았고,
유중혁 생일 이벤트도 포함될 예정입니다.
​
​
1차 MD 공개
​
https://m.blog.naver.com/mrjmrj-/224333233780
[팝업공지] <전지적 독자시점> 한여름의 유람 1차 MD
<전지적 독자시점>오피셜 팝업스토어&콜라보 카페: 한여름의 유람 1차 MD공개 별도 표기 외 구...
m.blog.naver.com
​
​
2차 MD 공개
​
https://m.blog.naver.com/mrjmrj-/224335660340
[팝업공지] <전지적 독자시점> 한여름의 유람 2차 MD
<전지적 독자시점>오피셜 팝업스토어&콜라보 카페: 한여름의 유람 2차 MD공개 별도 표기 외 구...
m.blog.naver.com
​
​
3차 MD및 특전 공개
​
https://m.blog.naver.com/mrjmrj-/224340707983
[팝업공지] <전지적 독자시점> 한여름의 유람 3차 MD
<전지적 독자시점>오피셜 팝업스토어&콜라보 카페: 한여름의 유람 3차 MD공개 별도 표기 외 구...
m.blog.naver.com
​"
&lt;전지적 독자 시점&gt; 오피셜 팝업 스토어 &amp; 콜라보 카페 : 한여름의 유....,https://blog.naver.com/arkleode/224325583567,&lt;전지적 독자 시점&gt; 오피셜 팝업 스토어 &amp; 콜라보 카페 : 한여름의 유람 [서브 시나리오 발생!]... 기간: 26.07.31(금) ~ 08.17(월) 위치: 서울 마포구 성미산로 151-1 #굿즈모먼트 #전지적독자시점... ,아크 스튜디오 ARC studio,https://blog.naver.com/arkleode,20260624,마포구 팝업스토어,"<전지적 독자 시점>
오피셜 팝업 스토어 & 콜라보 카페 : 한여름의 유람
​
[서브 시나리오 발생!]
성좌님들! 특별한 여름을 만들어봐요!
많은 관심 부탁 드립니다.
​
기간: 26.07.31(금) ~ 08.17(월)
위치: 서울 마포구 성미산로 151-1
#굿즈모먼트
#전지적독자시점
#레드아이스
#STUDIO_3B2S
​
​
​
​"
전지적 독자 시점 오피셜 팝업 스토어 &amp; 콜라보 카페,https://blog.naver.com/renka_/224325581201,✅ 기간: 26.07.31(금) ~ 08.17(월)  위치: 서울 마포구 성미산로 151-1 #굿즈모먼트 #전지적독자시점 #레드아이스 #STUDIO_3B2S 와아.. 중혁이 생일에 맞춰서 이란 서브 미션이!? 팝업 스토어도 스토어지만.. 콜라보... ,Happy Life♡,https://blog.naver.com/renka_,20260624,마포구 팝업스토어,"💫<전지적 독자 시점>
오피셜 팝업 스토어 & 콜라보 카페 : 한여름의 유람
​
[서브 시나리오 발생!]
성좌님들! 특별한 여름을 만들어봐요!
많은 관심 부탁 드립니다.
​
✅ 기간: 26.07.31(금) ~ 08.17(월)
📍 위치: 서울 마포구 성미산로 151-1
#굿즈모먼트
#전지적독자시점
#레드아이스
#STUDIO_3B2S
와아.. 중혁이 생일에 맞춰서 이란 서브 미션이!?
팝업 스토어도 스토어지만.. 콜라보 카페!?
또 얼마나 많은 성좌(사람들)이 바글바글 거릴지 감도 안옴. 이거 예약 받을 때, 전부 매진인거 아닌지?
​
지금, 저 일러스트의 아크릴 스탠드만 가질 수 있다면..
​
​
↓↓
X의 전지적 스타스트림님(@OmView_official)
💫<전지적 독자 시점> 오피셜 팝업 스토어 & 콜라보 카페 : 한여름의 유람 [서브 시나리오 발생!] 성좌님들! 특별한 여름을 만들어봐요! 많은 관심 부탁 드립니다. ✅ 기간: 26.07.31(금) ~ 08.17(월) 📍 위치: 서울 마포구 성미산로 151-1 #굿즈모먼트 #전지적독자시점 #레드아이스 #STUDIO_3B2S
x.com"
&quot;와싯 팬 다 모여!&quot; 오아시스 투어 1주년 팝업 마켓 마포구에서 열린....,https://blog.naver.com/111dj/224322448894,"그 1주년을 기념해 도프레코드, 레코드라운지, 민트페이퍼가 팝업스토어 마켓을 준비했다고 합니다... 빠르네요ㅎㅎ 팝업 마켓은 마포구 mpmg 건물에서 7월 4일부터 16일간 열리고 사전 예약제로만... ",동다의 페스티벌 라이프,https://blog.naver.com/111dj,20260621,마포구 팝업스토어,"​
2025년 7월 4일 시작된 오아시스 재결합 투어!
그 1주년을 기념해 도프레코드, 레코드라운지,
민트페이퍼가
팝업스토어 마켓
을 준비했다고 합니다
​
작년 10월 오아시스 고양종합운동장에서
콘서트가 열리던 때가 엊그제 같은데 시간 빠르네요ㅎㅎ
​
팝업 마켓은 마포구 mpmg 건물에서 7월 4일부터
16일간 열리고
사전 예약제로만
운영된다고 하니
팬 분들은 꼭
6월 26일 17시 예약
잊지 마세요!
​
네이버 지도나 검색창에 '오아시스 팝업' 검색하고
'오아시스 리유니온 1주년 팝업 마켓' 클릭하면 되는데
아래에 예약 링크 걸어둘테니 편하게 이용하세요!
예약금은 5000원
입니다!!
​
오아시스 리유니온 1주년 팝업 마켓 : 네이버
블로그리뷰 1
naver.me
𝗢𝗔𝗦𝗜𝗦  𝟭𝙨𝙩 𝘼𝙣𝙣𝙞𝙫𝙚𝙧𝙨𝙖𝙧𝙮 𝙤𝙛 𝙍𝙚𝙪𝙣𝙞𝙤𝙣
일시
2026년 7월 4일(토)~19일(일)
장소
라운지M
(서울 마포구 서강로 78 2층)
시간
오후 2시~8시
휴무일
매주 화요일
MD 공개
6월 23일 화요일
예약 오픈
6월 26일 금요일 17시
​
행사가 열리는 장소는 마포구 서강로 78
MPMG 건물 2층의 라운지M
입니다
페스티벌 다녀본 분들이라면 모두 알고 있을 엠피엠지~
​
6월 23일
판매 아이템이 공개된다고 하며
6월 26일 17시
에 예약이 오픈됩니다
운영 시간은 오후 2시부터 8시까지,,
생각보다 짧네용 ,,,,,,,ㅠ
​
사전 예약제로만 운영된다고 하니 참고하시고
예약금은 노쇼 방지 금액으로 최종 상품 결제 시
총 금액에서 차감되는 형태입니다
​
회차별 1인 1매
만 구매할 수 있고
현장에 도착해 입장 안내 부스로 가시면
예매 내역을 확인하고
번호표를 배부
해준다고 합니다
​
아아,,
매주 화요일은 정기 휴무
라
예약이 어렵다고 하네요ㅜ
​
​
팝업 마켓 판매 아이템은?
​
자세한
MD 굿즈 리스트
가 업로드돼
하단에 이미지와 함께 올려두었습니다
​
오아시스 라이브 25 투어의 공식 MD,
아디다스 콜라보 의류, 포스터, 음반 등 100개 이상의
아이템이 등장할 예정이라고 합니다
​
그나저나
'파격적인 가격'
으로 준비된다고 했는데
생각보다 나쁘지 않은 가격대라고 생각됩니다
​
극소량 아이템
은 추후 게릴라 이벤트를 통해
판매될 예정이라고 하며, 추가되는 품목이 생기면
관련해 별도 공지를 올려준다고 합니다
​
반팔 티셔츠 사이즈는 S~2XL까지 있으며
긴팔 한 종류만 L~3XL가 있네요
자세한 것은
하단에 노션 링크 첨부
해뒀습니다
​
OASIS 1st Anniversary of Reunion POP-UP MARKET | Notion
APPAREL
app.notion.com
​
👕어페럴
티셔츠, 풋볼셔츠, 롱슬리브, 스웻셔츠, 트랙탑,
트랙팬츠, 버킷햇, 부니햇(챙 넓은 모자), 타올
​
💍악세서리
마그넷, 마그넷 세트, 키체인(키링), 핀 뱃지(핀버튼),
연필, 슬립매트, 우산
​
​
📖지류
싱글 커버 포스터, 프로그램 북, 공책
​
​
💿음악
CD, 바이닐
​
​
행사장 찾아가는 방법은?
​
6호선 광흥창역
2번 출구로 나와 3분 정도 직진하시면
엠피엠지 빌딩이 있습니다!
​
경의중앙선 서강대역
이용하시는 경우 2번 출구로 나와
6분 정도 걸어가시면 된답니다!
​
참고로 건물 내 외부인이 주차할 공간이 마땅치 않으니
자차 이용하는 분들은 근처 주차장을 따로 알아보시는 것을 추천드립니다!
​
오아시스 리유니온 1주년 팝업 마켓
서울특별시 마포구 서강로 78 2F
구매시 유의 사항, 이벤트
​
품목당 최대 2개까지
구매할 수 있으며
추가 구매를 원하는 경우 다른 일자에 방문해서
추가로 구매하라고 하네요.....ㅎ
​
동일 제품, 사이즈만 다른 경우는
같은 품목
동일 제품, 색상이 다른 경우는
다른 품목
ㄷㄷ
​
상품 입고 수량이 일정하지 않아
대량 구매를 하기 보다는 여러 차례 방문을
권장한다고 하는데... 예약.... 넉넉한거죠,,,,?ㅠ
​
구매 금액별 할인, 리카르도 카페 이벤트,
도프레코드 추가 혜택
이 있으니 참고해주세요!
​
​
✔️
팝업 마켓 기간
은 7월 4일~19일, 16일간!
✔️다양한 라인업이 예고된 만큼 인기 품목은
빠르게 품절될 수 있음
✔️
사전 예약제 운영!
미리 예약하고 방문
하기!
✔️
예약 오픈 6월 26일
17시!
​
​
이상으로 마포구에서 곧 열릴 오아시스 투어
1주년 팝업 마켓 소식 전해드렸습니다!
모두 원하는 MD 득템하세요!
​"
홍대 팝업스토어 무신사 x 이토 준지 컬렉션 팝업 솔직 후기,https://blog.naver.com/jiwoonk/224320764742,주소 &amp; 정보 주소 : 서울특별시 마포구 양화로 144 B1-2F 영업시간 : 매일 (11:00-23:00)  기간 : 2026.06.12... 일본만화 #팝업스토어 #홍대실내데이트 #덕후투어 #이토준지굿즈 #무신사스탠다드 #홍대핫플... ,내 인생이 귀여우면 좋겠어,https://blog.naver.com/jiwoonk,20260619,마포구 팝업스토어,"안녕하세요.
오늘은 무신사 × 이토 준지 컬렉션 팝업이
진행 중인 무신사 스탠다드 홍대점에 다녀왔어요!
📍주소 & 정보
​
주소 : 서울특별시 마포구 양화로 144 B1-2F
​
영업시간 : 매일 (11:00-23:00)
​
📅 기간 : 2026.06.12 ~ 2026.06.26
팝업에서 구매를 못 하셨더라도 너무 아쉬워하지 마세요! 온라인에서도 구매가 가능하더라고요. 제가 확인했을 때는 팝업과 온라인 가격 차이가 거의 없었어요.
​
티셔츠는 10원 차이 수준…ㅋㅋㅋㅋ
이 정도면 그냥 편한 곳에서 구매하시면 될 것 같아요.
토미에의 서늘한 세계를 만난 무신사 스탠다드
무신사 스탠다드가 이토 준지의 오리지널 포스터를 바탕으로 티셔츠와 우산, 배지, 파우치 키링 등 서늘한 컬렉션을 선보인다
www.musinsa.com
​
홍대에 무신사 매장이 여러 곳이라 헷갈릴 수 있는데,
무신사 스탠다드 홍대점으로 가셔야 팝업을 만나볼 수 있습니다!
​
무신사 스탠다드 홍대점
서울특별시 마포구 양화로 144 B1-2F
마침 무진장세일 기간이라 사람이 정말 많더라고요.
그래도 계단을 따라 올라가면
바로 이토 준지 컬렉션이 펼쳐집니다!
간판부터 이미 덕후 심장 저격…
진짜 보는 순간 “악!!!!” 소리가 절로 나왔어요.
Tomie 티셔츠 1[블랙]
₩26900->온라인(₩26910)
토미에 티셔츠는 진짜 한참 고민했어요.
​
너무 예쁜데 막상 저랑 잘 어울릴 것 같지는 않고…
그렇다고 포기하기엔 또 너무 예쁘고…
​
한참을 들었다 놨다 반복했습니다.ㅋㅋㅋ
Tomie 티셔츠 2 [화이트]
₩26900->온라인(₩26910)
​
그래도 개인적으로는 토미에는 역시 블랙이 진리인 것 같아요. 화이트도 예쁘긴 한데 뭔가 토미에 특유의 분위기가 덜 살아나는 느낌!
​
Love Sickness 티셔츠 [화이트]
₩26900->온라인(₩26910)
​
이번 이토 준지 컬렉션은 전체적으로 화이트 제품보다 블랙 제품이 훨씬 매력적으로 보였어요.
Mysterious Tunnel 티셔츠 [블랙]
₩26900->온라인(₩26910)
​
뭔가 애매해서 패스!
Voice In The Dark 티셔츠 [블랙]
₩26900->온라인(₩26910)
​
아 이거즤 !!!! ㅠㅠㅠㅠㅠㅠㅠ
일러스트레이션 배지 9종 세트
₩13900->->온라인 (₩12510)
캔뱃지  장바구늬에 담아야즤!!
Tomie 파우치 키링
₩26910
만원대면 사야지! 하고 가격 보고 조용히 내려놨습니다.ㅋㅋㅋㅋ
​
온라인 기준으로 약 26,910원이더라고요.
​
제 기준에는 그 돈이면
차라리 티셔츠 한 장 더 산다!였습니다.
사실 토미에도 너무 예쁘긴 한데,
워낙 인기가 많다 보니 저는 오히려 덜 끌리더라고요.
​
그래서 결국 제 눈길을 사로잡은 건 역시…
​
이토 준지 특유의 기괴함이 제대로 살아있는 디자인!
​
주변에서는 입고 다니면 무섭다고 하는데…
​
아니 그게 바로 좋은 거 아닌가요?
​
예쁘기만 한 옷보다 한 번쯤 뒤돌아보게 만드는
옷이 더 이토 준지답다고 생각합니다.ㅋㅋㅋ
​
캔뱃지는 바로 달아야즤!
​
좋아하시는 분들이라면
6월 26일까지 꼭 한 번 들러보세요!
.
.
#홍대팝업
#이토준지
#무신사스탠다드홍대점
#무신사팝업
#이토준지컬렉션
#토미에
#홍대가볼만한곳
#홍대놀거리
#홍대데이트
#홍대쇼핑
#무신사
#공포만화
#일본만화
#팝업스토어
#홍대실내데이트
#덕후투어
#이토준지굿즈
#무신사스탠다드
#홍대핫플
#서울팝업스토어"
"우리의 걸음은 당당하고, 손끝은 시크하다… 모델 교육 전문가가 모....",https://blog.naver.com/enhanok70/224319018077,"• 6월 13일~14일 마포구 팝업스토어, ‘팀 더락’의 독보적 아우라로 현장 열기 후끈 • 신진 브랜드 ‘DO:ZE’, ‘SAUS PAW IN SEOUL’ 및 시그니처 ‘ROCK X COEUR’ 핸드크림 한자리에 • 단단한 바위 같은... ","정치, 경제, 사회, 문화, 국제, IT, 오피니언, 스포츠",https://blog.naver.com/enhanok70,20260617,마포구 팝업스토어,"• 6월 13일~14일 마포구 팝업스토어, ‘팀 더락’의 독보적 아우라로 현장 열기 후끈
• 신진 브랜드 ‘DO:ZE’, ‘SAUS PAW IN SEOUL’ 및 시그니처 ‘ROCK X COEUR’ 핸드크림 한자리에
• 단단한 바위 같은 자신감으로 뭉친 국내 최초 시니어 크루 팀더락(TEAM THE ROCK)… 전 연령대 아우르는 상생 플랫폼 예고
​
[서울=뉴스가디언21] 단단한 바위처럼 흔들리지 않는 자신감”을 바탕으로 국내 패션·뷰티계에 새로운 바람을 일으키고 있는 최고 정예 모델 크루 ‘팀 더락(TEAM THE ROCK)’이 신진 디자이너들과의 특별한 콜라보레이션 팝업스토어를 성황리에 마무리했다.
​
모델 교육 전문가이자 커리큘럼 개발자로 명성이 높은 모델락 (MODEL ROCK)이 이끄는 ‘팀더락(TEAM THE ROCK)은 지난 6월 13일부터 14일까지 양일간 서울 마포구 독막로 3길 24-10에서 팝업스토어를 개최했다.
이번 행사는 국내 최초로 시니어 모델 크루가 주축이 되어 기획된 무대라는 상징성에 더해, 트렌디한 신진 디자이너 브랜드들과의 과감한 협업이 이루어지며 개최 전부터 큰 기대를 모았다.
​
이번 행사에 참여 한 브랜드  인 모델락(MODEL ROCK)은 모델 워킹과 포스처 교정, 라이브 커머스 쇼호스트 양성 등 전문적인 커리큘럼을 통해 제자들을 배출해 온 베테랑 교육자다.
​
최근에는 인생의 회복탄력성을 이야기하는 유튜브 토크쇼 채널 ‘인더락 TV(In the Rock TV)’를 통해 대중과 깊이 소통하는 크리에이터로도 영역을 넓혀가고 있다.
​
이러한 모델 락(MODEL ROCK)의 탁월한 기획력과 감각을 바탕으로 열린 팝업스토어 현장은 주말 내내 수많은 인파와 패션 관계자들로 인산인해를 이루며 뜨거운 열기를 뿜어냈다.
​
현장에서는 “우리의 걸음은 당당하고, 우리의 손끝은 시크하다”라는 모델크루  팀더락(MODEL CREW TEAM THE ROCK)의 슬로건에 걸맞게, 모델 락(MODEL  ROCK)의 지도 아래 다져진 ‘팀 더락(TEAM THE ROCK)’ 모델들의 압도적인 라이브 퍼포먼스가 펼쳐져 관람객들의 찬사를 자아냈다.
​
이번 콜라보 팝업에는 독창적인 디자인으로 주목받는 브랜드 ""‘DO:ZE(도제)""와 개성 넘치는 스트리트 감성의 ""SAUS PAW IN SEOUL(사우스포인서울)""이 참여해 감각적인 컬렉션을 선보였다.
이와 함께 수많은 카메라 셔터와 조명 아래 손끝 하나까지 완벽해야 하는 모델들이 선택한 단 하나의 핸드 케어 브랜드이자, 모델 락이 제안하는 시그니처 뷰티 라인인 ""ROCK X COEUR"" BASC-POP 락바이쾨르 바스크팝 핸드크림(클래식 우디/리치 바닐라)""도 한정 특가로 참여해 패션과 뷰티를 아우르는 풍성한 볼거리를 제공했다.
​
이번 행사는 단순한 마켓을 넘어, 세대가 함께 호흡하고 상생하는 패션 비즈니스의 가능성을 증명한 순간이었다.
​
모델 락 (MODEL  ROCK)는 “이번 팝업스토어는 오랜 시간 현장에서 제자들을 양성하며 고민해 온 ‘모델들의 지속 가능한 활동 무대’를 실현한 첫걸음”이라며, “세상이 우리의 무대고 이 순간 당신이 우리의 관객이라는 마음가짐으로, 향후 전 연령대 모델들과 신진 디자이너들이 함께 어우러져 자신을 당당히 홍보하고 실질적인 판로를 개척할 수 있는 지속적인 기회를 만들어갈 것”이라고 강력한 포부를 밝혔다.
​
​
​
한은남 언론위원장 enhanok70@naver.com
저작권자 ⓒ 국제뉴스, 복지TV전북방송, 부천방송, 치매신문, 코코아TV, 검경타임즈, 검경일보, 검경TV,뉴스가디언21,서귀포방송, 시사프라임, 서울경제발전위원회, 옵토21, 한국신문방송언론인협회 외 무단전재 및 재배포 금지
​
​"
"홍대 6월 팝업스토어 추천, 우리 길드 아이돌 in 삼성스토어 홍대 후....",https://blog.naver.com/heejin0906/224318550335,팝업장소 서울 마포구 양화로 171 (동교동) 삼성스토어 홍대 팝업기간 2026년 6월 2일 ~ 2026년 6월 17일 운영시간 10:00-20:00 6월 홍대에서 진행 중인 &lt;우리 길드 아이돌&gt; 팝업에 다녀왔어요. 사실 행사 시작 소식을... ,희짱은 T,https://blog.naver.com/heejin0906,20260617,마포구 팝업스토어,"팝업장소
서울 마포구 양화로 171 (동교동) 삼성스토어 홍대
​
팝업기간
2026년 6월 2일 ~ 2026년 6월 17일
​
운영시간
10:00-20:00
​
6월 홍대에서 진행 중인 <우리 길드 아이돌> 팝업에 다녀왔어요.
​
사실 행사 시작 소식을 봤을 때부터 가보고 싶었던 팝업이었는데요. 웹툰 스토리가 워낙 재미있어 보여서 관심이 갔지만, 이런저런 일에 치이다 보니 계속 미루게 되더라고요. 결국 행사 막바지에 겨우 시간을 내서 방문했습니다.
​
​
이번 팝업은 굿즈를 판매하는 단독 팝업스토어라기보다는 삼성스토어 홍대와 갤럭시 S26의 제휴 이벤트에 가까웠어요. 그래서 매장 안에 마련된 전시 공간에서 캐릭터와 굿즈를 구경하고, 다양한 이벤트에도 참여할 수 있도록 구성되어 있었습니다.
무엇보다 예약 없이 자유롭게 방문할 수 있다는 점이 좋았어요.
​
​
삼성스토어 홍대는 전체적으로 넓고 쾌적한 분위기였습니다. 최신 갤럭시 제품들을 체험할 수 있는 공간과 팝업 전시가 자연스럽게 어우러져 있어서 생각보다 구경하는 재미가 있었어요. 매장도 깔끔하게 관리되고 있어서 편하게 둘러보기 좋았습니다.
​
​
행사장에는 <우리 길드 아이돌> 캐릭터 일러스트와 굿즈들이 전시되어 있었는데요. 웹툰을 좋아하는 분들이라면 한 번쯤 발걸음을 멈추게 될 만한 공간이었어요. 다행히 제가 방문한 날은 사람이 많지 않아서 사진도 찍고 전시도 여유롭게 감상할 수 있었습니다.
​
​
개인적으로는 캐릭터가 들어간 스마트폰 케이스가 가장 눈에 들어왔어요. 실제로 보니 생각보다 디자인이 예쁘게 나와서 잠시 고민하기도 했습니다.
​
다만 저는 휴대폰을 워낙 자주 떨어뜨리는 편이라 현재도 3중으로 보호되는 묵직한 케이스를 사용하고 있거든요. 예전에는 몇 번이나 액정이 깨질 뻔한 적이 있어서 결국 이번에도 마음만 담아두고 구경으로 만족했습니다.
​
​
우리 길드 아이돌 스토리
<우리 길드 아이돌>은 게임에서 만난 인연이 현실로 이어지는 설렘 가득한 로맨스 웹툰이에요.
​
남동생 계정으로 게임을 즐기던 아진은 길드를 위해 여성 유저 '꽃뿌링'에게 접근했다가 뜻밖에도 여미새로 오해를 받게 됩니다. 하지만 사실 아진의 진짜 정체는 여자였는데요.
​
한편 자신의 정체를 숨긴 채 '꽃뿌링'으로 활동 중인 지현은 아진이 보낸 영상 속 목소리가 왠지 낯설지 않다고 느끼게 됩니다.
​
게임 속에서 시작된 인연, 서로의 비밀스러운 정체, 그리고 유명 연예인과 게임 친구가 되면서 펼쳐지는 두근두근한 이야기가 매력적인 작품이에요. 게임을 좋아하는 분들은 물론, 설레는 로맨스 웹툰을 좋아하는 분들이라면 재미있게 볼 수 있을 것 같습니다.
​
​
특히 갤럭시 S26 서베이를 완료하면 참여할 수 있는 룰렛 이벤트가 있다는데 눈에 띄진 않았구요.
작가님 친필 사인 단행본부터 키링, 컷 포스터, 쿠키 시프트 카드까지 다양한 경품이 준비되어 있다고 하는데 구경은 못해써요. 이런 이벤트는 괜히 한 번 더 참여해보고 싶어지는 것 같아요.
​
​
또 SNS 인증 이벤트와 디스코드 일일 퀘스트 이벤트도 진행 중이었는데요.
팬들을 위한 다양한 참여형 콘텐츠가 준비되어 있어서 단순히 전시만 보는 것보다 훨씬 풍성하게 즐길 수 있을 것 같았습니다.
​
● 6.2 ~ 6.17 sns 인증 이벤트 참여하면 추첨을 통해 스페셜 일러스트 티셔트 증정!
●  6.3,10,17 이벤트 기간 중 수요일마다 디스코드
#일일퀘스트
참여시, 작가님 사인티셔츠, 띠부씰 3종 증정
​
다양한 캐릭터 일러스트와 굿즈들을 보는 것만으로도 충분히 즐거운 시간이었어요. 웹툰 속 캐릭터들을 실제 공간에서 만나니 색다른 느낌도 들었고요.
​
홍대에서 가볍게 둘러볼 만한 팝업을 찾고 있다면 <우리 길드 아이돌> 팝업도 추천드리고 싶습니다. 팬이라면 더 즐겁게 관람할 수 있고, 팬이 아니더라도 아기자기한 굿즈와 캐릭터들을 구경하는 재미가 쏠쏠한 공간이었어요.
​
위치
삼성스토어 홍대
서울특별시 마포구 양화로 171
#우리길드아이돌
#우리길드아이돌팝업
#홍대팝업
#홍대팝업스토어
#삼성스토어홍대
#홍대가볼만한곳
#웹툰팝업
#팝업스토어후기
#홍대데이트
#홍대놀거리
#갤럭시S26
#웹툰추천
#덕질기록
#캐릭터굿즈
#홍대전시
#서울팝업스토어
#팝업투어
#웹툰덕후
#홍대이벤트
#6월팝업스토어"
홍대 제이비 팝업스토어 JAY B TR.EE MD 굿즈,https://blog.naver.com/rlarlxo0930/224318079977,JAY B TR.EE POP-UP STORE 서울 마포구 양화로 188 AK PLAZA 2F 기간 2026.06.16 ~ 2026.06.22 이번에 GOD 7 멤버 JAY B가... 홍대 제이비 팝업스토어 인테리어 소품도 앨범 분위기에 맞게 꾸며놓은 모습이 구경하는 재미가 또... ,Achamtae cultural life,https://blog.naver.com/rlarlxo0930,20260616,마포구 팝업스토어,"JAY B TR.EE POP-UP STORE
서울 마포구 양화로 188 AK PLAZA 2F
기간 2026.06.16 ~ 2026.06.22
이번에 GOD 7 멤버 JAY B가 TR.EE 앨범을 출시하면서 홍대 팝업 행사를 한다는 소식을 듣고 구경하고 왔어요.
​
위치는 AK 플라자 2층 에스컬레이터 옆 행사장에서 진행 중입니다.
MD 3만원 이상 구매 시 포토카드가 제공되는 만큼 포카 수집이 취미인 분들은 오프라인으로 방문하셔도 좋겠죠.
​
​
홍대 제이비 팝업 인테리어도 앨범 사진을 활용해 예쁘게 꾸며놓은 모습입니다.
얼빡샷 느낌의 포스터가 있길래 보니까 INTERLUDE ver 앨범이더라고요.
JAY B TR.EE 앨범 구매 시 럭키드로우 이용권이 주어지고 랜덤 포토카드도 받아보실 수 있었어요.
​
​
이번 제이비 팝업 굿즈도 하나같이 잘 뽑았네요.
사원증 느낌의 카드 케이스, 릴홀더 디자인이 깔끔했어요.
​
요즘 MZ 사이에서 유행하는 아이템인 키캡 키링도 눈에 띄는데 9칸 구성인게 입맛대로 꾸며볼 수 있겠습니다.
​
​
엽서북 사진도 너무 예쁘지 않나요:)
옆에 배치된 리무버블 스티커랑 같이 쓰면 딱이겠어요.
​
​
JAY B TR.EE 의류 라인도 나왔습니다.
캡모자 디자인이 굿즈 느낌 거의 없어서 데일리하게 활용 가능할 것 같아요.
​
요즘에 많이들 입는 홈웨어에 적합한 파자마도 있고 옷을 포함해서 몇몇 제품은 포토카드가 같이 딸려오니 확인 잘 해보세요.
​
​
그 밖에도 MD샵에는 B.T.W 보틀 같은 실용적인 굿즈도 여러가지 있으니 천천히 둘러보세요.
​
​
홍대 제이비 팝업스토어 인테리어 소품도 앨범 분위기에 맞게 꾸며놓은 모습이 구경하는 재미가 또 쏠쏠했어요.
​
​
보여드린 굿즈 외에도 키캡 키링 등 여러 제품들을 매장에 구비된 쇼핑백에 담아서 편하게 쇼핑했습니다.
​
그리고 5만원 이상 구매 시 포토카드를 받아볼 수 있으니 금액 맞춰보셔도 되겠죠.
​
​
각각 앨범에 맞는 포토카드가 제공되고 럭키드로우에서는 당첨 시 원본 폴라로이드와 친필 사인이 들어간 포토카드, 앨범을 받아볼 수 있으니 참고해보세요.
​
오늘은 제이비 팝업 첫날 바로 다녀왔는데 굿즈 퀄리티가 전체적으로 좋고 특전도 알차게 준비되어 있어서 제이비 팬분들이 오시면 즐거운 시간 보낼 수 있을 것 같아요~^^
​
​
AK PLAZA 홍대
서울특별시 마포구 양화로 188"
라이즈 아카이브 팝업스토어후기 굿즈  RIIZE 너무나도 부러웠어요,https://blog.naver.com/kara0247/224317911866,RIIZE POP-UP ARCHIIVE² 운영 장소 : 서울시 마포구 광성로 41-11 레이어 스튜디오 11 운영 기간 : 2026. 06. 16... 위시 팝업이랑 다른 점 가챠쪽에 사람 없음 그리고 가챠 존나 쌈 ㅈㄴㅈㄴㅈㄴ싸 우리 만사천원... ,동기화,https://blog.naver.com/kara0247,20260616,마포구 팝업스토어,"​
라이즈 팝업스토어 후기 RIIZE POP-UP ARCHIIVE 레이어스튜디오 네이버예약 티켓팅 팁
RIIZE POP-UP ARCHIIVE² 운영 장소 : 서울시 마포구 광성로 41-11 레이어 스튜디오 11 ...
m.blog.naver.com
RIIZE POP-UP ARCHIIVE²
운영 장소 : 서울시 마포구 광성로 41-11 레이어 스튜디오 11
운영 기간 : 2026. 06. 16 (화) ~ 2026. 06. 28 (일)
운영 시간 : 매일 12:00 ~ 20:00 (KST)
​
​
​
이제 아카이빙? 뭐 하러 갑니다
이거 진짜 좀 치사했음
​
​
​
이런 스티커랑 종이를 모아가지고 스캔해서 가져 가는 거임
​
​
​
완전 귀여운 스티커 입고 이래가지고 욕심이 엄청 나와서 하나씩 다 골랐음
​
왜냐?????나는 가져가는 건 줄 알았음
​
​
​
이렇게 하나하나 모아서 스캔을 하면 되는 건데
브리즈팬들이랑 같이 어우러져서 엄청 열심히 했음
​
​
​
​
내가 한건데
이거 종이들 하나도 안 주더라 다 반납 해야 함
​
​
이럴때마다 SM 정떨어짐
이거 주는 것도 팬들한테 아깝나
​
​
​
여기서 이제 굿즈존 쪽으로 갑니다
​
​
​
​
위시 팝업이랑 다른 점
가챠쪽에 사람 없음
​
그리고 가챠 존나 쌈
ㅈㄴㅈㄴㅈㄴ싸
우리 만사천원 네오팝업에서 했던 거 기억 나죠?
여기 육천원임 미친 근데도 줄을 안 섬
​
ㅁㅊ
​
​
​
​
내가 만든 키링
​
​
​
​
이제 굿즈존
아니 여기도 팬들 널널하게 구경함
​
​
​
​
비니 이렇게 디피한거 너무 귀여움
​
​
​
​
키링도 앙나
귀엽고요
​
#RIIZEPOPUP
#라이즈
#원빈
#성찬
#쇼타로
#앤톤
#은석
#소희
​
​
장식장에 놓여져잇는데
예뻣음
​
​
​
​
완전 편집샵 감성
앙나
​
​
​
제가 이거 왜 사진 찍었냐고요?
​
​
#이찬혁러그
#이찬혁
​
맞져???
​
​
​
내 친구 이 반팔 안 사던데
나는 의문띠
​
예쁜데 왜 안 산거임
​
​
​
궁금했건
#라이즈굿즈
​
​
​
다 실사가능한 거 부러움
​
​
​
​
와 인형 굿즈
​
​
​
​
위시 팝업은 위시돌이 주인공인데
여기는 라이즈가 주인공이네
​
​
​
​
인형도 만져 볼 수 있어
​
​
​
​
와 옷 굿즈 왜이리 부럽지
​
​
​
제가 진짜 놀랐던게
라이즈는 옷을 실측 하고 살 수 있더라구요???
​
탈의실도 있음
​
엔시티위시는 오드투러브 팝업에서는 모자도 못 써보고 그랬던 거 아시나요?ㅋㅋㅋㅋㅋ웃음이 이제 나옴
​
위즈니는 어떤 덕질을 하는거인가
​
​
​
이거 예뻣음
​
​
​
​
제가 블로거 정신으로 굿즈 사진 찍어옴
​
​
​
재 밌 었 다
​
​"
라이즈 팝업스토어 후기 RIIZE POP-UP ARCHIIVE 레이어스튜디오 네이버예....,https://blog.naver.com/kara0247/224317808919,RIIZE POP-UP ARCHIIVE² 운영 장소 : 서울시 마포구 광성로 41-11 레이어 스튜디오 11 운영 기간 : 2026. 06. 16 (화) ~ 2026. 06. 28 (일) 운영 시간 : 매일 12:00 ~ 20:00 (KST) 오늘은 라이즈 팝업스토어 다녀옴. 브리즈 실친이... ,동기화,https://blog.naver.com/kara0247,20260616,마포구 팝업스토어,"레이어스튜디오 11
서울특별시 마포구 광성로 41-11
RIIZE POP-UP ARCHIIVE²
운영 장소 : 서울시 마포구 광성로 41-11 레이어 스튜디오 11
운영 기간 : 2026. 06. 16 (화) ~ 2026. 06. 28 (일)
운영 시간 : 매일 12:00 ~ 20:00 (KST)
​
​
​
오늘은 라이즈 팝업스토어 다녀옴.
​
브리즈 실친이 혼자서 못 가겠다고 해가지고,,,,
같이 오게 됨
​
빠순이 의리 미쳐
​
​
​
예약 :: RIIZE POP-UP ARCHIIVE²
일정 : 2026. 6. 16(화) 오후 7:00
booking.naver.com
​
근데 나 엔시티위시 위즈니고
>>>> 네이버예약 팝업스토어를 엄청 잘하게 돼버린 상태
이제 200대로 들어가는 게 개껌이 된 상태
​
​
​
NCT 엔시티 10주년 팝업 NEO GROUND 취소표 꿀팁 파이팩토리 주차
NEO GROUND 엔시티 10주년 팝업스토어 주소 : 광나루로 441 파이팩토리 스튜디오 >>위치가 ...
m.blog.naver.com
​
아무튼 원빈 팬 브리즈친구꺼까지 내가 잡아서 방금 다녀옴
((내 자랑 하나 더 하자면 친구 라이즈 콘서트랑 2차 팝업도 다 잡아줌))
ㄹㅈㄷ 엔시티위시하면 느는게 티켓팅잡기다
​
​
>>네이버 예약 팁은 예전에 엔시티 네오 팝업글에 올려놓음<<
​
​
무조건 갤…럭.,ㅅ
​
​
​
​
우와진짜커
​
아니...엔시티 네오 십주년보다 커
와 우리 사진전이랑 네오 팝업 합친느낌으로 크다
​
​
​
​
들어가요
어딜가나 본확 꼼꼼하다
​
​
​
​
이런거를 받아요
​
​
​
​
아니 미감 ㅈㄴ좋다
​
​
​
아니 진짜 너무 부러울 따름이었는데????
​
​
​
​
일단 친구 따라다니면서 구경함
​
​
재 밋 다
​
​
​
아 사진 진짜 많음
사진 전시회에 돈 안 내고 볼 수 있다니!!!!!!
​
​
​
​
컨셉 다른 거 신기하고
​
​
​
​
저 이런 그림있는거 좋아하거든요
​
​
​
​
친구 최애 잘생겼다
​
​
​
​
아트북페어 이런 느낌 들었음
>>>> 미감 좋다는 말
​
​
​
​
미남은 얼굴로 말한다의 그런건가
​
​
​
돈 냄 새
​
​
​
팝업을 큰데서 해서 그런가
사람들이 밀집 되어 있는 느낌이 아니어서 좋았어요
​
오늘 엄청 더웠는데
편하게 구경할 수 있는
​
​
​
​
이런 피규어 귀엽단 생각
​
​
​
어제 컴백 해서 친구랑 같이 노래 들엇음여
​
🎶
​
​
​
진짜 개 감도 높은 브랜드 매장같은데
이런매장을 있을수없음 왜냐? 존나 넓거든ㅋㅋㅋㅋㅋ
​
​
와 부러움무새가 되버렷다
​
​
​
이런 거 구경하는 거 좋음
신경쓴 느낌 나잖음
​
​
​
​
친구가 라이즈는 얼굴 덕질이라고
방방뜀
​
멧챠귀여움
​
​
​
​
이렇게 키링 만드는 것도 있더라구요
나 이런거 좋음
​
​
​
​
#라이즈
#원빈
#성찬
#소희
#앤톤
#은석
#쇼타로
​
​
​
​
저는 이런 거 보면 국립현대미술관 생각나요
멋있다는 얘기
​
​
​
​
왜인지 모르겠는데, 나 이 사진 엄청 많이 찍엇음
​
​
​
​
얼굴
얼굴
앙
​
​
​
​
공간이 넓으니까
다양한 재미 아자스
​
​
여자는 잘생긴
늠자를 좋아해
​
​
이런거 1인 1회인건 당연하구여
흑
​
​
​
아니 진짜 잘꾸몃다
​
​
​
​
지류로 벽지 바르자
​
​
​
​
망원경 재밋엇어여
​
​
​
​
와 좋은 삶
내 친구 드릴게요
​
​
​
​
이걸로 파리까지 볼 수 있을까요
​
아니, 그리고 굿즈를 살 수 있거든요?
굿즈 짱 예쁨
파란 후드 원빈이 만든거? 뭐라햇는데 아무튼 실사 가능할 것 같고 엄청 예뻐요. 내 친구 삿는데 예쁘더라여
​
​
저 포토카드 앤톤 받음
톤프 친구 사카야짱 드려야지
​
앙
🎶
​
여자 의리
​
​
​
​
재밌었어여
라이즈 얼굴 잼땨
​
컴 백 축 하 해 요
​
​"
[서울|홍대] 주술회전 팝업스토어 | MAPPAxSMG 한정 굿즈 총집합,https://blog.naver.com/cheaelin/224317365245,"위치 &amp; 영업정보  서울 마포구 양화로 188 AK PLAZA 홍대 4층 LIMITION ️ 2026.05.21(목) ~ 2026.06.16(화) ⏰ 월... 주술회전 팝업스토어예요! 애니 제작사 MAPPA와 공식 콜라보라서 퀄리티가 남달랐답니당,, 입구부터... ",먹성좋은척하는 일기꒰⸝⸝•｡•⸝⸝꒱,https://blog.naver.com/cheaelin,20260616,마포구 팝업스토어,"위치 & 영업정보
📍 서울 마포구 양화로 188 AK PLAZA 홍대 4층 LIMITION
🗓️ 2026.05.21(목) ~ 2026.06.16(화)
⏰ 월~금 11:00 ~ 22:00 / 토~일 10:30 ~ 22:00
​
주술회전 덕후라면 무조건 가야 하는 곳 다녀왔어요 🖤
홍대 AK플라자 4층 LIMITION에서 열리고 있는
MAPPAxSMG
공식 주술회전 팝업스토어예요!
​
​
애니 제작사
MAPPA와
공식 콜라보라서
퀄리티가 남달랐답니당,,
​
입구부터 고죠, 이타도리, 후시구로, 나나미 등
주요 캐릭터들 대형 포스터가 반겨줘서
들어가자마자 심장 쫄깃했어요 ㅎㅎ💓
​
Previous image
Next image
​
시부야사변, 회옥·옥절 등
시즌별 아트워크도 크게 전시되어 있어서
그냥 보는 것만으로도 너무 좋았어요 ><
팬이라면 다 압니다 이 느낌,, 🥹
​
근데 솔직히 굿즈는 살게
거의 없더라고요..
​
평일 오후에 가면
못산다고 보면 돼요
​
그저 눈에 담아올뿐..
​
​
그래도 굿즈 라인업이 진짜 어마어마했어요 😮
아크릴 스탠드, 키링, 에코백, 포토카드,
MP3
플레이어 모양 키링, 캔뱃지 등
보는 것만으로도 눈이 즐거운 곳이었답니당 ><
​
Previous image
Next image
​
특히 캐릭터 증명사진 콘셉트 굿즈가
진짜 너무 귀여웠어요,, 고죠, 후시구로, 판다 등
각 캐릭터별로 구성되어 있었는데
30,000원 이상 구매 시 랜덤 1종 증정이라
살만 한거 같아요 ㅎㅎ
​
​
​
구매 시 스탬프 랠리도 적립되고
완주하면 추첨을 통해 경품도 증정하니
팬이라면 꼭 챙겨가세요 🎯
​
주술회전 보러 일본까지 안 가도 되겠다 싶은 곳이에요
MAPPA
공식 콜라보라 퀄리티가 진짜 달랐고
한정판 굿즈라 구하고 싶었던 거 다 있었어요
이런 스케일의 팝업을 홍대에서 만날 수 있다니
충분히 재방문 의사 있어요!
​
가성비 ⭐️⭐️⭐️⭐️
굿즈 퀄리티 ⭐️⭐️⭐️⭐️⭐️
분위기 ⭐️⭐️⭐️⭐️⭐️
​
#주술회전
#주술회전팝업
#홍대팝업
#홍대팝업스토어
#
MAPPA
#주술회전굿즈
#AK플라자홍대
#애니팝업
#서울팝업스토어
#팝업스토어
#고죠사토루
#주술회전한정굿즈
​
주술회전 팝업스토어 by MAPPA X SMG
서울특별시 마포구 양화로 188 AK PLAZA 홍대 4층 LIMITION"
스텔라이브 팝업스토어 SIX STAR STELLIVE 예고 !,https://blog.naver.com/chamcham0909/224315741613,"운영기간 2026년 6월 26일 금요일~ 2026년 7월 12일 일요일 팝업스토어 위치 팬베이스 홍대점 (서울 마포구 양화로 178-5, LC타워 별관 지하 2층, 팬베이스) 운영시간 매일 11:00 ~ 20:00 이번 팝업스토어는 사전... ",참참로그,https://blog.naver.com/chamcham0909,20260614,마포구 팝업스토어,"2026년 6월 26일 금요일 !!
큰 거 옵니다 !!!
​
<SIX STAR STELLIVE 🍽️>
스텔라이브 팝업스토어 입니다!
​
운영기간
2026년 6월 26일 금요일~
2026년 7월 12일 일요일
​
팝업스토어 위치
팬베이스 홍대점
(서울 마포구 양화로 178-5,
LC타워 별관 지하 2층, 팬베이스)
​
운영시간
매일
11:00 ~
20:00
​
이번 팝업스토어는
사전 예약과 현장 대기가
동시에 진행될 예정이래요 !
그리고 멤버십 전용 별도 사전
예약은 없으니 누구나
바로 사전 예약이 가능합니다!
​
​
🍽
컨셉
이번 컨셉은 공식 멤버십
6기의 컨셉 웨스턴 다이너를
테마로 한 팝업스토어 라고 해요 !
저번 팝업 스토어는
필기구 같은게 많아서 좋았는데
이번엔 맛있는 추억을 만들어
보자는 문구가 있는 만큼 !
브런치 카페 느낌의
상품이 기대되네요 !!
​
​
행사에 대한 자세한 정보는
6월 19일날 추가 공개 예정이니까
그때 또 다시 제대로 알아보아요 !
​
​
​
​
#스텔라이브
#팝업스토어
#팬베이스
#홍대
#파스텔6기
#파스텔
#SIXSTARSTELLIVE
#텐코시부키
#아오쿠모린
#하나코나나
#유즈하리코
#네네코마시로
#시라유키히나
#아카네리제
#아라하시타비
#사키하네후야
#아야츠노유니
​
​
​"
[홍대] 연세우유크림빵 1억개 판매 기념 팝업스토어 '연세유업 팝업 ....,https://blog.naver.com/palacej/224315473749,오늘은 홍대에서 진행되었던 '빵빵랜드 팝업' 방문 후기를 남겨볼게요 빵빵랜드 팝업기간: 26.5.29-26.5.30 운영시간: 11:00-19:00 주소: 서울 마포구 와우산로 37길 30 우연히 지나가다가 워크인으로 방문하게 된... ,안슐랭 가이드,https://blog.naver.com/palacej,20260614,마포구 팝업스토어,"안녕하세요 안슐랭입니다!
오늘은 홍대에서 진행되었던
'빵빵랜드 팝업' 방문 후기를 남겨볼게요
빵빵랜드
​
팝업기간: 26.5.29-26.5.30
운영시간: 11:00-19:00
주소: 서울 마포구 와우산로 37길 30
파크뷰빌딩
서울특별시 마포구 와우산로37길 30
우연히 지나가다가 워크인으로 방문하게 된
연세유업 빵빵랜드 팝업은
단 이틀간만 짧게 진행되었어요 !
생크림빵 4년만에 1억개 판매 돌파 기념으로
진행되는 행사라고 하는데요 🥳
​
1. 최애 주민 투표
입장하면 팜플렛을 나눠주시고,
이렇게 최애 생크림빵에 투표하는
공간이 마련되어 있어요
​
저는 고민없이 말차생크림빵에
투표 완료했습니다~
​
2. 빵빠레 게임
다음은 1억개 판매 기념
빵빠레를 울리는 게임으로,
빠르게 버튼을 눌러 게이지만 채우면 끝이었어요 !
​
3. 핀볼 교환소
이어서 다음 게임 하러 가는 길에
핀볼을 굴려 칸에 해당하는 제품을
무료로 선물로 주셨는데,
저는 에너지 드링크에 당첨되었어요
연세유업에서 에너지 드링크도 했다니 ..
​
4. 빵빵 퀴즈
네번째 존에서는 랜덤으로 퀴즈를 뽑아
O/X 문제를 맞춰보는 시간을 가졌어요
평소 연세우유빵을 즐겨먹는 편은 아니라
살짝 어려웠습니당 ,, ㅎㅎ
​
제 문제는 사진 속에서 확인하실 수 있는데,
직접 먹어본 적은 없지만
고구마 생크림은 실제로 출시했던
적이 있다고 하네요 ㅎㅎ
​
5. 찰칵 인증샷
마지막으로 포토부스에서
주민증 발급받고,
포토존에서 인증샷만 찍으면
스탬프 미션은 끝이에요 !!
​
주민증은 이렇게 바로 발급받을 수 있는데,
생각보다 귀여웠어요 ㅋㅋㅋ
​
포토존은 요렇게 생겼어요
별도의 귀찮은 SNS 인증 미션이 없어 좋았습니다 👍
​
​
​
지하 1층 - 카페존
모든 미션을 끝냈다면
지하 1층으로 내려가 굿즈를 받고
받은 음식들도 먹을 수 있어요 ㅎㅎ
​
두근두근 럭키드로우 결과는요 🍀
​
말랑이, 메모지, 스티커 등이 있었는데
저랑 일행은 사이좋게 스티커 당첨 ㅎ.ㅎ
​
핀볼 게임에서 당첨된
에너지드링크와 팝콘도 이곳에서 수령했어요
아니 근데 스티커 생각보다 더 귀여워서
바로 노트북에 붙였네요 ㅋㅋㅋㅋ
​
날이 더워서 그런지 안에 먹고 가시는 분들도 있었구
짧지만 무료로 알차게 즐길 수 있는 팝업이었어요
연세유업 흥해랏 ~
나갈 때 방명록도 작성할 수 있었답니다
조만간 2억개 돌파해서
팝업 또 열어주세요 !
그럼 오늘 포스팅은 이만 여기서 마무리할게요
모두 안녕 ~"
주술회전 홍대 마파 팝업 옷코츠 유타 반팔 티셔츠 굿즈,https://blog.naver.com/rlarlxo0930/224313826846,주술회전 팝업스토어 서울 마포구 양화로 188 AK PLAZA 4F LIMITION 기간 2026.05.21 ~ 2026.06.16 이번에 진행하는 홍대 주술회전 팝업에 옷코츠 유타 굿즈 출시 소식을 듣고 구경하러 다녀왔어요. 위치는 AK 플라자 4층... ,Achamtae cultural life,https://blog.naver.com/rlarlxo0930,20260612,마포구 팝업스토어,"주술회전 팝업스토어
서울 마포구 양화로 188 AK PLAZA 4F LIMITION
기간 2026.05.21 ~ 2026.06.16
이번에 진행하는 홍대 주술회전 팝업에 옷코츠 유타 굿즈 출시 소식을 듣고 구경하러 다녀왔어요.
​
위치는 AK 플라자 4층 리밋션 공간에서 진행 중입니다.
입구 포스터를 보니 가장 최근에 개봉한 극장판 주술회전 0 영화 배경으로 굿즈샵을 운영하는 듯 했어요.
​
​
홍대 주술회전 팝업스토어에 입장하니 진열공간 뒤쪽으로 최근 엄청난 인기를 끌고 있는 옷코츠 유타 등신대가 눈에 들어오더라고요.
이제는 주술회전 방영 초창기 때 고죠 사토루를 뛰어넘지 않았나 하는 생각입니다.
​
저도 개인적으로 너무 좋아하는 캐릭터라서 같이 인증샷 남겨봤어요!
​
​
입간판 디자인 그대로 옷코츠 유타 티셔츠도 나왔습니다.
유타 뿐만 아니라 고죠 사토루랑 게토 스구루 근본 조합도 있고 시부야 사변 등 종류별로 다양합니다.
전체적으로 흑백 느낌의 컬러감이 부담 없이 착용 가능할 것 같아요.
​
​
주술회전이 학교 배경이다 보니 캐릭터 복장도 깔끔해서 증명사진이 예쁜 편인데요.
학생증에도 증명사진이 그대로 적용됬더라고요.
옆에 고죠 사토루를 배치해놓은게 사장님 감다살이에요.
​
이번 극장판 개봉으로 옷코츠 유타 굿즈들이 많이 보여서 너무 좋습니다!
​
​
이번 극장판에서 가장 아쉬웠던 나나미 켄토도 보이네요.
이타도리 키링 등 주술회전 굿즈 종류도 여러가지 있으니 취향껏 가시면 되겠습니다.
​
​
홍대 주술회전 팝업스토어 중간중간 배치해놓은 포스터도 그렇고 일러들을 하나같이 잘 뽑아서 눈이 즐거웠어요.
​
​
애니 굿즈샵에 가챠 상품이 빠지면 또 섭하잖아요.
요즘 카드 수집이 유행이라 랜덤 카드가 눈에 띄더라고요.
콜렉터 북도 구비되어 있으니 세트로 가셔도 되겠죠.
​
​
애니 굿즈 하면 빼놓을 수 없는 캔뱃지도 있고 카드 실물을 진열해둔게 이용에 참고해보세요.
​
​
그 밖에도 여러가지 굿즈와 포토존도 예쁘게 꾸며뒀으니 천천히 둘러보시고요.
​
오늘은 이렇게 홍대 주술회전 팝업스토어를 소개드렸는데 애니메이션을 재밌게 본 분들이 오시면 즐거운 시간 보낼 수 있지 않을까 싶어요~^^
​
​
주술회전 팝업스토어 by MAPPA X SMG
서울특별시 마포구 양화로 188 AK PLAZA 홍대 4층 LIMITION"
라이즈(RIIZE) 미니앨범 2집 투(II) 발매 기념 아카이브(ARCHIIVE) 팝업스....,https://blog.naver.com/luckang002/224311332279,서울 마포구 광성로 41-11 레이어 스튜디오 11이다 팝업스토어 입장은 네이버 사전 예약제로 진행한다 매일 1회차는 라이즈 공식 팬클럽 브리즈 (BRIIZE) 멤버십 전용 시간으로 운영한다 예약... ,재미나게 나답게,https://blog.naver.com/luckang002,20260610,마포구 팝업스토어,"2026년 6월 10일 수요일이다
라이즈(RIIZE)가 미니앨범 2집 투(II)
발매 기념으로 아카이브(ARCHIIVE)
팝업스토어를 성대하게 운영한다
​
​
기간은 2026년 6월 16일~6월 28일이다
시간은 매일 12:00~20:00이다
장소는 서울 마포구 광성로 41-11
레이어 스튜디오 11이다
​
레이어스튜디오 11
서울특별시 마포구 광성로 41-11
​
팝업스토어 입장은 네이버 사전
예약제로 진행한다
매일 1회차는 라이즈 공식 팬클럽 브리즈
(BRIIZE) 멤버십 전용 시간으로 운영한다
예약 오픈일은 6월 12일 20시이다
​
네이버 사전 예약 바로 가기
네이버 예약 :: RIIZE POP-UP ARCHIIVE²
RIIZE 라이즈 The 2nd Mini Album POP-UP ARCHIIVE²
booking.naver.com
X의 RIIZE님(@RIIZE_official)
RIIZE POP-UP [ARCHIIVE²] VISITOR GUIDE NOTICE 📍서울시 마포구 광성로 41-11 레이어 스튜디오 11 📆 2026. 06. 16 (TUE) ~ 2026. 06. 28 (SUN) ⏰ 12:00 ~ 20:00 🔗 사전 예약 링크 https://t.co/WwVDCVSCv7 [ARCHIIVE²] 관련 다양한 소식을 전용 X (@RIIZE_POPUP) 계정에서 확인해 보세요.
x.com
출처:라이즈
​
​"
서울 팝업 6월 쿠팡콜라보클럽 홍대놀거리,https://blog.naver.com/6607144/224310825444,"쿠팡콜라보클럽&lt;READY, SET, 덕력호&gt;팝업스토어 주소 : 서울 마포구 어울마당로 68 1-2F 홍대카페 영업시간 : 26.05.29.(금) ~ 06.07.(일) 전화 : 0507-1403-3457 안녕하세요! 오늘은 홍대에서 지금 가장 핫한 공간, 바로... ",EAT PLAY LOVE,https://blog.naver.com/6607144,20260609,마포구 팝업스토어,"쿠팡콜라보클럽<READY, SET, 덕력호>팝업스토어
​
주소 :
서울 마포구 어울마당로 68 1-2F 홍대카페
영업시간 :
26.05.29.(금) ~ 06.07.(일)
전화 :
0507-1403-3457
안녕하세요! 오늘은 홍대에서 지금 가장 핫한 공간, 바로 홍대카페의 쿠팡 콜라보클럽 팝업스토어 방문 후기를 들고 왔습니다 :)
​
​
평소 쿠팡을 애용하는 1인으로서, 쿠팡이 인기 브랜드들과 협업해 오프라인 공간을 열었다는 소식을 듣고 안 가볼 수가 없었는데요. 볼거리, 즐길 거리, 그리고 굿즈까지! 알찬 방문 후기를 지금부터 공유해 드릴게요!
​
​
팝업스토어는 홍대 상상마당 인근 메인 거리의 홍대카페에서 진행되어 접근성이 아주 좋았습니다. 멀리서부터 힙한 디자인의 외관이 눈에 띄어서 쉽게 찾을 수 있었어요.
​
웨이팅 시스템
현장에 도착하자마자 입구에 있는 태블릿으로 대기 등록을 해야 합니다. 일요일 오후 등록 없이 들어갔어요 :)
​
​
입장하자마자 힙한 클럽 느낌의 네온사인과 톡톡 튀는 컬러감이 반겨줍니다. '콜라보클럽'이라는 이름답게 뷰티, 패션, 라이프스타일 등 다양한 인기 브랜드들과 쿠팡의 단독 콜라보 제품들이 감각적으로 전시되어 있었어요.
​
​
다양한 포토존에서 사진도 찍고, qr 스캔 후에 장바구니에 5가지 이상의 물품을 담으면 럭키드로우 이벤트도 참여가 가능해요😆
​
​
신비로운 우주 테마라 함께 간 아이가 너무 즐거워 하더라구요🩵 별, 행성, 우주복 등의 몽환적인 요소에 캐릭터 특유의 귀여움이 더해져 소장 욕구를 크게 자극하는데요!
​
​
가방에 포인트로 달기 좋은 키링부터 책상 위를 꾸며줄 피규어까지, 우주 감성을 듬뿍 담은 헬로키티와 짱구 굿즈 라인업까지!! 귀여움 가득🤩👍
​
​
사진 찍으니까 정말 우주 느낌이 가득하게 나오더라구요👍
​
​
2층으로 올라가면 브랜드 쇼룸을 만날 수 있어요🤩👍
​
각 브랜드의 특색을 살린 미니 쇼룸들이 이어져 있어서 구경하는 재미가 쏠쏠합니다. 오직 이번 팝업에서만 볼 수 있는 한정판 패키지도 실물로 확인할 수 있어요
​
​
이번 팝업스토어의 꽃은 바로 스탬프 투어 미션입니다. 입장할 때 받은 리플렛에 스탬프를 모두 모으면 풍성한 선물을 받을 수 있어요!!!
​
​
미션을 모두 완료하고 럭키드로우 이벤트에 참여했는데요! 저랑 둘째딸은 콜라보 브랜드의 리유저블백과 키티 키링을 받았습니다 :)
​
​
​
​
​
​
​
홍대 놀거리나 데이트 코스를 찾고 계신다면, 주저 없이 추천해 드리고 싶은 팝업스토어입니다. 공간도 예쁘게 꾸며져 있고 무엇보다 참여형 이벤트가 있어서 시간 가는 줄 모르고 즐겼어요:)
​
쿠팡콜라보클럽<READY, SET, 덕력호>팝업스토어
서울특별시 마포구 어울마당로 68 1-2F 홍대카페
​
#홍대팝업
#홍대팝업스토어
#쿠팡콜라보클럽
#홍대핫플
#홍대데이트
#홍대놀거리
#팝업스토어투어
#서울팝업
#주말데이트
#홍대가볼만한곳
#콜라보레이션
#팝업이벤트
​"
2026 라이즈 팝업 스토어 RIIZE POP UP [ARCHIIVE²] 일정 사전예약 정보,https://blog.naver.com/travel0202/224310895579,라이즈가 컴백을 앞두고 팝업 스토어를 진행한다고 합니다 ~ 타이틀은 [ARCHIIVE²] 일정 운영 장소 : 서울 마포구 광성로 41-11 레이어 스튜디오 11 운영 기간 : 2026년 06월 16일 화요일 ~ 6월 28일 일요일... ,일상기록지,https://blog.naver.com/travel0202,20260609,마포구 팝업스토어,"라이즈가 컴백을 앞두고 팝업 스토어를 진행한다고 합니다 ~
​
타이틀은
[
ARCHIIVE²]
일정
운영 장소 : 서울 마포구 광성로 41-11 레이어 스튜디오 11
운영 기간 : 2026년 06월 16일 화요일 ~ 6월 28일 일요일
운영 시간 : 매일 12:00 ~ 20:00
레이어스튜디오 11
서울특별시 마포구 광성로 41-11
​
​
​
​
​
​
사전예약
이번 팝업스토어는 사전예약으로만 진행한다고 하는데요 매일 첫 회차인 12~13시는 팬클럽 분들인 브라이즈 분들만 전용으로 예약 가능하다고 해요 !!
​
[팬클럽 사전예약 (BRIIZE TIME)]
예약일자 : 6/10일 수요일 19시
예약 가능일자 : 2026년 6월16일 화요일 ~ 6월 21일 일요일
예약 가능시간 : 1회차 오후 12~13시
​
예약일자 : 6/16일 화요일 17시
예약 가능일자 : 2026년 6월 22일 월요일 ~ 6월 28일 일요일
예약 가능시간 : 1회차 오후 12~13시
​
링크 :  예약을 두 번에 나눠서 진행하니까 참고하세요 !
위버스 RIIZE 공지사항
RIIZE 공지를 확인해보세요.
weverse.io
​
[일반 예약]
예약일자 : 6/12일 금요일 20시
예약 가능일자 :
2026년 06월 16일 화요일 ~ 6월 28일 일요일
예약 가능시간 : 2~8회차 13시 ~ 20시 (1시간 단위로 예약 가능)
링크 :
네이버 예약 :: RIIZE POP-UP ARCHIIVE²
RIIZE 라이즈 The 2nd Mini Album POP-UP ARCHIIVE²
booking.naver.com
​
​
​
​
​
​
팝업 운영
출처 : 라이즈 X
이번 팝업은 새로 발매하는 앨범도 판매한다고 하는데요
​
Special Ver.
​
​
Photobook Ver.
​
​
SMini Ver.
​
​
Figure Ver.
​
판매 기간 : 2026년 6월 16일 화요일 오후 12시 ~ 소진시
MD는 현장 판매랑 온라인 예약 판매로 진행한다고 합니다 ~
​
현장 판매(팝업)
: 2026년 6월 16일 화요일 오후 12시 ~ 소진시
온라인 예약 판매
: 2026년 6월 26일 금요일 오후 3시 ~ 7월 2일 목요일 오후 11시 59분
​
​
​
​
​
​
​
유의사항
* 앨범, MD의 판매 기간 및 종류는 현장 상황에 따라 변동될 수 있습니다.
* 1인당 구매 제한 수량은 상황에 따라 변동될 수 있습니다. 제한 수량 이상 구매 시 결제 거부 또는 취소될 수 있습니다.
* 홍보물의 상품 이미지는 실페 상품과 다를 수 있습니다.
* 모든 거래는 한국 원화로만 이루어집니다.
* 팝업 내 모든 결제는 카드 결제 방식만 가능합니다.
* 일부 카드의 경우 카드사의 사정에 의해 결제가 불가능할 수 있으며 본인 명의의 카드가 아닐 경우 사용에 제한이 있을 수 있습니다.
* 팝업 종료 후에는 교환, 환불이 불가합니다.
* 상품에 문제가 있을 경우, 구매 당일에 한해 언박싱 영상 확인 후 교환 또는 환불이 가능하오니 구매 후 반드시 현장에서 상품을 확인해 주시기 바랍니다.
계산 착오로 인한 오구매 또는 미수령 건은 구매 당일 영수증 확인 시에만 안내 가능하며, 이후에는 처리가 제한될 수 있는 점 양해 부탁 드립니다.
아직 상세한 MD 리스트가 안 나왔네요 ㅠㅠ
팬 분들 모두 예약 성공하시길 바랍니다 !!
​
​
​
​
​
​
​
​
#라이즈
#라이즈팝업
#라이즈팝업스토어
#RIIZE
#RIIZE팝업스토어
#라이즈팝업스토어추천
#라이즈팝업스토어사전예약"
[다우진유전자연구소 &amp; 쿠팡 '콜라보클럽' 팝업스토어 진행]...유전....,https://blog.naver.com/dowgenedna/224309269305,쿠팡은 5월 29일부터 6월 7일까지 서울시 마포구 'ㅎㄷ카페'에서 특정 분야 마니아를 위한 IP 상품 팝업스토어 '쿠팡콜라보클럽'을 운영하고있는데 저희 (주)다우진유전자연구소의 탈모관리 제품인 두피에몽... ,(주)다우진유전자연구소,https://blog.naver.com/dowgenedna,20260608,마포구 팝업스토어,"㈜다우진유전자연구소 & 쿠팡 '콜라보클럽'  팝업스토어 진행
유전자 기반 뷰티·헤어케어 제품 선보여
​
​
​
​
쿠팡이 취향 소비를 겨냥한 팝업스토어
'콜라보클럽'
을 출시했습니다.
쿠팡은  5월 29일부터 6월 7일까지 서울시 마포구 'ㅎㄷ카페'에서 특정 분야 마니아를 위한
IP 상품 팝업스토어 '쿠팡콜라보클럽'을 운영하고있는데
저희
(주)다우진유전자연구소의 탈모관리 제품인 두피에몽 샴푸세트와  디엘셀라좀 화장품 세트,
최근 출시된 100ml 올인원 에센스 및 세정제 클리닉스 제품
도 쿠팡 콜라보 제품으로 선정되어 전시 및 판매 되었습니다.
​
​
[쿠팡 콜라보 팝업 스토어 전경]
​
​
쿠팡은 ""콜라보클럽""에서 글로벌 캐릭터, K팝 아티스트, 유명 인플루언서와 협업한 다양한 특별 상품들을 전시하였습니다.
​
​
[쿠팡 콜라보 팝업 스토어 내부 협업 제품들]
​
[쿠팡 콜라보 팝업 스토어 내부 협업 제품들]
​
​
㈜다우진유전자연구소는 이 행사에 자사의 대표 뷰티 및 헤어케어 제품을 선보였으며,
㈜다우진유전자연구소는 팝업스토어 2층 뷰티존에 입점
하여
유전자 연구 기반의 뷰티 및 헬스케어 제품을 소개
했습니다.
현장에서는
피부 건강 관리를 위한 화장품 3종 세트
'셀라썸(Cellassom)',
헤어 및 두피 관리를 위한 샴푸 & 컨디셔너 세트 '
두피에몽(Doopiemong)' ,
개인 위생 및 세정을 위한 세정액 3종 세트
'다우진 클리닉스(DowGene Cleanix)'
를 전시하여 방문객들의 많은 관심을 모았습니다.
​
​
[쿠팡 콜라보 팝업 스토어 2층 뷰티존에 입점한 ㈜다우진유전자연구소 제품들]
​
​
특히 '
셀라썸'
은 피부 보습과 영양 공급, 자외선 차단에 도움을 주는 클렌징크림, 올인원에센스, 미스트로 구성된
프리미엄 스킨케어 제품으로,
'두피에몽'
은 샴푸 & 컨디셔너는 탈모완화 기능성과 건강한 두피 환경 조성을 위한
헤어 관리 솔루션으로 소개되었습니다.
그리고
'다우진 클리닉스'
세정액 역시 일상생활 속 위생 관리를 위한 제품으로 많은 소비자들의 문의가 이어졌고
행사장을 찾은 방문객들은 제품을 직접 확인한 후 전시 부착된 QR코드를 통해 쿠팡 온라인몰에서 즉시 구매할 수 있었으며,
로켓배송 서비스를 통해 빠르게 제품을 받아볼 수 있다는 점에 높은 만족도를 나타냈습니다.
​
​
[스킨케어 3종 화장품 셀라썸(왼쪽)과 탈모관리 헤어제품 두피에몽 & 세정액 다우진클리닉스(오른쪽)]
​
​
저희 ㈜다우진유전자연구소 는
""이번 쿠팡 콜라보클럽 참여를 통해 연구소가 개발한 다양한 뷰티·헬스케어 제품을
소비자들에게 직접 소개할 수 있는 좋은 기회가 되었으며,
​
""앞으로도 유전자 연구 기술과 바이오 헬스케어 노하우를 접목한 차별화된 제품을
지속적으로 선보여 고객들의 건강하고 아름다운 삶에 기여하겠습니다. ""
​
​
또한 , ㈜다우진유전자연구소는 유전자 분석 및 바이오 연구를 기반으로 개인 맞춤형 건강관리 서비스와 다양한 헬스케어 제품을
개발·공급하고 있으며, 소비자와의 접점을 확대하기 위한 온·오프라인 마케팅 활동을 적극적으로 이어가고 있습니다.
​
고객 여러분들의 많은 관심과 성원 부탁드립니다.
감사합니다."
"라이프밀 루티너 3기(1주차) 후기, 라이프밀 데일리로 70여가지 농수....",https://blog.naver.com/freshday9656/224308315868,&quot;본 후기는 라이프밀로부터 제품협찬받아 작성한 것입니다.&quot; 지난번에 서울 마포구에서 [라이프밀 팝업스토어]에서 진행했던 오마카세를 다녀온 적이 있었는데요. '라이프밀 제품'은 동결건조... ,어제오늘내일님의블로그,https://blog.naver.com/freshday9656,20260607,마포구 팝업스토어,"""본 후기는 라이프밀로부터 제품협찬받아 작성한 것입니다.""
​
지난번에 서울 마포구에서 [라이프밀 팝업스토어]에서 진행했던 오마카세를 다녀온 적이 있었는데요. '라이프밀 제품'은 동결건조, 식물성원료, 저당 이 세가지가 가장 큰 특징이라고 박사님께서 친절하게 설명해주셨던 것이 선명하게 기억납니다. 그때 1일1생식 라이프밀,
갓구운 하루견과, 닥터샐러드스프레드, 데이 크런치 프로틴바, 저당 그래놀라를 먹으면서 '라이프밀'에 대한 브랜드에 큰 관심을 가지게 되었는데요. 웰빙된 삶을 살기 위해 '라이프밀 제품'으로 식단을 꾸려서 체중조절과 혈당관리, 영양소섭취를 모두 챙기면 좋을 것 같다고 생각했습니다. 그러다가 운좋게 라이프밀 루티너 3기에 지원하게 됐고, '라이프밀 데일리' & '닥터샐러드' 제품을 받았습니다. 그래서 1주차에 각각 포스팅을 하고, 2주차에도 각각 포스팅을 진행하고자 합니다.
먼저, 이번 포스팅에서는 '라이프밀 데일리'를 소개해드리겠습니다.
'라이프밀 데일리'는 100% 국내산(동결건조 원료에 한함)이며, 무려 70여가지 농수산물이 함유되었다고 합니다. '라이프밀'에서는 '라이프 리밸런싱 솔루션'을 제공한다는데요. 30년 건강 철학을 담아 웰이징(Well-aging)을 실현합니다. 진정성과 전문성을 바탕으로 삶의 균형을 회복하는데 도움을 드리는 맞춤형 솔루션을 제공한다고 합니다. '라이프밀 데일리'를 더 건강하게 드시려면 물 대신 두유와 함께 드시면 된다고 하고요. 견과류와 과일과 함께 곁들이는 것도 좋겠죠? '라이프밀'은 입맛이 끼니를 챙겨 드시기 힘든 부모님, 바쁜 출근길, 아침을 거르기 쉬운 직장인, 영양을 갖춘 건강한 간식이 필요한 자녀, 부담 없이 간편한 식사를 찾는 분한테 추천드립니다.
원재료명을 보고 전 놀랐던게, 70여가지 농수산물이 들어가서인지 끝도 없이 나열됐네요. 동결건조현미분말, 분리대두단백, 동결건조보리분말, 난소화성말토덱스트린, 팔라티노스, 귀리식이섬유, 알파현미분말, 프락토올리고당 등이 들어가 있습니다. 그리고 한가지 더 놀라운 사실이 있는데요. 본 제품 수익금의 일부는 전세계 이웃 사랑 실천을 위한 BSC 운동에 사용된다고 합니다. 섭취량 및 섭취방법은 1일 1~3회, 1포(30g)를 150~160mL의 물, 두유, 우유 등에 넣고 잘 흔들어 섞은 후, 천천히 드시면 됩니다. 총 내용량은 420g(30g×14포)입니다.
개봉을 하니깐, 스틱으로 되어있어서 휴대하기 좋게 되었네요.
파우치에 넣고 다니면서, 외출 시 챙겨 먹을 수 있어요. 전 일단 빨리 시식하고 싶어서 얼른 만들어봤는데요.
원래는 통이 있는데 생식을 두유에 넣고 제조되는 과정을 자세하게 보여드리고 싶어서, 컵에다가 만들었습니다.
분말을 넣고, 두유를 넣은 다음 열심히 휘저었고요.
[라이프밀 팝업스토어]에 받은 통에다가도 담았습니다. 다음번에는 통에 넣고 흔들면 쉽게 잘 섞이겠죠. 맛은 고소하고 담백하면서 적당히 여운이 남습니다. 전 좀더 고소하게 먹고 싶어서 두유에다 탔지만, 두유가 없으신 분들은 물이나 우유에 타셔도 무방하실 것 같아요.
1일 1회 '라이프밀 데일리'로 건강하고 활기찬 일상을 보내겠습니다. 모두들 건강 잘 챙기셨으면 좋겠어요. 관심있으신 분들을 위해 구매링크를 아래와 같이 남겨드립니다.
https://smartstore.naver.com/life_meal?NaPm=ct%3Dml2kkbz8%7Cci%3Dcheckout%7Ctr%3Dds%7Ctrx%3Dnull%7Chk%3D28a0172e26221fdb07c283f3b1c100ab6a495877
​
#라이프밀
#루티너
#라이프밀_데일리
#라이프밀루티너
#동결건조
#식물성원료
#저당"
6월 24일 슈퍼걸 개봉 전 팝업스토어 방문 후기,https://blog.naver.com/sejinsmreo/224307979986,슈퍼걸 개봉기념 팝업 위치: 서울특별시 마포구 동교로 30길 21 일정: 6/3(수) ~ 6/16(화) 운영시간: 오전 11시 ~ 오후 9시 슈퍼걸 팝업에는 스페이스 체험존으로 3가지 게임을 할 수 있게 되어있고 사진을 찍을 수... ,낭만주의님의 취미생활,https://blog.naver.com/sejinsmreo,20260606,마포구 팝업스토어,"오늘은 슈퍼걸 개봉 전에 팝업 이벤트를
진행하고 있는 스페이스비 연남을 다녀오게 되었다.
​
스페이스비 연남
서울특별시 마포구 동교로30길 21
​
슈퍼걸 개봉기념 팝업
위치: 서울특별시 마포구 동교로 30길 21
일정: 6/3(수) ~ 6/16(화)
운영시간: 오전 11시 ~ 오후 9시
​
슈퍼걸 팝업에는 스페이스 체험존으로 3가지 게임을 할 수 있게 되어있고
사진을 찍을 수 있는 포토존도 잘 되어있었다.
​
영화에 나올 거 같은듯한 슈퍼걸의 방안도 볼 수 있었다.
많은 사람들이 적어놓은 슈퍼걸 응원 글까지
​
첫 번째 게임은 인형 뽑기로 기회는 뽑을 때까지 뽑을 수 있었다.
공안에는 다양한 상품이 들어있었다.
부채, 아이스 텀블러, 캐릭터 키링, 에코백 만들기, 카드 거울이 있었다.
4번인가 5번 만에 뽑아서 에코백 만들기가 당첨되었다.
​
에코백에 넣을 수 있는 디자인은 8개였고
직원분들에게 제일 많이 나가는 걸 물어보고 1번을 하게 되었다.
직원분이 도와주셔서 에코백을 만들 수 있었다.
​
직원분이 세팅을 해주시는 장면
​
두 번째 게임은 핀볼
핀볼로 캐릭터 키링이 나왔다.
텀블러를 원하기는 했지만 그래도 만족스러웠다.
​
세 번째 게임은 떨어지는 막대기 잡기였는데
에코백을 뽑은 상태였어서 체험을 하지 못해서 아쉬웠다..
​
슈퍼 걸 관련 포스터들과 에코백 완성품
​
​
홍대에 가실 일이 생기신다면 기간 내에 방문해 보셔도 좋을 거 같다.
작년 7월에 개봉했던 슈퍼맨에서 잠깐 등장했었던 슈퍼걸과 크립토가
얼마나 재미있게 나올지 너무 기대가 되는 영화이고
기대가 되시는 분들은 한 번씩 이벤트에 참여해 보세요!!!"
주술회전 팝업스토어 방문 후기 홍대AK,https://blog.naver.com/vororong/224306303491,"주술회전인데 안 가볼 수 없지 고고고 주술회전 팝업스토어 기간 2026.05.21 - 2026.06.16 장소 서울 마포구 양화로 188, AK PLAZA 홍대 4층 운영시간 월-금 : 11:00 - 22:00 토,일 : 10:30 - 22:00 공휴일에 갔다 보니 앞에... ",보로롱,https://blog.naver.com/vororong,20260605,마포구 팝업스토어,"안녕하세요!
오늘은 귀주톱 중 주술회전 팝업스토어를 다녀왔습니다.
명실상부 홍대 AK 백화점은 일본에 온 것 같습니다.
​
주술회전인데 안 가볼 수 없지 고고고
주술회전 팝업스토어
​
기간
2026.05.21 - 2026.06.16
​
장소
서울 마포구 양화로 188, AK PLAZA 홍대 4층
​
운영시간
월-금 : 11:00 - 22:00
토,일 : 10:30 - 22:00
공휴일에 갔다 보니 앞에 무려 152팀!
안내는 99분 정도로 됐는데
입장은 1시간 걸렸습니다.
​
꿀팁 드리자면 가자마자 대기!!! 하세요
​
이후
매장 앞에 예쁘게 사진 찍을 수 대형 포토존이 마련되어 있습니다.
캐릭터 실물 크기 등신대가 있으니 필수 포토스팟에서 사진찍으시기 바랍니다.
​
입장후에도 포토존 가득합니다!
​
층마다 있는 가챠 하시고
이치방쿠지 구경하시다 보면 시간 슥슥 지나갑니다!
​
기다리다 바로 들어갔는데요
제가 간 날이 재입고 된다고 해서 갔는데
오픈런을 했어야 하는 건가....
다,,,, 품절됐습니다..
빈손으로 나올 수는 없지,,, 스티커 두 개 구매했습니다.
노트북 같은 곳에 붙이면 딱!
​
고조랑 게토 아크릴 스탠드가 아주 예뻤는데 재입고 되면 다시 노려보시기 바랍니다.
ID 카드는 1인당 최대 5개까지 구매 가능하고 9,000원입니다.
​
이타도리와 고죠 클리어 파일도 어린시절이라 귀욥네요
​
다른 패브릭 포스트랑 오리지널 굿즈들이 빠르게 품절돼서 아쉬울 따름입니다.
살 거 없어도 지나가는 길에 홍대 AK가 있다면 들러보시기 바랍니다.
안에도 조금 꾸며놓았습니다.
고죠 얼굴 가까이서 한 번 더 찰칵
​
콜라보 카페 함 가즈아~
​
득탬해서 조금 아쉽긴 하지만
공지 확인하시고 재입고 되면 가보시기 바랍니다.
감사합니다.
​
​
#주술회전
#주술회전팝업스토어
#홍대주술회전팝업
#AK플라자홍대
#주술회전굿즈
#고죠사토루
#게토스구루
#주술회전팝업웨이팅
#애니굿즈
#내돈내산
주술회전 팝업스토어 by MAPPA X SMG
서울특별시 마포구 양화로 188 AK PLAZA 홍대 4층 LIMITION
​"
