title,link,category,description,telephone,address,roadAddress,mapx,mapy,dong,category_keyword
슈가코인노래연습장 공덕점,http://m.facebook.com/sugarcoin1,오락시설>노래방,,,서울특별시 마포구 공덕동 105-159 지하 1층,서울특별시 마포구 마포대로 180 지하 1층,1269555073,375501823,공덕동,오락실
뮤즈코인노래연습장,,오락시설>노래방,,,서울특별시 마포구 신공덕동 20-18 지하1층,서울특별시 마포구 백범로37길 22 지하1층,1269548139,375440661,공덕동,오락실
클럽스트라이크 <b>볼링장</b>,https://blog.naver.com/strikepub,"스포츠,오락>볼링장",,,서울특별시 마포구 도화동 36 4층 클럽스트라이크 볼링장,서울특별시 마포구 마포대로 52 4층 클럽스트라이크 볼링장,1269476654,375403280,공덕동,볼링장
뉴청룡<b>볼링장</b>,,"스포츠,오락>볼링장",,,서울특별시 용산구 갈월동 98-38 청룡빌딩 지하1층,서울특별시 용산구 한강대로 257 청룡빌딩 지하1층,1269726390,375413560,공덕동,볼링장
타겟볼링,,"스포츠,오락>볼링장",,,서울특별시 서대문구 대현동 101-7 혜우빌딩 지하1층,서울특별시 서대문구 신촌역로 10 혜우빌딩 지하1층,1269430720,375575890,공덕동,볼링장
월드스포츠가인볼링센타 신촌점,https://www.instagram.com/gain_bowling_sinchon,"스포츠,오락>볼링장",,,서울특별시 서대문구 대현동 145 지하2층,서울특별시 서대문구 이화여대1길 10 지하2층,1269447949,375577467,공덕동,볼링장
중앙샌딩,http://bowlingjungang.com/,건설업>건물건설,,,서울특별시 마포구 신수동 62-42,서울특별시 마포구 대흥로11길 9,1269386902,375451071,공덕동,볼링장
룸익스케이프 화이트점,http://ex-cape.com,방탈출카페,,,서울특별시 서대문구 창천동 5-21 2층,서울특별시 서대문구 명물길 66 2층,1269398764,375589378,공덕동,방탈출
룸익스케이프 블랙점,http://ex-cape.com,방탈출카페,,,서울특별시 서대문구 창천동 18-11 3층,서울특별시 서대문구 연세로4길 6 3층,1269373730,375569222,공덕동,방탈출
신촌<b>방탈출</b>ESC,http://roomescape.net/,방탈출카페,,,서울특별시 서대문구 창천동 13-2 준성빌딩,서울특별시 서대문구 명물길 32 준성빌딩,1269384382,375580769,공덕동,방탈출
나의신방,https://나의신방.com/layout/res/home.php?go=main,방탈출카페,,,서울특별시 서대문구 창천동 57-3 3층,서울특별시 서대문구 연세로5가길 8-3 3층,1269361822,375574664,공덕동,방탈출
클레버타운,https://clevertown.co.kr/,방탈출카페,,,서울특별시 서대문구 창천동 31-20 3층,서울특별시 서대문구 연세로 30 3층,1269371072,375582486,공덕동,방탈출
<b>보드게임카페</b> 레드버튼 신촌점,http://www.redbutton.co.kr,"스포츠,오락>보드카페",,,서울특별시 서대문구 창천동 18-31 3층,서울특별시 서대문구 연세로 8 3층,1269371132,375562007,공덕동,보드게임카페
더홀릭<b>보드게임카페</b> 신촌점,https://www.instagram.com/theholic_sc,"스포츠,오락>보드카페",,,"서울특별시 서대문구 창천동 18-55 4, 5층","서울특별시 서대문구 연세로 10-1 4, 5층",1269371419,375565000,공덕동,보드게임카페
히어로<b>보드게임카페</b> 신촌점,https://funhero.co.kr,"스포츠,오락>보드카페",,,서울특별시 서대문구 창천동 31-80 3층,서울특별시 서대문구 명물길 23 3층,1269378832,375581830,공덕동,보드게임카페
데블다이스 <b>보드게임카페</b> 신촌점,http://www.cafedevildice.co.kr,"스포츠,오락>보드카페",,,서울특별시 서대문구 창천동 57-8 계림빌딩 5층,서울특별시 서대문구 연세로5가길 1 계림빌딩 5층,1269361014,375570560,공덕동,보드게임카페
히어로<b>보드게임카페</b> 숙명여대점,https://www.instagram.com/hero_smu,"스포츠,오락>보드카페",,,서울특별시 용산구 청파동3가 111-9 7층,서울특별시 용산구 청파로47길 49 7층,1269675618,375445888,공덕동,보드게임카페
공덕<b>당구장</b>,,"스포츠,오락>당구장",,,서울특별시 마포구 공덕동 256-10 2층,서울특별시 마포구 만리재로 19 2층,1269532518,375447948,공덕동,당구장
제일플러스,,"스포츠,오락>당구장",,,서울특별시 마포구 공덕동 256-13,서울특별시 마포구 만리재로 15,1269527595,375445786,공덕동,당구장
준당구클럽,https://blog.naver.com/adress007,"스포츠,오락>당구장",,,서울특별시 마포구 공덕동 105-238 2층,서울특별시 마포구 마포대로14길 11 2층,1269560078,375486705,공덕동,당구장
제일<b>당구장</b>,,"스포츠,오락>당구장",,,서울특별시 마포구 공덕동 256-30,서울특별시 마포구 만리재옛길 1,1269540344,375448051,공덕동,당구장
BTC 당구클럽,https://blog.naver.com/highrun13,"스포츠,오락>당구장",,,서울특별시 마포구 공덕동 105-163 영지공덕빌딩,서울특별시 마포구 마포대로 180-13 영지공덕빌딩,1269560684,375500800,공덕동,당구장
벌툰 엔틱 신촌직영점,https://www.instagram.com/beoltoon_sinchon,"스포츠,오락>만화방",,,서울특별시 서대문구 창천동 57-3 4층,서울특별시 서대문구 연세로5가길 8-3 4층,1269361877,375574040,공덕동,만화카페
놀숲 이대점,https://blog.naver.com/ewhanolsoop,"스포츠,오락>만화방",,,서울특별시 서대문구 대현동 37-1 이화타워 6층,서울특별시 서대문구 이화여대길 75 이화타워 6층,1269442979,375590799,공덕동,만화카페
캣툰 신촌점,https://www.instagram.com/cattoon_sinchon,오락시설>만화방,,,서울특별시 서대문구 창천동 41-14 지하1층,서울특별시 서대문구 명물길 21 지하1층,1269377527,375579934,공덕동,만화카페
놀숲 프리미엄 신촌점,,"스포츠,오락>만화방",,,서울특별시 서대문구 창천동 57-8 4층,서울특별시 서대문구 연세로5가길 1 4층,1269361073,375570454,공덕동,만화카페
놀숲 숙대입구점,http://www.nolsoop.co.kr/,"스포츠,오락>만화방",,,서울특별시 용산구 청파동2가 71-88 지하1층,서울특별시 용산구 청파로47길 52 지하1층,1269675077,375449403,공덕동,만화카페
자란다 키즈존,https://try.jaranda.kr/njUHdO7Hzib,"키즈카페,실내놀이터",,,서울특별시 마포구 공덕동 254-5 1층,서울특별시 마포구 마포대로 122 1층,1269525692,375453949,공덕동,키즈카페
두뇌놀이터 놀짱,https://www.instagram.com/nolzzang_brainplay,"키즈카페,실내놀이터",,,서울특별시 마포구 신공덕동 155 상가 401호~403호,서울특별시 마포구 백범로37길 16 상가 401호~403호,1269548670,375435828,공덕동,키즈카페
Pantry11,http://pantry11.blog.me/,학원 등 교습시설>요리교육,,,서울특별시 마포구 신공덕동 159 신공덕래미안2차 아파트 상가 2동 224호,서울특별시 마포구 만리재로 74 신공덕래미안2차 아파트 상가 2동 224호,1269572683,375463978,공덕동,키즈카페
스크라이크팡,,스포츠시설>스크린야구장,,,서울특별시 서대문구 창천동 57-8,서울특별시 서대문구 연세로5가길 1,1269361014,375570560,공덕동,스크린야구
토토노래연습장,,"스포츠,오락>노래방",,,서울특별시 마포구 공덕동 256-30,서울특별시 마포구 만리재로 23,1269537330,375446230,공덕동,노래방
믹스믹스 소주호프 노래타운,,술집>요리주점,,,서울특별시 마포구 공덕동 256-13 제일빌딩 지하1층,서울특별시 마포구 만리재로 15 제일빌딩 지하1층,1269526844,375446541,공덕동,노래방
부르리노래로,,"스포츠,오락>노래방",,,서울특별시 마포구 공덕동 256-13 제일빌딩 1층,서울특별시 마포구 만리재로 15 제일빌딩 1층,1269527660,375445767,공덕동,노래방
썬쿠르즈<b>노래방</b>,,"스포츠,오락>노래방",,,서울특별시 마포구 공덕동 256-10,서울특별시 마포구 만리재로 19,1269533812,375448141,공덕동,노래방
레벨업 피시방,,"스포츠,오락>PC방",,,서울특별시 마포구 공덕동 105-228,서울특별시 마포구 마포대로14길 21,1269569888,375484026,공덕동,PC방
PNN,http://www.ipnn.co.kr/,"협회,단체>뉴스,미디어",,,서울특별시 마포구 공덕동 256-13 제일빌딩 704호,서울특별시 마포구 만리재로 15 제일빌딩 704호,1269527660,375445767,공덕동,PC방
24시사우나 네이버한방스파,http://cafe.naver.com/naverspa,"생활,편의>목욕,찜질",,,서울특별시 마포구 염리동 174-14 지하 1층,서울특별시 마포구 큰우물로 53 지하 1층,1269446458,375422664,공덕동,찜질방
에브리온,,"생활,편의>찜질방",,,서울특별시 용산구 용문동 38-258,서울특별시 용산구 효창원로25다길 38,1269573809,375379867,공덕동,찜질방
토정24시사우나<b>찜질방</b>,http://tojeongsauna.kr/,"생활,편의>목욕,찜질",,,서울특별시 마포구 용강동 122-16 지하1층,서울특별시 마포구 토정로32길 4 지하1층,1269412841,375410588,공덕동,찜질방
용문항토보석사우나,,"생활,편의>찜질방",,,서울특별시 용산구 용문동 38-214,서울특별시 용산구 효창원로37길 29,1269588940,375381829,공덕동,찜질방
건강마을 대흥점,https://blog.naver.com/lifeplan30,"생활,편의>찜질방",,,서울특별시 마포구 대흥동 303 2층,서울특별시 마포구 대흥로 82 2층,1269416434,375472978,공덕동,찜질방
CGV 신촌아트레온,https://cgv.co.kr/cnm/bzplcCgv/0150001,"문화,예술>영화관",,,서울특별시 서대문구 창천동 20-25,서울특별시 서대문구 신촌로 129,1269403023,375566022,공덕동,클라이밍
신촌담장,https://blog.naver.com/damjang_/224136346506,"스포츠,오락>암벽등반",,,서울특별시 서대문구 대현동 101-7 5층,서울특별시 서대문구 신촌역로 10 5층,1269431221,375576736,공덕동,클라이밍
PEAKERS <b>클라이밍</b> 신촌,https://www.instagram.com/peakers_sinchon,"스포츠,오락>암벽등반",,,서울특별시 서대문구 창천동 20-25 아트레온 11층,서울특별시 서대문구 신촌로 129 아트레온 11층,1269403064,375565738,공덕동,클라이밍
SUMMIT<b>클라이밍</b>센터,,"스포츠,오락>암벽등반",,,서울특별시 마포구 노고산동 4-22 1층,서울특별시 마포구 신촌로24안길 14 1층,1269421356,375555203,공덕동,클라이밍
비파티세리 공덕점,http://www.instagram.com/bpatisserie_seoul,"카페,디저트>베이커리",,,서울특별시 마포구 공덕동 105-67 1층,서울특별시 마포구 마포대로14길 4 1층,1269551043,375487011,공덕동,카페
아이엠베이글 공덕점,https://smartstore.naver.com/iambagel,브런치카페,,,서울특별시 마포구 공덕동 476 101동 1층,서울특별시 마포구 백범로 152 101동 1층,1269482171,375446928,공덕동,카페
스타벅스 공덕점,http://www.starbucks.co.kr/,"카페,디저트>카페",,,서울특별시 마포구 공덕동 254-8,서울특별시 마포구 마포대로 130 (공덕동),1269529560,375459130,공덕동,카페
파네트,,"카페,디저트>베이커리",,,서울특별시 마포구 공덕동 232-9 1층,서울특별시 마포구 마포대로11길 17 1층,1269531978,375488291,공덕동,카페
파리바게트 공덕역사점,,"카페,디저트>베이커리",,,서울특별시 마포구 공덕동 439 공덕역사 내 1023호,서울특별시 마포구 백범로 200 공덕역사 내 1023호,1269519475,375435269,공덕동,카페
버거킹 공덕역점,,양식>햄버거,,,서울특별시 마포구 공덕동 252-5 태영빌딩,서울특별시 마포구 마포대로 144 태영빌딩,1269537182,375471190,공덕동,맛집
진대감 마포점,https://gorillafnd.co.kr/,"육류,고기요리>소고기구이",,,서울특별시 마포구 공덕동 249-62 1층,서울특별시 마포구 마포대로12길 54 1층,1269544398,375466313,공덕동,맛집
봉평옹심이메밀칼국수,https://catchtable.co.kr/bongpyeongongsimimemilkalgugsu,"한식>칼국수,만두",,,서울특별시 마포구 공덕동 242-90 1층 봉평옹심이메밀칼국수,서울특별시 마포구 만리재옛길 19 1층 봉평옹심이메밀칼국수,1269552378,375459556,공덕동,맛집
육회어때 공덕점,https://blog.naver.com/howaboutyukhoe,술집>요리주점,,,서울특별시 마포구 공덕동 242-31 1층,서울특별시 마포구 마포대로12길 24 1층,1269547635,375479020,공덕동,술집
오롯로바타,https://www.instagram.com/oroat_robata,술집>이자카야,,,"서울특별시 마포구 공덕동 476 공덕파크자이 202동 1층 5,6호","서울특별시 마포구 백범로 152 공덕파크자이 202동 1층 5,6호",1269465758,375455967,공덕동,술집
락희옥 마포본점,https://blog.naver.com/lakheeoak_kr,음식점>한식,,,서울특별시 마포구 공덕동 478 공덕더샵아파트 101동 1층 1호,서울특별시 마포구 백범로 170 공덕더샵아파트 101동 1층 1호,1269494971,375443604,공덕동,술집
해물기와,https://www.instagram.com/haemoolgiwa,"한식>해물,생선요리",,,서울특별시 마포구 공덕동 242-34 1층 해물기와,서울특별시 마포구 마포대로12길 26 1층 해물기와,1269546713,375478303,공덕동,술집
사랑과평화,https://www.instagram.com/love.peace_4us,한식>생선회,,,서울특별시 마포구 공덕동 476 102동 1층 사랑과 평화,서울특별시 마포구 백범로 152 102동 1층 사랑과 평화,1269475982,375449040,공덕동,술집
이화코노,,오락시설>노래방,,,서울특별시 서대문구 대현동 37-1 이화타워 2층,서울특별시 서대문구 이화여대길 75 이화타워 2층,1269443608,375590965,아현동,오락실
리코스타코인노래연습장 이대점,,오락시설>노래방,,,서울특별시 서대문구 대현동 27-33 지하2층,서울특별시 서대문구 신촌역로 22-8 지하2층,1269433439,375588460,아현동,오락실
와다다<b>오락실</b>,https://www.instagram.com/wadada_arcade/,"스포츠,오락>오락실",,,서울특별시 서대문구 창천동 5-50 1층,서울특별시 서대문구 명물길 40 1층,1269388550,375584177,아현동,오락실
세븐틴코인노래연습장 마포점,,오락시설>노래방,,,서울특별시 마포구 도화동 250-1 에벤에셀 지하1층,서울특별시 마포구 도화길 10 에벤에셀 지하1층,1269473925,375398665,아현동,오락실
크로바<b>볼링장</b>,,"스포츠,오락>볼링장",,,서울특별시 서대문구 대신동 125-12,서울특별시 서대문구 봉원사2길 6,1269467390,375676125,아현동,볼링장
<b>보드게임카페</b> 레드버튼 숙명여대점,https://redbutton.co.kr/,"스포츠,오락>보드카페",,,서울특별시 용산구 청파동3가 29-14 4층,서울특별시 용산구 청파로45길 19 4층,1269693870,375442769,아현동,보드게임카페
홈즈앤루팡 <b>보드게임카페</b> 이대점,http://holmeslupin.co.kr/,"스포츠,오락>보드카페",,,서울특별시 서대문구 대현동 56-122 지하 1층 2층,서울특별시 서대문구 이화여대길 53 지하 1층 2층,1269454684,375590856,아현동,보드게임카페
커티스,,"음식점>카페,디저트",,,서울특별시 용산구 청파동3가 105-30 1층,서울특별시 용산구 청파로43다길 9 1층,1269693619,375432356,아현동,보드게임카페
신촌 파티룸 오아시스,,"서비스,산업>장소대여",,,서울특별시 서대문구 대현동 34-50 지층,서울특별시 서대문구 이화여대길 88-16 지층,1269442762,375594475,아현동,보드게임카페
라팔<b>당구장</b>,,"스포츠,오락>당구장",,,서울특별시 마포구 아현동 437-3 지층 2-1호,서울특별시 마포구 마포대로 196 지층 2-1호,1269561973,375513508,아현동,당구장
벌툰 몽유도원 이대점,,"스포츠,오락>만화방",,,서울특별시 서대문구 대현동 56-2 4층,서울특별시 서대문구 이화여대길 59 4층,1269451747,375589854,아현동,만화카페
문화<b>카페</b>산장,https://www.instagram.com/cafe_cabin,오락시설>만화방,,,"서울특별시 용산구 갈월동 93-25 2,3층","서울특별시 용산구 한강대로81길 22 2,3층",1269715269,375425704,아현동,만화카페
벌툰 파리지앵 마포점,,"스포츠,오락>만화방",,,서울특별시 마포구 도화동 36 고려아카데미텔2 3층,서울특별시 마포구 마포대로 52 고려아카데미텔2 3층,1269476643,375403379,아현동,만화카페
허니마운틴 마포공덕점,https://www.instagram.com/honey.mountain_mapo,"키즈카페,실내놀이터",,,서울특별시 마포구 아현동 733 효성인텔리안 지하 106호,서울특별시 마포구 마포대로 208 효성인텔리안 지하 106호,1269568540,375524901,아현동,키즈카페
애플<b>노래방</b>,,"스포츠,오락>노래방",,,서울특별시 마포구 아현동 604-2,서울특별시 마포구 마포대로 214,1269571800,375528559,아현동,노래방
레드포스PC아레나 신촌점,,"스포츠,오락>PC방",,,서울특별시 서대문구 창천동 20-26 지하1층,서울특별시 서대문구 신촌로 127 지하1층,1269399802,375564875,아현동,PC방
옵티멈존PC카페 공덕점,https://ozpccafe.com/,"스포츠,오락>PC방",,,"서울특별시 마포구 도화동 571 지하1층 (, 나눔빌딩)","서울특별시 마포구 도화길 43 지하1층 (도화동, 나눔빌딩)",1269503212,375416821,아현동,PC방
타워PC카페,https://blog.naver.com/ozpccafe,"스포츠,오락>PC방",,,서울특별시 서대문구 충정로3가 464 1층 타워PC카페,서울특별시 서대문구 서소문로 21 1층 타워PC카페,1269640448,375597836,아현동,PC방
제노<b>pc방</b>,,"스포츠,오락>PC방",,,서울특별시 용산구 갈월동 98-1,서울특별시 용산구 한강대로77길 11,1269720707,375417845,아현동,PC방
스타벅스 애오개역점,http://www.starbucks.co.kr/,"카페,디저트>카페",,,서울특별시 마포구 아현동 738 마포트라팰리스II (),서울특별시 마포구 마포대로 201 마포트라팰리스II (아현동),1269556666,375521195,아현동,카페
스타벅스 마포경찰서후문점,http://www.starbucks.co.kr/,"카페,디저트>카페",,,서울특별시 마포구 아현동 618-19,서울특별시 마포구 마포대로 173-14 (아현동),1269534320,375508000,아현동,카페
타호커피 아현점,https://www.instagram.com/tahoecoffee_official,"음식점>카페,디저트",,,서울특별시 마포구 아현동 330-6 1층,서울특별시 마포구 신촌로 260-1 1층,1269546477,375571316,아현동,카페
파리바게뜨 애오개점,https://www.paris.co.kr/,"카페,디저트>베이커리",,,서울특별시 마포구 아현동 787 1층,서울특별시 마포구 마포대로 183-28 (아현동) 1층,1269538748,375514594,아현동,카페
메가MGC커피 애오개점,,"카페,디저트>카페",,,서울특별시 마포구 아현동 777,서울특별시 마포구 마포대로 195,1269535133,375516148,아현동,카페
황금콩밭,https://app.catchtable.co.kr/ct/shop/goldcong?from=share&type=VISIT_RESERVATION,한식>두부요리,,,서울특별시 마포구 아현동 424-11,서울특별시 마포구 마포대로16길 9,1269567133,375509597,아현동,맛집
오공김밥 애오개점,https://www.instagram.com/50gimbab,음식점>분식,,,서울특별시 마포구 아현동 777 마포레미안 푸르지오상가4동 101호,서울특별시 마포구 마포대로 195 마포레미안 푸르지오상가4동 101호,1269532665,375511956,아현동,맛집
곱창파는고깃집 공덕본점,https://app.catchtable.co.kr/ct/shop/gpg201709?from=share&type=WAITING,"한식>육류,고기요리",,,서울특별시 마포구 아현동 618-19 마포센텀슬로우스퀘어 401호,서울특별시 마포구 마포대로 173-14 마포센텀슬로우스퀘어 401호,1269536224,375510075,아현동,맛집
늘푸른식당,,술집>요리주점,,,서울특별시 마포구 아현동 327-1 1층 늘푸른식당,서울특별시 마포구 굴레방로9길 3 1층 늘푸른식당,1269555238,375568894,아현동,술집
오또꼬,,술집>이자카야,,,서울특별시 마포구 아현동 437-3,서울특별시 마포구 마포대로 196,1269561961,375513462,아현동,술집
요행,http://www.facebook.com/vinolargo.m.p,술집>요리주점,,,서울특별시 마포구 아현동 330-13 지하 1층,서울특별시 마포구 굴레방로9길 8 지하 1층,1269552913,375569191,아현동,술집
은진이네,http://coconutz.kr/8423,술집>포장마차,,,서울특별시 마포구 아현동 437-3 1층 106호,서울특별시 마포구 마포대로 196 1층 106호,1269561973,375513508,아현동,술집
경이네회포차,,술집>포장마차,,,서울특별시 마포구 아현동 346-44,서울특별시 마포구 굴레방로9길 44,1269531620,375567678,아현동,술집
지코인 코인노래방 &amp; 포톤네컷 마포공덕점,,오락시설>노래방,,,서울특별시 마포구 도화동 179-6 3층,서울특별시 마포구 도화길 29-1 3층,1269492298,375409561,도화동,오락실
럭키캐치 공덕역점,,"스포츠,오락>오락실",,,서울특별시 마포구 도화동 25-5 1층,서울특별시 마포구 새창로 15-1 1층,1269518112,375422176,도화동,오락실
코노혜자노래방,,오락시설>노래방,,,서울특별시 마포구 도화동 203-2 지하1층,서울특별시 마포구 삼개로 15-10 지하1층,1269479059,375390384,도화동,오락실
버블팝 마포공덕점,,"스포츠,오락>오락실",,,서울특별시 마포구 도화동 571,서울특별시 마포구 도화길 43 나눔빌딩,1269503824,375417113,도화동,오락실
비트포비아 아이파크몰점,,방탈출카페,,,서울특별시 용산구 한강로3가 40-999,서울특별시 용산구 한강대로23길 55,1269647415,375297718,도화동,방탈출
미션브레이크 용산,https://m.cgv.co.kr/WebApp/SpecialV4/PlayZoneDetail.aspx?idx=19,방탈출카페,,,서울특별시 용산구 한강로3가 40-999 아이파크몰 7층,서울특별시 용산구 한강대로23길 55 아이파크몰 7층,1269647415,375297718,도화동,방탈출
<b>보드게임카페</b> 레드버튼 마포점,https://www.instagram.com/redbutton_mapo?igsh=cXg3dnI0aTc4NzI1,"스포츠,오락>보드카페",,,서울특별시 마포구 도화동 201-39 3층,서울특별시 마포구 삼개로 11 3층,1269477437,375393720,도화동,보드게임카페
아수라발발타,,"스포츠,오락>보드카페",,,서울특별시 마포구 도화동 290-10,서울특별시 마포구 마포대로4나길 7,1269464556,375385778,도화동,보드게임카페
밸류<b>보드</b><b>카페</b>,,"스포츠,오락>보드카페",,,서울특별시 마포구 도화동 1-12 보광빌딩 4층,서울특별시 마포구 새창로 40 보광빌딩 4층,1269540485,375412477,도화동,보드게임카페
마포당구클럽,https://www.instagram.com/billiard_mapo?igsh=NDVpcm5qOXhqbmJ6&utm_source=qr,"스포츠,오락>당구장",,,서울특별시 마포구 도화동 173 삼창빌딩 지하2층,서울특별시 마포구 마포대로 63-8 삼창빌딩 지하2층,1269478646,375421987,도화동,당구장
허슬러2000,,"스포츠,오락>당구장",,,서울특별시 마포구 도화동 51-1,서울특별시 마포구 마포대로 49,1269468415,375408105,도화동,당구장
삼성<b>당구장</b>,,"스포츠,오락>당구장",,,서울특별시 마포구 도화동 550 삼성프라자 지하 1층,서울특별시 마포구 도화길 32 삼성프라자 지하 1층,1269494885,375408691,도화동,당구장
비어&amp;<b>당구장</b>,http://www.instagram.com/mapo_beerdangu,"스포츠,오락>당구장",,,서울특별시 마포구 마포동 136-1 지하 101호,서울특별시 마포구 마포대로 12 지하 101호,1269444248,375378481,도화동,당구장
서울형<b>키즈카페</b> <b>마포구도화동</b>점,https://umppa.seoul.go.kr/icare/indexP.do,"키즈카페,실내놀이터",,,서울특별시 마포구 도화동 357-8 건물 1층,서울특별시 마포구 도화4길 53 건물 1층,1269519130,375395290,도화동,키즈카페
영희<b>노래방</b>,,"스포츠,오락>노래방",,,서울특별시 마포구 도화동 182-7,서울특별시 마포구 도화길 42-1,1269504600,375415550,도화동,노래방
고래고래<b>노래방</b>,,"스포츠,오락>노래방",,,서울특별시 마포구 도화동 183-13,서울특별시 마포구 새창로 14,1269515740,375420510,도화동,노래방
비젼노래연습장,,"스포츠,오락>노래방",,,서울특별시 마포구 도화동 182-9 지층,서울특별시 마포구 도화길 44 지층,1269505618,375416219,도화동,노래방
친구야노래하자,,"스포츠,오락>노래방",,,서울특별시 마포구 도화동 6-51,서울특별시 마포구 도화길 26,1269488973,375404753,도화동,노래방
레벨업 PC CAFE,,"스포츠,오락>PC방",,,서울특별시 마포구 도화동 541 지하1층,서울특별시 마포구 마포대로 38 지하1층,1269466621,375394269,도화동,PC방
메가아이스테이션 마포점,,"스포츠,오락>PC방",,,서울특별시 마포구 마포동 192,서울특별시 마포구 마포대로4나길 12,1269461478,375384754,도화동,PC방
사트너아이티,http://www.superpbang.kr/,"컴퓨터프로그래밍,정보서비스업>인터넷솔루션",,,서울특별시 마포구 마포동 35-1 2층 201호,서울특별시 마포구 마포대로 15 2층 201호,1269439726,375386551,도화동,PC방
아이지인터내셔널,http://www.pcbangclub.co.kr/,"쇼핑,유통>컴퓨터,모니터",,,서울특별시 마포구 도화동 353,서울특별시 마포구 도화4길 73,1269516006,375391457,도화동,PC방
친정숲 불한증막,,"생활,편의>목욕탕,사우나",,,서울특별시 마포구 창전동 437 삼성프라자 상가동 지하 1층,서울특별시 마포구 서강로 97 삼성프라자 상가동 지하 1층,1269323556,375519368,도화동,찜질방
프릳츠 도화점,http://www.fritz.co.kr/,"음식점>카페,디저트",,,서울특별시 마포구 도화동 179-9,서울특별시 마포구 새창로2길 17,1269490444,375410245,도화동,카페
스타벅스 마포일진빌딩점,http://www.starbucks.co.kr/,"카페,디저트>카페",,,서울특별시 마포구 도화동 50-1 일진빌딩 1층 (),서울특별시 마포구 마포대로 45 일진빌딩 1층 (도화동),1269463468,375403049,도화동,카페
뚜레쥬르 공덕해링턴점,https://www.tlj.co.kr,"카페,디저트>베이커리",,,서울특별시 마포구 도화동 25-66,,1269520269,375426934,도화동,카페
스타벅스 공덕오거리점,http://www.starbucks.co.kr/,"카페,디저트>카페",,,서울특별시 마포구 도화동 22 창강빌딩,서울특별시 마포구 마포대로 86 (도화동) 창강빌딩,1269506397,375428000,도화동,카페
빽다방 마포복사꽃공원점,http://www.theborn.co.kr/tb/brand_no12.asp,"카페,디저트>테이크아웃커피",,,서울특별시 마포구 도화동 290-15,서울특별시 마포구 마포대로4길 16,1269464544,375387781,도화동,카페
곱 마포직영점,https://www.instagram.com/gop.mapo/,"한식>곱창,막창,양",,,서울특별시 마포구 도화동 179-11,서울특별시 마포구 도화길 31-1,1269493851,375410047,도화동,맛집
도화곱창,http://www.instagram.com/DohwaGopchang,"한식>곱창,막창,양",,,서울특별시 마포구 도화동 179-7 1층,서울특별시 마포구 새창로2길 13 1층,1269494134,375413816,도화동,맛집
프리미엄 규카츠 규도 마포공덕 본점,https://www.instagram.com/g.y.u.d.o,음식점>한식,,,서울특별시 마포구 도화동 555 오벨리스크 APT 상가 지하1층 138호,서울특별시 마포구 마포대로 33 오벨리스크 APT 상가 지하1층 138호,1269454561,375399130,도화동,맛집
맥도날드 공덕점,https://www.mcdonalds.co.kr/,양식>햄버거,,,서울특별시 마포구 도화동 559 마포트라팰리스 1층,서울특별시 마포구 마포대로 55-1 마포트라팰리스 1층,1269470909,375410909,도화동,맛집
우월소곱창 마포직영점,http://pf.kakao.com/_uWUaG,"한식>곱창,막창,양",,,"서울특별시 마포구 도화동 556 1층 111, 112, 113호","서울특별시 마포구 마포대로 73 1층 111, 112, 113호",1269489664,375422382,도화동,술집
삼덕통닭 마포점,https://www.instagram.com/samduck_official/,"음식점>치킨,닭강정",,,"서울특별시 마포구 도화동 559 1층 110, 111호","서울특별시 마포구 마포대로 53 1층 110, 111호",1269475618,375414263,도화동,술집
김막회,https://app.catchtable.co.kr/ct/shop/kimmakhoei,한식>생선회,,,서울특별시 마포구 도화동 336-2 1층,서울특별시 마포구 도화길 20-1 1층,1269483427,375403095,도화동,술집
옥된장 공덕점,https://www.instagram.com/okdj_top,음식점>한식,,,서울특별시 마포구 도화동 25-13 효성해링턴스퀘어 B동 1층 16호,서울특별시 마포구 마포대로 92 효성해링턴스퀘어 B동 1층 16호,1269523628,375424229,도화동,술집
이춘복참치 공덕점,http://lcbtuna.co.kr/,"음식점>한식>해물,생선요리>생선회",,,서울특별시 마포구 도화동 25-13 B동 2층 1호 효성해링턴 스퀘어,서울특별시 마포구 마포대로 92 B동 2층 1호 효성해링턴 스퀘어,1269520650,375426112,도화동,술집
지코인 코인노래방 서강대점,,오락시설>노래방,,,서울특별시 마포구 신수동 81-59 3층 지코인노래연습장,서울특별시 마포구 서강로16길 69 3층 지코인노래연습장,1269372114,375514071,신수동,오락실
서강코인노래연습장,,오락시설>노래방,,,서울특별시 마포구 신수동 22-22,서울특별시 마포구 백범로 74,1269398565,375486248,신수동,오락실
엑스이스케이프 홍대놀이터점,https://xescape.com,방탈출카페,,,서울특별시 마포구 서교동 358-123 홍대프라자 3층 엑스이스케이프 홍대놀이터점,서울특별시 마포구 와우산로21길 20-5 홍대프라자 3층 엑스이스케이프 홍대놀이터점,1269227186,375526480,신수동,방탈출
둥지닭볶음탕 홍대점,http://instagram.com/dungdark_1025,음식점>한식,,,서울특별시 마포구 서교동 332-8 둥지닭볶음탕 홍대점,서울특별시 마포구 와우산로29마길 16 둥지닭볶음탕 홍대점,1269264934,375554944,신수동,방탈출
브레이크아웃이스케이프,https://hongdae.breakoutescapegame.com/ko/,방탈출카페,,,서울특별시 마포구 서교동 338-48 3층~4층,서울특별시 마포구 와우산로 102 3층~4층,1269248594,375529296,신수동,방탈출
큐브이스케이프 홍대점,http://www.cubeescape.co.kr/,방탈출카페,,,서울특별시 마포구 서교동 355-15 무광빌딩 4층,서울특별시 마포구 양화로16길 15 무광빌딩 4층,1269206197,375534368,신수동,방탈출
키이스케이프 홍대,https://hongdae-keyescape.vercel.app/,방탈출카페,,,서울특별시 마포구 서교동 408-27 라꼼마빌딩 지하1층,서울특별시 마포구 어울마당로 44-1 라꼼마빌딩 지하1층,1269209115,375489507,신수동,방탈출
카툰플러스 만화<b>카페</b>,https://noti.tabling.co.kr/link/details?restaurant_idx=12125,오락시설>만화방,,,서울특별시 마포구 서교동 357-5 B1 극장 전층,서울특별시 마포구 양화로16길 29 B1 극장 전층,1269211864,375531991,신수동,보드게임카페
홈즈앤루팡 <b>보드게임카페</b> 홍대점,http://holmeslupin.co.kr/bbs/content.php?co_id=main,"스포츠,오락>보드카페",,,서울특별시 마포구 서교동 356-3 5층,서울특별시 마포구 홍익로3길 8 5층,1269221472,375541760,신수동,보드게임카페
<b>보드게임카페</b> 더조커 홍대점,https://blog.naver.com/wnsgur6314/224257737807,"스포츠,오락>보드카페",,,서울특별시 마포구 서교동 366-24 2층 보드게임카페 더조커 홍대점,서울특별시 마포구 잔다리로2길 19 2층 보드게임카페 더조커 홍대점,1269209710,375517301,신수동,보드게임카페
더홀릭<b>보드게임카페</b> 홍대점,https://www.instagram.com/theholic.boardgame/,"스포츠,오락>보드카페",,,서울특별시 마포구 서교동 364-26 4층,서울특별시 마포구 와우산로21길 31 4층,1269221246,375522078,신수동,보드게임카페
마루당구클럽,,"스포츠,오락>당구장",,,"서울특별시 마포구 신수동 47-17 4층(, 우리빌딩)","서울특별시 마포구 독막로 230 4층(신수동, 우리빌딩)",1269390128,375469667,신수동,당구장
서강<b>당구장</b>,,"스포츠,오락>당구장",,,서울특별시 마포구 신수동 63-8 지층,서울특별시 마포구 백범로 29 지층,1269377226,375521189,신수동,당구장
성화,,"스포츠,오락>당구장",,,서울특별시 마포구 구수동 68-24 2층,서울특별시 마포구 토정로 190 2층,1269320306,375452668,신수동,당구장
카툰플러스 <b>만화카페</b>,https://noti.tabling.co.kr/link/details?restaurant_idx=12125,오락시설>만화방,,,서울특별시 마포구 서교동 357-5 B1 극장 전층,서울특별시 마포구 양화로16길 29 B1 극장 전층,1269211864,375531991,신수동,만화카페
놀숲 프리미엄 홍대점,https://www.instagram.com/nolsoop_hongdae,"스포츠,오락>만화방",,,서울특별시 마포구 서교동 364-26 A동 2층,서울특별시 마포구 와우산로21길 31 A동 2층,1269221246,375522078,신수동,만화카페
아키바코믹스,https://x.com/akibacomics1110?s=21,오락시설>만화방,,,서울특별시 마포구 서교동 343-11 1층,서울특별시 마포구 와우산로23길 8 1층,1269246705,375534271,신수동,만화카페
피넛키즈룸,https://www.instagram.com/peanut_kidsroom,"키즈카페,실내놀이터",,,서울특별시 마포구 신수동 35-8 4층,서울특별시 마포구 백범로10길 26 4층,1269397607,375482359,신수동,키즈카페
거인의정원,https://www.instagram.com/gt__garden,"키즈카페,실내놀이터",,,서울특별시 마포구 현석동 1-9 E동 1층,서울특별시 마포구 토정로 206 E동 1층,1269336213,375449812,신수동,키즈카페
더블플레이치킨 홍대2호점,https://www.instagram.com/doubleplay_chicken/,"음식점>치킨,닭강정",,,서울특별시 마포구 동교동 201-6 지하1층,서울특별시 마포구 동교로 187 지하1층,1269219844,375572033,신수동,스크린야구
스트라이크존 홍대역구장,https://map.naver.com/local/siteview.nhn?code=874431932,스포츠시설>스크린야구장,,,서울특별시 마포구 서교동 344-6 지하1층,서울특별시 마포구 와우산로23길 9 지하1층,1269244962,375533231,신수동,스크린야구
지코인 코인<b>노래방</b> 서강대점,,오락시설>노래방,,,서울특별시 마포구 신수동 81-59 3층 지코인노래연습장,서울특별시 마포구 서강로16길 69 3층 지코인노래연습장,1269372114,375514071,신수동,노래방
가야노래타운,,"스포츠,오락>노래방",,,서울특별시 마포구 구수동 57-3 지하,서울특별시 마포구 창전로 38 지하,1269321818,375457591,신수동,노래방
팡팡노래연습장,,"스포츠,오락>노래방",,,서울특별시 마포구 신수동 181-2,서울특별시 마포구 독막로 210,1269369656,375471347,신수동,노래방
썸데이<b>노래방</b>,,"스포츠,오락>노래방",,,서울특별시 마포구 구수동 68-24,서울특별시 마포구 토정로 190,1269320430,375452640,신수동,노래방
레드포스PC아레나 서강대점,,"스포츠,오락>PC방",,,서울특별시 마포구 신수동 81-136 1층,서울특별시 마포구 백범로 28 1층,1269369859,375520574,신수동,PC방
코지PC카페,,"스포츠,오락>PC방",,,서울특별시 마포구 신수동 81-59 지하1층,서울특별시 마포구 서강로16길 69 지하1층,1269372031,375513622,신수동,PC방
홍대24시불가마사우나,https://www.instagram.com/hongdae_sauna24,"생활,편의>찜질방",,,서울특별시 서대문구 창천동 510-2 쓰리알유시티 상가 B2층,서울특별시 서대문구 신촌로 1 쓰리알유시티 상가 B2층,1269273700,375588454,신수동,찜질방
24시남성사우나,,"생활,편의>목욕,찜질",,,서울특별시 마포구 서교동 355-15 지하1층 101호,서울특별시 마포구 양화로16길 15 지하1층 101호,1269205782,375535033,신수동,찜질방
더클라임 <b>클라이밍</b> 연남점,http://theclimb.co.kr/,"스포츠,오락>암벽등반",,,서울특별시 마포구 동교동 167-2 3층,서울특별시 마포구 양화로 186 3층,1269258931,375576685,신수동,클라이밍
포닐,https://www.instagram.com/fournil_seoul,"카페,디저트>베이커리",,,서울특별시 마포구 신수동 93-211 C동 1층,서울특별시 마포구 광성로 41-3 C동 1층,1269374655,375500414,신수동,카페
스타벅스 서강대점,http://www.starbucks.co.kr/,"카페,디저트>카페",,,서울특별시 마포구 신수동 63-14,서울특별시 마포구 백범로 23 (신수동),1269378262,375524584,신수동,카페
파리바게뜨 광흥창역점,https://www.paris.co.kr/,"카페,디저트>베이커리",,,서울특별시 마포구 구수동 55 6호선 광흥창역 4번출구 뒤쪽 20M,서울특별시 마포구 독막로 172 6호선 광흥창역 4번출구 뒤쪽 20M,1269327801,375471731,신수동,카페
비로소커피,https://smartstore.naver.com/birosocompany,"음식점>카페,디저트",,,서울특별시 마포구 신수동 85-19,서울특별시 마포구 광성로6길 42,1269392308,375481361,신수동,카페
파리바게뜨 서강신수점,https://www.paris.co.kr/,"카페,디저트>베이커리",,,서울특별시 마포구 신수동 88-56 서강대학교 정문 건너편,서울특별시 마포구 광성로 44 서강대학교 정문 건너편,1269378772,375495631,신수동,카페
김숙성 대흥본점,https://catchtable.co.kr/withyou21_2,한식>돼지고기구이,,,서울특별시 마포구 신수동 85-3 1층,서울특별시 마포구 광성로6길 14 1층,1269383674,375492017,신수동,맛집
핵밥 서강대점,https://www.hecbob.com/,음식점>일식>덮밥,,,서울특별시 마포구 신수동 81-54 1층,서울특별시 마포구 백범로 30 1층,1269372492,375519139,신수동,맛집
우이락 서강대점,https://www.instagram.com/wooyirak,음식점>한식,,,서울특별시 마포구 신수동 91-567 지하1층,서울특별시 마포구 광성로 36 지하1층,1269369643,375496991,신수동,맛집
리정원 대흥점,,"한식>육류,고기요리",,,서울특별시 마포구 신수동 36-3 1층,서울특별시 마포구 백범로10길 30 1층,1269399314,375480965,신수동,맛집
물고기집,https://www.instagram.com/fishhouse0407,술집>이자카야,,,서울특별시 마포구 신수동 35-8 1층,서울특별시 마포구 백범로10길 26 1층,1269397607,375482359,신수동,술집
철길부산집 서강대점,https://www.instagram.com/busan_jib,술집>요리주점,,,서울특별시 마포구 신수동 85-15,서울특별시 마포구 광성로6길 34,1269390058,375483752,신수동,술집
하숙바,http://www.instagram.com/hasook_bar,술집>바(BAR),,,서울특별시 마포구 신수동 81-64,서울특별시 마포구 백범로 40-2,1269375162,375510284,신수동,술집
투다리 신수점,https://www.instagram.com/tudari_sinsu,"술집>오뎅,꼬치",,,서울특별시 마포구 신수동 93-214 1층,서울특별시 마포구 광성로 37 1층,1269373853,375499342,신수동,술집
악쓰는하마코인노래연습장 신촌점,,오락시설>노래방,,,"서울특별시 서대문구 창천동 31-45 2층, 3층, 4층","서울특별시 서대문구 연세로 19 2층, 3층, 4층",1269367329,375574335,대흥동,오락실
어썸코인노래연습장 신촌3호점,https://blog.naver.com/awesomecoin,오락시설>노래방,,,서울특별시 서대문구 창천동 52-49 지하 1층,서울특별시 서대문구 연세로7안길 1 지하 1층,1269362516,375577788,대흥동,오락실
어썸코인노래연습장 신촌2호점,https://blog.naver.com/awesomecoin,오락시설>노래방,,,서울특별시 서대문구 창천동 33-20 혜인빌딩 지하1층,서울특별시 서대문구 연세로 29 혜인빌딩 지하1층,1269367761,375582084,대흥동,오락실
스카이락<b>볼링장</b>,,"스포츠,오락>볼링장",,,서울특별시 서대문구 창천동 72-12 테라운드빌딩 8층,서울특별시 서대문구 신촌로 73 테라운드빌딩 8층,1269345270,375563075,대흥동,볼링장
비트포비아 홍대던전3,http://www.xdungeon.net,방탈출카페,,,서울특별시 마포구 서교동 336-1 3층,서울특별시 마포구 와우산로29길 21 3층,1269285773,375549254,대흥동,방탈출
룸익스케이프 올리브점,http://ex-cape.com,방탈출카페,,,서울특별시 서대문구 창천동 52-46 지하 1층,서울특별시 서대문구 연세로9길 25 지하 1층,1269354227,375584618,대흥동,방탈출
홈즈앤루팡 <b>보드게임카페</b> 신촌점,http://holmeslupin.co.kr/bbs/content.php?co_id=main,"스포츠,오락>보드카페",,,서울특별시 서대문구 창천동 18-21 지하1층,서울특별시 서대문구 연세로 12 지하1층,1269370872,375565899,대흥동,보드게임카페
대흥 <b>당구장</b>,https://blog.naver.com/rvf40000,"스포츠,오락>당구장",,,서울특별시 마포구 대흥동 276-1 지하1층 대흥당구장,서울특별시 마포구 백범로 88 지하1층 대흥당구장,1269410950,375479410,대흥동,당구장
태영당구클럽,,"스포츠,오락>당구장",,,서울특별시 마포구 대흥동 660 태영아파트 내 태영종합상가 지하1층,서울특별시 마포구 독막로 266 태영아파트 내 태영종합상가 지하1층,1269428529,375456122,대흥동,당구장
웅지당구클럽,,"스포츠,오락>당구장",,,서울특별시 마포구 대흥동 3-35 웅지빌딩,서울특별시 마포구 대흥로 180 웅지빌딩,1269461322,375550135,대흥동,당구장
딩굴딩굴 알타미라,https://www.instagram.com/ding.gool_ding.gool/,오락시설>만화방,,,서울특별시 마포구 서교동 336-1 지하1층,서울특별시 마포구 와우산로29길 21 지하1층,1269285773,375549254,대흥동,만화카페
하이펀,https://www.instagram.com/hi_fun_kids,"키즈카페,실내놀이터",,,서울특별시 마포구 대흥동 12-27 이대역푸르지오시티 213호,서울특별시 마포구 신촌로 170 이대역푸르지오시티 213호,1269443515,375563496,대흥동,키즈카페
꿀잼키즈룸 마포점,,"키즈카페,실내놀이터",,,서울특별시 마포구 대흥동 18-4 4층 405호,서울특별시 마포구 고산18길 13 4층 405호,1269455166,375538206,대흥동,키즈카페
아이키친 마포점,https://www.instagram.com/ikitchen_mapo,"키즈카페,실내놀이터",,,서울특별시 마포구 대흥동 548 지층,서울특별시 마포구 토정로31길 57-9 지층,1269440155,375435303,대흥동,키즈카페
팔도강산노래연습장,,"스포츠,오락>노래방",,,서울특별시 마포구 대흥동 298,서울특별시 마포구 대흥로 83,1269413400,375475479,대흥동,노래방
태영콘서트<b>노래방</b>,,"스포츠,오락>노래방",,,서울특별시 마포구 대흥동 660 태영아파트,서울특별시 마포구 독막로 266 대흥동태영아파트,1269416854,375446572,대흥동,노래방
둘둘노래연습장,,"스포츠,오락>노래방",,,서울특별시 마포구 대흥동 2-22,서울특별시 마포구 숭문길 209,1269464575,375557615,대흥동,노래방
롤스터 &amp; 앤유 <b>PC방</b>,,"스포츠,오락>PC방",,,서울특별시 서대문구 창천동 18-29 VERTIGO 지하2층,서울특별시 서대문구 연세로 8-1 VERTIGO 지하2층,1269372977,375563312,대흥동,PC방
아이센스리그<b>PC방</b> 신촌본점,,"스포츠,오락>PC방",,,서울특별시 마포구 노고산동 57-12 B2층 아이센스리그PC방 신촌본점,서울특별시 마포구 신촌로 88 B2층 아이센스리그PC방 신촌본점,1269353913,375553733,대흥동,PC방
옵티멈존PC카페 신촌역점,,"스포츠,오락>PC방",,,서울특별시 서대문구 창천동 31-80 지하1층,서울특별시 서대문구 명물길 23 지하1층,1269378779,375580719,대흥동,PC방
스타벅스 서강대흥역점,http://www.starbucks.co.kr/,"카페,디저트>카페",,,서울특별시 마포구 대흥동 119 89-5 (),서울특별시 마포구 백범로 89-4 89-5 (대흥동),1269415587,375482327,대흥동,카페
메가MGC커피 대흥역점,,"카페,디저트>카페",,,서울특별시 마포구 대흥동 260,서울특별시 마포구 백범로 102,1269425128,375474267,대흥동,카페
누오바이탈리아,https://www.instagram.com/nuovaitalia.kr,"카페,디저트>베이커리",,,서울특별시 마포구 대흥동 325-78,서울특별시 마포구 독막로 241,1269407432,375469136,대흥동,카페
과자방,https://smartstore.naver.com/cookieroom1204,"음식점>카페,디저트",,,서울특별시 마포구 대흥동 774 1층 과자방,서울특별시 마포구 큰우물로 16 1층 과자방,1269410566,375444368,대흥동,카페
메가MGC커피 마포아트센터점,,"카페,디저트>카페",,,서울특별시 마포구 대흥동 30-3 1층,서울특별시 마포구 대흥로20길 28 1층,1269455362,375498965,대흥동,카페
오르노 마포본점,https://www.instagram.com/horno_seoul/,음식점>양식,,,"서울특별시 마포구 대흥동 440-2 1층, 2층","서울특별시 마포구 백범로20길 26 1층, 2층",1269440801,375458445,대흥동,맛집
조선초가한끼 마포점,,음식점>한식,,,서울특별시 마포구 대흥동 802 대흥 세양아파트 상가 1층,서울특별시 마포구 독막로 288 대흥 세양아파트 상가 1층,1269450432,375441983,대흥동,맛집
스키당 대흥점,https://app.catchtable.co.kr/ct/shop/sukidang,음식점>일식>일식당,,,서울특별시 마포구 대흥동 241-26 2층,서울특별시 마포구 백범로20길 12 2층,1269439295,375464144,대흥동,맛집
비엔로,https://www.instagram.com/vienlo_2025?igsh=MnR2cjc5M2t3ODJx,음식점>베트남음식,,,서울특별시 마포구 대흥동 245-12 지1층,서울특별시 마포구 백범로16안길 5 지1층,1269424257,375466679,대흥동,맛집
앤티도트,http://instagram.com/antidote.seoul,술집>바(BAR),,,서울특별시 마포구 대흥동 255-2 2층,서울특별시 마포구 대흥로 80-15 2층,1269421255,375470100,대흥동,술집
육회바른연어 대흥역점,https://yby.co.kr,술집>요리주점,,,서울특별시 마포구 대흥동 803 상가동 103호,서울특별시 마포구 대흥로 79 상가동 103호,1269412579,375474078,대흥동,술집
파크사이드,https://www.instagram.com/parkside_cafe.wine/,술집>와인,,,"서울특별시 마포구 대흥동 241-40 1.5층, 2층, 루프탑","서울특별시 마포구 백범로16안길 31 1.5층, 2층, 루프탑",1269437807,375463157,대흥동,술집
룸익스케이프 인디고블루점,https://www.instagram.com/roomexcape_indigo?igsi=M2w3bWx0dWw3Ym56&utm_source=qr,방탈출카페,,,서울특별시 서대문구 창천동 57-33 지하1층,서울특별시 서대문구 연세로5가길 21 지하1층,1269353965,375571939,염리동,방탈출
승승당구클럽,,"스포츠,오락>당구장",,,서울특별시 마포구 염리동 173-29 하나프라자 3층,서울특별시 마포구 토정로37길 41 하나프라자 3층,1269467169,375427081,염리동,당구장
염리<b>당구장</b>,,"스포츠,오락>당구장",,,서울특별시 마포구 염리동 148-9,서울특별시 마포구 백범로 135,1269461082,375462495,염리동,당구장
서울형<b>키즈카페</b> <b>마포구</b> 쌍룡산근린공원점,,"키즈카페,실내놀이터",,,서울특별시 마포구 염리동 532-5,서울특별시 마포구 대흥로24바길 55,1269497226,375526934,염리동,키즈카페
아워스팟 한서초점,https://www.instagram.com/ourspot.kr/,"교육,학문>영,유아,아동",,,서울특별시 마포구 염리동 532 D동 상가 104호,서울특별시 마포구 대흥로24길 24 D동 상가 104호,1269467642,375540078,염리동,키즈카페
옥소리<b>노래방</b>,,"스포츠,오락>노래방",,,서울특별시 마포구 염리동 159-8,서울특별시 마포구 백범로26길 8,1269460307,375455782,염리동,노래방
수노래연습장,,"스포츠,오락>노래방",,,서울특별시 마포구 염리동 8-78 지하1층,서울특별시 마포구 숭문길 226 지하1층,1269467212,375564041,염리동,노래방
와이티티노래연습장,,"스포츠,오락>노래방",,,서울특별시 마포구 염리동 155-12,서울특별시 마포구 백범로 122,1269444629,375465600,염리동,노래방
열린<b>노래방</b>,,"스포츠,오락>노래방",,,서울특별시 마포구 염리동 8-65,서울특별시 마포구 대흥로30길 17,1269470308,375564518,염리동,노래방
<b>노래방</b> 파티룸 내가산다,,"서비스,산업>장소대여",,,서울특별시 마포구 염리동 148-42 지하1층,서울특별시 마포구 숭문2길 4 지하1층,1269456627,375468033,염리동,노래방
스타벅스 마포염리점,http://www.starbucks.co.kr/,"카페,디저트>카페",,,서울특별시 마포구 염리동 168-9,서울특별시 마포구 독막로 311 (염리동),1269476800,375438760,염리동,카페
할리스 공덕경의선숲길점,http://www.hollys.co.kr/,"카페,디저트>카페",,,서울특별시 마포구 염리동 164-1,서울특별시 마포구 백범로28길 22,1269466726,375446702,염리동,카페
녹기 전에,https://beforeitmelts.notion.site/b261c537bf9a4fa79a94c3b8a79fa573,"카페,디저트>아이스크림",,,서울특별시 마포구 염리동 148-22,서울특별시 마포구 백범로 127-24,1269455469,375466708,염리동,카페
메가MGC커피 마포용강점,,"카페,디저트>카페",,,서울특별시 마포구 염리동 174-18 1층,서울특별시 마포구 큰우물로 49 1층,1269440495,375426140,염리동,카페
컴포즈커피 마포염리초점,,"카페,디저트>카페",,,서울특별시 마포구 염리동 173-29 하나프라자 1층,서울특별시 마포구 토정로37길 41 하나프라자 1층,1269468861,375427697,염리동,카페
을밀대 평양냉면,,한식>냉면,,,서울특별시 마포구 염리동 147-6,서울특별시 마포구 숭문길 24,1269455004,375474904,염리동,맛집
고기꾼김춘배 공덕직영점,https://www.instagram.com/kimchunbae_gongdeok_,"한식>육류,고기요리",,,서울특별시 마포구 염리동 161-5 1층 101호,서울특별시 마포구 독막로 291-5 1층 101호,1269458202,375450925,염리동,맛집
사철 공덕본점,https://booking.naver.com/booking/6/bizes/766767,술집>요리주점,,,서울특별시 마포구 염리동 159-8 1층 사철,서울특별시 마포구 백범로26길 8 1층 사철,1269459991,375455611,염리동,맛집
야키토리 쇼몽,https://www.instagram.com/yakitori_shomon/,술집>요리주점,,,서울특별시 마포구 염리동 161-5 1층,서울특별시 마포구 독막로 291-5 1층,1269457149,375451558,염리동,맛집
솜솜,,술집>요리주점,,,서울특별시 마포구 염리동 159-7 1층,서울특별시 마포구 백범로26길 6 1층,1269460685,375456102,염리동,술집
오롯,http://www.instagram.com/oroat,술집>이자카야,,,서울특별시 마포구 염리동 157-13 1층,서울특별시 마포구 백범로24길 5-5 1층,1269453214,375458181,염리동,술집
파평윤씨,https://app.catchtable.co.kr/ct/shop/papteongyunssi,술집>요리주점,,,서울특별시 마포구 염리동 157-21 1층,서울특별시 마포구 백범로24길 11-3 1층,1269450881,375459147,염리동,술집
캐칭덕 상수역점,,"스포츠,오락>오락실",,,서울특별시 마포구 상수동 310-1,서울특별시 마포구 독막로 85,1269227022,375478938,서강동,오락실
픽존,,"스포츠,오락>오락실",,,서울특별시 마포구 상수동 316-13,서울특별시 마포구 독막로 67-14,1269207050,375484327,서강동,오락실
태화<b>볼링장</b>,http://www.taehwa.garamcs.com/,"스포츠,오락>볼링장",,,"서울특별시 마포구 서교동 343-2 태화프라자 지하 1, 2층","서울특별시 마포구 와우산로 111 태화프라자 지하 1, 2층",1269257018,375534693,서강동,볼링장
홍대<b>볼링장</b>,,"스포츠,오락>볼링장",,,서울특별시 마포구 동교동 165-8 308호,서울특별시 마포구 양화로 156 308호,1269235018,375560114,서강동,볼링장
코드케이 홍대점,http://www.code-k.co.kr,방탈출카페,,,서울특별시 마포구 상수동 86-22 3층 코드케이 홍대점,서울특별시 마포구 와우산로 64 3층 코드케이 홍대점,1269232577,375502076,서강동,방탈출
<b>방탈출</b> 토끼굴,https://www.rabbitholeescape.co.kr,방탈출카페,,,서울특별시 마포구 창전동 6-137 B1층,서울특별시 마포구 와우산로 122 B1층,1269268971,375531653,서강동,방탈출
단밤하우스 파티룸 홍대점,,"서비스,산업>장소대여",,,서울특별시 마포구 상수동 93-109 301호,서울특별시 마포구 독막로15길 16 301호,1269221601,375484385,서강동,보드게임카페
니즈빌리어즈 홍대점,,"스포츠,오락>당구장",,,서울특별시 마포구 상수동 93-45 지하2층 니즈 빌리어즈,서울특별시 마포구 와우산로 48 지하2층 니즈 빌리어즈,1269234152,375485283,서강동,당구장
홍대당구클럽큐,,"스포츠,오락>당구장",,,서울특별시 마포구 창전동 439 상가동 지하1층 B01-102호,서울특별시 마포구 서강로9길 45 상가동 지하1층 B01-102호,1269307850,375541595,서강동,당구장
<b>만화</b>살롱 유어마나,http://www.your-mana.com,"카페,디저트>북카페",,,서울특별시 마포구 상수동 346-1 B1,서울특별시 마포구 와우산로 13 B1,1269227784,375456652,서강동,만화카페
오늘애니,https://www.instagram.com/onulani,"쇼핑,유통>서점",,,"서울특별시 마포구 상수동 143-31 1층, 2층, 3층","서울특별시 마포구 와우산로10길 3 1층, 2층, 3층",1269231556,375480854,서강동,만화카페
메리스포레스트 키즈풀 마포창전숲,https://www.instagram.com/marys.forest_changjeon/?igshid=YmMyMTA2M2Y%3D,"서비스,산업>장소대여",,,서울특별시 마포구 창전동 5-137 송우빌딩 7층,서울특별시 마포구 서강로9길 56 송우빌딩 7층,1269307403,375546080,서강동,키즈카페
서울형<b>키즈카페</b> <b>마포구서강동</b>1호점,,"키즈카페,실내놀이터",,,서울특별시 마포구 상수동 397 2층,서울특별시 마포구 토정로 148-14 2층,1269270308,375450775,서강동,키즈카페
홍대파티룸 아크로셰,http://pf.kakao.com/_CxjJzX,"서비스,산업>장소대여",,,서울특별시 마포구 상수동 310-9 3층,서울특별시 마포구 와우산로 39-11 3층,1269223721,375481381,서강동,노래방
홍대파티룸히든스테이,https://blog.naver.com/hiddenstay,"서비스,산업>장소대여",,,서울특별시 마포구 당인동 25-30 지층,서울특별시 마포구 와우산로3길 48 지층,1269203696,375456940,서강동,노래방
스타노래연습장 상수점,,"스포츠,오락>노래방",,,서울특별시 마포구 상수동 324-7,서울특별시 마포구 독막로 82,1269224744,375475884,서강동,노래방
제로백PC 광흥창점,,"스포츠,오락>PC방",,,서울특별시 마포구 창전동 444 지하1층 비01호,서울특별시 마포구 독막로 147-7 지하1층 비01호,1269300272,375481022,서강동,PC방
쓰리팝피시방,,"스포츠,오락>PC방",,,서울특별시 마포구 상수동 93-93,서울특별시 마포구 와우산로 47,1269228084,375487130,서강동,PC방
라인업<b>PC방</b>,,"스포츠,오락>PC방",,,서울특별시 마포구 당인동 12-1,서울특별시 마포구 어울마당로 26,1269199108,375474342,서강동,PC방
제로백<b>PC방</b>,,"스포츠,오락>PC방",,,서울특별시 마포구 창전동 444 서강쌍용예가,서울특별시 마포구 독막로 147-7 서강쌍용예가,1269300013,375480114,서강동,PC방
블루존피시방 창전점,,"스포츠,오락>PC방",,,서울특별시 마포구 창전동 2-3,서울특별시 마포구 서강로 111-1,1269332602,375532081,서강동,PC방
베니케이크,https://www.instagram.com/benny.cake,"음식점>카페,디저트",,,서울특별시 마포구 상수동 311-6 1층 베니케이크,서울특별시 마포구 독막로15길 17 1층 베니케이크,1269219619,375485432,서강동,카페
메이드<b>카페</b> 집사<b>카페</b> 카와이 홍대점,https://www.instagram.com/kawaii_maidcafe_butlercafe?igsh=MXdvdGNpbGF5eTNtbw==,"음식점>카페,디저트",,,서울특별시 마포구 상수동 86-35 2층,서울특별시 마포구 와우산로14길 4 2층,1269233766,375500505,서강동,카페
프랑제리 피어 신촌점,https://www.instagram.com/frangerie_official,"카페,디저트>베이커리",,,서울특별시 마포구 창전동 450 이랜드 PEER 신촌 로비층,서울특별시 마포구 서강로 75-16 이랜드 PEER 신촌 로비층,1269317881,375501269,서강동,카페
테이블에이,https://www.instagram.com/tablea_zoo,"여행,명소>동물원",,,"서울특별시 마포구 창전동 6 지하1층,1층,2층,3층,4층, 5층","서울특별시 마포구 와우산로 146 지하1층,1층,2층,3층,4층, 5층",1269294869,375540831,서강동,카페
스타벅스 홍대삼거리점,http://www.starbucks.co.kr/,"카페,디저트>카페",,,서울특별시 마포구 상수동 86-22,서울특별시 마포구 와우산로 64 (상수동),1269232087,375502656,서강동,카페
라멘트럭 상수본점,https://www.facebook.com/ramentruck,음식점>일식>일본식라면,,,서울특별시 마포구 상수동 324-10 1층 라멘트럭,서울특별시 마포구 독막로14길 31 1층 라멘트럭,1269226481,375474679,서강동,맛집
칸다소바,https://litt.ly/kandasoba,음식점>일식>일본식라면,,,서울특별시 마포구 상수동 91-3,서울특별시 마포구 와우산로 51-6,1269227124,375492716,서강동,맛집
꽃피는고기,,"한식>육류,고기요리",,,서울특별시 마포구 상수동 314-11 1층,서울특별시 마포구 와우산로13길 49-3 1층,1269210255,375485342,서강동,맛집
메이드카페 집사카페 카와이 홍대점,https://www.instagram.com/kawaii_maidcafe_butlercafe?igsh=MXdvdGNpbGF5eTNtbw==,"음식점>카페,디저트",,,서울특별시 마포구 상수동 86-35 2층,서울특별시 마포구 와우산로14길 4 2층,1269233766,375500505,서강동,맛집
후라토식당 상수직영점,https://www.furato.co.kr/,음식점>일식>일식당,,,서울특별시 마포구 상수동 313-2,서울특별시 마포구 독막로15길 3-14,1269213747,375485775,서강동,술집
후쿠란 상수본점,https://app.catchtable.co.kr/ct/shop/hukuran_dining?from=share&type=DINING,음식점>일식>일식당,,,"서울특별시 마포구 상수동 333-28 1층, 2층 후쿠란 상수본점","서울특별시 마포구 와우산로3안길 2 1층, 2층 후쿠란 상수본점",1269227106,375463462,서강동,술집
산울림1992,http://pf.kakao.com/_sMPDT,술집>요리주점,,,서울특별시 마포구 창전동 5-138 산울림1992,서울특별시 마포구 서강로9길 60 산울림1992,1269305177,375546943,서강동,술집
그문화다방,https://www.instagram.com/gmh_dabang/,술집>요리주점,,,서울특별시 마포구 당인동 28-9 1층,서울특별시 마포구 와우산로3길 49 1층,1269203240,375455259,서강동,술집
상수주택,https://www.instagram.com/sangsu311_1,술집>요리주점,,,서울특별시 마포구 상수동 311-1 2층 상수주택,서울특별시 마포구 독막로15길 19 2층 상수주택,1269219486,375486521,서강동,술집
뉴코인싱어 노래연습장,,오락시설>노래방,,,서울특별시 마포구 서교동 331-17 지하1층,서울특별시 마포구 어울마당로 140 지하1층,1269256636,375561633,서교동,오락실
짱<b>오락실</b> 홍대점,,"스포츠,오락>오락실",,,서울특별시 마포구 서교동 367-38,서울특별시 마포구 어울마당로 69,1269211385,375512508,서교동,오락실
어썸코인노래연습장,https://blog.naver.com/awesomecoin,오락시설>노래방,,,서울특별시 마포구 서교동 358-30,서울특별시 마포구 와우산로21길 4,1269237136,375526847,서교동,오락실
악쓰는하마 홍대2점,,오락시설>노래방,,,서울특별시 마포구 서교동 407-22,서울특별시 마포구 어울마당로 62,1269213699,375505754,서교동,오락실
게임토피아,,"스포츠,오락>오락실",,,서울특별시 마포구 서교동 408-22,서울특별시 마포구 어울마당로 46-1,1269209271,375491874,서교동,오락실
<b>보드게임카페</b> 레드버튼 홍대점,http://www.redbutton.co.kr,"스포츠,오락>보드카페",,,서울특별시 마포구 서교동 358-1 3층,서울특별시 마포구 홍익로 19 3층,1269225311,375540788,서교동,보드게임카페
펍그린포켓볼당구클럽,https://m.place.naver.com/place/38501374/photo?entry=ple,"스포츠,오락>당구장",,,서울특별시 마포구 서교동 363-11 4층,서울특별시 마포구 잔다리로 12 4층,1269218566,375509458,서교동,당구장
헤이<b>당구장</b>,,"스포츠,오락>당구장",,,서울특별시 마포구 동교동 163-9 준봉빌딩,서울특별시 마포구 홍익로6길 10 준봉빌딩,1269226763,375550027,서교동,당구장
빌리어즈HAPPY,http://pf.kakao.com/_nJwbxb,"스포츠,오락>당구장",,,서울특별시 마포구 동교동 185-6 지하1층,서울특별시 마포구 신촌로12길 4 지하1층,1269324962,375562260,서교동,당구장
수당구클럽,https://www.instagram.com/,"스포츠,오락>당구장",,,서울특별시 마포구 동교동 198-31 수당구클럽,서울특별시 마포구 동교로 219 수당구클럽,1269235391,375596826,서교동,당구장
VIP 당구클럽,,"스포츠,오락>당구장",,,서울특별시 마포구 서교동 356-3,서울특별시 마포구 홍익로3길 8,1269220810,375541334,서교동,당구장
애니툰,,오락시설>만화방,,,서울특별시 마포구 서교동 369-4 6층,서울특별시 마포구 홍익로3길 44 6층,1269214280,375526033,서교동,만화카페
캣툰 홍대점,https://www.instagram.com/cattoon_hongdae/,오락시설>만화방,,,서울특별시 마포구 서교동 364-17 5층,서울특별시 마포구 어울마당로 74 5층,1269216244,375515621,서교동,만화카페
서울형<b>키즈카페</b> <b>마포구 서교동</b>1호점,https://umppa.seoul.go.kr/icare/user/kidsCafe/BD_selectKidsCafeList.do,"키즈카페,실내놀이터",,,서울특별시 마포구 서교동 379-30 서현교회 교육관 2층,서울특별시 마포구 잔다리로7길 31 서현교회 교육관 2층,1269161750,375524870,서교동,키즈카페
홍대 노래타운 유앤미,https://www.instagram.com/youme_8797?igsh=MWdiM2F0MDVkODZ2MA%3D%3D&utm_source=qr,술집>유흥주점,,,서울특별시 마포구 서교동 355-27 지하1층,서울특별시 마포구 홍익로5길 25 지하1층,1269210056,375537852,서교동,노래방
수노래연습장 럭셔리 홍대점,https://sunoraebang.com,"스포츠,오락>노래방",,,서울특별시 마포구 서교동 367-39,서울특별시 마포구 어울마당로 67,1269211050,375511038,서교동,노래방
멀티플러스 홍대점,https://booking.naver.com/booking/10/bizes/629275,"스포츠,오락>멀티방",,,서울특별시 마포구 서교동 355-2 동신빌딩 5층,서울특별시 마포구 홍익로5길 13 동신빌딩 5층,1269214967,375541825,서교동,노래방
노래타운 파레스 홍대점,https://www.instagram.com/p01043665799,술집>요리주점,,,서울특별시 마포구 서교동 354-2 지하1층 파레스 노래타운,서울특별시 마포구 홍익로 29 지하1층 파레스 노래타운,1269216635,375545282,서교동,노래방
베리굿 노래타운 홍대점,https://www.instagram.com/very01099918797,술집>요리주점,,,서울특별시 마포구 서교동 407-27 3층,서울특별시 마포구 잔다리로 5-1 3층,1269223121,375505090,서교동,노래방
원신 PC 라운지,http://gipclounge.com/,"스포츠,오락>PC방",,,서울특별시 마포구 동교동 167-2 LCTOWER 7F,서울특별시 마포구 양화로 186 LCTOWER 7F,1269258475,375577354,서교동,PC방
티원베이스캠프,https://www.instagram.com/t1basecamp_hongdae,"스포츠,오락>PC방",,,서울특별시 마포구 동교동 160-4 지하1층,서울특별시 마포구 양화로 147 지하1층,1269220541,375560490,서교동,PC방
SNS <b>PC방</b>,,"스포츠,오락>PC방",,,서울특별시 마포구 동교동 165-8 2층,서울특별시 마포구 양화로 156 2층,1269234581,375560982,서교동,PC방
레벨업 PC 카페 홍대점,,"스포츠,오락>PC방",,,서울특별시 마포구 동교동 162-6 탑라인타워 지하1층,서울특별시 마포구 양화로 148 탑라인타워 지하1층,1269226999,375557203,서교동,PC방
긱스타<b>PC방</b>,,"스포츠,오락>PC방",,,서울특별시 마포구 서교동 362-2 서봉갤러리 지하 1층,서울특별시 마포구 와우산로 81 서봉갤러리 지하 1층,1269232017,375516699,서교동,PC방
몽키즈<b>클라이밍</b>,http://mongkids.co.kr/,"스포츠,오락>스포츠시설",,,서울특별시 마포구 서교동 448-14,서울특별시 마포구 월드컵북로5가길 8-15,1269177812,375565979,서교동,클라이밍
대한스포츠<b>클라이밍</b>협회,http://k-climbing.or.kr/,"협회,단체>레저,스포츠",,,서울특별시 마포구 서교동 448-14 4층,서울특별시 마포구 월드컵북로5가길 8-15 4층,1269178402,375565633,서교동,클라이밍
베이글랜드 홍대점,https://www.instagram.com/_bagelland/,"음식점>카페,디저트",,,서울특별시 마포구 서교동 332-15 삼이빌딩 1층,서울특별시 마포구 와우산로29바길 19 삼이빌딩 1층,1269259638,375554909,서교동,카페
<b>카페</b> 공명 연남점,https://cafegm.kr/,"음식점>카페,디저트",,,서울특별시 마포구 동교동 146-8 1층 카페 공명 연남,서울특별시 마포구 연희로 11 1층 카페 공명 연남,1269264344,375600309,서교동,카페
수상한베이글 홍대,https://www.instagram.com/susanghan_bagel,"카페,디저트>카페",,,서울특별시 마포구 서교동 409-6,서울특별시 마포구 와우산로15길 22,1269218429,375496284,서교동,카페
943 킹스크로스,https://blog.naver.com/943kingscross,"음식점>카페,디저트",,,서울특별시 마포구 서교동 369-1 B1층~4,서울특별시 마포구 양화로16길 24 B1층~4,1269208167,375530051,서교동,카페
홍대 육지,https://www.instagram.com/plzloveyookji,"한식>육류,고기요리",,,서울특별시 마포구 서교동 396-45 1F,서울특별시 마포구 독막로3길 34 1F,1269174273,375497425,서교동,맛집
츠케루,http://instagram.com/tsukeru_tsukemen,음식점>일식>일본식라면,,,서울특별시 마포구 서교동 344-6 1층 102호,서울특별시 마포구 와우산로23길 9 1층 102호,1269245307,375533814,서교동,맛집
빌라 더 다이닝 홍대본점,http://app.catchtable.co.kr/ct/shop/villathedining,음식점>양식,,,서울특별시 마포구 동교동 150-9 JnS.Bldg,서울특별시 마포구 동교로30길 16 JnS.Bldg,1269249144,375601583,서교동,맛집
셔우드,https://instagram.com/sherwood.seoul?igshid=YmMyMTA2M2Y=,음식점>피자,,,서울특별시 마포구 동교동 189-5 2층,서울특별시 마포구 와우산로37길 11 2층,1269301940,375560664,서교동,맛집
신호등포차 홍대점,https://www.instagram.com/pocha_shinholight,술집>요리주점,,,서울특별시 마포구 서교동 407-7 2층,서울특별시 마포구 잔다리로 3 2층,1269226668,375505994,서교동,술집
더기와 합정점,https://litt.ly/thegiwa_hapjeong?utm_source=naver&utm_medium=place&utm_campaign=네이버플레이스,음식점>한식,,,서울특별시 마포구 서교동 395-30 1층,서울특별시 마포구 독막로3길 25 1층,1269169501,375495841,서교동,술집
7번방 홍대점,http://www.instagram.com/global7room_hd,술집>요리주점,,,서울특별시 마포구 서교동 407-22,서울특별시 마포구 어울마당로 62,1269214201,375506018,서교동,술집
하와이조개 홍대점,http://www.하와이조개.com,"음식점>한식>해물,생선요리>조개요리",,,서울특별시 마포구 서교동 364-2 태경빌딩 지하 1층,서울특별시 마포구 와우산로21길 19-8 태경빌딩 지하 1층,1269225911,375520582,서교동,술집
렉스코인노래연습장 합정역점,,오락시설>노래방,,,서울특별시 마포구 합정동 413-5 일호빌딩 a동 지하1층,서울특별시 마포구 독막로 13 일호빌딩 a동 지하1층,1269149881,375488837,합정동,오락실
레드코인노래연습장,,오락시설>노래방,,,서울특별시 마포구 합정동 411-5 지1층,서울특별시 마포구 양화로6길 76 지1층,1269182350,375483794,합정동,오락실
<b>마포구</b>민체육센터,http://www.maposc.or.kr/,"스포츠,오락>구민체육센터",,,서울특별시 마포구 망원동 450-3,서울특별시 마포구 월드컵로25길 190,1268970048,375568012,합정동,볼링장
오늘소풍 파티룸 합정점,,"서비스,산업>장소대여",,,서울특별시 마포구 합정동 368-41 4층,서울특별시 마포구 토정로3안길 28 4층,1269156369,375459029,합정동,보드게임카페
몽글,https://www.spacecloud.kr/space/65873,"서비스,산업>장소대여",,,서울특별시 마포구 합정동 373-4 6층 605호,서울특별시 마포구 독막로 10 6층 605호,1269144802,375484856,합정동,보드게임카페
리버<b>당구장</b>,,"스포츠,오락>당구장",,,서울특별시 마포구 합정동 387-20 3층 리버당구장,서울특별시 마포구 양화로3길 15 3층 리버당구장,1269114854,375496393,합정동,당구장
합정당구클럽,,"스포츠,오락>당구장",,,서울특별시 마포구 합정동 374-1,서울특별시 마포구 양화로 36,1269133324,375485054,합정동,당구장
합정모나코<b>당구장</b>,,"스포츠,오락>당구장",,,서울특별시 마포구 합정동 392-3 비동 지하,서울특별시 마포구 양화로1길 21 비동 지하,1269104481,375495924,합정동,당구장
벌툰 봉화당 망원역점,https://www.instagram.com/beetoon_mangwon/,"스포츠,오락>만화방",,,서울특별시 마포구 망원동 377-2 3층 만화카페 벌툰,서울특별시 마포구 월드컵로 85 3층 만화카페 벌툰,1269095425,375563363,합정동,만화카페
윙키핑키,https://www.instagram.com/winkypinky_cat_house,고양이카페,,,서울특별시 영등포구 양평동5가 55-1 2층,서울특별시 영등포구 양평로 148 2층,1268918076,375393337,합정동,키즈카페
쁘띠몽드 마포중앙도서관점,http://instagram.com/petitmonde_mapo,"키즈카페,실내놀이터",,,서울특별시 마포구 성산동 275-3 마포중앙도서관 1층 쁘띠몽드,서울특별시 마포구 성산로 128 마포중앙도서관 1층 쁘띠몽드,1269081832,375640197,합정동,키즈카페
점프업,,"키즈카페,실내놀이터",,,서울특별시 마포구 성산동 275-3 마포중앙도서관 지하1층,서울특별시 마포구 성산로 128 마포중앙도서관 지하1층,1269083969,375640780,합정동,키즈카페
방그리방방,https://www.instagram.com/banglibangbang,"키즈카페,실내놀이터",,,서울특별시 마포구 망원동 435-1 지하1층 방그리방방,서울특별시 마포구 방울내로 67 지하1층 방그리방방,1269027490,375600961,합정동,키즈카페
서울형<b>키즈카페</b> <b>마포구</b>서강동1호점,,"키즈카페,실내놀이터",,,서울특별시 마포구 상수동 397 2층,서울특별시 마포구 토정로 148-14 2층,1269270308,375450775,합정동,키즈카페
스트라이크존 서울 선유도구장,http://strikezon.com/,스포츠시설>스크린야구장,,,서울특별시 영등포구 양평동3가 101 아파트 내 상가 3층,서울특별시 영등포구 선유로 207 아파트 내 상가 3층,1268939043,375313830,합정동,스크린야구
쏘플파티룸 겜플렉스 홍대점,https://ssople.com/#/map315089,"서비스,산업>장소대여",,,서울특별시 마포구 합정동 355-11,서울특별시 마포구 독막로8길 19,1269181357,375470326,합정동,노래방
보리노래연습장,,"스포츠,오락>노래방",,,서울특별시 마포구 합정동 387-3 지하1층,서울특별시 마포구 월드컵로3길 31 지하1층,1269110467,375502078,합정동,노래방
신바람<b>노래방</b>,,"스포츠,오락>노래방",,,서울특별시 마포구 합정동 383-23,서울특별시 마포구 양화로3길 10,1269117801,375494519,합정동,노래방
쓰리팝<b>PC방</b>,,"스포츠,오락>PC방",,,서울특별시 마포구 합정동 383-20 지하1층 쓰리팝PC방,서울특별시 마포구 양화로3길 6 지하1층 쓰리팝PC방,1269118696,375491636,합정동,PC방
긱스타 PC CAFE,,"스포츠,오락>PC방",,,서울특별시 마포구 합정동 472 딜라이트 스퀘어 1차 로비층 102~104호,서울특별시 마포구 월드컵로1길 14 딜라이트 스퀘어 1차 로비층 102~104호,1269121419,375502147,합정동,PC방
아우토반 합정점,,"스포츠,오락>PC방",,,서울특별시 마포구 합정동 434-1,서울특별시 마포구 포은로 48,1269070805,375518156,합정동,PC방
삼일사우나,,"생활,편의>목욕탕,사우나",,,서울특별시 마포구 망원동 386-14,서울특별시 마포구 월드컵로 59,1269113100,375544100,합정동,찜질방
메디스톤 망원점,,"생활,편의>찜질방",,,서울특별시 마포구 망원동 424-29,서울특별시 마포구 월드컵로25길 52,1269048884,375580363,합정동,찜질방
진심을다한스파,,"생활,편의>목욕,찜질",,,서울특별시 마포구 망원동 486-12 502호,서울특별시 마포구 포은로8길 29 502호,1269063327,375567274,합정동,찜질방
서울볼더스 선유,https://www.instagram.com/seoulboulders_seonyu/,"스포츠,오락>암벽등반",,,서울특별시 영등포구 양평동6가 13-1 3층,서울특별시 영등포구 양평로28마길 7 3층,1268910239,375421780,합정동,클라이밍
홍대<b>클라이밍</b>센터,https://www.facebook.com/www.hongdaeclimbing.co.kr,"스포츠,오락>암벽등반",,,서울특별시 마포구 성산동 630-10 순선빌딩 지하,서울특별시 마포구 동교로23길 105 순선빌딩 지하,1269173483,375596798,합정동,클라이밍
서종국<b>클라이밍</b>,http://cafe.daum.net/seojongkukclimbing,"스포츠,오락>암벽등반",,,서울특별시 영등포구 양평동4가 277-1,서울특별시 영등포구 선유로53길 6,1268976803,375371824,합정동,클라이밍
클라임러버,http://www.climblover.com,"쇼핑,유통>등산용품",,,서울특별시 영등포구 당산동6가 326-9 201호,서울특별시 영등포구 당산로49길 12 201호,1269019258,375359730,합정동,클라이밍
어반플랜트 합정,http://www.instagram.com/urbanplant_official/,음식점>브런치,,,서울특별시 마포구 합정동 360-3 어반플랜트 합정,서울특별시 마포구 독막로6길 35 어반플랜트 합정,1269170914,375464712,합정동,카페
해머플레이스,https://www.instagram.com/hammerplace,"음식점>카페,디저트",,,서울특별시 마포구 합정동 355-7 1층,서울특별시 마포구 독막로8길 15-9 1층,1269183180,375469253,합정동,카페
스타벅스 합정점,http://www.starbucks.co.kr/,"카페,디저트>카페",,,"서울특별시 마포구 합정동 472 마포한강푸르지오 110, 111, 112-2","서울특별시 마포구 월드컵로1길 14 (합정동) 마포한강푸르지오 110, 111, 112-2",1269125403,375499788,합정동,카페
투썸플레이스 합정역점,https://mo.twosome.co.kr/mn/menuInfoList.do?grtCd=4&pMidCd=07,"카페,디저트>카페",,,서울특별시 마포구 합정동 414-3 2층,서울특별시 마포구 독막로 5 2층,1269143241,375489611,합정동,카페
앤트러사이트 합정점,https://www.instagram.com/anthracite_coffee_hapjeong/,"음식점>카페,디저트",,,서울특별시 마포구 합정동 357-6,서울특별시 마포구 토정로5길 10,1269184372,375458323,합정동,카페
뉴욕아파트먼트,,음식점>양식,,,서울특별시 마포구 합정동 473,서울특별시 마포구 월드컵로3길 14,1269122609,375509062,합정동,맛집
금성회관 합정본점,http://www.gumseong.com/,"한식>육류,고기요리",,,서울특별시 마포구 합정동 411-2 1층,서울특별시 마포구 양화로6길 78 1층,1269184193,375483547,합정동,맛집
빕스 합정점,http://www.ivips.co.kr,음식점>패밀리레스토랑,,,서울특별시 마포구 합정동 472 딜라이트스퀘어 A동 1차 지하2층 vips,서울특별시 마포구 월드컵로1길 14 딜라이트스퀘어 A동 1차 지하2층 vips,1269118116,375500768,합정동,맛집
오레노라멘 본점,https://www.orenoramen.co.kr/,음식점>일식>일본식라면,,,서울특별시 마포구 합정동 362-3 1층 오레노라멘,서울특별시 마포구 독막로8길 16 1층 오레노라멘,1269178414,375472309,합정동,맛집
교집합,https://www.instagram.com/gyoziphop_,술집>요리주점,,,서울특별시 마포구 합정동 364-28 상록수빌딩 지하1층,서울특별시 마포구 독막로 14 상록수빌딩 지하1층,1269149120,375484269,합정동,술집
호맥 합정점,http://instagram.com/homac_hj,"술집>맥주,호프",,,서울특별시 마포구 합정동 412-8 대웅빌딩 1층 호맥,서울특별시 마포구 독막로5길 5 대웅빌딩 1층 호맥,1269179106,375484775,합정동,술집
동백가옥 합정점,https://www.instagram.com/dongbaekgaok_hapjeong,술집>요리주점,,,서울특별시 마포구 합정동 413-16 1층 동백가옥 합정점,서울특별시 마포구 양화로6길 38 1층 동백가옥 합정점,1269162338,375488525,합정동,술집
토끼다이닝 합정점,https://booking.naver.com/booking/6/bizes/929214/items/5141777?area=ple,술집>요리주점,,,서울특별시 마포구 합정동 412-8 2층,서울특별시 마포구 독막로5길 5 2층,1269178803,375484701,합정동,술집
독타운피자,https://www.instagram.com/6sony_booster?igsh=aWpkYTlreHM1ajI2,음식점>피자,,,서울특별시 마포구 합정동 412-31 2층,서울특별시 마포구 양화로6길 48 2층,1269167886,375487054,합정동,술집
맥코인노래연습장,http://instagram.com/maccoin_1,오락시설>노래방,,,서울특별시 마포구 망원동 377-19 3층 맥코인노래연습장,서울특별시 마포구 월드컵로 81 3층 맥코인노래연습장,1269097393,375560911,망원동,오락실
퍼니랜드 망원점,,"스포츠,오락>오락실",,,서울특별시 마포구 망원동 377-15 1층,서울특별시 마포구 월드컵로13길 12 1층,1269095897,375557188,망원동,오락실
럭키캐치 망원점,,"스포츠,오락>오락실",,,서울특별시 마포구 망원동 484-5 1층 101호,서울특별시 마포구 월드컵로 103 1층 101호,1269084225,375576500,망원동,오락실
하이캐치,,"스포츠,오락>오락실",,,서울특별시 마포구 망원동 400-18,서울특별시 마포구 포은로 88,1269053305,375548657,망원동,오락실
놀이터집게손,,"스포츠,오락>오락실",,,서울특별시 마포구 망원동 486-39,서울특별시 마포구 망원로 82,1269058937,375574370,망원동,오락실
엑스이스케이프 홍대상상마당점,https://xescape.com,방탈출카페,,,서울특별시 마포구 서교동 364-15 4층 엑스이스케이프 홍대상상마당점,서울특별시 마포구 어울마당로 70 4층 엑스이스케이프 홍대상상마당점,1269215584,375513988,망원동,방탈출
딥띵커 <b>방탈출</b>카페,https://deepthinker.co.kr,방탈출카페,,,서울특별시 마포구 서교동 395-17 4층,서울특별시 마포구 잔다리로 23 4층,1269202179,375507441,망원동,방탈출
HIDE AND SEEK The Origin 홍대,https://play.fuzzyline.io/?room=1,방탈출카페,,,서울특별시 마포구 동교동 203-57 SANTOH빌딩 지하1층,서울특별시 마포구 월드컵북로6길 24-7 SANTOH빌딩 지하1층,1269202549,375581663,망원동,방탈출
우리들의 아지트 망원역점,https://blog.naver.com/roarnia,"스포츠,오락>보드카페",,,서울특별시 마포구 망원동 485-28 3층,서울특별시 마포구 월드컵로23길 20 3층,1269077139,375569797,망원동,보드게임카페
종점<b>당구장</b>,,"스포츠,오락>당구장",,,서울특별시 마포구 망원동 475-42,서울특별시 마포구 방울내로 66,1269029190,375599470,망원동,당구장
영당구클럽,,"스포츠,오락>당구장",,,서울특별시 마포구 망원동 485-37,서울특별시 마포구 망원로 96,1269073974,375576911,망원동,당구장
코끼리<b>당구장</b>,,"스포츠,오락>당구장",,,서울특별시 마포구 망원동 477-2,서울특별시 마포구 월드컵로 149,1269053115,375609533,망원동,당구장
하이 빌리어즈,,"스포츠,오락>당구장",,,서울특별시 마포구 망원동 474-3 지하1층,서울특별시 마포구 월드컵로 155 지하1층,1269050425,375613166,망원동,당구장
에이스 <b>당구장</b>,,"스포츠,오락>당구장",,,서울특별시 마포구 망원동 378-10 2층,서울특별시 마포구 동교로9길 34 2층,1269099565,375554122,망원동,당구장
까페 빈틈 M,,"음식점>카페,디저트",,,서울특별시 마포구 망원동 423-18,서울특별시 마포구 망원로7길 3-6,1269052920,375577481,망원동,만화카페
연인<b>노래방</b>파티룸 <b>망원동</b>,https://www.instagram.com/yeonin_party,"스포츠,오락>노래방",,,서울특별시 마포구 망원동 378-3 지하1층,서울특별시 마포구 월드컵로 73 지하1층,1269103653,375554240,망원동,노래방
고고노래연습장,,"스포츠,오락>노래방",,,서울특별시 마포구 망원동 379-3 지하1층,서울특별시 마포구 월드컵로13길 13 지하1층,1269094799,375555903,망원동,노래방
엔돌핀<b>노래방</b>,,"스포츠,오락>노래방",,,서울특별시 마포구 망원동 386-2 양경회관 지하1층,서울특별시 마포구 월드컵로 65 양경회관 지하1층,1269108602,375548649,망원동,노래방
토마토<b>노래방</b>,,"스포츠,오락>노래방",,,서울특별시 마포구 망원동 418-1 3층,서울특별시 마포구 망원로 24 3층,1268994627,375561156,망원동,노래방
제로백 망원점,,"스포츠,오락>PC방",,,서울특별시 마포구 망원동 418-1 지하 1층호,서울특별시 마포구 망원로 24 지하 1층호,1268994727,375560853,망원동,PC방
큐스테이지 피씨카페,https://quasarzone.com/,"스포츠,오락>PC방",,,서울특별시 마포구 망원동 482-9 지층 큐스테이지 피씨카페,서울특별시 마포구 월드컵로 111 지층 큐스테이지 피씨카페,1269078399,375581853,망원동,PC방
쓰리팝코어피씨방,,"스포츠,오락>PC방",,,서울특별시 마포구 망원동 377-2 지하1층,서울특별시 마포구 월드컵로 85 지하1층,1269095425,375563363,망원동,PC방
제우스<b>PC방</b> 망원우체국사거리점,,"스포츠,오락>PC방",,,서울특별시 마포구 망원동 482-3 2층,서울특별시 마포구 망원로 97 2층,1269075109,375580932,망원동,PC방
제우스PC <b>마포구</b>청역점,,"스포츠,오락>PC방",,,서울특별시 마포구 망원동 474-3 가은빌딩 지하1층,서울특별시 마포구 월드컵로 155 가은빌딩 지하1층,1269049244,375613848,망원동,PC방
서울특별시산악문화체험센터,https://seoulmccenter.kr,"스포츠,오락>스포츠시설",,,서울특별시 마포구 상암동 481-231 서울특별시 산악문화체험센터,서울특별시 마포구 하늘공원로 112 서울특별시 산악문화체험센터,1268799527,375692764,망원동,클라이밍
어글리베이커리,http://www.instagram.com/uglybakery,"카페,디저트>베이커리",,,서울특별시 마포구 망원동 400-1 1층 어글리 베이커리,서울특별시 마포구 월드컵로13길 73 1층 어글리 베이커리,1269060383,375550335,망원동,카페
<b>카페</b>나하 본점,https://app.catchtable.co.kr/ct/shop/cafe_naha,음식점>일식>일식당,,,서울특별시 마포구 망원동 398-2 2층,서울특별시 마포구 희우정로16길 32 2층,1269037796,375545496,망원동,카페
티노마드,http://www.instagram.com/t.nomad_kr,"음식점>카페,디저트",,,서울특별시 마포구 망원동 414-83 2층,서울특별시 마포구 포은로 112 2층,1269046853,375569906,망원동,카페
망원수제고로케,,"카페,디저트>베이커리",,,서울특별시 마포구 망원동 414-44,서울특별시 마포구 망원로 80,1269056739,375573929,망원동,카페
스타벅스 망원한강공원점,http://www.starbucks.co.kr/,"카페,디저트>카페",,,서울특별시 마포구 망원동 205-5,서울특별시 마포구 마포나루길 435 (망원동),1268958256,375536122,망원동,카페
우이락 망원본점,https://wooyirak.com/main,음식점>한식,,,서울특별시 마포구 망원동 411-21 우이락 망원본점,서울특별시 마포구 포은로8길 22 우이락 망원본점,1269059919,375564437,망원동,맛집
오시 망원본점,https://www.instagram.com/oshi_official.kr/,음식점>일식>일식당,,,서울특별시 마포구 망원동 57-119 지 1층 오시 망원본점,서울특별시 마포구 월드컵로17길 48 지 1층 오시 망원본점,1269077398,375552402,망원동,맛집
맥도날드 망원점,https://www.mcdonalds.co.kr/,양식>햄버거,,,서울특별시 마포구 망원동 377-19,서울특별시 마포구 월드컵로 81,1269097966,375560917,망원동,맛집
카페나하 본점,https://app.catchtable.co.kr/ct/shop/cafe_naha,음식점>일식>일식당,,,서울특별시 마포구 망원동 398-2 2층,서울특별시 마포구 희우정로16길 32 2층,1269037796,375545496,망원동,맛집
스키야 망원,,음식점>일식>샤브샤브,,,서울특별시 마포구 망원동 400-1 지하1층,서울특별시 마포구 월드컵로13길 73 지하1층,1269060330,375550613,망원동,술집
로바타 우직,https://catchtable.co.kr/robata_ujik,술집>이자카야,,,서울특별시 마포구 망원동 400-19 1층,서울특별시 마포구 포은로 86-1 1층,1269053604,375547743,망원동,술집
옌징바 망원,https://www.instagram.com/yanji_ngbar_,술집>요리주점,,,서울특별시 마포구 망원동 416-14 지층,서울특별시 마포구 망원로4길 3 지층,1269018972,375565057,망원동,술집
골든싱어코인노래연습장 연남점,,오락시설>노래방,,,서울특별시 마포구 연남동 259-4 지하 1층,서울특별시 마포구 동교로 233 지하 1층,1269240373,375608961,연남동,오락실
렉스코인노래연습장 연남점,,오락시설>노래방,,,서울특별시 마포구 연남동 229-34 지층,서울특별시 마포구 동교로 259 지층,1269249163,375630381,연남동,오락실
대빵인형뽑기 연남점,,"스포츠,오락>오락실",,,서울특별시 마포구 연남동 260-29,서울특별시 마포구 동교로 238-1 호원빌딩,1269244152,375611449,연남동,오락실
찌꼬뽀꼬 연남2호점,https://ggiccoppocco.com/,"스포츠,오락>오락실",,,서울특별시 마포구 연남동 260-27 1층 찌꼬뽀꼬 연남2호점,서울특별시 마포구 동교로 242 1층 찌꼬뽀꼬 연남2호점,1269244195,375613839,연남동,오락실
코인홀릭 홍대연남점,https://holic24.com,오락시설>노래방,,,"서울특별시 마포구 연남동 259-5 3층, 4층","서울특별시 마포구 동교로 235-1 3층, 4층",1269241147,375610898,연남동,오락실
뉴원일볼링센터,,"스포츠,오락>볼링장",,,서울특별시 서대문구 남가좌동 270-4 대화빌딩,서울특별시 서대문구 수색로 48 대화빌딩,1269136449,375705174,연남동,볼링장
플레이아레나,https://www.instagram.com/playarenatcg/,"스포츠,오락>보드카페",,,서울특별시 마포구 연남동 381-5 2층,서울특별시 마포구 동교로34길 21 2층,1269255644,375608665,연남동,방탈출
미스터리게임즈,https://www.instagram.com/myst._.games,방탈출카페,,,서울특별시 마포구 연남동 373-17 3층,서울특별시 마포구 연남로 4-1 3층,1269236486,375603872,연남동,방탈출
옐로우미플,http://instagram.com/cafe_yellowmeeple,"스포츠,오락>보드카페",,,서울특별시 마포구 연남동 383-38 3층 전체,서울특별시 마포구 연희로1길 45 3층 전체,1269259668,375610467,연남동,보드게임카페
홈즈앤루팡24 오티티 <b>보드게임</b> 플러스 연남점,http://pf.kakao.com/_jAWxgn,"스포츠,오락>보드카페",,,"서울특별시 마포구 연남동 390-75 2층,3층,4층","서울특별시 마포구 동교로38안길 24 2층,3층,4층",1269252118,375621494,연남동,보드게임카페
옐로우스타<b>게임</b>즈 <b>보드게임</b>샵,https://blog.naver.com/yellow-meeple,"쇼핑,유통>장난감",,,"서울특별시 마포구 연남동 373-10 4층, 5층","서울특별시 마포구 동교로 227-11 4층, 5층",1269235147,375607759,연남동,보드게임카페
수영당구클럽,,"스포츠,오락>당구장",,,서울특별시 마포구 연남동 226-14 2층,서울특별시 마포구 연희로 39 2층,1269272582,375623946,연남동,당구장
플레이타임,,"키즈카페,실내놀이터",,,서울특별시 서대문구 창천동 30-33,서울특별시 서대문구 신촌로 83,1269358309,375560845,연남동,키즈카페
우노골프키즈룸,https://www.instagram.com/unoparty_?utm_source=ig_web_button_share_sheet&igsh=ZDNlZDc0MzIxNw==,"서비스,산업>장소대여",,,서울특별시 마포구 성산동 165-38 지하 1층,서울특별시 마포구 월드컵북로 197 지하 1층,1269067494,375683918,연남동,키즈카페
디너프 연남,https://www.instagram.com/dinnuff2025,"서비스,산업>장소대여",,,서울특별시 마포구 연남동 385-3 3층 루프탑,서울특별시 마포구 동교로46길 27 3층 루프탑,1269262932,375622774,연남동,노래방
모넨트,https://www.instagram.com/monent__.__,"서비스,산업>장소대여",,,서울특별시 마포구 연남동 226-29 4층 402호,서울특별시 마포구 성미산로 195 4층 402호,1269268570,375627252,연남동,노래방
연남노래연습장,,"스포츠,오락>노래방",,,서울특별시 마포구 연남동 228-47,서울특별시 마포구 동교로 248-2,1269245026,375621038,연남동,노래방
M노래연습장,,"스포츠,오락>노래방",,,서울특별시 마포구 연남동 228-20 2층,서울특별시 마포구 동교로 266 2층,1269254706,375631548,연남동,노래방
샘피시방,,"스포츠,오락>PC방",,,서울특별시 마포구 연남동 226-14,서울특별시 마포구 연희로 39,1269271585,375624100,연남동,PC방
오성건강랜드,,"생활,편의>찜질방",,,서울특별시 서대문구 남가좌동 105-1 창덕에버빌,서울특별시 서대문구 모래내로 143 창덕에버빌,1269174440,375694770,연남동,찜질방
랜디스도넛 연남점,https://www.instagram.com/randysdonuts1952kr/,"음식점>카페,디저트>도넛",,,서울특별시 마포구 연남동 258-3,서울특별시 마포구 동교로 247,1269242188,375620628,연남동,카페
우마이당고 연남 이치,https://www.instagram.com/umai_dango_?igsh=MTBhZ2dveDJqMHpzZw==,"음식점>카페,디저트",,,서울특별시 마포구 연남동 382-29 1층 우마이당고,서울특별시 마포구 동교로38길 34 1층 우마이당고,1269256081,375614555,연남동,카페
코리코<b>카페</b> 연남점,https://www.instagram.com/cafe_koriko/,"음식점>카페,디저트",,,서울특별시 마포구 연남동 223-96 대원미디어 연남점,서울특별시 마포구 성미산로 165-7 대원미디어 연남점,1269247638,375650670,연남동,카페
버터앤쉘터 연남점,https://butterandshelter.com/,"음식점>카페,디저트",,,서울특별시 마포구 연남동 239-39 102호,서울특별시 마포구 성미산로 170 102호,1269245885,375641717,연남동,카페
코코로카라,http://kokorokara.store,"카페,디저트>베이커리",,,서울특별시 마포구 연남동 568-15,서울특별시 마포구 연남로1길 41,1269209445,375598025,연남동,카페
미쁘동 연남본점,https://www.mibbedong.com/,음식점>일식>일식당,,,서울특별시 마포구 연남동 384-7 2층,서울특별시 마포구 동교로38길 33-21 2층,1269262048,375621119,연남동,맛집
<b>연남동</b> 베르데,https://www.threads.net/@mexicangrill_verde,"음식점>멕시코,남미음식",,,서울특별시 마포구 연남동 387-13 1층,서울특별시 마포구 동교로 262-6 1층,1269254674,375628233,연남동,맛집
연하동 연남본점,https://www.instagram.com/yeonhadong,음식점>일식>일식당,,,서울특별시 마포구 연남동 373-15,서울특별시 마포구 연남로 6,1269235360,375604990,연남동,맛집
카쿠시타,http://www.instagram.com/kakusita_izakaya,술집>이자카야,,,서울특별시 마포구 연남동 390-30 지하1층,서울특별시 마포구 동교로38길 33-15 지하1층,1269261158,375618788,연남동,술집
미쁘동 연남2호점,https://www.mibbedong.com/,음식점>일식>일식당,,,"서울특별시 마포구 연남동 384-8 지1층, 1층","서울특별시 마포구 동교로38길 33-20 지1층, 1층",1269263137,375620883,연남동,술집
평화연남,https://www.instagram.com/pyeonghwa_yeonnam_official,"한식>곱창,막창,양",,,서울특별시 마포구 연남동 228-41,서울특별시 마포구 동교로 254-1,1269247428,375625103,연남동,술집
야키토리 고꼬연남,https://www.instagram.com/yakitori_gokko_yn,술집>이자카야,,,서울특별시 마포구 연남동 257-7 1층 101호,서울특별시 마포구 성미산로26길 41 1층 101호,1269234902,375621871,연남동,술집
삐딱 연남점,https://app.catchtable.co.kr/ct/shop/bbiddak_yeonnam?from=share&type=WAITING,술집>요리주점,,,서울특별시 마포구 연남동 260-48 1층,서울특별시 마포구 동교로34길 6 1층,1269246903,375609610,연남동,술집
짱<b>오락실</b> 상암동 메가박스점,https://blog.naver.com/co-zzang,"스포츠,오락>오락실",,,서울특별시 마포구 성산동 515-3,,1268979207,375690362,성산동,오락실
OX코인노래연습장 <b>마포구</b>청점,http://pf.kakao.com/_aUlxob,오락시설>노래방,,,서울특별시 마포구 성산동 592-2 2층,서울특별시 마포구 월드컵로34길 6 2층,1269031513,375646443,성산동,오락실
충암<b>볼링장</b>,,"스포츠,오락>볼링장",,,서울특별시 서대문구 남가좌동 1-2,서울특별시 서대문구 명지대길 103,1269228294,375846200,성산동,볼링장
한큐<b>당구장</b>,,"스포츠,오락>당구장",,,서울특별시 마포구 성산동 593-5 지하1층 B01호,서울특별시 마포구 모래내로3길 11 지하1층 B01호,1269045512,375649450,성산동,당구장
근영<b>당구장</b>,,"스포츠,오락>당구장",,,서울특별시 마포구 성산동 157-3 602호,서울특별시 마포구 월드컵북로 207 602호,1269056503,375688012,성산동,당구장
스킬<b>당구장</b>,,"스포츠,오락>당구장",,,서울특별시 마포구 성산동 292-2 4층,서울특별시 마포구 성미산로 4 4층,1269088959,375580370,성산동,당구장
<b>마포구</b>성산<b>당구장</b>아카데미,https://maposportal.or.kr/,"스포츠,오락>당구장",,,서울특별시 마포구 성산동 533-1 2층,서울특별시 마포구 월드컵로 235 2층,1268985079,375651985,성산동,당구장
퀸<b>당구장</b>,,"스포츠,오락>당구장",,,서울특별시 마포구 성산동 592-4 2층 퀸당구장,서울특별시 마포구 모래내로1길 3 2층 퀸당구장,1269038944,375645578,성산동,당구장
고브이알,http://govr.kr/,소프트웨어개발>가상현실,,,서울특별시 마포구 상암동 1605 연구개발타워 1105-11호,서울특별시 마포구 월드컵북로 396 연구개발타워 1105-11호,1268898190,375793419,성산동,VR체험
점핑하우스,,"키즈카페,실내놀이터",,,서울특별시 마포구 성산동 160-4 경언빌딩 지하1층 점핑하우스,서울특별시 마포구 월드컵로36길 50 경언빌딩 지하1층 점핑하우스,1269056760,375682935,성산동,키즈카페
세븐스타 코인노래연습장 <b>마포구</b>청역점,,오락시설>노래방,,,서울특별시 마포구 성산동 591-4 대명비첸시티오피스텔 202호,서울특별시 마포구 월드컵로 196 대명비첸시티오피스텔 202호,1269026425,375647322,성산동,노래방
탑<b>노래방</b>,,"스포츠,오락>노래방",,,서울특별시 마포구 성산동 251-12,서울특별시 마포구 성미산로 5,1269089009,375583131,성산동,노래방
2차는노래연습장,,"스포츠,오락>노래방",,,서울특별시 마포구 성산동 266-16 지하 1층,서울특별시 마포구 월드컵로30길 5 지하 1층,1269057602,375614161,성산동,노래방
하모니<b>노래방</b>,,"스포츠,오락>노래방",,,서울특별시 마포구 성산동 200-1,서울특별시 마포구 월드컵북로 190,1269078561,375683406,성산동,노래방
라이또<b>PC방</b> 마포성산점,,"스포츠,오락>PC방",,,서울특별시 마포구 성산동 593-10 태림센 트윈상암 지하1층 비101호,서울특별시 마포구 모래내로3길 3 태림센 트윈상암 지하1층 비101호,1269054847,375644913,성산동,PC방
탑플레이스 <b>PC방</b>,,"스포츠,오락>PC방",,,서울특별시 마포구 성산동 20-12,서울특별시 마포구 월드컵북로16길 27,1269158497,375631684,성산동,PC방
제우스PC 성산점,,"스포츠,오락>PC방",,,서울특별시 마포구 성산동 601 지하1층,서울특별시 마포구 월드컵북로30길 13 지하1층,1269083506,375686066,성산동,PC방
아이넷퍼펙트,http://inetperfect.com,"스포츠,오락>PC방",,,서울특별시 마포구 성산동 251-31,서울특별시 마포구 성미산로 11,1269094060,375584327,성산동,PC방
마나피시존,,"스포츠,오락>PC방",,,서울특별시 마포구 성산동 292-2 석원빌딩 2층,서울특별시 마포구 성미산로 4 석원빌딩 2층,1269089100,375580400,성산동,PC방
월드컵스파랜드24,,"생활,편의>찜질방",,,서울특별시 마포구 성산동 515,서울특별시 마포구 월드컵로 240,1268976667,375673149,성산동,찜질방
리치몬드 과자점 성산본점,https://www.instagram.com/richemont_patisserie/,"카페,디저트>베이커리",,,서울특별시 마포구 성산동 114-5,서울특별시 마포구 월드컵북로 86,1269156754,375613259,성산동,카페
배스킨라빈스 <b>마포구</b>청역,https://blog.naver.com/brgirl31/,"카페,디저트>아이스크림",,,서울특별시 마포구 성산동 266-13,서울특별시 마포구 월드컵로 150,1269056334,375613546,성산동,카페
캘리포니아도넛클럽 성산 직영점,https://www.instagram.com/californiadonutclub?igsh=Nm42b3pzcGd0Mm92,"카페,디저트>도넛",,,서울특별시 마포구 성산동 17-13 1층 간판없는 통유리 매장,서울특별시 마포구 월드컵북로16길 30 1층 간판없는 통유리 매장,1269159232,375629488,성산동,카페
투썸플레이스 <b>마포구</b>청점,,"카페,디저트>카페",,,서울특별시 마포구 성산동 590-1 1층,서울특별시 마포구 월드컵로36길 14 1층,1269028563,375658940,성산동,카페
이디야커피 상암홈플러스점,https://blog.naver.com/ediya-coffee,"카페,디저트>카페",,,서울특별시 마포구 성산동 515 2층 이디야커피,서울특별시 마포구 월드컵로 240 2층 이디야커피,1268985092,375676750,성산동,카페
찌개의정석 마포<b>성산동</b>점,,"한식>백반,가정식",,,서울특별시 마포구 성산동 54-1,서울특별시 마포구 월드컵북로23길 9,1269117889,375645025,성산동,맛집
피자 스피릿,,음식점>피자,,,서울특별시 마포구 성산동 260-2 금수빌딩 1층 피자스피릿,서울특별시 마포구 월드컵로 134 금수빌딩 1층 피자스피릿,1269068458,375600087,성산동,맛집
우리바다수산,,한식>생선회,,,서울특별시 마포구 성산동 649-5,서울특별시 마포구 월드컵로 102,1269089111,375577265,성산동,맛집
노브랜드버거 메가박스상암점,https://www.shinsegaefood.com/nobrandburger/index.sf,음식점>양식>햄버거,,,서울특별시 마포구 성산동 515 메가박스 1층,서울특별시 마포구 월드컵로 240 메가박스 1층,1268972733,375682553,성산동,맛집
베이직프라이드치킨,https://베이직프라이드치킨.com,"술집>맥주,호프",,,서울특별시 마포구 성산동 260-8 1층,서울특별시 마포구 월드컵로 140 1층,1269064630,375605027,성산동,술집
춘향골남원추어탕 <b>마포구</b>청점,http://chunhyanggol.com/,한식>추어탕,,,서울특별시 마포구 성산동 590-2 삼라마이다스 109~111호,서울특별시 마포구 월드컵로36길 18 삼라마이다스 109~111호,1269035110,375663106,성산동,술집
살롱 드 상상,https://app.catchtable.co.kr/ct/shop/sangsang_salon,술집>와인,,,서울특별시 마포구 성산동 103-20 더위빌딩 1층 살롱드상상,서울특별시 마포구 월드컵북로15길 20 더위빌딩 1층 살롱드상상,1269130097,375629459,성산동,술집
섭스,https://blog.naver.com/seobs_bar,술집>바(BAR),,,서울특별시 마포구 성산동 3-24 주차장 안쪽 녹색문 (지하),서울특별시 마포구 연남로11길 52 주차장 안쪽 녹색문 (지하),1269160741,375653227,성산동,술집
금별맥주 <b>마포구</b>청점,,"술집>맥주,호프",,,서울특별시 마포구 성산동 592-2 2층 금별맥주,서울특별시 마포구 월드컵로34길 6 2층 금별맥주,1269030134,375646091,성산동,술집
럭키코인동전노래연습장,,오락시설>노래방,,,서울특별시 마포구 상암동 35-1,서울특별시 마포구 월드컵북로44길 49,1268947454,375768334,상암동,오락실
뽀뽑기,,"스포츠,오락>오락실",,,서울특별시 마포구 상암동 14-7,서울특별시 마포구 매봉산로2길 34,1268954674,375777154,상암동,오락실
쿠보 DMC점,,"스포츠,오락>오락실",,,서울특별시 마포구 상암동 5-6 1층,서울특별시 마포구 매봉산로2길 27 1층,1268954024,375780060,상암동,오락실
도전<b>볼링장</b>,http://www.instagram.com/dojeon_bowling,"스포츠,오락>볼링장",,,서울특별시 강서구 염창동 310 아네스트염창 지하 1층 도전볼링장,서울특별시 강서구 공항대로 593 아네스트염창 지하 1층 도전볼링장,1268715382,375481453,상암동,볼링장
몬스터볼,https://www.instagram.com/monsterbowling_gs?igsh=MWlhZ3VtMjg1dDh6bQ%3D%3D&utm_source=qr,"스포츠,오락>볼링장",,,서울특별시 강서구 등촌동 700 플러스존빌딩 지하1층,서울특별시 강서구 공항대로41길 34 플러스존빌딩 지하1층,1268457076,375593002,상암동,볼링장
주영볼링센터,,"스포츠,오락>볼링장",,,서울특별시 강서구 가양동 1480-8 주영빌딩,서울특별시 강서구 양천로 461 주영빌딩,1268521952,375629763,상암동,볼링장
포커스볼링센터,https://www.instagram.com/focusbowling,"스포츠,오락>볼링장",,,서울특별시 강서구 염창동 263-2 태진가람상가(아파트) 지하1층,서울특별시 강서구 양천로 706 태진가람상가(아파트) 지하1층,1268742000,375495583,상암동,볼링장
식스박스,https://www.6sixbox.com/,전문디자인>시각디자인,,,경기도 고양시 덕양구 화전동 646-6 중소기업벤처센터 212호,경기도 고양시 덕양구 항공대학로 76-5 중소기업벤처센터 212호,1268651773,375979000,상암동,방탈출
<b>보드게임카페</b> 레드버튼 망원역점,https://www.instagram.com/official_redbutton/,"스포츠,오락>보드카페",,,서울특별시 마포구 서교동 475-13 지하1층,서울특별시 마포구 월드컵로 74 지하1층,1269106262,375558144,상암동,보드게임카페
포퀸스<b>보드게임카페</b> 등촌점,https://blog.naver.com/4queensdc,"스포츠,오락>보드카페",,,서울특별시 강서구 등촌동 648-11 한울에이치벨리움 B-1 포퀸스 보드카페 등촌점,서울특별시 강서구 공항대로59가길 10 한울에이치벨리움 B-1 포퀸스 보드카페 등촌점,1268643083,375519582,상암동,보드게임카페
나우<b>보드게임카페</b>,https://blog.naver.com/now_boardgamecafe,"스포츠,오락>보드카페",,,서울특별시 서대문구 북가좌동 304-37 2층,서울특별시 서대문구 거북골로 184 2층,1269104185,375775558,상암동,보드게임카페
레인보우 <b>당구장</b>,,"스포츠,오락>당구장",,,서울특별시 마포구 상암동 1499,서울특별시 마포구 성암로13길 44,1268972819,375762582,상암동,당구장
토토<b>당구장</b>,,"스포츠,오락>당구장",,,서울특별시 마포구 상암동 15-29,서울특별시 마포구 월드컵북로48길 19,1268947290,375771313,상암동,당구장
369당구클럽,,"스포츠,오락>당구장",,,서울특별시 마포구 상암동 35-7 지하1층,서울특별시 마포구 월드컵북로44길 39 지하1층,1268949895,375764694,상암동,당구장
밀당 당구클럽,,"스포츠,오락>당구장",,,서울특별시 마포구 상암동 4-2 효인빌딩3층,서울특별시 마포구 매봉산로2길 15 효인빌딩3층,1268949775,375785265,상암동,당구장
<b>만화</b>속세상,,오락시설>만화방,,,서울특별시 양천구 목동 602-11,서울특별시 양천구 목동중앙북로7길 6,1268672793,375483153,상암동,만화카페
어깨동무스토리움,https://ekdmstoryum.org/index.php,"여행,명소>박물관",,,서울특별시 마포구 상암동 1762,서울특별시 마포구 월드컵로 386,1268866957,375749728,상암동,키즈카페
서울형<b>키즈카페</b> <b>마포구</b>상암점,https://icare.seoul.go.kr/icare/index.do,"키즈카페,실내놀이터",,,서울특별시 마포구 상암동 1686,서울특별시 마포구 상암산로1길 71,1268836867,375805628,상암동,키즈카페
베베마망키즈,https://www.instagram.com/bebemamankids,"서비스,산업>장소대여",,,서울특별시 마포구 상암동 1580 지하1층 B101호 (A동 방향),서울특별시 마포구 성암로 330 지하1층 B101호 (A동 방향),1268858564,375847380,상암동,키즈카페
고양풀스윙배팅센터,https://blog.naver.com/fullswing1121,"스포츠,오락>스포츠시설",,,경기도 고양시 덕양구 화전동 234-7,경기도 고양시 덕양구 중앙로78번안길 119,1268752443,376002637,상암동,스크린야구
리얼<b>야구</b>존 강서구청점,http://www.realyagu.co.kr/html/store_info.php,스포츠시설>스크린야구장,,,서울특별시 강서구 화곡동 1117-7 4층,서울특별시 강서구 공항대로46길 90 4층,1268506945,375523622,상암동,스크린야구
레전드<b>야구</b>존 강서화곡점,http://www.heatbat.com/,"스포츠,오락>야구연습장",,,"서울특별시 강서구 화곡동 1120-13 2층, 3층","서울특별시 강서구 화곡로58길 22-3 2층, 3층",1268520433,375525767,상암동,스크린야구
<b>야구</b>스타 가양스타디움,http://yagustar.com/,스포츠시설>스크린야구장,,,서울특별시 강서구 가양동 1498 한강자이타워 B동 210호,서울특별시 강서구 양천로 401 한강자이타워 B동 210호,1268489667,375651083,상암동,스크린야구
K POP STAR 노래연습장,,"스포츠,오락>노래방",,,서울특별시 마포구 상암동 17-7 2층,서울특별시 마포구 월드컵북로44길 46 2층,1268950464,375768045,상암동,노래방
TJ미디어 본사,https://smartstore.naver.com/tjmediacorp,"쇼핑,유통>영상,음향가전",,,서울특별시 마포구 상암동 1590 상암IT Tower 8층,서울특별시 마포구 월드컵북로 434 상암IT Tower 8층,1268859019,375816562,상암동,노래방
슈퍼스타<b>노래방</b>,,"스포츠,오락>노래방",,,서울특별시 마포구 상암동 16-5,서울특별시 마포구 월드컵북로44길 50,1268948925,375769051,상암동,노래방
스페셜노래연습장,,"스포츠,오락>노래방",,,서울특별시 마포구 상암동 13-10,서울특별시 마포구 월드컵북로48길 31,1268952301,375773756,상암동,노래방
레벨업<b>PC방</b> 상암점,,"스포츠,오락>PC방",,,서울특별시 마포구 상암동 1593 2층 202호,서울특별시 마포구 월드컵북로56길 9 2층 202호,1268875839,375813771,상암동,PC방
긱스타 <b>PC방</b> 상암점,,"스포츠,오락>PC방",,,서울특별시 마포구 상암동 4-2 지하1층,서울특별시 마포구 매봉산로2길 15 지하1층,1268949810,375785077,상암동,PC방
피사모,http://cafe.daum.net/pissamo,"친목,모임>클럽,동호회",,,서울특별시 마포구 상암동 1736 1010동 403호,서울특별시 마포구 월드컵북로 502-36 1010동 403호,1268821970,375856385,상암동,PC방
베뉴지아쿠아24,https://blog.naver.com/venuegfitness,"생활,편의>찜질방",,,서울특별시 강서구 화곡동 1095 지하2층 베뉴지아쿠아&베뉴지피트니스,서울특별시 강서구 화곡로 347 지하2층 베뉴지아쿠아&베뉴지피트니스,1268513356,375547094,상암동,찜질방
1인 세신샵 결 화곡점,https://blog.naver.com/ssuk2116,"생활,편의>목욕,찜질",,,서울특별시 강서구 화곡동 980-21 강서아이파크 3층 312호,서울특별시 강서구 화곡로 296 강서아이파크 3층 312호,1268490472,375505813,상암동,찜질방
1인 세신샵 스파 비단,https://blog.naver.com/spamildahwagok,"생활,편의>목욕,찜질",,,서울특별시 강서구 화곡동 982-3 브라운도트호텔 지하1층 세신샵 비단,서울특별시 강서구 화곡로44가길 39 브라운도트호텔 지하1층 세신샵 비단,1268483124,375495875,상암동,찜질방
무한사우나,,"생활,편의>목욕탕,사우나",,,서울특별시 강서구 염창동 310 3동 B101호 무한사우나,서울특별시 강서구 공항대로 593 3동 B101호 무한사우나,1268715382,375481453,상암동,찜질방
코알라<b>클라이밍</b> 상암,https://www.instagram.com/koalaclimbing_sangam/,"스포츠,오락>암벽등반",,,서울특별시 마포구 상암동 1605 누리꿈스퀘어 디지털파빌리온 B1040호,서울특별시 마포구 월드컵북로 396 누리꿈스퀘어 디지털파빌리온 B1040호,1268909385,375797535,상암동,클라이밍
서울시산악문화체험센터(녹화장소 <b>클라이밍</b> 필히유선상담) 070-4112-9921,,장소대여>공유누리 개방자원,,,서울특별시 마포구 상암동 481-231,서울특별시 마포구 하늘공원로 112,1268799527,375692764,상암동,클라이밍
스타벅스 상암디지털큐브점,http://www.starbucks.co.kr/,"카페,디저트>카페",,,서울특별시 마포구 상암동 1647,서울특별시 마포구 상암산로 34,1268889264,375761352,상암동,카페
스타벅스 상암YTN점,http://www.starbucks.co.kr/,"카페,디저트>카페",,,서울특별시 마포구 상암동 1607,서울특별시 마포구 상암산로 76 (상암동),1268922104,375793142,상암동,카페
스타벅스 상암사보이시티점,http://www.starbucks.co.kr/,"카페,디저트>카페",,,서울특별시 마포구 상암동 1597,서울특별시 마포구 월드컵북로54길 17 (상암동),1268887854,375814622,상암동,카페
스타벅스 상암DMC점,http://www.starbucks.co.kr/,"카페,디저트>카페",,,"서울특별시 마포구 상암동 1654 DMC이안오피스텔1단지 102호,202호 ()","서울특별시 마포구 월드컵북로 375 DMC이안오피스텔1단지 102호,202호 (상암동)",1268908786,375776585,상암동,카페
폴 바셋 MBC몰 파크점,https://www.baristapaulbassett.co.kr/Index.pb,"카페,디저트>카페",,,서울특별시 마포구 상암동 1603 MBC Mall Park 103호,서울특별시 마포구 성암로 267 MBC Mall Park 103호,1268906949,375805707,상암동,카페
리우키친 상암점,https://smartstore.naver.com/mongoo,"도시락,컵밥>다이어트,샐러드",,,서울특별시 마포구 상암동 1601 케이지아이티센터,서울특별시 마포구 월드컵북로 402 케이지아이티센터,1268887835,375800689,상암동,맛집
맥도날드 상암DMC점,https://www.mcdonalds.co.kr/,양식>햄버거,,,서울특별시 마포구 상암동 1602,서울특별시 마포구 월드컵북로 400,1268896160,375805221,상암동,맛집
상암일미락,https://www.instagram.com/ilmirack_dining,한식>돼지고기구이,,,서울특별시 마포구 상암동 1493 상암일미락,서울특별시 마포구 성암로13길 40 상암일미락,1268972550,375763725,상암동,맛집
냅다청양집 상암직영점,http://www.instagram.com/cheongyangjip_sangam,"음식점>한식>육류,고기요리>돼지고기구이",,,서울특별시 마포구 상암동 14-9 1층,서울특별시 마포구 월드컵북로48길 30 1층,1268953094,375771509,상암동,맛집
전설의우대갈비 서울상암직영점,http://전설의우대갈비.com,"한식>육류,고기요리",,,"서울특별시 마포구 상암동 1605 누리꿈스퀘어 공동제작센타 2층 202호, 203호","서울특별시 마포구 월드컵북로 396 누리꿈스퀘어 공동제작센타 2층 202호, 203호",1268902224,375799066,상암동,맛집
츄라우미 상암점,,술집>요리주점,,,서울특별시 마포구 상암동 11-1,서울특별시 마포구 월드컵북로44길 76-11,1268938635,375779792,상암동,술집
용용선생 상암점,http://generalyongyong.com/,음식점>술집>요리주점,,,서울특별시 마포구 상암동 34-34 1층 용용선생 상암점,서울특별시 마포구 월드컵북로48길 8 1층 용용선생 상암점,1268943348,375766034,상암동,술집
하나마토 상암DMC,https://blogdexreview.space/b/47121bfa44,술집>요리주점,,,"서울특별시 마포구 상암동 19-12 1층, 2층","서울특별시 마포구 월드컵북로44길 16 1층, 2층",1268962634,375758865,상암동,술집
용왕님술상 상암본점,https://www.yongsul.com,한식>생선회,,,서울특별시 마포구 상암동 4-1 2층,서울특별시 마포구 매봉산로2길 9 2층,1268949024,375787398,상암동,술집
우곳간 상암점,https://app.catchtable.co.kr/ct/shop/woogokkan_sangam,술집>요리주점,,,"서울특별시 마포구 상암동 11-44 1층, 2층","서울특별시 마포구 월드컵북로44길 76-9 1층, 2층",1268938208,375778990,상암동,술집
오피스알파사무용품,,"쇼핑,유통>문구,팬시용품",,,서울특별시 마포구 신공덕동 167 메트로디오빌빌딩 지하1층,서울특별시 마포구 백범로 199 메트로디오빌빌딩 지하1층,1269528469,375435353,공덕동,문구점
아이스앤몬스터문구 청파점,,"쇼핑,유통>문구,팬시용품",,,서울특별시 마포구 공덕동 7-18 1층,서울특별시 마포구 효창원로 253-2 1층,1269634764,375499251,공덕동,문구점
현대문구,,"쇼핑,유통>문구,팬시용품",,,서울특별시 마포구 공덕동 456 르네상스타워 지하1층 B5호,서울특별시 마포구 만리재로 14 르네상스타워 지하1층 B5호,1269528484,375439870,공덕동,문구점
후르츠후라이,,"컴퓨터프로그래밍,정보서비스업>인터넷상거래",,,서울특별시 마포구 공덕동 115-13 201호,서울특별시 마포구 만리재로 80 201호,1269587611,375476270,공덕동,문구점
아톰문구센터,,"쇼핑,유통>문구,팬시용품",,,서울특별시 마포구 아현동 618-8,서울특별시 마포구 마포대로 179,1269548694,375503416,아현동,문구점
문구야놀자 아현점,https://www.playmoongu.com/,"도서,음반,문구>문구,팬시용품",,,서울특별시 마포구 아현동 777 상가4동 1층 142호,서울특별시 마포구 마포대로 195 상가4동 1층 142호,1269538000,375533695,아현동,문구점
빵꾸똥꾸문구야 마래푸점,,"도서,음반,문구>문구,팬시용품",,,서울특별시 마포구 아현동 777 마포래미안푸르지오아파트 1단지상가107호,서울특별시 마포구 마포대로 195 마포래미안푸르지오아파트 1단지상가107호,1269537594,375550212,아현동,문구점
캣냥닷컴,https://blog.naver.com/alien12,"쇼핑,유통>문구,팬시용품",,,서울특별시 마포구 아현동 331-21 1층 캣냥닷컴,서울특별시 마포구 신촌로34길 6 1층 캣냥닷컴,1269543890,375568803,아현동,문구점
알파 마포점,http://mapomall.alphachain.co.kr/,"쇼핑,유통>문구,팬시용품",,,서울특별시 마포구 도화동 555 한화오벨리스크 오피스텔동 지하1층,서울특별시 마포구 마포대로 33 한화오벨리스크 오피스텔동 지하1층,1269452002,375397698,도화동,문구점
알파 마포역점,http://alpha.co.kr/,"쇼핑,유통>문구,팬시용품",,,서울특별시 마포구 도화동 555 마포 한화 오벨리스크 지하1층 b112호,서울특별시 마포구 마포대로 33 마포 한화 오벨리스크 지하1층 b112호,1269454474,375399847,도화동,문구점
문구가득 공덕직영점,https://www.instagram.com/moongu_gadeuk,"쇼핑,유통>문구,팬시용품",,,서울특별시 마포구 도화동 556 SK허브그린빌딩 110호,서울특별시 마포구 마포대로 73 SK허브그린빌딩 110호,1269491423,375423568,도화동,문구점
현대문구매점,,"쇼핑,유통>문구,팬시용품",,,서울특별시 마포구 마포동 35-1,서울특별시 마포구 마포대로 15,1269441130,375387170,도화동,문구점
알파피오디,,"쇼핑,유통>문구,팬시용품",,,서울특별시 마포구 도화동 555,서울특별시 마포구 마포대로 33,1269459203,375395838,도화동,문구점
멀티플러스서강대점<b>노래방</b>,,"스포츠,오락>노래방",,,서울특별시 마포구 신수동 63-3,서울특별시 마포구 신촌로20길 51,1269386208,375530635,신수동,노래방
알파 서강대점,http://www.alpha.co.kr/,"쇼핑,유통>문구,팬시용품",,,서울특별시 마포구 신수동 34-12,서울특별시 마포구 백범로 72,1269396298,375486886,신수동,문구점
오피스넥스 마포점,http://www.officenex.com/,"도서,음반,문구>문구,팬시용품",,,서울특별시 마포구 신수동 31-1 신서강빌딩 지하 1층,서울특별시 마포구 백범로 71 신서강빌딩 지하 1층,1269397253,375491391,신수동,문구점
문구가득 3호숲길점,https://youtube.com/channel/UC0J8ZVhb--ORHmJsVr22Chg?si=dNGmzSIRWhUhcRlv,"쇼핑,유통>문구,팬시용품",,,서울특별시 마포구 신수동 88-130,,1269381069,375494161,신수동,문구점
코모스유통,http://www.komosfcm.com/,"쇼핑,유통>문구,팬시용품",,,서울특별시 마포구 신수동 448-6 503호,서울특별시 마포구 토정로 222 503호,1269352956,375444976,신수동,문구점
문구는못말려 신촌숲아이파크점,,"쇼핑,유통>문구,팬시용품",,,서울특별시 마포구 신수동 462 상가동 1층 115호,서울특별시 마포구 광성로 17 상가동 1층 115호,1269332542,375512441,신수동,문구점
서강서림,,"쇼핑,유통>문구,팬시용품",,,서울특별시 마포구 대흥동 22-60 곤자가프라자 B1층,서울특별시 마포구 고산16길 58 곤자가프라자 B1층,1269438374,375521526,대흥동,문구점
문구야놀자 마포점,https://www.playmoongu.com/,"도서,음반,문구>문구,팬시용품",,,서울특별시 마포구 대흥동 8-2 1층,서울특별시 마포구 숭문길 141 1층,1269465140,375525931,대흥동,문구점
신창문구 염리점,,"쇼핑,유통>문구,팬시용품",,,서울특별시 마포구 염리동 159-3,서울특별시 마포구 백범로 136,1269460234,375459113,염리동,문구점
아이스앤몬스터문구 용강초점,,"쇼핑,유통>문구,팬시용품",,,서울특별시 마포구 염리동 178-10 103호,서울특별시 마포구 백범로17길 14 103호,1269440217,375476562,염리동,문구점
문구찾기 신촌점,,"쇼핑,유통>문구,팬시용품",,,서울특별시 마포구 창전동 2-27 1층 문구찾기,서울특별시 마포구 서강로11길 10 1층 문구찾기,1269329804,375534069,서강동,문구점
카카오프렌즈 홍대플래그십 스토어,https://store.kakao.com/kakaofriends,"도서,음반,문구>문구,팬시용품",,,서울특별시 마포구 동교동 165-5 좋은사람들빌딩 1~3층,서울특별시 마포구 양화로 162 좋은사람들빌딩 1~3층,1269237918,375565115,서교동,문구점
아트박스 홍대AK점,https://www.poom.co.kr/,"쇼핑,유통>문구,팬시용품",,,서울특별시 마포구 동교동 190-1 AK플라자 홍대 1층,서울특별시 마포구 양화로 188 AK플라자 홍대 1층,1269267785,375574453,서교동,문구점
상상마당 디자인스퀘어,https://www.sangsangmadang.com/,"쇼핑,유통>문구,팬시용품",,,서울특별시 마포구 서교동 367-5 상상마당빌딩,서울특별시 마포구 어울마당로 65 상상마당빌딩,1269210630,375509678,서교동,문구점
케이팝 스퀘어 홍대,https://linefriendssquare.com/,"도서,음반,문구>문구,팬시용품",,,서울특별시 마포구 동교동 160-5,서울특별시 마포구 양화로 141,1269215488,375555312,서교동,문구점
홍대AK 시나모롤MD,,"쇼핑,유통>문구,팬시용품",,,서울특별시 마포구 동교동 190-1,서울특별시 마포구 양화로 188,1269267785,375574451,서교동,문구점
멜론노래연습장,,"스포츠,오락>노래방",,,서울특별시 마포구 합정동 410-2 지하 1층,서울특별시 마포구 독막로 55 지하 1층,1269194474,375480697,합정동,노래방
핫트랙스 합정점,http://www.hottracks.co.kr/company,"도서,음반,문구>문구,팬시용품",,,서울특별시 마포구 합정동 472 딜라이트스퀘어1차 지하2층,서울특별시 마포구 월드컵로1길 14 딜라이트스퀘어1차 지하2층,1269121340,375501232,합정동,문구점
02동아,,"쇼핑,유통>문구,팬시용품",,,서울특별시 마포구 합정동 426-17,서울특별시 마포구 양화로3길 72,1269109885,375521162,합정동,문구점
리코더팩토리,https://www.recorder-fac.store/,"쇼핑,유통>문구,팬시용품",,,"서울특별시 마포구 합정동 369-7 1-2층, 리코더팩토리","서울특별시 마포구 토정로 25 1-2층, 리코더팩토리",1269137322,375457315,합정동,문구점
ODOM,https://www.gongjangs.com,"쇼핑,유통>문구,팬시용품",,,서울특별시 마포구 합정동 370-10 1층,서울특별시 마포구 토정로3길 13 1층,1269142031,375462735,합정동,문구점
종이의 서재 by grape lab,http://www.instagram.com/grape.labb,"쇼핑,유통>문구,팬시용품",,,서울특별시 마포구 합정동 370-11 그레이프랩,서울특별시 마포구 토정로3길 11 그레이프랩,1269140764,375462080,합정동,문구점
뽑아가게,,"스포츠,오락>오락실",,,서울특별시 마포구 망원동 394-86,서울특별시 마포구 포은로 67,1269061052,375533156,망원동,오락실
수바코2,https://www.instagram.com/_subaco2,"쇼핑,유통>문구,팬시용품",,,서울특별시 마포구 망원동 414-16 1층 소품가게 수바코,서울특별시 마포구 포은로 106 1층 소품가게 수바코,1269047993,375564692,망원동,문구점
수바코,http://www.subaco.kr,"쇼핑,유통>문구,팬시용품",,,서울특별시 마포구 망원동 410-8 상가1층2호,서울특별시 마포구 희우정로20길 66 상가1층2호,1269040013,375560595,망원동,문구점
웅크린선인장,http://instagram.com/lazycactus.woongjang,"쇼핑,유통>문구,팬시용품",,,서울특별시 마포구 망원동 404-39 1층,서울특별시 마포구 포은로 89 1층,1269051044,375550222,망원동,문구점
사모문구,,"쇼핑,유통>문구,팬시용품",,,서울특별시 마포구 망원동 378-2 지하1층,서울특별시 마포구 월드컵로 75 지하1층,1269100630,375556865,망원동,문구점
마이콩덕,https://smartstore.naver.com/mykongduck,"쇼핑,유통>문구,팬시용품",,,서울특별시 마포구 망원동 395-21 1층 좌측상가,서울특별시 마포구 희우정로10길 33 1층 좌측상가,1269057807,375533545,망원동,문구점
리훈맨션,https://blog.naver.com/rihoon,"쇼핑,유통>문구,팬시용품",,,서울특별시 마포구 연남동 239-45 지하1층,서울특별시 마포구 동교로41길 30 지하1층,1269235146,375636200,연남동,문구점
작은연필가게 흑심,http://blackheart.kr,"쇼핑,유통>문구,팬시용품",,,서울특별시 마포구 연남동 226-34 3층 301호,서울특별시 마포구 연희로 47 3층 301호,1269277593,375629678,연남동,문구점
오프디아리움,https://www.instagram.com/dia_rium/,"쇼핑,유통>문구,팬시용품",,,서울특별시 마포구 연남동 387-24 2.5층,서울특별시 마포구 동교로46길 14 2.5층,1269254871,375623362,연남동,문구점
플로팅,https://www.ploting.co.kr,"쇼핑,유통>문구,팬시용품",,,서울특별시 마포구 연남동 241-38 1층 102호,서울특별시 마포구 성미산로29길 40-16 1층 102호,1269225189,375653697,연남동,문구점
글리밍데이,https://www.instagram.com/gleaming_day,"쇼핑,유통>문구,팬시용품",,,서울특별시 마포구 연남동 387-25 1층 글리밍데이,서울특별시 마포구 동교로46길 16 1층 글리밍데이,1269255542,375622509,연남동,문구점
럭스피시방,,"스포츠,오락>PC방",,,서울특별시 마포구 성산동 253-3 사울빌딩,서울특별시 마포구 성미산로1길 21 사울빌딩,1269080245,375590178,성산동,PC방
알파 <b>마포구</b>청점,,"쇼핑,유통>문구,팬시용품",,,서울특별시 마포구 성산동 593-1 2층 알파문구,서울특별시 마포구 월드컵로34길 14 2층 알파문구,1269039832,375651741,성산동,문구점
모닝글로리 마포중앙도서관점,,"쇼핑,유통>문구,팬시용품",,,서울특별시 마포구 성산동 275-3 마포중앙도서관 지1층 6호,서울특별시 마포구 성산로 128 마포중앙도서관 지1층 6호,1269081830,375639588,성산동,문구점
하루화방,https://www.instagram.com/haru.art.shop,"쇼핑,유통>문구,팬시용품",,,서울특별시 마포구 성산동 244-6 1층,서울특별시 마포구 성미산로 39 1층,1269123931,375590535,성산동,문구점
성서문구,,"쇼핑,유통>문구,팬시용품",,,서울특별시 마포구 성산동 81-107,서울특별시 마포구 성산로4길 46,1269092875,375634749,성산동,문구점
오 스토어,https://www.instagram.com/ohstore_official?igsh=azM5c21hMXYza2tr,"쇼핑,유통>문구,팬시용품",,,서울특별시 마포구 성산동 249-13 101호,서울특별시 마포구 성미산로3길 24 101호,1269093176,375594477,성산동,문구점
오피스디포 상암DMC점,http://www.officedepot.co.kr,"도서,음반,문구>문구,팬시용품",,,서울특별시 마포구 상암동 1596 상암DMC푸르지오시티. S-City,서울특별시 마포구 월드컵북로54길 25 상암DMC푸르지오시티. S-City,1268887912,375818848,상암동,문구점
알파 상암점,http://www.alpha.co.kr/,"쇼핑,유통>문구,팬시용품",,,서울특별시 마포구 상암동 1601 KGIT 센터,서울특별시 마포구 월드컵북로 402 KGIT 센터,1268892965,375798005,상암동,문구점
드림디포 상암점,http://www.dreamdepot.co.kr/,"쇼핑,유통>문구,팬시용품",,,서울특별시 마포구 상암동 1652 KBS미디어센타,서울특별시 마포구 매봉산로 45 KBS미디어센타,1268910025,375764311,상암동,문구점
드림오피스 상암DMC점,http://www.dreamoffice.com/,"쇼핑,유통>문구,팬시용품",,,"서울특별시 마포구 상암동 1605 누리꿈스퀘어 지하1층 B1060, 1062호","서울특별시 마포구 월드컵북로 396 누리꿈스퀘어 지하1층 B1060, 1062호",1268902833,375794453,상암동,문구점
문구야놀자 상암하늘초점,https://playmoongu.com/,"도서,음반,문구>문구,팬시용품",,,서울특별시 마포구 상암동 1740 월드컵파크프라자 116호,서울특별시 마포구 월드컵북로 502 월드컵파크프라자 116호,1268798702,375850443,상암동,문구점
양산도 공덕점,,음식점>일식>일식당,,,서울특별시 마포구 공덕동 476 공덕파크자이 101동 4호,서울특별시 마포구 백범로 152 공덕파크자이 101동 4호,1269484071,375447820,공덕동,공원
백킴뼈구이,,음식점>한식,,,서울특별시 마포구 공덕동 115-149 1층,서울특별시 마포구 만리재로 78-2 1층,1269586340,375475500,공덕동,공원
디오티티,https://catchtable.co.kr/dott,음식점>이탈리아음식,,,"서울특별시 마포구 신공덕동 2-350 -1, 지하 1층","서울특별시 마포구 임정로 47 -1, 지하 1층",1269575549,375441550,공덕동,공원
<b>공원</b>기사식당,,한식>기사식당,,,서울특별시 마포구 신공덕동 2-343,서울특별시 마포구 임정로 51,1269576048,375443916,공덕동,공원
타프나드,https://www.instagram.com/tapenade_,"음식점>카페,디저트",,,"서울특별시 마포구 공덕동 111-106 1층, 타프나드","서울특별시 마포구 만리재로 90 1층, 타프나드",1269592774,375481651,공덕동,공원
만리배수지<b>공원</b>,,"여행,명소>근린공원",,,서울특별시 마포구 아현동 87-7,서울특별시 마포구 환일7길 16,1269616001,375547437,아현동,공원
쌍룡산근린<b>공원</b>,,"여행,명소>근린공원",,,서울특별시 마포구 아현동 768,서울특별시 마포구,1269504197,375527962,아현동,공원
아현<b>공원</b>,,"여행,명소>근린공원",,,서울특별시 마포구 아현동 737-9,,1269567925,375528574,아현동,공원
쌍룡산어린이<b>공원</b>,,"레져,체육시설>공원",,,서울특별시 마포구 아현동,,1269503628,375521921,아현동,공원
아현어울림소<b>공원</b>,,"여행,명소>시민공원",,,서울특별시 마포구 아현동 804-3,서울특별시 마포구 신촌로28길 29,1269517976,375564805,아현동,공원
빽다방 마포복사꽃<b>공원</b>점,http://www.theborn.co.kr/tb/brand_no12.asp,"카페,디저트>테이크아웃커피",,,서울특별시 마포구 도화동 290-15,서울특별시 마포구 마포대로4길 16,1269464544,375387781,도화동,공원
언덕커피,https://www.instagram.com/unduk_coffee_official/,"음식점>카페,디저트",,,서울특별시 마포구 도화동 357 상가 13동 104호,서울특별시 마포구 새창로 52 상가 13동 104호,1269556332,375403435,도화동,공원
마포어린이<b>공원</b>,,"레져,체육시설>공원",,,서울특별시 마포구 마포동,,1269437629,375356000,도화동,공원
서울특별시서부<b>공원</b>녹지사업소 경의선숲길<b>공원</b> 커뮤니티센터,,"여행,명소>관리사무소",,,서울특별시 마포구 도화동 1-402,서울특별시 마포구 새창로 37,1269540882,375416651,도화동,공원
도화소어린이<b>공원</b>,,"레져,체육시설>공원",,,서울특별시 마포구 도화동,,1269455471,375411832,도화동,공원
현석마을마당,,"여행,명소>근린공원",,,서울특별시 마포구 현석동 159-3,서울특별시 마포구 신수로3길 3-11,1269335499,375422167,신수동,공원
국화정원,,"여행,명소>근린공원",,,서울특별시 마포구 현석동 225-2,서울특별시 마포구,1269345020,375430264,신수동,공원
신수어린이<b>공원</b>,,"레져,체육시설>공원",,,서울특별시 마포구 신수동,,1269339159,375503467,신수동,공원
브랜드살롱 <b>공원</b>,http://sinsutealers.com/park/,"생활,편의>친목,모임",,,서울특별시 마포구 신수동 81-63,서울특별시 마포구 백범로 40-3,1269373941,375510879,신수동,공원
아이오밀,https://www.instagram.com/i.o_meal,음식점>일식>일식당,,,서울특별시 마포구 대흥동 245-1 2층,서울특별시 마포구 백범로16안길 15-1 2층,1269429879,375464913,대흥동,공원
경의선<b>공원</b>,,"여행,명소>근린공원",,,서울특별시 마포구 대흥동 325-82,,1269431930,375462736,대흥동,공원
강릉엄지네꼬막집 마포점,https://umjine.com,"한식>해물,생선요리",,,서울특별시 마포구 대흥동 441-3 1층,서울특별시 마포구 독막로 273 1층,1269437717,375457617,대흥동,공원
독막소<b>공원</b>,,"여행,명소>근린공원",,,서울특별시 마포구 대흥동 807-1,서울특별시 마포구,1269438003,375544229,대흥동,공원
이대역교차로<b>공원</b> 대흥_옥외,,공중전화,,,서울특별시 마포구 대흥동 2-1,,1269464394,375566106,대흥동,공원
카츠하나비 공덕점,https://www.instagram.com/katsu_hanabi_,음식점>일식>돈가스,,,서울특별시 마포구 염리동 148-8 1층 우측호,서울특별시 마포구 백범로25길 1 1층 우측호(염리동),1269462429,375463027,염리동,공원
메디컬필라테스 마마 마포공덕점,http://www.medicalpilatesmama.com/,스포츠시설>필라테스,,,서울특별시 마포구 염리동 173-29 하나프라자 4층,서울특별시 마포구 토정로37길 41 하나프라자 4층,1269465913,375426801,염리동,공원
서울형키즈카페 <b>마포구</b> 쌍룡산근린<b>공원</b>점,,"키즈카페,실내놀이터",,,서울특별시 마포구 염리동 532-5,서울특별시 마포구 대흥로24바길 55,1269497226,375526934,염리동,공원
쌍룡산근린<b>공원</b>화장실,,화장실,,,서울특별시 마포구 염리동 24-101,,1269494783,375525118,염리동,공원
쌍룡산근린<b>공원</b> 개방화장실,,화장실,,,서울특별시 마포구 염리동 24-170,서울특별시 마포구 대흥로24바길 53,1269494074,375525201,염리동,공원
마포새빛문화숲,,"여행,명소>근린공원",,,서울특별시 마포구 당인동 1,서울특별시 마포구 토정로 56,1269181241,375440360,서강동,공원
와우<b>공원</b>배드민턴장,,"도시,테마공원>부속시설",,,서울특별시 마포구 창전동,,1269299349,375518566,서강동,공원
와우<b>공원</b>,,"여행,명소>근린공원",,,서울특별시 마포구 창전동 3-245,,1269289935,375517297,서강동,공원
서강나루<b>공원</b>,,"여행,명소>근린공원",,,서울특별시 마포구 창전동 165-5,,1269310000,375452833,서강동,공원
와우어린이<b>공원</b>,,"레져,체육시설>공원",,,서울특별시 마포구 상수동,,1269253281,375490401,서강동,공원
평화<b>공원</b>,,"여행,명소>근린공원",,,서울특별시 마포구 동교동 179-10,서울특별시 마포구 신촌로4길 5-25,1269298488,375573335,서교동,공원
홍익문화<b>공원</b>,,"여행,명소>도시,테마공원",,,서울특별시 마포구 서교동 359 그림동네,서울특별시 마포구 와우산로21길 19-3 그림동네,1269236847,375525112,서교동,공원
스머프 매직 포레스트 홍대점,https://www.smurfmagic.com,"여행,명소>테마파크",,,서울특별시 마포구 동교동 170-12 2층,서울특별시 마포구 어울마당로 151-1 2층,1269267002,375568543,서교동,공원
GS25 홍대<b>공원</b>점,,"생활,편의>편의점",,,서울특별시 마포구 동교동 170-27,서울특별시 마포구 양화로18안길 28,1269261851,375569566,서교동,공원
형제집,https://www.instagram.com/brotherhouse_seoul,술집>요리주점,,,서울특별시 마포구 합정동 438-2 1층 형제집,서울특별시 마포구 포은로 39 1층 형제집,1269072047,375510238,합정동,공원
CU 마포양화<b>공원</b>점,,"생활,편의>편의점",,,서울특별시 마포구 합정동 438-23 신성빌딩 () 신성빌딩,서울특별시 마포구 포은로 29 신성빌딩 (합정동) 신성빌딩,1269079825,375503391,합정동,공원
망원한강<b>공원</b>,,"여행,명소>시민공원",,,서울특별시 마포구 합정동 465-6,서울특별시 마포구,1269048790,375483278,합정동,공원
양화진역사<b>공원</b>,,"여행,명소>근린공원",,,서울특별시 마포구 합정동 139-21 양화진공영주차장,서울특별시 마포구 토정로 2 양화진공영주차장,1269111435,375455549,합정동,공원
망원 한강<b>공원</b>망원1주차장,,"교통,운수>공영주차장",,,서울특별시 마포구 합정동 352-5,,1269098979,375451239,합정동,공원
망원시장,https://mangwonmarket.com/,"쇼핑,유통>시장",,,서울특별시 마포구 망원동 414-109 2층,서울특별시 마포구 포은로6길 27 2층,1269060686,375565511,망원동,공원
스타벅스 망원한강<b>공원</b>점,http://www.starbucks.co.kr/,"카페,디저트>카페",,,서울특별시 마포구 망원동 205-5,서울특별시 마포구 마포나루길 435 (망원동),1268958256,375536122,망원동,공원
망원 한강<b>공원</b>,http://hangang.seoul.go.kr/archives/46737,"여행,명소>시민공원",,,서울특별시 마포구 망원동 205-4 한강공원망원지구사무소,서울특별시 마포구 마포나루길 467 한강공원망원지구사무소,1268952798,375553018,망원동,공원
메가MGC커피 마포시민<b>공원</b>점,,"카페,디저트>카페",,,서울특별시 마포구 망원동 419-3 1층 메가커피,서울특별시 마포구 망원로 19 1층 메가커피,1268990291,375562425,망원동,공원
정각 서울망원본점,https://www.instagram.com/jeonggak.happymeal,한식>돼지고기구이,,,서울특별시 마포구 망원동 399-7 2층 정각,서울특별시 마포구 망원로6길 57 2층 정각,1269040538,375544820,망원동,공원
경의선숲길,,"여행,명소>거리,골목",,,서울특별시 마포구 연남동,,1269229824,375619568,연남동,공원
경의선숲길<b>공원</b>,,"여행,명소>근린공원",,,서울특별시 마포구 연남동,,1269229824,375619568,연남동,공원
GS25 연남<b>공원</b>점,https://blog.naver.com/gs25friend,"생활,편의>편의점",,,서울특별시 마포구 연남동 257-23,서울특별시 마포구 동교로29길 32,1269232614,375618894,연남동,공원
느티어린이<b>공원</b>,,"레져,체육시설>공원",,,서울특별시 마포구 연남동,,1269188524,375596350,연남동,공원
은행나무어린이<b>공원</b>,,"레져,체육시설>공원",,,서울특별시 마포구 연남동,,1269222894,375646342,연남동,공원
문화비축기지,https://blog.naver.com/culturetank,"문화,예술>복합문화공간",,,서울특별시 마포구 성산동 670,서울특별시 마포구 증산로 87,1268941191,375711050,성산동,공원
평화의<b>공원</b>평화광장,,자연공원>부속시설,,,서울특별시 마포구 성산동 390-1,서울특별시 마포구 월드컵로 251,1268961082,375648162,성산동,공원
평화의<b>공원</b>주차장매표소,,"여행,명소>관리,안내",,,서울특별시 마포구 성산동 390-1,서울특별시 마포구 월드컵로 251,1268951374,375662583,성산동,공원
평화의<b>공원</b>모험놀이터,,자연공원>부속시설,,,서울특별시 마포구 성산동 390-1,서울특별시 마포구 월드컵로 243-48,1268962190,375619790,성산동,공원
성산근린<b>공원</b>,,"여행,명소>근린공원",,,서울특별시 마포구 성산동 산11-64,,1269111067,375619429,성산동,공원
하늘<b>공원</b>,,"여행,명소>자연,생태공원",,,서울특별시 마포구 상암동 481-72,서울특별시 마포구 하늘공원로 95,1268850630,375675623,상암동,공원
난지 한강<b>공원</b>,http://hangang.seoul.go.kr/archives/46777,"여행,명소>시민공원",,,서울특별시 마포구 상암동 487-116 한강공원 난지안내센터,서울특별시 마포구 한강난지로 162 한강공원 난지안내센터,1268744074,375672573,상암동,공원
상암 곱,https://www.instagram.com/we.are_gop,"한식>곱창,막창,양",,,서울특별시 마포구 상암동 8-3,서울특별시 마포구 매봉산로2안길 12-6,1268944124,375780851,상암동,공원
온타이키친,https://www.instagram.com/onthai_kitchen,음식점>태국음식,,,서울특별시 마포구 상암동 1597 사보이시티 B동 지하1층 B126호,서울특별시 마포구 월드컵북로54길 17 사보이시티 B동 지하1층 B126호,1268885484,375813243,상암동,공원
공중화장실,,화장실,,,서울특별시 마포구 대흥동 산1-30,서울특별시 마포구 백범로 35 서강대학교,1269422512,375535986,대흥동,공원
마포문화원,http://www.mapocc.or.kr/,"문화,예술>문화원",,,서울특별시 마포구 신공덕동 158 공덕동자치회관,서울특별시 마포구 백범로 227 공덕동자치회관,1269554853,375422421,공덕동,전시
KCC오토 메르세데스벤츠 마포<b>전시</b>장,http://www.kccauto.co.kr/ko/desktop/passenger-cars.html,"자동차>전시,판매",,,서울특별시 마포구 공덕동 105-99,서울특별시 마포구 마포대로 188,1269557507,375507823,공덕동,전시
바디프랜드 공덕 라운지,https://www.bodyfriend.co.kr/,"전자,가전>종합가전",,,서울특별시 마포구 공덕동 478 1층,서울특별시 마포구 백범로 170 1층,1269492420,375444545,공덕동,전시
캡스톤그룹,http://capstone-pco.com,"지원,대행>전시,행사대행",,,서울특별시 마포구 공덕동 370-4,서울특별시 마포구 백범로31길 19,1269497275,375466768,공덕동,전시
어머머프로포즈,http://umumupropose.creatorlink.net/,"지원,대행>이벤트,파티",,,서울특별시 마포구 공덕동 463,서울특별시 마포구 마포대로 173,1269544103,375498190,공덕동,전시
헤이웨이예이,https://smartstore.naver.com/heywayyay,"쇼핑,유통>종합도소매",,,서울특별시 마포구 신공덕동 174,서울특별시 마포구 만리재로 36,1269561781,375448143,공덕동,소품샵
어거스트21,,술집>와인,,,서울특별시 마포구 공덕동 242-4 소담빌딩 4층,서울특별시 마포구 마포대로12길 34 소담빌딩 4층,1269546897,375475135,공덕동,루프탑
프론티에르,,"서비스,산업>장소대여",,,서울특별시 마포구 공덕동 115-25 3층,서울특별시 마포구 만리재로 80-4 3층,1269587974,375477214,공덕동,루프탑
서울로7017,https://parks.seoul.go.kr/content.do?key=2605090001,지역명소>도보코스,,,서울특별시 중구 봉래동2가 122-14,서울특별시 중구 청파로 432,1269732427,375565284,공덕동,전망대
로그아웃,,"음식점>카페,디저트",,,서울특별시 마포구 마포동 388-5 9층,서울특별시 마포구 마포대로4다길 31 9층,1269443510,375356840,공덕동,야경
바 팔렛,https://www.instagram.com/bar.palate?igsh=MXQ0MTlveXB1a3AyYQ%3D%3D&utm_source=qr,술집>바(BAR),,,서울특별시 마포구 용강동 50-16 5F,서울특별시 마포구 마포대로1길 16 5F,1269431357,375397175,공덕동,야경
마포대교,,도로시설>교량명,,,서울특별시 영등포구 여의도동,,1269375033,375340684,공덕동,야경
구띠커피갤러리,,"음식점>카페,디저트",,,서울특별시 마포구 아현동 618-7 1층 구띠커피 와인하우스,서울특별시 마포구 마포대로 181 1층 구띠커피 와인하우스,1269549485,375504886,아현동,전시
바바리안 모터스 BMW 마포<b>전시</b>장,https://bavarian.co.kr/,"자동차>전시,판매",,,서울특별시 마포구 아현동 270-9,서울특별시 마포구 마포대로 227,1269566872,375543328,아현동,전시
에넥스 아현<b>전시</b>장,,"쇼핑,유통>가구",,,서울특별시 마포구 아현동 85-665,서울특별시 마포구 마포대로 264-1,1269594724,375569064,아현동,전시
현대자동차 아현대리점,https://www.hyundai.com/kr/ko/e/vehicles/purchase-consult/visit-consult?branchCode=DB01002,"쇼핑,유통>자동차",,,서울특별시 마포구 아현동 91-17,서울특별시 마포구 마포대로 268,1269597735,375571360,아현동,전시
인테리어필름보닥 마포<b>전시</b>장,,"쇼핑,유통>가구,인테리어",,,서울특별시 마포구 아현동 373-3 현대빌딩,서울특별시 마포구 마포대로 240 현대빌딩,1269579073,375552611,아현동,전시
굴레방커피,,"음식점>카페,디저트",,,서울특별시 마포구 아현동 332-7 1층,서울특별시 마포구 굴레방로7길 22 1층,1269542867,375563508,아현동,루프탑
네안데르,https://www.instagram.com/neander_lab,"지원,대행>전시,행사대행",,,서울특별시 마포구 대흥동 328-29 1층,서울특별시 마포구 독막로36길 10-6 1층,1269410531,375461170,대흥동,전시
마포아트센터,https://www.mfac.or.kr,"교육,학문>문화센터",,,서울특별시 마포구 대흥동 30-3 마포아트센터,서울특별시 마포구 대흥로20길 28 마포아트센터,1269455361,375498965,대흥동,전시
기고자,http://kigoja.net/,"문화,예술>전시관",,,서울특별시 마포구 대흥동 3-42 2층,서울특별시 마포구 대흥로28길 8 2층,1269463328,375552702,대흥동,전시
이화광고,http://www.sign114.net/,"광고,마케팅>옥외,전시광고",,,서울특별시 마포구 대흥동 202-1,서울특별시 마포구 백범로 108-1,1269433164,375470923,대흥동,전시
피카소현수막,http://www.banner1255.co.kr/,"광고,마케팅>옥외,전시광고",,,서울특별시 마포구 대흥동 449 5F,서울특별시 마포구 독막로 274 5F,1269436451,375455073,대흥동,전시
가에서울,https://www.instagram.com/gae_seoul,"음식점>카페,디저트",,,서울특별시 서대문구 창천동 57-59 1층,서울특별시 서대문구 연세로5가길 27 1층,1269351361,375572298,대흥동,소품샵
냥과자점,https://www.instagram.com/nyangbakery,"음식점>카페,디저트",,,서울특별시 마포구 서교동 328-11 냥과자점,서울특별시 마포구 와우산로29길 14-25 냥과자점,1269290239,375552662,대흥동,소품샵
Dear. 디어,https://mkt.shopping.naver.com/link/6843fab28dd273404b731a00,"가구,인테리어>인테리어소품",,,서울특별시 서대문구 대현동 34-51 1층 Dear.,서울특별시 서대문구 이화여대길 88-14 1층 Dear.,1269440568,375594297,대흥동,소품샵
수앤봄,https://www.instagram.com/sooandbom/,"가구,인테리어>인테리어소품",,,서울특별시 마포구 서교동 327-8 101호 201호 수앤봄,서울특별시 마포구 와우산로33길 5 101호 201호 수앤봄,1269299279,375551977,대흥동,소품샵
터프퍼프클럽,https://smartstore.naver.com/tuffpuffclub,"가구,인테리어>인테리어소품",,,서울특별시 마포구 동교동 187-3 1층,서울특별시 마포구 신촌로10길 22 1층,1269318789,375556791,대흥동,소품샵
썸이프,https://www.instagram.com/cafe_sumif,"음식점>카페,디저트",,,서울특별시 마포구 대흥동 245-13 2층&루프탑(3F),서울특별시 마포구 백범로16안길 3 2층&루프탑(3F),1269422151,375467144,대흥동,루프탑
쁘띠브루통,https://www.instagram.com/petit.breton.seoul,"카페,디저트>베이커리",,,"서울특별시 마포구 대흥동 241-24 2층, 3층","서울특별시 마포구 백범로16안길 25 2층, 3층",1269434719,375463654,대흥동,루프탑
오브젝트 서교점,http://insideobject.com,"쇼핑,유통>가정,생활용품",,,서울특별시 마포구 서교동 326-2,서울특별시 마포구 와우산로35길 13,1269298100,375557200,서교동,전시
4233마음센터 연남점,http://4233.kr,"문화,예술>전시관",,,서울특별시 마포구 동교동 204-45 지하1층,서울특별시 마포구 월드컵북로4길 43 지하1층,1269215823,375581868,서교동,전시
띠아트뮤지엄 홍대,https://www.instagram.com/thartmuseum/,"문화,예술>전시관",,,서울특별시 마포구 서교동 370-12,서울특별시 마포구 양화로16길 14-16,1269200478,375527617,서교동,전시
지엔씨미디어,https://www.instagram.com/wb_ddp/,"문화,예술>박람회,전시회",,,서울특별시 마포구 서교동 352-11 2층,서울특별시 마포구 동교로 156-4 2층,1269195291,375553808,서교동,전시
보그헤어 홍대점,https://k-beautyhair.com,미용>미용실,,,서울특별시 마포구 동교동 168-4 문정빌딩 3층 보그헤어 홍대점,서울특별시 마포구 양화로18안길 7 문정빌딩 3층 보그헤어 홍대점,1269250805,375568310,서교동,소품샵
메이드바이 홍대,https://smartstore.naver.com/itsmadeby,"가구,인테리어>인테리어소품",,,서울특별시 마포구 동교동 146-8 한국특허기술진흥원빌딩 1층,서울특별시 마포구 연희로 11 한국특허기술진흥원빌딩 1층,1269264252,375598492,서교동,소품샵
이와야 홍대,https://www.instagram.com/iwaya_inc,"가구,인테리어>인테리어소품",,,서울특별시 마포구 동교동 190-1 AK플라자 홍대 3F,서울특별시 마포구 양화로 188 AK플라자 홍대 3F,1269267785,375574453,서교동,소품샵
스테인20,https://smartstore.naver.com/stain20byyido,"가구,인테리어>인테리어소품",,,서울특별시 마포구 동교동 147-2 1층 103호,서울특별시 마포구 연희로 7 1층 103호,1269263901,375593995,서교동,소품샵
카페 공명 홍대점,https://youtu.be/55rgsDxLyAU?feature=shared,"음식점>카페,디저트",,,"서울특별시 마포구 서교동 409-15 1층, 2층, 3층","서울특별시 마포구 와우산로17길 11-8 1층, 2층, 3층",1269220185,375499077,서교동,루프탑
배터리88 홍대,https://www.instagram.com/battery.88/,술집>요리주점,,,서울특별시 마포구 서교동 362-9 1층,서울특별시 마포구 와우산로19길 6 1층,1269227607,375513451,서교동,루프탑
연남어부,https://app.catchtable.co.kr/ct/shop/fishermen_1987,한식>생선회,,,서울특별시 마포구 동교동 152-22 1층,서울특별시 마포구 동교로 220 1층,1269239427,375596869,서교동,루프탑
센트럴사이트 연남점,https://smartstore.naver.com/coffeesite,"음식점>카페,디저트",,,서울특별시 마포구 동교동 117-3 센트럴사이트,서울특별시 마포구 연희로 29-1 센트럴사이트,1269268517,375615490,서교동,루프탑
발코니가든,http://www.instagram.com/balconygardencafeseoul,"음식점>카페,디저트",,,서울특별시 마포구 동교동 170-38 4층,서울특별시 마포구 어울마당로 155-1 4층,1269271230,375569061,서교동,루프탑
카비넷,https://www.instagram.com/_kabinett_,술집>와인,,,"서울특별시 마포구 동교동 147-4 3층, 카비넷","서울특별시 마포구 연희로 3 3층, 카비넷",1269262029,375591255,서교동,야경
절두산순교성지,http://www.jeoldusan.or.kr/,"여행,명소>유적지,사적지",,,서울특별시 마포구 합정동 96-1,서울특별시 마포구 토정로 6,1269117967,375441361,합정동,전시
파티세리 로그,https://twitter.com/PatisserieLogue,"음식점>카페,디저트",,,서울특별시 마포구 합정동 410-10 1층,서울특별시 마포구 양화로6길 86 1층,1269188989,375482919,합정동,전시
스페이스 아크,http://www.instagram.com/space_ac_gallery/,"문화,예술>갤러리,화랑",,,"서울특별시 마포구 합정동 367-9 안쪽 마당, 1층","서울특별시 마포구 토정로3길 16 안쪽 마당, 1층",1269144597,375463127,합정동,전시
아트스페이스 합정,,"문화,예술>전시관",,,서울특별시 마포구 합정동 394-7,서울특별시 마포구 포은로 24,1269086566,375501174,합정동,전시
레인보우큐브,http://www.rainbowcube-space.co.kr/,"문화,예술>갤러리,화랑",,,서울특별시 마포구 합정동 91-27,서울특별시 마포구 토정로2길 6-19,1269129227,375448590,합정동,전시
메리모어,https://merrymore.kr,"가구,인테리어>인테리어소품",,,서울특별시 마포구 합정동 438-11 2층 (고향농산 건물),서울특별시 마포구 포은로 37 2층 (고향농산 건물),1269073927,375508194,합정동,소품샵
al thing,https://smartstore.naver.com/al-thing,"쇼핑,유통>패션",,,서울특별시 마포구 합정동 358-3 2층,서울특별시 마포구 독막로8길 31 2층,1269179078,375465007,합정동,소품샵
리네아의 가게,,"가구,인테리어>인테리어소품",,,서울특별시 마포구 합정동 438-2 1층 리네아의가게,서울특별시 마포구 포은로 39 1층 리네아의가게,1269072436,375509909,합정동,소품샵
스튜디홈,https://studihome.imweb.me/,"가구,인테리어>인테리어소품",,,서울특별시 마포구 합정동 371-4 2층 하늘색문(201호),서울특별시 마포구 성지길 25-20 2층 하늘색문(201호),1269138778,375472057,합정동,소품샵
카페꼼마 합정점,https://www.instagram.com/cafecomma_official,"음식점>카페,디저트",,,서울특별시 마포구 합정동 441-35,서울특별시 마포구 포은로 49,1269068006,375519325,합정동,루프탑
블러,https://litt.ly/blurr,"음식점>카페,디저트",,,서울특별시 마포구 합정동 198-26 4층,서울특별시 마포구 토정로 28-10 4층,1269142075,375450277,합정동,루프탑
쿠바포차 하바나24시,,술집>포장마차,,,서울특별시 마포구 합정동 383-31 2층,서울특별시 마포구 월드컵로1길 11 2층,1269123374,375494632,합정동,루프탑
이모의피크닉,https://www.instagram.com/emo_s2022,"서비스,산업>장소대여",,,서울특별시 마포구 합정동 388-3 4층,서울특별시 마포구 월드컵로3길 31-6 4층,1269107620,375501233,합정동,루프탑
선유도공원<b>전망대</b>,,자연공원>부속시설,,,서울특별시 영등포구 양화동 52-1,서울특별시 영등포구 선유로 343,1268979559,375446087,합정동,전망대
양화대교,,도로시설>교량명,,,서울특별시 마포구 합정동,,1269051030,375441779,합정동,야경
XXPRESS,http://xxpressofficial.com,"서비스,산업>장소대여",,,서울특별시 마포구 망원동 410-25 1층,서울특별시 마포구 포은로 99 1층,1269048109,375558768,망원동,전시
WWW SPACE,http://www.wwwspace.kr,"문화,예술>갤러리,화랑",,,서울특별시 마포구 망원동 404-32 지하1층,서울특별시 마포구 망원로6길 37 지하1층,1269037499,375552506,망원동,전시
계절책방 낮과밤,https://www.instagram.com/natbambooks,서점>독립서점,,,서울특별시 마포구 망원동 482-8 3층 301호,서울특별시 마포구 월드컵로 113 3층 301호,1269076210,375584252,망원동,전시
컷더케이크,https://www.instagram.com/cutthekake_,"문화,예술>갤러리,화랑",,,서울특별시 마포구 망원동 420-1 2층,서울특별시 마포구 월드컵로25길 131 2층,1269005221,375568967,망원동,전시
WWW SPACE2,https://blog.naver.com/www__space,"문화,예술>갤러리,화랑",,,서울특별시 마포구 망원동 472-12 1층,서울특별시 마포구 월드컵로 163-5 1층,1269041095,375619937,망원동,전시
프레젠트모먼트,https://www.instagram.com/presentmoment.storage,"가구,인테리어>인테리어소품",,,서울특별시 마포구 망원동 338-53 1층,서울특별시 마포구 동교로 49-1 1층,1269077187,375531116,망원동,소품샵
제로스페이스 망원,http://zeroperzero.kr,"가구,인테리어>인테리어소품",,,서울특별시 마포구 망원동 398-2,서울특별시 마포구 희우정로16길 32,1269037851,375545740,망원동,소품샵
무드,https://moodarchive.com,"가구,인테리어>인테리어소품",,,서울특별시 마포구 망원동 411-3 1층 mood,서울특별시 마포구 포은로8길 16 1층 mood,1269057806,375564269,망원동,소품샵
륀느공방,https://www.instagram.com/lune_luna_dal/,"생활,편의>공방",,,서울특별시 마포구 망원동 57-429 102호,서울특별시 마포구 월드컵로23길 21 102호,1269078677,375568223,망원동,소품샵
카페 공명 망원책빵,https://cafegm.kr,"음식점>카페,디저트",,,"서울특별시 마포구 망원동 376-18 지하1층, 1층, 2층","서울특별시 마포구 월드컵로13길 22-3 지하1층, 1층, 2층",1269087154,375556988,망원동,루프탑
Uig,https://www.instagram.com/uig.official,"음식점>카페,디저트",,,서울특별시 마포구 망원동 420-4 우이그,서울특별시 마포구 망원로3길 7 우이그,1269014508,375570789,망원동,루프탑
아루감,http://www.instagram.com/arugam_official,술집>바(BAR),,,"서울특별시 마포구 망원동 57-36 2,3층","서울특별시 마포구 월드컵로19길 8 2,3층",1269084676,375571037,망원동,루프탑
망원도,https://mangwondo.com/,술집>바(BAR),,,서울특별시 마포구 망원동 395-4,서울특별시 마포구 포은로 75,1269055713,375538197,망원동,루프탑
더파인트,http://m.facebook.com/thepintpubber,"술집>맥주,호프",,,서울특별시 마포구 망원동 57-364 2층,서울특별시 마포구 월드컵로23길 5 2층,1269083676,375574297,망원동,루프탑
하늘공원,,"여행,명소>자연,생태공원",,,서울특별시 마포구 상암동 481-72,서울특별시 마포구 하늘공원로 95,1268850630,375675623,망원동,전망대
용왕산스카이워크,,"여행,명소>전망대",,,서울특별시 양천구 목동 199-51,서울특별시 양천구 용왕정길 43,1268784224,375439828,망원동,전망대
망원 한강공원,http://hangang.seoul.go.kr/archives/46737,"여행,명소>시민공원",,,서울특별시 마포구 망원동 205-4 한강공원망원지구사무소,서울특별시 마포구 마포나루길 467 한강공원망원지구사무소,1268952798,375553018,망원동,야경
마포인트,,"여행,명소>레저,테마",,,서울특별시 마포구 망원동 205-5,서울특별시 마포구 마포나루길 435,1268957586,375536629,망원동,야경
성산대교,,도로시설>교량명,,,서울특별시 마포구 망원동,,1268912064,375521807,망원동,야경
아이아이 연남,https://www.instagram.com/ii_sido,"문화,예술>전시관",,,서울특별시 마포구 연남동 361-31,서울특별시 마포구 연남로 86,1269187101,375665559,연남동,전시
챕터투,http://www.chapterii.org/,"문화,예술>전시관",,,서울특별시 마포구 연남동 566-55,서울특별시 마포구 동교로27길 54,1269212316,375602136,연남동,전시
CR Collective,https://www.instagram.com/cr_collective_,"문화,예술>전시관",,,서울특별시 마포구 연남동 504-29 일심빌딩 2층,서울특별시 마포구 성미산로 120 일심빌딩 2층,1269202856,375624931,연남동,전시
<b>연남동</b> 갤러리 이트리움,https://www.youtube.com/@%EA%B0%A4%EB%9F%AC%EB%A6%AC%EC%9D%B4%ED%8A%B8%EB%A6%AC%EC%9B%80,"문화,예술>갤러리,화랑",,,"서울특별시 마포구 연남동 259-4 6, 7층 갤러리 이트리움","서울특별시 마포구 동교로 233 6, 7층 연남동 갤러리 이트리움",1269240616,375609199,연남동,전시
와이제이갤러리카페,,"카페,디저트>한방카페",,,서울특별시 마포구 연남동 241-48 지층 102호,서울특별시 마포구 성미산로29길 34 지층 102호,1269220184,375654538,연남동,전시
보라앤드 연남<b>소품샵</b>,https://www.instagram.com/bora_and,"가구,인테리어>인테리어소품",,,서울특별시 마포구 연남동 387-11 1층 보라앤드,서울특별시 마포구 동교로 262-5 1층 보라앤드,1269255094,375629130,연남동,소품샵
픽뎀업,https://www.instagram.com/pickemup_official,"생활,편의>공방",,,서울특별시 마포구 연남동 384-7 1층,서울특별시 마포구 동교로38길 33-21 1층,1269262193,375620900,연남동,소품샵
비옥,http://beok.kr,"가구,인테리어>인테리어소품",,,서울특별시 마포구 연남동 254-8 2.5층 + 옥상 비옥,서울특별시 마포구 동교로41길 31 2.5층 + 옥상 비옥,1269232056,375636475,연남동,소품샵
모두링,https://www.instagram.com/modooring,"쇼핑,유통>패션잡화",,,서울특별시 마포구 연남동 390-32 1층 모두링,서울특별시 마포구 동교로38길 27-8 1층 모두링,1269259264,375617894,연남동,소품샵
<b>연남동</b>와이탑,https://www.instagram.com/yeonnamdong_ytop,음식점>양식,,,"서울특별시 마포구 연남동 223-21 2층, 3층","서울특별시 마포구 성미산로 163 2층, 3층",1269242773,375649025,연남동,루프탑
느루 연남점,https://app.catchtable.co.kr/ct/shop/neuroo,음식점>양식,,,서울특별시 마포구 연남동 260-52 3층,서울특별시 마포구 동교로32길 3 3층,1269245502,375608555,연남동,루프탑
카페 드 래빗,https://www.instagram.com/cafederabbit?igsh=bm0yMXVndnB4dGds,"음식점>카페,디저트",,,서울특별시 마포구 연남동 259-3 1층-4층,서울특별시 마포구 동교로29길 10 1층-4층,1269239091,375611103,연남동,루프탑
무채색,https://www.instagram.com/moochaeseck/,술집>요리주점,,,서울특별시 마포구 연남동 381-13 건너편 4층,서울특별시 마포구 연희로1길 39 건너편 4층,1269258351,375605890,연남동,루프탑
오버딥,https://www.instagram.com/overdeep_yeonnam,"음식점>카페,디저트",,,"서울특별시 마포구 연남동 240-41 2, 3층, 루프탑","서울특별시 마포구 성미산로 149-8 2, 3층, 루프탑",1269228864,375646733,연남동,루프탑
피플리,https://www.youtube.com/c/peopulley%ED%94%BC%ED%94%8C%EB%A6%AC/featured,"컴퓨터프로그래밍,정보서비스업>소프트웨어개발",,,서울특별시 마포구 상암동 1592 9층 피플리,서울특별시 마포구 월드컵북로58길 10 9층 피플리,1268871223,375816410,상암동,전시
문화방송,,"광고,마케팅>광고대행",,,서울특별시 마포구 상암동 1603,서울특별시 마포구 성암로 267,1268909890,375811234,상암동,전시
한국영화박물관,http://www.koreafilm.or.kr/museum/main,"여행,명소>박물관",,,서울특별시 마포구 상암동 1602 한국영상자료원 1층,서울특별시 마포구 월드컵북로 400 한국영상자료원 1층,1268898935,375804511,상암동,전시
서울에너지드림센터,https://blog.naver.com/seouledc0,"문화,예술>전시관",,,서울특별시 마포구 상암동 1535-3,서울특별시 마포구 증산로 14,1268914525,375630550,상암동,전시
갤러리애프터눈,http://galleryafternoon.com,"문화,예술>갤러리,화랑",,,"서울특별시 마포구 상암동 1526 1, 2층","서울특별시 마포구 월드컵북로42나길 10 1, 2층",1268976620,375754255,상암동,전시
감자뭉케이스 서울상암점,https://www.instagram.com/gamjamoongcase_official?igsh=eXdjOHh4MzI3MTcw&utm_source=qr,휴대폰>휴대폰액세서리,,,서울특별시 마포구 상암동 16-5 1층,서울특별시 마포구 월드컵북로44길 50 1층,1268948567,375769343,상암동,소품샵
미엔느,,"쇼핑,유통>종합도소매",,,서울특별시 마포구 상암동 1140 1023호,서울특별시 마포구 성암로 184 1023호,1268990202,375768239,상암동,소품샵
일품디자인,http://thedesigns.com,"전문,기술서비스>인테리어디자인",,,서울특별시 마포구 상암동 1680 106호 일품디자인,서울특별시 마포구 월드컵로42길 40 106호 일품디자인,1268807539,375802797,상암동,소품샵
와인그리고밤,https://app.catchtable.co.kr/ct/shop/wineandnight,술집>와인,,,"서울특별시 마포구 상암동 41-10 2,3층","서울특별시 마포구 월드컵북로50길 9 2,3층",1268936248,375772146,상암동,루프탑
마하세븐 싱글몰트 위스키 바,https://www.instagram.com/maha7_whiskylove,술집>바(BAR),,,서울특별시 마포구 상암동 18-11 상암글로벌센터 7층,서울특별시 마포구 월드컵북로44길 32 상암글로벌센터 7층,1268956027,375764562,상암동,루프탑
서울수상레포츠센터 <b>루프탑</b>,,장소대여>공유누리 개방자원,,,서울특별시 마포구 상암동 487-116,서울특별시 마포구 한강난지로 162 난지수상레포츠센터 옥상,1268854352,375628693,상암동,루프탑
노을공원,http://parks.seoul.go.kr/template/sub/worldcuppark.do,"여행,명소>도시,테마공원",,,서울특별시 마포구 상암동 481-6,서울특별시 마포구 하늘공원로 108-2,1268748643,375746111,상암동,야경
천년닭강정 마포점,https://g.page/r/Cank1mGx1GHjEAE/review,"음식점>치킨,닭강정",,,"서울특별시 마포구 공덕동 256-30 1층 6, 7, 23호","서울특별시 마포구 만리재로 23 1층 6, 7, 23호",1269539061,375446847,공덕동,술집
참나무본가 공덕점,,"음식점>한식>육류,고기요리",,,서울특별시 마포구 공덕동 256-5 2층,서울특별시 마포구 마포대로6길 10 2층,1269530924,375452482,공덕동,한식
마포청학동부침개 마포본점,,"한식>전,빈대떡",,,서울특별시 마포구 공덕동 256-30 공덕시장 1층,서울특별시 마포구 만리재로 23 공덕시장 1층,1269537601,375446386,공덕동,한식
김재운 초밥사랑 공덕점,,"음식점>일식>초밥,롤",,,서울특별시 마포구 공덕동 478 더샵아파트 102동 1층상가,서울특별시 마포구 백범로 170 더샵아파트 102동 1층상가,1269487147,375445019,공덕동,일식
25카츠 공덕점,,음식점>일식>돈가스,,,서울특별시 마포구 공덕동 467 롯데캐슬지하1층 상가내,서울특별시 마포구 마포대로 109 롯데캐슬지하1층 상가내,1269503201,375446166,공덕동,일식
오레타치카레 공덕점,https://www.instagram.com/oretachicurry.korea,음식점>일식>카레,,,서울특별시 마포구 공덕동 476 201동 1층 13호,서울특별시 마포구 백범로 152 201동 1층 13호,1269469970,375451882,공덕동,일식
롯데시티호텔 마포 씨카페,https://www.lottehotel.com/mapo-city/ko/dining/restaurant-naru.html,음식점>뷔페,,,서울특별시 마포구 공덕동 467 2층 씨카페,서울특별시 마포구 마포대로 109 2층 씨카페,1269504079,375446245,공덕동,중식
마부마라탕 공덕점,,중식>중식당,,,서울특별시 마포구 공덕동 477,서울특별시 마포구 백범로 152,1269467918,375455067,공덕동,중식
홍콩반점0410 마포서부법원점,https://start.theborn.co.kr/prebrand_detail.php?bc=26,음식점>중식당,,,서울특별시 마포구 공덕동 105-238,서울특별시 마포구 마포대로14길 11,1269560449,375486243,공덕동,중식
구복만두 마포직영점,,"중식>딤섬,중식만두",,,서울특별시 마포구 공덕동 476 201동 1층 3호,서울특별시 마포구 백범로 152 201동 1층 3호,1269470789,375453521,공덕동,중식
수저가,http://www.yangguib.com/,중식>중식당,,,서울특별시 마포구 공덕동 105-94 1층 수저가짬뽕,서울특별시 마포구 마포대로16길 8 1층 수저가짬뽕,1269563929,375508152,공덕동,중식
뚜띠쿠치나 마포공덕점,https://naver.me/FuVE6wIi,음식점>이탈리아음식,,,서울특별시 마포구 공덕동 249-36 1층~2층 뚜띠쿠치나 마포공덕점,서울특별시 마포구 마포대로12길 58 1층~2층 뚜띠쿠치나 마포공덕점,1269543486,375462535,공덕동,양식
37.5 공덕점,http://www.cafe375.com,음식점>양식,,,서울특별시 마포구 공덕동 175-138 1층 브런치카페 37.5,서울특별시 마포구 마포대로11길 44-19 1층 브런치카페 37.5,1269524181,375497907,공덕동,양식
클래식햄버거,https://www.instagram.com/classic_hamburger,음식점>햄버거,,,서울특별시 마포구 공덕동 232-10 1층 클래식햄버거,서울특별시 마포구 마포대로11길 21 1층 클래식햄버거,1269529122,375488373,공덕동,양식
닥터로빈 공덕점,https://smartstore.naver.com/drrobbin,양식>이탈리아음식,,,서울특별시 마포구 공덕동 471 에스오일 본사 1층,서울특별시 마포구 백범로 192 에스오일 본사 1층,1269517457,375433168,공덕동,양식
싸다김밥 애오개역점,https://ssadagb.com,음식점>분식,,,서울특별시 마포구 공덕동 105-158 1층,서울특별시 마포구 마포대로 182 1층,1269554552,375503609,공덕동,분식
청담동마녀김밥 공덕점,,음식점>분식,,,서울특별시 마포구 공덕동 479 공덕SK리더스뷰,서울특별시 마포구 백범로31길 7 공덕SK리더스뷰,1269487705,375451977,공덕동,분식
연희김밥 마포점,,분식>김밥,,,서울특별시 마포구 공덕동 475,서울특별시 마포구 마포대로 156,1269542469,375478642,공덕동,분식
김밥천국 마포2호점,,음식점>분식,,,서울특별시 마포구 공덕동 105-98,서울특별시 마포구 마포대로 190,1269557268,375509091,공덕동,분식
김가네 공덕점,,음식점>분식,,,서울특별시 마포구 공덕동 285,서울특별시 마포구 마포대로11길 7-18,1269531171,375481439,공덕동,분식
뺑스톡 공덕점,https://www.instagram.com/painstockseoul,"카페,디저트>베이커리",,,서울특별시 마포구 공덕동 479 201동 113호,서울특별시 마포구 백범로31길 8 201동 113호,1269494532,375448463,공덕동,브런치
솥고집 공덕점,,"음식점>한식>육류,고기요리",,,서울특별시 마포구 공덕동 478 101동 1층 6호,서울특별시 마포구 백범로 170 101동 1층 6호,1269492410,375441508,공덕동,고깃집
마포소문난원조족발,http://www.mapojokbal.com/,"한식>족발,보쌈",,,서울특별시 마포구 공덕동 256-10 공덕시장,서울특별시 마포구 만리재로 19 공덕시장,1269532396,375448414,공덕동,고깃집
밀리네해물탕 애오개역점,,"한식>매운탕,해물탕",,,서울특별시 마포구 아현동 733 효성인텔리안 108호,서울특별시 마포구 마포대로 208 효성인텔리안 108호,1269569168,375523535,아현동,한식
나이스엔푸드,,음식점>한식,,,서울특별시 마포구 아현동 686 크레디트센터빌딩 지하1층,서울특별시 마포구 마포대로 217 크레디트센터빌딩 지하1층,1269564066,375535966,아현동,한식
아현죽집,,한식>죽,,,서울특별시 마포구 아현동 291-14,서울특별시 마포구 마포대로21길 62,1269553610,375558051,아현동,한식
푸노야 본점,https://www.instagram.com/purring_seoul,"음식점>카페,디저트",,,서울특별시 마포구 아현동 699 푸링,서울특별시 마포구 손기정로 5 푸링,1269607265,375577584,아현동,일식
수유리우동집 아현점,,"음식점>일식>우동,소바",,,서울특별시 마포구 아현동 327-28 1층,서울특별시 마포구 굴레방로 29-1 1층,1269554852,375566936,아현동,일식
무모한초밥 아현점,,"음식점>일식>초밥,롤",,,서울특별시 마포구 아현동 327-29,서울특별시 마포구 굴레방로 27-2,1269554575,375566353,아현동,일식
스시히바리,,"음식점>일식>초밥,롤",,,"서울특별시 마포구 아현동 347-17 1,2층","서울특별시 마포구 신촌로 232 1,2층",1269514039,375569143,아현동,일식
칭닌,,중식>중식당,,,서울특별시 마포구 아현동 801 공덕자이상가 2층,서울특별시 마포구 마포대로24길 4 공덕자이상가 2층,1269578938,375541537,아현동,중식
신난향꿀짜장,,중식>중식당,,,서울특별시 마포구 아현동 331-26 1층,서울특별시 마포구 신촌로32길 3-14 1층,1269539753,375568433,아현동,중식
양정원,,중식>중식당,,,서울특별시 마포구 아현동 699-6,서울특별시 마포구 손기정로 11,1269610919,375575953,아현동,중식
중흥각,,중식>중식당,,,서울특별시 마포구 아현동 347-1,서울특별시 마포구 신촌로 236-1,1269519440,375568960,아현동,중식
마라반점 마포아현점,,중식>중식당,,,서울특별시 마포구 아현동 744-4,서울특별시 마포구 마포대로24길 19,1269593842,375539275,아현동,중식
멜로즈,https://www.instagram.com/melrose_alldaybrunch/,음식점>양식,,,서울특별시 마포구 아현동 618-19 103호 멜로즈,서울특별시 마포구 마포대로 173-14 103호 멜로즈,1269536754,375512371,아현동,양식
스페인식당 더크래프트,https://www.instagram.com/thecraftkorea,음식점>스페인음식,,,서울특별시 마포구 아현동 331-4,서울특별시 마포구 신촌로 256-1,1269541823,375571101,아현동,양식
리틀에마스,https://www.instagram.com/littleemmass,음식점>피자,,,서울특별시 마포구 아현동 618-19 1층 107호,서울특별시 마포구 마포대로 173-14 1층 107호,1269536290,375511013,아현동,양식
반올림피자 아현점,https://banolimpizza.com,양식>피자,,,서울특별시 마포구 아현동 802 상가동 지2층 B201,서울특별시 마포구 마포대로 246 상가동 지2층 B201,1269583658,375559484,아현동,양식
스테프핫도그 아현점,,음식점>핫도그,,,서울특별시 마포구 아현동 346-10,서울특별시 마포구 신촌로 238,1269521832,375569827,아현동,양식
정성한줄 아현점,,음식점>분식,,,서울특별시 마포구 아현동 777 마포 레미안 푸르지오 상가4동 108호,서울특별시 마포구 마포대로 195 마포 레미안 푸르지오 상가4동 108호,1269533976,375514053,아현동,분식
청년다방 아현점,http://www.youngdabang.com/,음식점>분식,,,서울특별시 마포구 아현동 282-1 새한빌딩 1층 청년다방 아현점,서울특별시 마포구 굴레방로 13 새한빌딩 1층 청년다방 아현점,1269556599,375553411,아현동,분식
동대문엽기떡볶이 아현점,https://blog.naver.com/ddm_yupdduk,음식점>분식,,,서울특별시 마포구 아현동 282-1 1층,서울특별시 마포구 굴레방로 11 1층,1269559235,375550317,아현동,분식
우리할매떡볶이 아현점,http://wehalmae.co.kr/,음식점>분식,,,서울특별시 마포구 아현동 777 1단지상가 109호,서울특별시 마포구 마포대로 195 1단지상가 109호,1269538577,375550443,아현동,분식
파나델리,https://www.instagram.com/pan_adelie,"카페,디저트>베이커리",,,서울특별시 마포구 아현동 282-1,서울특별시 마포구 굴레방로 13,1269557427,375553079,아현동,브런치
고우즈온,https://www.instagram.com/goes_on_cafe,브런치카페,,,서울특별시 마포구 아현동 353-11 1층,서울특별시 마포구 신촌로 220 1층,1269501002,375567945,아현동,브런치
곱창파는<b>고깃집</b> 공덕본점,https://app.catchtable.co.kr/ct/shop/gpg201709?from=share&type=WAITING,"한식>육류,고기요리",,,서울특별시 마포구 아현동 618-19 마포센텀슬로우스퀘어 401호,서울특별시 마포구 마포대로 173-14 마포센텀슬로우스퀘어 401호,1269536224,375510075,아현동,고깃집
편백집 아현점,http://www.globaltable.co.kr,"음식점>한식>육류,고기요리",,,서울특별시 마포구 아현동 330-4,서울특별시 마포구 신촌로 264,1269549961,375571448,아현동,고깃집
식껍 애오개역점,,"음식점>한식>육류,고기요리",,,"서울특별시 마포구 아현동 604-2 105, 106호","서울특별시 마포구 마포대로 214 105, 106호",1269571078,375529221,아현동,고깃집
은성순대국,,음식점>한식,,,서울특별시 마포구 아현동 346-22,서울특별시 마포구 신촌로32길 6,1269531673,375568191,아현동,고깃집
평안도찹쌀순대 마포 애오개역점,,"육류,고기요리>순대,순댓국",,,서울특별시 마포구 아현동 780 상가207호,서울특별시 마포구 굴레방로1길 25 상가207호,1269560960,375538556,아현동,고깃집
스페이스투고,https://blog.naver.com/spacetogo,"문화,예술>갤러리,화랑",,,서울특별시 마포구 대흥동 801-1 101호,서울특별시 마포구 토정로25길 37 101호,1269399609,375446739,대흥동,전시
마포진짜원조최대포 본점,https://www.threads.com/@choidaepo_official?igshid=NTc4MTIwNjQ2YQ==,"한식>육류,고기요리",,,서울특별시 마포구 대흥동 183,서울특별시 마포구 백범로 105,1269430356,375475870,대흥동,한식
육림촌연탄구이,https://blog.naver.com/beekyung1234,"한식>육류,고기요리",,,서울특별시 마포구 대흥동 241-26 1층,서울특별시 마포구 백범로20길 12 1층,1269439892,375463821,대흥동,한식
개성손만두 마포점,,"한식>칼국수,만두",,,서울특별시 마포구 대흥동 337-80 안정빌딩,서울특별시 마포구 대흥로 64 안정빌딩,1269403618,375458829,대흥동,한식
풍년기사님식당,,한식>기사식당,,,서울특별시 마포구 대흥동 337-11 TAF빌딩,서울특별시 마포구 대흥로 54 TAF빌딩,1269397302,375451317,대흥동,한식
정든그릇 본점,http://instagram.com/jungdeun_bowl,음식점>일식>일식당,,,서울특별시 마포구 대흥동 325-13 1층 101호,서울특별시 마포구 독막로 239 1층 101호,1269401318,375469991,대흥동,일식
신촌즉석생우동,,"음식점>일식>우동,소바",,,서울특별시 마포구 대흥동 801-13,서울특별시 마포구 대흥로 38,1269387125,375441166,대흥동,일식
쿠츠 : 고이짱,http://instagram.com/goizzang,음식점>일식>돈가스,,,서울특별시 마포구 대흥동 405-6 1층 쿠츠,서울특별시 마포구 백범로16길 25 1층 쿠츠,1269420369,375464788,대흥동,일식
고미카츠,https://www.instagram.com/gomikatsu,음식점>일식>돈가스,,,서울특별시 마포구 대흥동 168-2 1층 고미카츠,서울특별시 마포구 백범로 99-6 1층 고미카츠,1269426750,375479721,대흥동,일식
정정,https://www.instagram.com/jungjung_20,"중식>딤섬,중식만두",,,서울특별시 마포구 대흥동 466-5,서울특별시 마포구 백범로24길 27,1269441668,375462333,대흥동,중식
홍콩반점0410 대흥역점,https://start.theborn.co.kr/prebrand_detail.php?bc=26,음식점>중식당,,,서울특별시 마포구 대흥동 803 상가 110호 홍콩반점 대흥역점,서울특별시 마포구 대흥로 79 상가 110호 홍콩반점 대흥역점,1269411012,375472223,대흥동,중식
정월,,중식>중식당,,,서울특별시 마포구 대흥동 245-3 1층,서울특별시 마포구 백범로16안길 9 1층,1269426223,375466134,대흥동,중식
옛날짜장기계우동,,중식>중식당,,,서울특별시 마포구 대흥동 37-7,서울특별시 마포구 대흥로 116,1269437812,375497626,대흥동,중식
신간짬뽕 마포점,https://www.instagram.com/singanjjamppong_mapo,중식>중식당,,,서울특별시 마포구 대흥동 802 1층 107호,서울특별시 마포구 독막로 288 1층 107호,1269451455,375445696,대흥동,중식
롯데리아 대흥역점,https://www.lotteria.com/,양식>햄버거,,,서울특별시 마포구 대흥동 803 동양엔파트,서울특별시 마포구 대흥로 79 동양엔파트,1269412818,375474489,대흥동,양식
고블린피자 공덕경의선숲길점,http://www.instagram.com/goblin_pizza,음식점>피자,,,서울특별시 마포구 대흥동 405-3 1층 고블린피자,서울특별시 마포구 독막로 257-1 1층 고블린피자,1269423201,375462631,대흥동,양식
파사주,http://catchtable.co.kr/passageseoul,음식점>프랑스음식,,,서울특별시 마포구 대흥동 436-1 1층,서울특별시 마포구 백범로20길 24-5 1층,1269438206,375459406,대흥동,양식
스위그,https://app.catchtable.co.kr/ct/shop/swig.vin,음식점>양식,,,서울특별시 마포구 대흥동 244-2 1층,서울특별시 마포구 백범로16안길 21 1층,1269432401,375464635,대흥동,양식
세끼김밥,,분식>종합분식,,,서울특별시 마포구 대흥동 131-1 세끼김밥,서울특별시 마포구 대흥로 92 세끼김밥,1269422552,375480262,대흥동,분식
김밥천국,,음식점>분식,,,서울특별시 마포구 대흥동 12-27 이대역푸르지오시티 1층 110호,서울특별시 마포구 신촌로 170 이대역푸르지오시티 1층 110호,1269446260,375564522,대흥동,분식
신촌맛집 떡볶이돈까스,,분식>종합분식,,,서울특별시 마포구 대흥동 32-24,서울특별시 마포구 대흥로20길 10,1269446745,375501824,대흥동,분식
온달만두<b>분식</b>,,분식>종합분식,,,서울특별시 마포구 대흥동 194-2,서울특별시 마포구 백범로 109,1269434353,375473870,대흥동,분식
더바스켓 대흥역점,https://blog.naver.com/thebasket,"음식점>치킨,닭강정",,,서울특별시 마포구 대흥동 266-1 1층,서울특별시 마포구 대흥로 86-1 1층,1269419714,375475839,대흥동,분식
커피앳웍스 경의선숲길점,https://coffeeatworks.kr,"음식점>카페,디저트>카페",,,서울특별시 마포구 대흥동 485-1 1동1층,서울특별시 마포구 독막로 279 1동1층,1269443095,375456858,대흥동,브런치
허그하우스,https://www.instagram.com/lovehughaus,음식점>양식,,,서울특별시 마포구 대흥동 246 2층,서울특별시 마포구 대흥로 80-34 2층,1269420098,375468335,대흥동,브런치
잼 베이커리,https://www.instagram.com/j.aimebakery,"카페,디저트>베이커리",,,서울특별시 마포구 대흥동 252-1 1층,서울특별시 마포구 대흥로 84-6 1층,1269419599,375473571,대흥동,브런치
<b>브런치</b>스튜디오 가죽공방,https://blog.naver.com/brunchstudio_,"생활,편의>공방",,,서울특별시 마포구 대흥동 376 2층,서울특별시 마포구 독막로38길 11-3 2층,1269416796,375456913,대흥동,브런치
지금식당 제철쌈밥 마포직영점,,음식점>한식,,,서울특별시 마포구 대흥동 241-1 1층,서울특별시 마포구 백범로 112-1 1층,1269437088,375469255,대흥동,고깃집
요수정,https://app.catchtable.co.kr/ct/shop/commalla85,음식점>한식,,,서울특별시 마포구 대흥동 248-9 상가 2층 요수정,서울특별시 마포구 대흥로 80-2 상가 2층 요수정,1269415803,375471367,대흥동,고깃집
육몽 홍대본점,https://litt.ly/yookmong_hongdae?utm_source=naver&utm_medium=place&utm_campaign=네이버플레이스,"한식>육류,고기요리",,,서울특별시 마포구 서교동 355-13 1-3층,서울특별시 마포구 양화로16길 19 1-3층,1269206933,375531962,서교동,한식
깃뜰 홍대본점,https://www.instagram.com/git_teul,"한식>육류,고기요리",,,"서울특별시 마포구 서교동 395-20 1, 2층","서울특별시 마포구 잔다리로3안길 27 1, 2층",1269197919,375504106,서교동,한식
핵밥 홍대점,https://www.hecbob.com/,음식점>일식>덮밥,,,서울특별시 마포구 서교동 344-15 1층,서울특별시 마포구 홍익로 6 1층,1269239442,375533024,서교동,한식
카츠업 홍대점,https://blog.naver.com/katsup,음식점>일식>돈가스,,,서울특별시 마포구 서교동 486 서교푸르지오 101동 142호,서울특별시 마포구 홍익로 10 서교푸르지오 101동 142호,1269234358,375541052,서교동,일식
우와 홍대본점,https://app.catchtable.co.kr/ct/shop/woowaa_hongdae,음식점>일식>일식당,,,서울특별시 마포구 서교동 364-10 2층,서울특별시 마포구 와우산로21길 21-16 2층,1269222234,375517143,서교동,일식
카와카츠 본점,https://app.catchtable.co.kr/ct/shop/kawakatsu,음식점>일식>돈가스,,,서울특별시 마포구 서교동 465-1 1층 102호,서울특별시 마포구 동교로 126 1층 102호,1269160867,375547417,서교동,일식
하이디라오 홍대점,https://app.catchtable.co.kr/ct/shop/hidirao_hongdae?type=VISIT_RESERVATION,음식점>중식당,,,서울특별시 마포구 동교동 166-14 와이즈파크 5층,서울특별시 마포구 양화로 176 동교동 와이즈파크 5층,1269249991,375572510,서교동,중식
손오공마라탕 동교동점,,중식>중식당,,,서울특별시 마포구 동교동 169-14 2층,서울특별시 마포구 양화로18길 15 2층,1269248884,375565852,서교동,중식
마라공방 홍대점,https://blog.naver.com/maragongbang,중식>마라탕,,,서울특별시 마포구 동교동 164-1 2층,서울특별시 마포구 양화로18길 12 2층,1269246251,375564832,서교동,중식
타오마라탕,https://www.instagram.com/tao_mara_official,중식>마라탕,,,서울특별시 마포구 서교동 394-93 광명빌딩 2층,서울특별시 마포구 양화로6길 19 광명빌딩 2층,1269153346,375492446,서교동,중식
서담헌 홍대본점,https://www.youtube.com/@%EA%B0%80%EC%A7%80%ED%8A%80%EA%B9%80%EB%A7%A8,중식>중식당,,,서울특별시 마포구 동교동 113-22 1층 서담헌,서울특별시 마포구 연희로1길 40-3 1층 서담헌,1269260202,375606598,서교동,중식
로쏘 1924 나폴리 화덕피자 홍대점,https://naver.me/xtgzr1zo,음식점>피자,,,서울특별시 마포구 서교동 354-2 1층 로쏘 1924 나폴리 화덕피자,서울특별시 마포구 홍익로 29 1층 로쏘 1924 나폴리 화덕피자,1269217268,375545240,서교동,양식
미도인 홍대,https://youtube.com/channel/UCxRWfLoFdwXyIU6_yq38uig?si=tpSW48w87J2hWl1f,음식점>양식,,,서울특별시 마포구 서교동 366-24 1층,서울특별시 마포구 잔다리로2길 19 1층,1269209717,375516919,서교동,양식
테이커테이블 연남점,https://app.catchtable.co.kr/ct/shop/takea.table,음식점>양식,,,서울특별시 마포구 동교동 150-2 1층,서울특별시 마포구 동교로30길 6 1층,1269246201,375605408,서교동,양식
홍대떡볶이상회,https://instagram.com/tteoksang_?igshid=YmMyMTA2M2Y=,술집>요리주점,,,서울특별시 마포구 동교동 169-6 1층,서울특별시 마포구 어울마당로 143-3 1층,1269256421,375566160,서교동,분식
또보겠지떡볶이집 붕붕허니비점,https://app.catchtable.co.kr/ct/shop/ddobogessji?from=share&type=WAITING,음식점>분식,,,서울특별시 마포구 동교동 153-3 2층,서울특별시 마포구 양화로19길 22-25 2층,1269244242,375589783,서교동,분식
홍대조폭떡볶이 홍대2호점,,분식>떡볶이,,,서울특별시 마포구 동교동 164-17 1층,서울특별시 마포구 홍익로6길 38 1층,1269237556,375558918,서교동,분식
홍대씨부엉,,분식>떡볶이,,,서울특별시 마포구 서교동 358-39,서울특별시 마포구 와우산로21길 28-6,1269223397,375525889,서교동,분식
닭장수김밥 홍대점,https://www.instagram.com/dakjangsu_gimbap,분식>김밥,,,서울특별시 마포구 동교동 201-41 1층,서울특별시 마포구 월드컵북로4길 26 1층,1269211790,375574404,서교동,분식
라헬의부엌 홍대점,http://instagram.com/hd_rachelskitchen,"음식점>카페,디저트",,,"서울특별시 마포구 서교동 333-6 1,2층","서울특별시 마포구 와우산로29길 47 1,2층",1269273613,375556936,서교동,브런치
스케줄합정,https://litt.ly/schedule_hapjeong?utm_source=naver&utm_medium=place&utm_campaign=네이버플레이스,음식점>양식,,,서울특별시 마포구 서교동 394-17 1층,서울특별시 마포구 양화로6길 33 1층,1269160549,375490726,서교동,브런치
베리블리스,https://www.instagram.com/_berry__bliss_,"음식점>카페,디저트",,,서울특별시 마포구 서교동 335-18 1층.,서울특별시 마포구 와우산로27길 20 1층.,1269273385,375542710,서교동,브런치
아벨롭 홍대본점,https://www.instagram.com/avelop_official?igsh=MWc3enU5dGVja3l6MA==,"음식점>카페,디저트",,,서울특별시 마포구 서교동 375-2 Avelop,서울특별시 마포구 양화로15안길 6 Avelop,1269188258,375544506,서교동,브런치
숙성회 화도,https://app.catchtable.co.kr/ct/shop/hwado,한식>생선회,,,서울특별시 마포구 합정동 362-2 1층 숙성회 화도,서울특별시 마포구 독막로6길 5 1층 숙성회 화도,1269176495,375477136,합정동,한식
홍대간장게장 홍일품,,한식>게요리,,,서울특별시 마포구 합정동 410-13 홍대간장게장 홍일품,서울특별시 마포구 독막로 47-1 홍대간장게장 홍일품,1269187172,375480800,합정동,한식
남영동양문 합정점,https://blog.naver.com/officedodo,"음식점>한식>육류,고기요리",,,서울특별시 마포구 합정동 427-12 1층,서울특별시 마포구 월드컵로 43 1층,1269118331,375531865,합정동,한식
짚불돈 합정,https://www.instagram.com/zipbuldon,"한식>육류,고기요리",,,서울특별시 마포구 합정동 411-5 1층,서울특별시 마포구 양화로6길 76 1층,1269182358,375484344,합정동,한식
샤브인서울 합정점,https://litt.ly/shabuinseoulhapjeong?utm_source=naver&utm_medium=place&utm_campaign=네이버플레이스,음식점>일식>샤브샤브,,,"서울특별시 마포구 합정동 472 딜라이트스퀘어 1차, 지하2층 샤브인서울 합정점","서울특별시 마포구 월드컵로1길 14 딜라이트스퀘어 1차, 지하2층 샤브인서울 합정점",1269120091,375498856,합정동,일식
크레이지카츠,https://app.catchtable.co.kr/ct/shop/crazykatsu,음식점>일식>돈가스,,,서울특별시 마포구 합정동 391-5 2층,"서울특별시 마포구 포은로2나길 44 , 2층",1269097576,375504385,합정동,일식
최강금돈까스,https://app.catchtable.co.kr/ct/shop/cgg_cutlet,음식점>일식>돈가스,,,서울특별시 마포구 합정동 388-15,서울특별시 마포구 월드컵로3길 31-30,1269109319,375499263,합정동,일식
교다이야,,"음식점>일식>우동,소바",,,서울특별시 마포구 합정동 370-8 합정빌딩 1층,서울특별시 마포구 성지길 39 합정빌딩 1층,1269131995,375469202,합정동,일식
로우샹로우,https://app.catchtable.co.kr/ct/shop/rohxiangroh,중식>양꼬치,,,서울특별시 마포구 합정동 412-26,서울특별시 마포구 양화로6길 50,1269170391,375486801,합정동,중식
이가네양꼬치 합정점,http://www.이가네양꼬치.kr,음식점>중식>양꼬치,,,"서울특별시 마포구 합정동 472 B118-1호, 2호","서울특별시 마포구 월드컵로1길 14 B118-1호, 2호",1269120509,375496339,합정동,중식
피슈마라홍탕 합정푸르지오점,http://피슈마라홍탕.net/,음식점>마라탕,,,서울특별시 마포구 합정동 472 B109-1호,서울특별시 마포구 월드컵로1길 14 B109-1호,1269121599,375499472,합정동,중식
탕화쿵푸마라탕 합정점,,음식점>마라탕,,,서울특별시 마포구 합정동 373-20 2층,서울특별시 마포구 독막로 4-1 2층,1269137433,375486259,합정동,중식
금문중화요리,,중식>중식당,,,서울특별시 마포구 합정동 472 딜라이트스퀘어1차 L층,서울특별시 마포구 월드컵로1길 14 딜라이트스퀘어1차 L층,1269124134,375500661,합정동,중식
멕시코식당,https://blog.naver.com/mexicodiner,"음식점>멕시코,남미음식",,,서울특별시 마포구 합정동 366-7 1층 합정 멕시코식당,서울특별시 마포구 독막로2길 23 1층 합정 멕시코식당,1269145776,375475044,합정동,양식
오르노 합정점,https://www.instagram.com/horno_seoul/,음식점>양식,,,서울특별시 마포구 합정동 473 딜라이트스퀘어2차 지1층,서울특별시 마포구 월드컵로3길 14 딜라이트스퀘어2차 지1층,1269118087,375509322,합정동,양식
해옫 합정,https://blog.naver.com/heod_d,음식점>양식,,,서울특별시 마포구 합정동 360-17 1층,서울특별시 마포구 독막로8길 30 1층,1269176238,375466160,합정동,양식
합정조이떡볶이,,분식>떡볶이,,,서울특별시 마포구 합정동 374-1 102호,서울특별시 마포구 양화로 36 102호,1269134228,375484696,합정동,분식
최강금돈까스X허리헝그리,https://www.instagram.com/choikangkeumxhurryhungry,분식>토스트,,,서울특별시 마포구 합정동 387-5 2층,서울특별시 마포구 월드컵로3길 31-5 2층,1269110422,375500867,합정동,분식
김밥천국 합정역점,,음식점>분식,,,서울특별시 마포구 합정동 373-16,서울특별시 마포구 독막로 4,1269138178,375486853,합정동,분식
생마차 합정점,,술집>이자카야,,,서울특별시 마포구 합정동 354-25,서울특별시 마포구 독막로 56,1269194629,375477137,합정동,분식
소풍가는날,https://blog.naver.com/gimbapday,분식>김밥,,,서울특별시 마포구 합정동 411-13 102호 소풍가는날,서울특별시 마포구 독막로 41 102호 소풍가는날,1269180336,375481468,합정동,분식
익스첼 합정본점,https://blog.naver.com/ixchel_seoul,"음식점>멕시코,남미음식",,,서울특별시 마포구 합정동 368-11 1층,서울특별시 마포구 토정로 33-1 1층,1269146926,375457749,합정동,브런치
저스티나,https://www.instagram.com/gjustina_seoul,음식점>양식,,,서울특별시 마포구 합정동 379-4 저스티나 1층,서울특별시 마포구 양화진2길 31 저스티나 1층,1269107936,375478995,합정동,브런치
각시보쌈 합정본점,,"한식>족발,보쌈",,,서울특별시 마포구 합정동 372-27 보광빌딩,서울특별시 마포구 성지길 25 보광빌딩,1269133940,375475100,합정동,고깃집
풍류각,https://www.instagram.com/pungryugak,"한식>육류,고기요리",,,서울특별시 마포구 합정동 426-5 1층,서울특별시 마포구 월드컵로 33 1층,1269120184,375523452,합정동,고깃집
초월양곱창,https://www.instagram.com/chowol.mangwon,"한식>곱창,막창,양",,,서울특별시 마포구 망원동 338-39 1층,서울특별시 마포구 포은로 66 1층,1269064274,375530216,망원동,한식
청어람 망원본점,,"한식>곱창,막창,양",,,서울특별시 마포구 망원동 482-3 1층,서울특별시 마포구 망원로 97 1층,1269074749,375580749,망원동,한식
섬수산,,한식>생선회,,,서울특별시 마포구 망원동 486-8,서울특별시 마포구 포은로8길 25,1269061530,375566406,망원동,한식
대게특별시 망원시장점,https://litt.ly/crabcity,"해물,생선요리>대게요리",,,서울특별시 마포구 망원동 486-5 망원시장 24호 대게특별시,서울특별시 마포구 망원로8길 13 망원시장 24호 대게특별시,1269060540,375569153,망원동,한식
<b>망원동</b>즉석우동 본점,,"음식점>일식>우동,소바",,,서울특별시 마포구 망원동 386-4,서울특별시 마포구 동교로 83,1269111604,375542061,망원동,일식
바삭마차,https://www.youtube.com/@basakmacha_official,음식점>일식>돈가스,,,서울특별시 마포구 망원동 412-52 바삭마차,서울특별시 마포구 월드컵로13길 64 바삭마차,1269065291,375553289,망원동,일식
가원 망원본점,,중식>중식당,,,서울특별시 마포구 망원동 386-2 양경회관 1층,서울특별시 마포구 월드컵로 65 양경회관 1층,1269108482,375549582,망원동,중식
양과 아이들 망원점,https://app.catchtable.co.kr/ct/shop/lambfriends,중식>양꼬치,,,서울특별시 마포구 망원동 395-4 1층 양과 아이들,서울특별시 마포구 포은로 75 1층 양과 아이들,1269053837,375539553,망원동,중식
덕클 망원점,https://www.instagram.com/duckle_mangwon,중식>중식당,,,서울특별시 마포구 망원동 379-10 1층 101호,서울특별시 마포구 동교로9길 23 1층 101호,1269101471,375548928,망원동,중식
만두란,,중식>중식당,,,서울특별시 마포구 망원동 386-5 1층 동측,서울특별시 마포구 동교로 81 1층 동측,1269110664,375541928,망원동,중식
타코닷 망원시장본점,https://www.instagram.com/taco_dot/,"음식점>멕시코,남미음식",,,서울특별시 마포구 망원동 57-120 1층,서울특별시 마포구 월드컵로19길 51 1층,1269075530,375551649,망원동,양식
따식 갈비파스타,,"이탈리아음식>스파게티,파스타전문",,,서울특별시 마포구 망원동 485-5 1층,서울특별시 마포구 월드컵로23길 12 1층,1269079513,375573340,망원동,양식
버거킹 <b>마포구</b>청역점,https://www.burgerking.co.kr/,양식>햄버거,,,서울특별시 마포구 망원동 474-3,서울특별시 마포구 월드컵로 155,1269049184,375614424,망원동,양식
소금집델리 망원,http://www.salthousekorea.com,음식점>양식,,,서울특별시 마포구 망원동 57-38 2층,서울특별시 마포구 월드컵로19길 14 2층,1269082146,375568392,망원동,양식
싸다김밥 망원역점,https://ssadagb.com,음식점>분식,,,서울특별시 마포구 망원동 373-5 1층,서울특별시 마포구 월드컵로 89 1층,1269092243,375567799,망원동,분식
송이네,https://youtube.com/@100millionsongyi,분식>종합분식,,,서울특별시 마포구 망원동 414-6,서울특별시 마포구 포은로8길 21,1269059159,375566413,망원동,분식
부산대원어묵,,분식>종합분식,,,서울특별시 마포구 망원동 411-22 1층,서울특별시 마포구 망원로8길 26 1층,1269060266,375563167,망원동,분식
명랑핫도그 망원역점,https://myungranghotdog.com/,양식>핫도그,,,서울특별시 마포구 망원동 379-2 명랑핫도그 망원역점,서울특별시 마포구 월드컵로13길 17 명랑핫도그 망원역점,1269092473,375555556,망원동,분식
비캔드,https://www.instagram.com/beekend.seoul,브런치카페,,,"서울특별시 마포구 망원동 485-13 1,2층","서울특별시 마포구 망원로10길 11-12 1,2층",1269073816,375572259,망원동,브런치
광합성카페,http://www.instagram.com/gwang_hab_sung,"음식점>카페,디저트",,,서울특별시 마포구 망원동 57-36 1층,서울특별시 마포구 월드컵로19길 8 1층,1269084365,375570797,망원동,브런치
뱃놀이,https://www.instagram.com/baetnori_mangwon/,술집>요리주점,,,서울특별시 마포구 망원동 380-19 지층 뱃놀이,서울특별시 마포구 월드컵로15길 37 지층 뱃놀이,1269083109,375552921,망원동,브런치
기글스 망원,https://www.instagram.com/giggles_seoul/,음식점>양식,,,서울특별시 마포구 망원동 376-25 1.5층,서울특별시 마포구 월드컵로13길 22-8 1.5층,1269089927,375558092,망원동,브런치
일등식당,,한식>해장국,,,서울특별시 마포구 망원동 476-1,서울특별시 마포구 방울내로 82,1269043521,375606012,망원동,고깃집
망원떡갈비,,"한식>육류,고기요리",,,서울특별시 마포구 망원동 414-108 1층,서울특별시 마포구 포은로6길 25 1층,1269063305,375559950,망원동,고깃집
육미안 연남점,https://app.catchtable.co.kr/ct/shop/yookmian_yeonnam,"육류,고기요리>소고기구이",,,서울특별시 마포구 연남동 228-58 2층,서울특별시 마포구 동교로38길 5 2층,1269246428,375618595,연남동,한식
화설 연남본점,https://litt.ly/hwaseol_yeonnam?utm_source=naver&utm_medium=place&utm_campaign=네이버프레이스,"한식>육류,고기요리",,,서울특별시 마포구 연남동 228-4 1층,서울특별시 마포구 성미산로 188 1층,1269261270,375630149,연남동,한식
감나무집기사식당,,한식>기사식당,,,서울특별시 마포구 연남동 515-19,서울특별시 마포구 연남로 25,1269221264,375617165,연남동,한식
바다회사랑 연남점,https://www.instagram.com/bada.sa.rang,한식>생선회,,,서울특별시 마포구 연남동 566-8,서울특별시 마포구 동교로27길 60,1269210000,375604083,연남동,한식
초이다이닝,https://www.instagram.com/choi_dining/,음식점>일식>일식당,,,서울특별시 마포구 연남동 260-25 지하1층,서울특별시 마포구 동교로36길 3 지하1층,1269245652,375612678,연남동,일식
요미우돈교자 연남점,https://www.instagram.com/yummyudongyoza/,음식점>일식>일식당,,,서울특별시 마포구 연남동 228-59 1층,서울특별시 마포구 동교로 244-1 1층,1269244667,375617408,연남동,일식
저스트텐동 연남본점,http://www.instagram.com/justtendong.yn,음식점>일식>일식당,,,서울특별시 마포구 연남동 228-25 지1층,서울특별시 마포구 동교로46길 3 지1층,1269252060,375628063,연남동,일식
미미램양꼬치 홍대점,,중식>양꼬치,,,"서울특별시 마포구 연남동 227-20 1층, 2층","서울특별시 마포구 성미산로 196 1층, 2층",1269266498,375625521,연남동,중식
연교,http://instagram.com/yeongyo_yeonnam,"중식>딤섬,중식만두",,,서울특별시 마포구 연남동 383-95 1층,서울특별시 마포구 연희로1길 65 1층,1269267309,375615994,연남동,중식
가원 연남점,https://www.instagram.com/gawon1996_official,중식>중식당,,,"서울특별시 마포구 연남동 373-18 1, 2층","서울특별시 마포구 동교로 227-1 1, 2층",1269238173,375604509,연남동,중식
판다딤섬,https://www.instagram.com/_pandadimsum_,중식>중식당,,,서울특별시 마포구 연남동 390-74 2층,서울특별시 마포구 동교로38안길 22 2층,1269252074,375622336,연남동,중식
몽<b>중식</b>,https://app.catchtable.co.kr/ct/shop/mongjungsik,중식>중식당,,,서울특별시 마포구 연남동 229-56 2층,서울특별시 마포구 동교로 257 2층,1269246557,375628337,연남동,중식
연남토마 본점,https://app.catchtable.co.kr/ct/shop/yntm_yn,음식점>퓨전음식,,,서울특별시 마포구 연남동 568-26 연남토마,서울특별시 마포구 월드컵북로6길 61 연남토마,1269214704,375595232,연남동,양식
헤이죠지,,음식점>양식,,,서울특별시 마포구 연남동 383-96 1층 헤이죠지,서울특별시 마포구 동교로46길 42-24 1층 헤이죠지,1269265566,375617323,연남동,양식
그동네떡볶이 연남점,,분식>종합분식,,,서울특별시 마포구 연남동 259-16 1층,서울특별시 마포구 동교로 243 1층,1269241689,375617498,연남동,분식
올바른김밥,,분식>김밥,,,서울특별시 마포구 연남동 227-5 1층 올바른김밥,서울특별시 마포구 동교로46길 42 1층 올바른김밥,1269268129,375621011,연남동,분식
우리할매떡볶이 연남점,http://wehalmae.co.kr/,음식점>분식,,,서울특별시 마포구 연남동 373-14,서울특별시 마포구 동교로 227-5,1269236785,375606017,연남동,분식
홍쌤떡볶이 연남점,,분식>떡볶이,,,서울특별시 마포구 연남동 504-23 1층,서울특별시 마포구 연남로5길 36 1층,1269200421,375614791,연남동,분식
보스김밥,https://www.bosskimbap.com,분식>김밥,,,서울특별시 마포구 연남동 252-13 1층,서울특별시 마포구 성미산로 138 1층,1269219735,375634651,연남동,분식
치플레,https://www.instagram.com/cheffle_official,"카페,디저트>베이커리",,,서울특별시 마포구 연남동 387-10 1층,서울특별시 마포구 동교로 262-9 1층,1269255953,375628286,연남동,브런치
아민 연남,https://app.catchtable.co.kr/ct/shop/we.salad.you,음식점>양식,,,서울특별시 마포구 연남동 224-5,서울특별시 마포구 동교로52길 10-7,1269268894,375637057,연남동,브런치
양식구옥,https://www.instagram.com/yangsikguok,음식점>양식,,,서울특별시 마포구 연남동 390-25 2층,서울특별시 마포구 동교로38길 27 2층,1269255517,375616911,연남동,브런치
해옫 연남,https://www.instagram.com/heod.yeonnam,음식점>양식,,,서울특별시 마포구 연남동 241-37 1층,서울특별시 마포구 성미산로29길 30 1층,1269221550,375653378,연남동,브런치
히포 <b>브런치</b>하우스,https://www.instagram.com/brunchhaus_hippo/,"음식점>카페,디저트",,,서울특별시 마포구 연남동 487-34 1층,서울특별시 마포구 성미산로17길 85 1층,1269172618,375652288,연남동,브런치
부추긴돼지,https://www.instagram.com/chive_pig,"한식>육류,고기요리",,,서울특별시 마포구 연남동 383-103 1층,서울특별시 마포구 연희로1길 59 1층,1269264752,375614556,연남동,고깃집
와이키키마켓,https://www.instagram.com/waikiki_market,"한식>육류,고기요리",,,서울특별시 마포구 상암동 1537-2 와이키키마켓,서울특별시 마포구 마포나루길 332 와이키키마켓,1268886523,375589079,상암동,한식
핵밥 상암MBC점,https://hecbob.com,음식점>일식>덮밥,,,서울특별시 마포구 상암동 1597 1층 108호,서울특별시 마포구 월드컵북로54길 17 1층 108호,1268885584,375815668,상암동,일식
옥소반 상암점,http://옥소반.com,음식점>일식>샤브샤브,,,서울특별시 마포구 상암동 1615 PARKM빌딩 1층 9호,서울특별시 마포구 매봉산로 80 PARKM빌딩 1층 9호,1268945133,375788031,상암동,일식
스시앤도시락,https://www.instagram.com//sushidosirak,"음식점>일식>초밥,롤",,,서울특별시 마포구 상암동 1605 누리꿈스퀘어 B1034 스시앤도시락,서울특별시 마포구 월드컵북로 396 누리꿈스퀘어 B1034 스시앤도시락,1268898190,375793419,상암동,일식
다이닝원 상암점,https://www.instagram.com/diningone.sangam,"음식점>일식,초밥뷔페",,,서울특별시 마포구 상암동 1615 PARK M 지1층 1~10호,서울특별시 마포구 매봉산로 80 PARK M 지1층 1~10호,1268944213,375788496,상암동,일식
피슈마라홍탕 상암점,http://피슈마라홍탕.net,음식점>마라탕,,,"서울특별시 마포구 상암동 1615 PARK-M 1층 7호, 8호","서울특별시 마포구 매봉산로 80 PARK-M 1층 7호, 8호",1268942777,375787559,상암동,중식
서룡,https://www.instagram.com/seoryong40/,중식>중식당,,,서울특별시 마포구 상암동 1653 DMC이안오피스텔2단지 201호,서울특별시 마포구 월드컵북로 361 DMC이안오피스텔2단지 201호,1268910675,375771471,상암동,중식
용무있습니까 상암점,,중식>중식당,,,서울특별시 마포구 상암동 1603 MBC몰파크 지하1층 B117호,서울특별시 마포구 성암로 267 MBC몰파크 지하1층 B117호,1268909867,375810580,상암동,중식
짜장인MINI 상암DMC점,,음식점>한식,,,서울특별시 마포구 상암동 1596 지1층 B105호,서울특별시 마포구 월드컵북로54길 25 지1층 B105호,1268889847,375820926,상암동,중식
크라이치즈버거 상암점,https://www.youtube.com/watch?v=NQArVO7KBY8&t=287s,음식점>양식>햄버거,,,"서울특별시 마포구 상암동 1610 B109, B110","서울특별시 마포구 매봉산로 75 B109, B110",1268932948,375784869,상암동,양식
KFC 상암DMC,https://www.kfckorea.com/,양식>햄버거,,,서울특별시 마포구 상암동 1605 누리꿈스퀘어 1층,서울특별시 마포구 월드컵북로 396 누리꿈스퀘어 1층,1268913180,375793866,상암동,양식
파스타공작소,http://instagram.com/alfonso_pasta,"이탈리아음식>스파게티,파스타전문",,,서울특별시 마포구 상암동 2-200 1층 102호,서울특별시 마포구 월드컵북로42가길 24 1층 102호,1268970162,375753805,상암동,양식
미도인 상암엠비씨,https://youtube.com/channel/UCxRWfLoFdwXyIU6_yq38uig?si=tpSW48w87J2hWl1f,음식점>양식,,,서울특별시 마포구 상암동 1603 지하1층 비110호,서울특별시 마포구 성암로 267 지하1층 비110호,1268909890,375811234,상암동,양식
청담동마녀김밥 상암점,,음식점>분식,,,서울특별시 마포구 상암동 1597 1층 105호,서울특별시 마포구 월드컵북로54길 17 1층 105호,1268883497,375816340,상암동,분식
삼형제김밥 상암점,https://sambrosroll.com/,음식점>분식,,,서울특별시 마포구 상암동 1605 누리꿈스퀘어 지하1층 1029호,서울특별시 마포구 월드컵북로 396 누리꿈스퀘어 지하1층 1029호,1268898190,375793418,상암동,분식
여우애 김밥 상암DMC점,https://www.foxgimbab.co.kr/,음식점>분식,,,서울특별시 마포구 상암동 1605 1층 110호,서울특별시 마포구 월드컵북로 396 1층 110호,1268898190,375793419,상암동,분식
김밥천국,,음식점>분식,,,서울특별시 마포구 상암동 1601 KGIT센터 1층 광장 김밥천국 상암 본점,서울특별시 마포구 월드컵북로 402 KGIT센터 1층 광장 김밥천국 상암 본점,1268891204,375800853,상암동,분식
김가네 상암푸르지오점,https://blog.naver.com/gimkong7127,음식점>분식,,,서울특별시 마포구 상암동 1596,서울특별시 마포구 월드컵북로54길 25,1268897316,375819916,상암동,분식
런이트,http://www.instagram.com/runit_roastery_cafe,"음식점>카페,디저트",,,서울특별시 마포구 상암동 11-8 2층,서울특별시 마포구 매봉산로2안길 12-9 2층,1268942739,375780613,상암동,브런치
카페모임 마포상암,https://www.instagram.com/cafemoim_dmc,"음식점>카페,디저트",,,서울특별시 마포구 상암동 36-25 카페모임,서울특별시 마포구 월드컵북로50길 16 카페모임,1268939745,375772841,상암동,브런치
탭샵바 상암MBC점,https://www.instagram.com/tap.shop.bar/,술집>와인,,,서울특별시 마포구 상암동 1604 mbc몰 플라자 1층 (올리브영 옆),서울특별시 마포구 성암로 255 mbc몰 플라자 1층 (올리브영 옆),1268914645,375797003,상암동,브런치
프롬커피바 상암점,https://fromcoffeebar.com/index.html,"음식점>카페,디저트",,,서울특별시 마포구 상암동 1653 이안오피스텔 2단지 1층 프롬커피바 상암점,서울특별시 마포구 월드컵북로 361 이안오피스텔 2단지 1층 프롬커피바 상암점,1268910302,375770913,상암동,브런치
버거리 상암DMC점,http://burgerry.co.kr/,음식점>양식>햄버거,,,서울특별시 마포구 상암동 1597 사보이시티디엠씨 212호,서울특별시 마포구 월드컵북로54길 17 사보이시티디엠씨 212호,1268889619,375812993,상암동,브런치
축제나우,,"지원,대행>전시,행사대행",,,서울특별시 마포구 대흥동 774 대흥빌딩 2층,서울특별시 마포구 큰우물로 16 대흥빌딩 2층,1269410427,375444376,대흥동,전시
잠두봉더나인,https://blog.naver.com/the9bongbong,"한식>육류,고기요리",,,서울특별시 마포구 합정동 352-6,서울특별시 마포구 마포나루길 582,1269083762,375450323,합정동,루프탑
플러피 베이크샵,https://www.instagram.com/fluffy.bakeshop,"음식점>카페,디저트",,,서울특별시 마포구 공덕동 479 2동 상가 1층 106호,서울특별시 마포구 백범로31길 8 2동 상가 1층 106호,1269497848,375451725,공덕동,카페
플디 케이크하우스 공덕점,https://www.instagram.com/plate_d_?igsh=MTY5MHZqbTR3cGRyOA==,"카페,디저트>케이크전문",,,서울특별시 마포구 공덕동 476 제201동 1층 17호,서울특별시 마포구 백범로 152 제201동 1층 17호,1269471461,375451646,공덕동,카페
영앤도터스 공덕점,http://www.youngndaughters.com,"카페,디저트>카페",,,서울특별시 마포구 공덕동 475 푸르지오시티 1층 107호,서울특별시 마포구 마포대로 156 푸르지오시티 1층 107호,1269543574,375481367,공덕동,브런치카페
스트라다로스터스 공덕점,http://m.smartstore.naver.com/strd,"음식점>카페,디저트",,,서울특별시 마포구 공덕동 242-86 1층,서울특별시 마포구 마포대로8길 35 1층,1269549509,375460266,공덕동,브런치카페
크리핀,,"음식점>카페,디저트",,,서울특별시 마포구 공덕동 476 102동 1호 크리핀,서울특별시 마포구 백범로 152 102동 1호 크리핀,1269479323,375449509,공덕동,브런치카페
쌀베베 공덕점,https://blog.naver.com/ssalbebe,"카페,디저트>베이글",,,서울특별시 마포구 공덕동 476 201동1층11호,서울특별시 마포구 백범로 152 201동1층11호,1269469041,375452333,공덕동,브런치카페
Staywell cafe,http://instagram.com/s.wellcafe,음식점>브런치,,,서울특별시 마포구 공덕동 476 101동 1층 12호,서울특별시 마포구 백범로 152 101동 1층 12호,1269480765,375447804,공덕동,브런치카페
포멜로빈 공덕점,https://pomellowbean.com/,"음식점>카페,디저트",,,서울특별시 마포구 공덕동 478 102동 상가 7-1호,서울특별시 마포구 백범로 170 102동 상가 7-1호,1269486203,375444288,공덕동,베이커리카페
수더분,https://www.instagram.com/suderboon,"카페,디저트>베이커리",,,서울특별시 마포구 공덕동 476 202동 상가 이면도로,서울특별시 마포구 백범로 152 202동 상가 이면도로,1269467534,375454187,공덕동,베이커리카페
다녹,https://www.instagram.com/danoc_gelato,"카페,디저트>아이스크림",,,서울특별시 마포구 공덕동 476 101동 1층 14호,서울특별시 마포구 백범로 152 101동 1층 14호,1269481344,375447021,공덕동,애견동반카페
이너커피공덕,https://www.instagram.com/iner_coffee,"음식점>카페,디저트",,,"서울특별시 마포구 공덕동 476 102동 1층 23, 24호","서울특별시 마포구 백범로 152 102동 1층 23, 24호",1269478316,375447956,공덕동,애견동반카페
베로커피,https://www.instagram.com/verocoffee__,"카페,디저트>카페",,,서울특별시 마포구 공덕동 476 101동1층 13호,서울특별시 마포구 백범로 152 101동1층 13호,1269480188,375447239,공덕동,애견동반카페
홈즈앤루팡 보드게임<b>카페</b> 이대점,http://holmeslupin.co.kr/,"스포츠,오락>보드카페",,,서울특별시 서대문구 대현동 56-122 지하 1층 2층,서울특별시 서대문구 이화여대길 53 지하 1층 2층,1269454684,375590856,공덕동,애견동반카페
<b>카페</b>미우,http://www.instagram.com/cafe.miwo0,"음식점>카페,디저트",,,서울특별시 용산구 도원동 1-36 1층,서울특별시 용산구 새창로14길 7 1층,1269584809,375391562,공덕동,애견동반카페
우수,https://app.catchtable.co.kr/ct/shop/woosoo_?from=share&type=DINING,"한식>육류,고기요리",,,서울특별시 마포구 공덕동 467 롯데캐슬프레지던트 상가 지하2층 201호,서울특별시 마포구 마포대로 109 롯데캐슬프레지던트 상가 지하2층 201호,1269503453,375446186,공덕동,맛집
호랭이곳간 공덕점,https://tigerhouse.kr/,음식점>한식,,,서울특별시 마포구 공덕동 249-25 1층 101호 호랭이곳간,서울특별시 마포구 마포대로8길 13 1층 101호 호랭이곳간,1269539750,375464213,공덕동,맛집
모던샤브하우스 공덕점,https://app.catchtable.co.kr/ct/shop/modernshabu_gongdeok,음식점>일식>샤브샤브,,,서울특별시 마포구 공덕동 471 에쓰오일 빌딩 23층,서울특별시 마포구 백범로 192 에쓰오일 빌딩 23층,1269515701,375432733,공덕동,맛집
서리원 마포본점,https://app.catchtable.co.kr/ct/shop/seoriwon,음식점>한식,,,서울특별시 마포구 공덕동 463 현대하이엘오피스텔 지하1층 B123~B125호,서울특별시 마포구 마포대로 173 현대하이엘오피스텔 지하1층 B123~B125호,1269544490,375497932,공덕동,한식
토우슈,https://app.catchtable.co.kr/ct/shop/toushu?from=share&type=DINING,음식점>일식>일식당,,,서울특별시 마포구 공덕동 476 201동 1층 4호,서울특별시 마포구 백범로 152 201동 1층 4호,1269470410,375453872,공덕동,일식
하노루,,음식점>일식>돈가스,,,서울특별시 마포구 공덕동 242-73 1층,서울특별시 마포구 마포대로10길 11 1층,1269543396,375472732,공덕동,일식
돈카츠 준,https://www.instagram.com/tonkatsu_jun/,음식점>일식>돈가스,,,서울특별시 마포구 신공덕동 172 펜트라우스 101동 b226호,서울특별시 마포구 백범로 205 펜트라우스 101동 b226호,1269541550,375442238,공덕동,일식
신성각,,중식>중식당,,,서울특별시 마포구 신공덕동 2-463,서울특별시 마포구 임정로 55-1,1269577875,375447250,공덕동,중식
명원,,중식>중식당,,,서울특별시 마포구 공덕동 252-5 지1층,서울특별시 마포구 마포대로 144 지1층,1269537474,375469842,공덕동,중식
화림,,중식>중식당,,,서울특별시 마포구 공덕동 469 공덕래미안5차 상가 104호,서울특별시 마포구 마포대로 173-15 공덕래미안5차 상가 104호,1269529156,375504279,공덕동,중식
승환이네,,중식>중식당,,,서울특별시 마포구 공덕동 256-5,서울특별시 마포구 마포대로6길 16,1269532151,375454802,공덕동,중식
청명,,중식>중식당,,,서울특별시 마포구 공덕동 242-4 1층,서울특별시 마포구 마포대로12길 34 1층,1269547452,375474425,공덕동,중식
VIVO PIZZA 공덕점,https://app.catchtable.co.kr/ct/shop/Vivopizza?from=share&type=DINING,음식점>양식,,,서울특별시 마포구 공덕동 476 제201동 1층 15호,서울특별시 마포구 백범로 152 제201동 1층 15호,1269471026,375451415,공덕동,양식
경성떡볶이,,분식>종합분식,,,서울특별시 마포구 신공덕동 13-2 1층,서울특별시 마포구 만리재옛길 18 1층,1269551422,375455906,공덕동,분식
삼청당 공덕점,,음식점>분식,,,서울특별시 마포구 공덕동 479 2동 1층 103호,서울특별시 마포구 백범로31길 8 2동 1층 103호,1269498817,375451958,공덕동,분식
모먼트델리샵,,음식점>양식,,,서울특별시 마포구 공덕동 210-1 1층 102호,서울특별시 마포구 마포대로11길 39 1층 102호,1269520303,375490651,공덕동,브런치
3.5cm왕소금구이,,"한식>육류,고기요리",,,서울특별시 마포구 공덕동 110-22,서울특별시 마포구 만리재옛길 54-1,1269574604,375484351,공덕동,고깃집
영동숯불집,,"한식>육류,고기요리",,,서울특별시 마포구 공덕동 255-23 1층 영동숯불집,서울특별시 마포구 만리재로1길 5 1층 영동숯불집,1269522672,375446798,공덕동,고깃집
야키니쿠 찰나,https://catchtable.co.kr/moment,"한식>육류,고기요리",,,서울특별시 마포구 공덕동 478 102동 1층 11호,서울특별시 마포구 백범로 170 102동 1층 11호,1269488847,375443124,공덕동,고깃집
화이트리에 공덕점,,"음식점>카페,디저트>베이커리",,,서울특별시 마포구 아현동 275-2 지1층 B104호,서울특별시 마포구 마포대로 231 지1층 B104호,1269566220,375546427,아현동,카페
<b>카페</b> 테바,,"음식점>카페,디저트",,,서울특별시 마포구 아현동 737 102호,서울특별시 마포구 마포대로 204 102호,1269566365,375522313,아현동,카페
삼정<b>카페</b>,https://booking.naver.com/booking/6/bizes/308195,"음식점>카페,디저트",,,서울특별시 용산구 청파동3가 132-48 삼정카페,서울특별시 용산구 효창원로 172 삼정카페,1269625238,375433895,아현동,브런치카페
커피루소 정동,https://smartstore.naver.com/lussolab,"음식점>카페,디저트",,,서울특별시 중구 정동 17-4 1층,서울특별시 중구 정동길 17 1층,1269705929,375670330,아현동,브런치카페
브레들리<b>베이커리</b>,http://instagram.com/block_maraepu,"카페,디저트>베이커리",,,서울특별시 마포구 아현동 777 4동 상가 126호,서울특별시 마포구 마포대로 195 4동 상가 126호,1269536840,375521845,아현동,베이커리카페
빵을집다,http://instagram.com/bbangzip_da,"카페,디저트>베이커리",,,서울특별시 마포구 아현동 738 마포트라팰리스2차 상가동 101호 빵을집다,서울특별시 마포구 마포대로 201 마포트라팰리스2차 상가동 101호 빵을집다,1269553779,375520562,아현동,베이커리카페
뚜봉,https://www.instagram.com/toubon.bakery,"카페,디저트>베이커리",,,서울특별시 마포구 아현동 777 상가4동 1층 135호,서울특별시 마포구 마포대로 195 상가4동 1층 135호,1269538039,375529553,아현동,베이커리카페
아도르<b>베이커리</b>,https://www.instagram.com/ador_bakery_?igsh=YXpqbTJqZ3EyYzdx,"카페,디저트>베이커리",,,서울특별시 마포구 아현동 777 1단지상가 114호,서울특별시 마포구 마포대로 195 1단지상가 114호,1269547533,375555220,아현동,베이커리카페
오티오커피,https://www.instagram.com/o.t.o.coffee,"음식점>카페,디저트",,,서울특별시 용산구 효창동 3-188 1층,서울특별시 용산구 임정로 59-1 1층,1269579706,375450840,아현동,애견동반카페
보스코에스프레소,https://www.instagram.com/bosco_espresso,"음식점>카페,디저트",,,서울특별시 마포구 신수동 85-30 1층 102호,서울특별시 마포구 광성로6길 56 1층 102호,1269398377,375476170,아현동,애견동반카페
<b>카페</b>4293 이대본점,https://cafe4293.com,"음식점>카페,디저트",,,서울특별시 서대문구 대현동 54-16 1층,서울특별시 서대문구 이화여대길 18 1층,1269459529,375576761,아현동,애견동반카페
밀밭정원,https://app.catchtable.co.kr/ct/shop/milbatjungwon?from=share&type=VISIT_RESERVATION,음식점>한식,,,서울특별시 마포구 아현동 422-10,서울특별시 마포구 마포대로16길 13,1269571941,375507955,아현동,맛집
이자카야 아오네,https://www.instagram.com/izakaya_aone?igsh=MW8wM21udWcwamJ0ZA==,음식점>일식>일식당,,,서울특별시 마포구 아현동 327-17 1층,서울특별시 마포구 신촌로34길 13 1층,1269546211,375565404,아현동,일식
경수사,,음식점>일식>일식당,,,서울특별시 마포구 아현동 424-14 1층,서울특별시 마포구 마포대로16길 7 1층,1269564856,375509356,아현동,일식
베어스타코 아현공덕점,https://www.bearstaco.com,"음식점>양식>멕시코,남미음식",,,서울특별시 마포구 아현동 291-6 2층,서울특별시 마포구 굴레방로 19 2층,1269555150,375557826,아현동,양식
피나치공 마포아현점,http://www.pncg.co.kr/,음식점>피자,,,서울특별시 마포구 아현동 707-4 1층,서울특별시 마포구 손기정로 42 1층,1269620157,375564861,아현동,양식
마포<b>분식</b>,https://smartstore.naver.com/maposformula,분식>떡볶이,,,서울특별시 마포구 아현동 332-21 1층,서울특별시 마포구 굴레방로9길 41 1층,1269533829,375566772,아현동,분식
범벅집,,분식>종합분식,,,서울특별시 마포구 아현동 326-18 1층 범벅집,서울특별시 마포구 신촌로34길 37 1층 범벅집,1269550607,375555787,아현동,분식
콤바크,,음식점>양식,,,서울특별시 중구 만리동1가 62-7 101-4호 콤바크,서울특별시 중구 만리재로 193 101-4호 콤바크,1269674083,375551628,아현동,브런치
오드하우스,https://www.instagram.com/odd_haus,음식점>양식,,,서울특별시 중구 정동 1-28 신아기념관 G층,서울특별시 중구 정동길 33 신아기념관 G층,1269721868,375662530,아현동,브런치
오와케이크 이대직영점,https://www.instagram.com/owa_cake_ewha.w.univ,"음식점>카페,디저트",,,서울특별시 마포구 대흥동 806 2동 1층 109호,서울특별시 마포구 대흥로 183 2동 1층 109호,1269456639,375555621,대흥동,카페
메가MGC커피 이대역사거리점,,"카페,디저트>카페",,,"서울특별시 마포구 대흥동 12-20 1층 101호, 102호, B02호","서울특별시 마포구 신촌로 176 1층 101호, 102호, B02호",1269451737,375564972,대흥동,카페
썬마이야르,https://www.instagram.com/sunmaillard,"카페,디저트>베이커리",,,서울특별시 마포구 대흥동 303 1층,서울특별시 마포구 대흥로 82 1층,1269415604,375472813,대흥동,브런치카페
비버베이크샵,https://www.instagram.com/beaver_bake_shop?igsh=MXc5MmM5cWE5bmhtMA%3D%3D&utm_source=qr,브런치카페,,,서울특별시 마포구 대흥동 3-27 1층,서울특별시 마포구 숭문길 185 1층,1269464500,375546540,대흥동,브런치카페
다소니,https://www.instagram.com/dasoni_bakery/,"카페,디저트>베이커리",,,서울특별시 마포구 대흥동 500-10 1층,서울특별시 마포구 토정로31길 67 1층,1269444835,375436457,대흥동,브런치카페
파리바게뜨 마포염리점,https://www.paris.co.kr/,"카페,디저트>베이커리",,,서울특별시 마포구 대흥동 38-1 서강대학교 후문 건너편,서울특별시 마포구 대흥로 120 서강대학교 후문 건너편,1269440615,375500044,대흥동,베이커리카페
르네상스 <b>베이커리</b>,,"카페,디저트>베이커리",,,서울특별시 마포구 대흥동 585,서울특별시 마포구 큰우물로 39,1269432514,375431569,대흥동,베이커리카페
파리바게뜨 이대자이점,https://www.paris.co.kr/,"카페,디저트>베이커리",,,서울특별시 마포구 대흥동 806 상가 2동 1층 107호,서울특별시 마포구 대흥로 183 상가 2동 1층 107호,1269456566,375554092,대흥동,베이커리카페
잼 <b>베이커리</b>,https://www.instagram.com/j.aimebakery,"카페,디저트>베이커리",,,서울특별시 마포구 대흥동 252-1 1층,서울특별시 마포구 대흥로 84-6 1층,1269419599,375473571,대흥동,베이커리카페
오프더시티,https://www.instagram.com/off_the_city?igsh=bmFyaHpmdDBnazhs&utm_source=qr,"음식점>카페,디저트",,,서울특별시 마포구 대흥동 801-62 1층 101호,서울특별시 마포구 대흥로14길 21 1층 101호,1269397604,375442014,대흥동,애견동반카페
파닭파닭,https://blog.naver.com/padakpadak-,한식>닭요리,,,서울특별시 마포구 대흥동 248-17 1층,서울특별시 마포구 대흥로 78-1 1층,1269414575,375470100,대흥동,맛집
제철담은 마포바다,https://www.instagram.com/mapobada03/,한식>생선회,,,서울특별시 마포구 대흥동 210-1 봉화빌딩 1층,서울특별시 마포구 백범로 104 봉화빌딩 1층,1269428341,375473168,대흥동,한식
대장육 마포점,https://www.instagram.com/imkimpunch/,"한식>육류,고기요리",,,서울특별시 마포구 대흥동 403 1층,서울특별시 마포구 독막로38길 3 1층,1269417214,375460984,대흥동,한식
동휴,https://www.instagram.com/shindonghue,음식점>일식>일식당,,,서울특별시 마포구 대흥동 330-2 104호,서울특별시 마포구 독막로38길 22 104호,1269409430,375455230,대흥동,일식
오스테리아카도,https://www.instagram.com/osteriakado,술집>요리주점,,,서울특별시 마포구 대흥동 255-2 1층,서울특별시 마포구 대흥로 80-15 1층,1269420041,375470412,대흥동,일식
다다다 마포본점,https://www.instagram.com/dadadamapo,음식점>양식,,,서울특별시 마포구 대흥동 241-2 1층,서울특별시 마포구 백범로20길 4 1층,1269437475,375467947,대흥동,양식
빌라토,https://app.catchtable.co.kr/ct/shop/bst?from=share&type=VISIT_RESERVATION,"이탈리아음식>스파게티,파스타전문",,,서울특별시 마포구 대흥동 465 1층 Villato,서울특별시 마포구 독막로 277 1층 Villato,1269442109,375454736,대흥동,양식
스마일 꼬마김밥,,분식>김밥,,,서울특별시 마포구 대흥동 259 1층 102호,서울특별시 마포구 백범로16길 8 1층 102호,1269423618,375472534,대흥동,분식
강선생마포숯불갈비,https://www.instagram.com/kangsunseng_mapogalbi_kbbq/,"한식>육류,고기요리",,,서울특별시 마포구 대흥동 131-1,서울특별시 마포구 대흥로 92,1269422789,375480574,대흥동,고깃집
콘피 합정점,https://www.instagram.com/cafe_confi_,"음식점>카페,디저트",,,서울특별시 마포구 서교동 395-45 1층 101호,서울특별시 마포구 양화로 66 1층 101호,1269159184,375506234,서교동,카페
멧커피 홍대점,http://www.instagram.com/met.coffee_,"음식점>카페,디저트",,,"서울특별시 마포구 서교동 398-5 1층, 3층","서울특별시 마포구 어울마당로5길 42 1층, 3층",1269184179,375498728,서교동,카페
더 윈드,https://www.instagram.com/thewind.cafe,브런치카페,,,서울특별시 마포구 서교동 372-9 1층,서울특별시 마포구 잔다리로6길 5 1층,1269194398,375521473,서교동,카페
스타벅스 홍대공항철도역점,http://www.starbucks.co.kr/,"카페,디저트>카페",,,서울특별시 마포구 동교동 166-1,서울특별시 마포구 양화로 178 (동교동),1269251460,375574910,서교동,브런치카페
훌리건 커피,https://www.instagram.com/hooligan_coffee,"음식점>카페,디저트",,,서울특별시 마포구 서교동 332-28 1층,서울특별시 마포구 와우산로29바길 11-5 1층,1269263659,375557157,서교동,브런치카페
올라운드커피,,"음식점>카페,디저트",,,"서울특별시 마포구 서교동 386-6 1F, B1F","서울특별시 마포구 양화로7길 30 1F, B1F",1269144871,375520647,서교동,브런치카페
콜린,https://www.instagram.com/colline_cafe/,"음식점>카페,디저트",,,서울특별시 마포구 서교동 403-13 1~2층,서울특별시 마포구 어울마당로 45 1~2층,1269204345,375492310,서교동,브런치카페
도피,https://www.instagram.com/cafe_dopy,브런치카페,,,서울특별시 마포구 서교동 458-6 1층,서울특별시 마포구 동교로17길 45 1층,1269149185,375568711,서교동,브런치카페
코코넛박스 <b>카페</b>,https://www.instagram.com/coconut.box/,"음식점>카페,디저트",,,서울특별시 마포구 서교동 357-1 지하 2층,서울특별시 마포구 홍익로3길 20 지하 2층,1269217041,375535252,서교동,베이커리카페
<b>카페</b> 공명 홍대점,https://youtu.be/55rgsDxLyAU?feature=shared,"음식점>카페,디저트",,,"서울특별시 마포구 서교동 409-15 1층, 2층, 3층","서울특별시 마포구 와우산로17길 11-8 1층, 2층, 3층",1269220185,375499077,서교동,베이커리카페
김진환 제과점,,"카페,디저트>베이커리",,,서울특별시 마포구 동교동 186-22,서울특별시 마포구 와우산로32길 41,1269324894,375548424,서교동,베이커리카페
커피폴리,http://instagram.com/coffeepauly,"음식점>카페,디저트",,,서울특별시 마포구 서교동 378-19 커피폴리 1층 2층,서울특별시 마포구 양화로11길 14 커피폴리 1층 2층,1269159200,375520535,서교동,베이커리카페
버터<b>베이커리</b>,https://www.instagram.com/butterbakery.official/,"카페,디저트>베이커리",,,서울특별시 마포구 동교동 152-1,서울특별시 마포구 동교로 226,1269239956,375600148,서교동,베이커리카페
더블유오앤,https://www.instagram.com/w.oncoffee,"음식점>카페,디저트",,,"서울특별시 마포구 서교동 366-7 1층, B1층","서울특별시 마포구 잔다리로6길 20-9 1층, B1층",1269205440,375518519,서교동,애견동반카페
바이앤드커피,https://www.instagram.com/viand_coffee,"음식점>카페,디저트",,,"서울특별시 마포구 서교동 395-124 2층 우측호, 3층","서울특별시 마포구 잔다리로3안길 44 2층 우측호, 3층",1269191720,375506239,서교동,애견동반카페
엘로커피바 합정,https://www.instagram.com/ello_coffeebar,"음식점>카페,디저트",,,서울특별시 마포구 서교동 394-82 1층,서울특별시 마포구 양화로8길 16-9 1층,1269159709,375496647,서교동,애견동반카페
24시커피101,,"음식점>카페,디저트",,,서울특별시 마포구 서교동 332-5 1층 커피101,서울특별시 마포구 와우산로29마길 6 1층 커피101,1269267205,375558262,서교동,애견동반카페
서원안길 합정,https://www.instagram.com/seowonangil_hj,브런치카페,,,"서울특별시 마포구 서교동 395-174 1층, 2층","서울특별시 마포구 잔다리로3길 34 1층, 2층",1269178776,375506711,서교동,애견동반카페
피지피지 PZPZ,https://www.instagram.com/pzpzseoul,음식점>이탈리아음식,,,서울특별시 마포구 서교동 408-11 1층,서울특별시 마포구 와우산로17길 19-18 1층,1269213204,375495591,서교동,맛집
꼬꼬랜드,https://www.instagram.com/kkokko_land_/?hl=ko,술집>요리주점,,,"서울특별시 마포구 서교동 364-14 1,2층","서울특별시 마포구 와우산로19길 18 1,2층",1269221635,375513182,서교동,맛집
친구훠궈 홍대점,,중식>중식당,,,서울특별시 마포구 서교동 358-1 2층,서울특별시 마포구 홍익로 19 2층,1269225421,375540578,서교동,맛집
삼평식당 홍대본점,,"한식>육류,고기요리",,,서울특별시 마포구 서교동 351-27 1층,서울특별시 마포구 동교로 164 1층,1269201019,375557101,서교동,맛집
우동키노야 합정점,https://udonkinoya.com,"음식점>일식>우동,소바",,,"서울특별시 마포구 서교동 490 몰동 지1층 B1103, B1104호","서울특별시 마포구 양화로 45 몰동 지1층 B1103, B1104호",1269133714,375513069,서교동,맛집
피그바,https://blog.naver.com/pigbar94,"한식>육류,고기요리",,,서울특별시 마포구 서교동 396-49 1층,서울특별시 마포구 독막로3길 28-7 1층,1269174996,375495161,서교동,한식
밥장인 홍대점,http://www.babjangin.com,"한식>찌개,전골",,,서울특별시 마포구 동교동 169-29 1층 밥장인돼지찌개 홍대점,서울특별시 마포구 양화로18안길 16 1층 밥장인돼지찌개 홍대점,1269254245,375567605,서교동,한식
이자카야무세이,https://www.instagram.com/izakaya_musei,술집>이자카야,,,서울특별시 마포구 동교동 164-9,서울특별시 마포구 어울마당로 127-1,1269240861,375559662,서교동,일식
테즈쿠리 홍대본점,https://app.catchtable.co.kr/ct/shop/tezkuri,음식점>일식>일식당,,,서울특별시 마포구 서교동 355-5 홍대가자2 빌딩 2층,서울특별시 마포구 홍익로5안길 32 홍대가자2 빌딩 2층,1269211783,375534765,서교동,일식
하카타나카,,음식점>일식>일식당,,,서울특별시 마포구 서교동 346-36 2F,서울특별시 마포구 와우산로23길 50 2F,1269236732,375550450,서교동,일식
치쿠린 서울,https://app.catchtable.co.kr/ct/shop/ChikurinSeoul?from=share&type=DINING,음식점>일식>일식당,,,서울특별시 마포구 서교동 446-6 2층,서울특별시 마포구 동교로 155 2층,1269190821,375557510,서교동,일식
왕소야 홍대점,https://www.instagram.com/,중식>중식당,,,서울특별시 마포구 서교동 342-3 2층,서울특별시 마포구 와우산로25길 13 2층,1269258355,375539894,서교동,중식
동보성,,중식>중식당,,,서울특별시 마포구 동교동 154-19,서울특별시 마포구 양화로19길 16,1269241239,375582520,서교동,중식
진진,http://pf.kakao.com/_xifMGb,중식>중식당,,,서울특별시 마포구 서교동 375-35 1층 진진,서울특별시 마포구 월드컵북로1길 60 1층 진진,1269184790,375537804,서교동,중식
중화복춘,https://youtube.com/@zhonghuafuchun3080?si=qpkqHqcFbPAIAuBF,중식>중식당,,,서울특별시 마포구 동교동 152-11 101호,서울특별시 마포구 동교로 220-7 101호,1269242399,375595498,서교동,중식
오밀 홍대,https://www.instagram.com/ohmeal.official,음식점>양식,,,서울특별시 마포구 동교동 166-3 2층,서울특별시 마포구 양화로 178-8 2층,1269254618,375574612,서교동,양식
비스트로사랑방,https://catchtable.co.kr/bistrosarangbang,음식점>양식,,,"서울특별시 마포구 서교동 408-25 BISTRO 사랑방 , 2층","서울특별시 마포구 와우산로15길 40 BISTRO 사랑방 , 2층",1269212055,375489875,서교동,양식
연남취향,,음식점>양식,,,서울특별시 마포구 동교동 113-25 1.5층,서울특별시 마포구 연희로1길 36 1.5층,1269257071,375604362,서교동,양식
홍대IN파스타,https://www.instagram.com/hongdae_in_pasta,음식점>양식,,,서울특별시 마포구 서교동 355-5 준빌라,서울특별시 마포구 홍익로5안길 32 준빌라,1269211407,375534442,서교동,양식
랑트 연남,https://www.instagram.com/langt.official/,음식점>양식,,,서울특별시 마포구 동교동 154-29 1.5층,서울특별시 마포구 양화로19길 22-30 1.5층,1269247157,375590003,서교동,양식
홍대조폭떡볶이 본점,,분식>종합분식,,,서울특별시 마포구 서교동 328-18 1층,서울특별시 마포구 와우산로29길 26 1층,1269284793,375552696,서교동,분식
그동네떡볶이 홍대본점,,분식>종합분식,,,서울특별시 마포구 서교동 335-16 그동네떡볶이,서울특별시 마포구 와우산로27길 14 그동네떡볶이,1269275396,375541034,서교동,분식
마포만두 합정점,http://mapomandu.com/,분식>만두,,,서울특별시 마포구 서교동 391-17,서울특별시 마포구 양화로7길 12,1269151835,375513732,서교동,분식
도트블랭킷 연남 <b>브런치</b>카페,https://www.instagram.com/dotblanket_official,음식점>브런치,,,서울특별시 마포구 동교동 148-9 2층,서울특별시 마포구 양화로23길 28 2층,1269250363,375596068,서교동,브런치
클로벨리,https://www.instagram.com/clovelly_brunch/?igsh=MWpyYjB0YXFudWo0aA%3D%3D,음식점>브런치,,,서울특별시 마포구 서교동 373-16 1층,서울특별시 마포구 양화로12길 19 1층,1269181794,375519592,서교동,브런치
고기꾼김춘배 홍대본점,https://catchtable.co.kr/gokiggun_hd,"한식>육류,고기요리",,,서울특별시 마포구 서교동 369-44 3층,서울특별시 마포구 홍익로3길 36 3층,1269215517,375528341,서교동,고깃집
김숙성 합정점,,"한식>육류,고기요리",,,서울특별시 마포구 서교동 394-12 1층,서울특별시 마포구 양화로8길 38 1층,1269166848,375490990,서교동,고깃집
올더어글리쿠키&amp;트레몽,https://smartstore.naver.com/alltheuglycookie/products/7535745074,"음식점>카페,디저트",,,"서울특별시 마포구 합정동 368-36 1, 2층","서울특별시 마포구 토정로 45 1, 2층",1269159323,375456431,합정동,카페
폴리 합정,https://www.instagram.com/poly_cafe,"음식점>카페,디저트",,,서울특별시 마포구 합정동 393-18,서울특별시 마포구 포은로 14,1269092347,375495045,합정동,카페
빈브라더스 합정,http://beanbrothers.co.kr,"카페,디저트>카페",,,서울특별시 마포구 합정동 368-3,서울특별시 마포구 토정로 35-1,1269149771,375456938,합정동,카페
밤부 베이커리&amp;브루잉,http://coffeedna.co.kr/index.html,"음식점>카페,디저트",,,서울특별시 마포구 합정동 386-11,서울특별시 마포구 월드컵로5길 33-23,1269109582,375505875,합정동,브런치카페
그레이랩,https://www.facebook.com/greylab-357618961799843,"음식점>카페,디저트",,,서울특별시 마포구 합정동 367-9 1층,서울특별시 마포구 토정로3길 16 1층,1269143495,375462626,합정동,브런치카페
pancake cafe 번트 오렌지,https://www.idus.com/burntorange,브런치카페,,,서울특별시 마포구 합정동 360-1 1층,서울특별시 마포구 독막로6길 27 1층,1269171719,375467384,합정동,브런치카페
오베이글하우스,https://www.instagram.com/obagel_house_kr,브런치카페,,,서울특별시 마포구 합정동 431-21 오베이글하우스,서울특별시 마포구 월드컵로7길 41 오베이글하우스,1269098036,375528385,합정동,브런치카페
클루미유니버스,https://www.instagram.com/clumi.universe,"음식점>카페,디저트",,,서울특별시 마포구 합정동 355-14 1층,서울특별시 마포구 독막로8길 21 1층,1269180700,375469607,합정동,브런치카페
민규아빠네베이글 합정점,,"카페,디저트>베이글",,,서울특별시 마포구 합정동 355-24 1층,서울특별시 마포구 독막로8길 15 1층,1269181967,375471801,합정동,브런치카페
합정<b>카페</b> 웨하로스터스,https://www.instagram.com/wehigh.coffee,"음식점>카페,디저트",,,서울특별시 마포구 합정동 364-9 1층,서울특별시 마포구 성지1길 35 1층,1269154868,375480169,합정동,브런치카페
<b>카페</b>꼼마 합정점,https://www.instagram.com/cafecomma_official,"음식점>카페,디저트",,,서울특별시 마포구 합정동 441-35,서울특별시 마포구 포은로 49,1269068006,375519325,합정동,베이커리카페
볼베르,https://www.instagram.com/kafevolver,"음식점>카페,디저트",,,서울특별시 마포구 합정동 427-18 2층 VOLVER,서울특별시 마포구 월드컵로 41 2층 VOLVER,1269118691,375529747,합정동,베이커리카페
폴드 <b>베이커리</b>,https://www.instagram.com/fold_bakery_,"카페,디저트>베이커리",,,서울특별시 마포구 합정동 366-12 1층,서울특별시 마포구 독막로2길 31 1층,1269145148,375471718,합정동,베이커리카페
밀토니아,,"카페,디저트>베이커리",,,서울특별시 마포구 합정동 434-36 1층 좌2호,서울특별시 마포구 월드컵로7길 73 1층 좌2호,1269082439,375524680,합정동,베이커리카페
밤부 <b>베이커리</b>&amp;브루잉,http://coffeedna.co.kr/index.html,"음식점>카페,디저트",,,서울특별시 마포구 합정동 386-11,서울특별시 마포구 월드컵로5길 33-23,1269109582,375505875,합정동,베이커리카페
바리아토,https://www.instagram.com/variato_coffee,"음식점>카페,디저트",,,서울특별시 마포구 합정동 449-2 1층 101호,서울특별시 마포구 동교로 16 1층 101호,1269044835,375517718,합정동,애견동반카페
부니기,,"음식점>카페,디저트",,,서울특별시 마포구 합정동 439-8 Boonigi 1층,서울특별시 마포구 희우정로 42-3 Boonigi 1층,1269066612,375508753,합정동,애견동반카페
가보자라이브7080,,"카페,디저트>라이브카페",,,서울특별시 마포구 합정동 383-31 합정역8번출구,서울특별시 마포구 월드컵로1길 11 합정역8번출구,1269123016,375494625,합정동,애견동반카페
레오띠,https://www.instagram.com/,애견카페,,,서울특별시 마포구 망원동 396-3 1층 101호,서울특별시 마포구 망원로2길 96 1층 101호,1269039479,375532923,합정동,애견동반카페
청와옥 합정역직영점,,"음식점>한식>육류,고기요리>순대,순댓국",,,서울특별시 마포구 합정동 414-1 1층,서울특별시 마포구 양화로 50 1층,1269144579,375495669,합정동,맛집
시센,https://www.instagram.com/shisen_seoul?igsh=MXd4ajRzb2V4ODFtMA%3D%3D&utm_source=qr,중식>중식당,,,서울특별시 마포구 합정동 386-39 2층,서울특별시 마포구 양화로3길 37 2층,1269112176,375505639,합정동,맛집
대나무숙성회관 합정점,https://www.instagram.com/bamboohapjeong,한식>생선회,,,서울특별시 마포구 합정동 387-3 1층,서울특별시 마포구 월드컵로3길 31 1층,1269110497,375502124,합정동,한식
만로 합정점,https://www.instagram.com/manrohapjung?igsi=aWFidjlkazlxcmE3,"한식>장어,먹장어요리",,,서울특별시 마포구 합정동 383-9 1층,서울특별시 마포구 월드컵로1길 7 1층,1269125123,375494833,합정동,한식
시오 합정점,,음식점>일식>일식당,,,서울특별시 마포구 합정동 372-17 1층,서울특별시 마포구 독막로2길 30 1층,1269143486,375472597,합정동,일식
토후 합정본점,https://www.instagram.com/tofu_hapjeong,음식점>일식>일식당,,,서울특별시 마포구 합정동 388-10 지상 1.5층,서울특별시 마포구 월드컵로3길 31-8 지상 1.5층,1269109042,375500567,합정동,일식
봉선화빛,https://app.catchtable.co.kr/ct/shop/bongsunhwabit,음식점>일식>일식당,,,서울특별시 마포구 합정동 359-27 1층,서울특별시 마포구 성지3길 60 1층,1269161502,375461332,합정동,일식
연희<b>중식</b>,,중식>중식당,,,서울특별시 마포구 합정동 388-29 2층,서울특별시 마포구 양화로1길 32 2층,1269105383,375500931,합정동,중식
자자,https://www.instagram.com/jiajia_hapjeong?igshid=YmMyMTA2M2Y=,중식>중식당,,,서울특별시 마포구 합정동 364-29,서울특별시 마포구 독막로 18,1269152746,375483795,합정동,중식
미미본관,http://catchtable.co.kr/mimibongwan,중식>중식당,,,서울특별시 마포구 합정동 392-3 1층,서울특별시 마포구 포은로2가길 65 1층,1269103058,375494261,합정동,중식
한길비스트로 합정,https://blog.naver.com/hg_bistro,음식점>양식,,,서울특별시 마포구 합정동 413-5 A동 2층,서울특별시 마포구 독막로 13 A동 2층,1269150537,375488129,합정동,양식
도트 합정,https://toss.place/_lb/VxDiS5lvG,음식점>이탈리아음식,,,서울특별시 마포구 합정동 363-20 1층 도트,서울특별시 마포구 성지1길 69 1층 도트,1269172703,375476247,합정동,양식
스프링비스트로,http://instagram.com/springbistro.kr,음식점>이탈리아음식,,,서울특별시 마포구 합정동 392-13 2층,서울특별시 마포구 양화로1길 25 2층,1269103664,375498429,합정동,양식
오스테리아샘킴,,음식점>양식,,,서울특별시 마포구 합정동 472 딜라이트스퀘어 A동 1차 2층,서울특별시 마포구 월드컵로1길 14 딜라이트스퀘어 A동 1차 2층,1269125646,375500843,합정동,양식
라구 합정,https://www.instagram.com/ragusteak,음식점>양식,,,서울특별시 마포구 합정동 367-41 지1층,서울특별시 마포구 토정로3안길 29 지1층,1269157647,375460252,합정동,양식
우엉,https://www.instagram.com/woo_eoung,분식>김밥,,,서울특별시 마포구 합정동 368-2 1층 102호,서울특별시 마포구 토정로 37 1층 102호,1269152470,375456616,합정동,분식
좋은열매,http://fruit.food-an.com/,분식>종합분식,,,서울특별시 마포구 합정동 392-3 B동,서울특별시 마포구 포은로2가길 65 B동,1269104388,375493104,합정동,분식
합정<b>고깃집</b>,,"한식>육류,고기요리",,,서울특별시 마포구 합정동 392-3 1층 합정고깃집,서울특별시 마포구 양화로1길 21 1층 합정고깃집,1269104527,375496434,합정동,고깃집
정육도,https://www.jungyukdo.com/,"한식>육류,고기요리",,,서울특별시 마포구 합정동 414-16 2층 정육도,서울특별시 마포구 양화로6길 14 2층 정육도,1269148751,375491951,합정동,고깃집
국제양식,https://app.catchtable.co.kr/ct/shop/kukje_yangsik,"한식>육류,고기요리",,,서울특별시 마포구 합정동 389-16 대운행복아파트 1층 102호,서울특별시 마포구 양화로1길 38 대운행복아파트 1층 102호,1269105244,375503681,합정동,고깃집
코리야 망원,https://www.instagram.com/koriya_mangwon?igsh=MWFwY3hzMGl1Zm5vOQ%3D%3D&utm_source=qr,"카페,디저트>빙수",,,서울특별시 마포구 망원동 376-15 1층 코리야,서울특별시 마포구 월드컵로15길 27 1층 코리야,1269085448,375557181,망원동,카페
픽트로스터리 망원점,,"음식점>카페,디저트",,,서울특별시 마포구 망원동 412-50 1층,서울특별시 마포구 월드컵로23길 45 1층,1269072652,375558894,망원동,카페
블랑제리코팡,https://www.threads.com/@boulangerie_copain_,"카페,디저트>베이커리",,,서울특별시 마포구 망원동 455-17 1층,서울특별시 마포구 희우정로 115 1층,1269004943,375549243,망원동,카페
오무스,https://www.instagram.com/o.mousse_official,"카페,디저트>베이커리",,,서울특별시 마포구 망원동 376-15 1층,서울특별시 마포구 월드컵로15길 27 1층,1269085284,375556785,망원동,카페
당도,http://instagram.com/gelateria_dangdo,"카페,디저트>아이스크림",,,서울특별시 마포구 망원동 414-16,서울특별시 마포구 포은로 106,1269048403,375564448,망원동,브런치카페
광합성<b>카페</b>,http://www.instagram.com/gwang_hab_sung,"음식점>카페,디저트",,,서울특별시 마포구 망원동 57-36 1층,서울특별시 마포구 월드컵로19길 8 1층,1269084365,375570797,망원동,브런치카페
Alive214,https://instagram.com/alive214.kr,브런치카페,,,서울특별시 마포구 망원동 375-8 1층,서울특별시 마포구 월드컵로13길 34 1층,1269083788,375556761,망원동,브런치카페
오탄틱,https://www.instagram.com/otantik_seoul,"음식점>카페,디저트",,,서울특별시 마포구 망원동 57-61 2층,서울특별시 마포구 월드컵로19길 29 2층,1269080302,375561582,망원동,브런치카페
구황작물,https://www.instagram.com/relieffarmingplants,"음식점>카페,디저트",,,서울특별시 마포구 망원동 394-109 1층,서울특별시 마포구 동교로 27-8 1층,1269053784,375526630,망원동,브런치카페
어글리<b>베이커리</b>,http://www.instagram.com/uglybakery,"카페,디저트>베이커리",,,서울특별시 마포구 망원동 400-1 1층 어글리 베이커리,서울특별시 마포구 월드컵로13길 73 1층 어글리 베이커리,1269060383,375550335,망원동,베이커리카페
<b>카페</b> 공명 망원책빵,https://cafegm.kr,"음식점>카페,디저트",,,"서울특별시 마포구 망원동 376-18 지하1층, 1층, 2층","서울특별시 마포구 월드컵로13길 22-3 지하1층, 1층, 2층",1269087154,375556988,망원동,베이커리카페
투떰즈업,https://www.instagram.com/two_thumbsup_/,"카페,디저트>베이커리",,,서울특별시 마포구 망원동 404-42 1층,서울특별시 마포구 희우정로16길 53 1층,1269048319,375549220,망원동,베이커리카페
코토<b>베이커리</b>,https://www.instagram.com/cotobakery_?igsh=ZXI0bXlzanFiMHA3,"카페,디저트>베이커리",,,서울특별시 마포구 망원동 420-15 1층,서울특별시 마포구 망원로1길 6 1층,1269004014,375567290,망원동,베이커리카페
카펫,http://instagram.com/capet_coffeeworks,"음식점>카페,디저트",,,"서울특별시 마포구 망원동 57-12 1,2층","서울특별시 마포구 동교로9길 72 1,2층",1269086488,375567674,망원동,애견동반카페
코코하우스,https://www.instagram.com/coco.haus_coffee,"음식점>카페,디저트",,,서울특별시 마포구 망원동 517 1-029호,서울특별시 마포구 월드컵로25길 26 1-029호,1269061374,375586659,망원동,애견동반카페
리틀메도우,https://www.instagram.com/cafelittlemeadow/,"음식점>카페,디저트",,,서울특별시 마포구 망원동 57-208 1층,서울특별시 마포구 월드컵로11길 80 1층,1269067275,375537191,망원동,애견동반카페
두몽,https://www.instagram.com/dumong_official/,한식>두부요리,,,서울특별시 마포구 망원동 57-94 1층,서울특별시 마포구 월드컵로17길 47 1층,1269078612,375551987,망원동,맛집
레이지오프,https://www.instagram.com/lazyoff_,음식점>햄버거,,,서울특별시 마포구 망원동 57-283 지하1층,서울특별시 마포구 월드컵로17길 50 지하1층,1269077111,375551547,망원동,맛집
망원돈,https://www.instagram.com/mangwon_don?igsh=cnZzamZtdGlwZjNs,한식>돼지고기구이,,,서울특별시 마포구 망원동 419-16 1층,서울특별시 마포구 망원로 29 1층,1269001391,375564780,망원동,한식
순대일번지 망원본점,https://www.순대일번지.com,"한식>순대,순댓국",,,서울특별시 마포구 망원동 481-5,서울특별시 마포구 월드컵로 117,1269074875,375586417,망원동,한식
돼지방앗간,https://www.instagram.com/porkmillhouse/,"한식>육류,고기요리",,,서울특별시 마포구 망원동 57-33 2층,서울특별시 마포구 월드컵로 95 2층,1269087718,375571618,망원동,한식
로스트비프 산볼 망원본점,https://www.instagram.com/sanbowl_official,음식점>일식>일식당,,,서울특별시 마포구 망원동 57-284 1층,서울특별시 마포구 월드컵로19길 90 1층,1269064008,375538802,망원동,일식
나고미칸,https://www.instagram.com/nagomi.kan,음식점>일식>일식당,,,서울특별시 마포구 망원동 57-39 지층,서울특별시 마포구 월드컵로19길 16 지층,1269081784,375567526,망원동,일식
파동,https://app.catchtable.co.kr/ct/shop/padong__official?from=share&type=WAITING,음식점>일식>일식당,,,서울특별시 마포구 망원동 57-94 지하1층,서울특별시 마포구 월드컵로17길 47 지하1층,1269078206,375552206,망원동,일식
키친갈매기,https://www.instagram.com/galmegi_kitchen,음식점>일식>일식당,,,서울특별시 마포구 망원동 395-5 2층,서울특별시 마포구 포은로 73 2층,1269058133,375535916,망원동,일식
정든그릇 망원점,https://www.instagram.com/jungdeun_mangwon,음식점>일식>돈가스,,,서울특별시 마포구 망원동 405-32 지1층,서울특별시 마포구 망원로6길 50 지1층,1269037730,375547333,망원동,일식
강동원,,중식>중식당,,,서울특별시 마포구 망원동 453-43 1층,서울특별시 마포구 망원로 3 1층,1268973056,375558947,망원동,중식
신화루,,중식>중식당,,,서울특별시 마포구 망원동 483-5 1층,서울특별시 마포구 망원로11길 3 1층,1269072468,375581008,망원동,중식
레이키친,http://instagram.com/raykitchen_mangwon,음식점>이탈리아음식,,,서울특별시 마포구 망원동 394-89 1층 레이키친,서울특별시 마포구 포은로 63 1층 레이키친,1269063140,375529046,망원동,양식
노주,https://blog.naver.com/noju_dining,음식점>이탈리아음식,,,서울특별시 마포구 망원동 377-12 2층,서울특별시 마포구 동교로9길 56 2층,1269092149,375562251,망원동,양식
페리도트 망원,http://instagram.com/peridot_mangwon,"이탈리아음식>스파게티,파스타전문",,,서울특별시 마포구 망원동 414-17 1층,서울특별시 마포구 포은로 106-1 1층,1269047782,375565167,망원동,양식
철길떡볶이 망원시장점,,분식>종합분식,,,서울특별시 마포구 망원동 403-21 1층 101호,서울특별시 마포구 월드컵로13길 70 1층 101호,1269063925,375552671,망원동,분식
고손수제군만두 망원,https://www.instagram.com/goson_mangwon/,분식>만두,,,서울특별시 마포구 망원동 414-44 망원시장 A구역 3,서울특별시 마포구 망원로 80 망원시장 A구역 3,1269056799,375573489,망원동,분식
망리단길<b>분식</b>,,분식>종합분식,,,서울특별시 마포구 망원동 394-86 1층,서울특별시 마포구 포은로 67 1층,1269061153,375532787,망원동,분식
604seoul,http://www.instagram.com/604seoul,음식점>브런치,,,서울특별시 마포구 망원동 338-78 정하빌딩 1층,서울특별시 마포구 동교로 49 정하빌딩 1층,1269075776,375530594,망원동,브런치
마핑파,http://www.instagram.com/mapingpa,음식점>브런치,,,서울특별시 마포구 망원동 401-34 2층,서울특별시 마포구 포은로 74 2층,1269057668,375538788,망원동,브런치
망원 굽,https://app.catchtable.co.kr/ct/shop/mangwon_goob,"한식>육류,고기요리",,,서울특별시 마포구 망원동 421-15 1층 망원 굽,서울특별시 마포구 망원로 53 1층 망원 굽,1269028199,375570262,망원동,고깃집
<b>망원동</b>고기집 본점,https://pf.kakao.com/_yxoPIxl,"한식>육류,고기요리",,,서울특별시 마포구 망원동 415-26 1층 고기집,서울특별시 마포구 망원로 66 1층 망원동고기집,1269041930,375570898,망원동,고깃집
뿔,https://app.catchtable.co.kr/ct/shop/yakinikubbul?from=share,한식>소고기구이,,,서울특별시 마포구 망원동 57-225 1층,서울특별시 마포구 월드컵로19길 86 1층,1269064812,375539773,망원동,고깃집
롱베케이션,https://www.instagram.com/long_vacation.official,"음식점>카페,디저트",,,서울특별시 마포구 연남동 390-39 2층,서울특별시 마포구 동교로38길 33-10 2층,1269261745,375615622,연남동,카페
팻어케이크 연남점,,"카페,디저트>케이크전문",,,서울특별시 마포구 연남동 383-38 2층,서울특별시 마포구 연희로1길 45 2층,1269259443,375610355,연남동,카페
터틀힙 연남,https://turtlehip.com,"음식점>카페,디저트",,,서울특별시 마포구 연남동 565-19 1층 터틀힙,서울특별시 마포구 연남로1길 44 1층 터틀힙,1269206940,375598114,연남동,카페
웅기로 연남,https://www.instagram.com/ungkiro_cafe,"음식점>카페,디저트",,,서울특별시 마포구 연남동 256-7,서울특별시 마포구 성미산로26길 26,1269228473,375627236,연남동,카페
<b>카페</b> 레이어드 연남점,https://app.catchtable.co.kr/ct/shop/cafelayered_yeonnam?type=PICKUP&pickup-date=230418,"음식점>카페,디저트",,,서울특별시 마포구 연남동 223-20,서울특별시 마포구 성미산로 161-4,1269242086,375649954,연남동,브런치카페
오뗄드꾸뜨,https://www.instagram.com/hotel_de_ggoodd?igsh=ODA1NTc5OTg5Nw==,음식점>양식,,,서울특별시 마포구 연남동 387-19 101호 1.5층,서울특별시 마포구 동교로46길 7 101호 1.5층,1269253227,375627102,연남동,브런치카페
잼잼,https://www.instagram.com/jamjam.cafe/,"음식점>카페,디저트",,,서울특별시 마포구 연남동 241-31 지하1층,서울특별시 마포구 성미산로29길 24 지하1층,1269223616,375650550,연남동,브런치카페
허그허그러브,https://www.instagram.com/hughugluv,브런치카페,,,서울특별시 마포구 연남동 453-9 2층,서울특별시 마포구 동교로51길 111 2층,1269208511,375663007,연남동,브런치카페
땡스오트 연남,https://www.thanksoat.co.kr/,"음식점>카페,디저트",,,서울특별시 마포구 연남동 375-113 삼각지붕 하얀벽돌집,서울특별시 마포구 성미산로23길 68 삼각지붕 하얀벽돌집,1269198923,375662125,연남동,브런치카페
그리즈,https://www.instagram.com/cafegrise,"음식점>카페,디저트",,,서울특별시 마포구 연남동 487-237 1층,서울특별시 마포구 성미산로17길 46 1층,1269177873,375634911,연남동,브런치카페
작당모의,http://www.instagram.com/zakdangmoi,"음식점>카페,디저트",,,서울특별시 마포구 연남동 381-15 1층,서울특별시 마포구 동교로32길 19 1층,1269253540,375606034,연남동,베이커리카페
마가렛 연남,https://www.instagram.com/cafe.margaret,"음식점>카페,디저트",,,서울특별시 마포구 연남동 240-49 1층,서울특별시 마포구 성미산로29길 10 1층,1269228116,375645929,연남동,베이커리카페
솔트빵 연남점,https://s.baemin.com/KO000GjKX6GVh,"카페,디저트>베이커리",,,서울특별시 마포구 연남동 255-24 1층,서울특별시 마포구 동교로39길 10 1층,1269237369,375621326,연남동,베이커리카페
녹녹,https://www.instagram.com/cafe_knockknock,"음식점>카페,디저트",,,"서울특별시 마포구 연남동 249-11 1층,2층 녹녹","서울특별시 마포구 성미산로 139 1층,2층 녹녹",1269220025,375637823,연남동,베이커리카페
보따리제과점 연남,https://www.instagram.com/bottari_bakery,"카페,디저트>베이커리",,,서울특별시 마포구 연남동 255-20 1층,서울특별시 마포구 동교로 251 1층,1269242598,375623973,연남동,베이커리카페
코코리코,https://www.instagram.com/cocorico_bread,"카페,디저트>베이커리",,,서울특별시 마포구 연남동 255-21 1층,서울특별시 마포구 동교로39길 4 1층,1269240918,375623227,연남동,베이커리카페
히포 브런치하우스,https://www.instagram.com/brunchhaus_hippo/,"음식점>카페,디저트",,,서울특별시 마포구 연남동 487-34 1층,서울특별시 마포구 성미산로17길 85 1층,1269172618,375652288,연남동,애견동반카페
<b>연남동</b>벚꽃집,http://www.instagram.com/yn_cherryblossom,"음식점>카페,디저트",,,서울특별시 마포구 연남동 256-9,서울특별시 마포구 동교로29길 50,1269227122,375626466,연남동,애견동반카페
코티지블루,https://app.catchtable.co.kr/ct/shop/cottageblue,음식점>브런치,,,서울특별시 마포구 연남동 565-14 2층 코티지블루,서울특별시 마포구 동교로27길 61 2층 코티지블루,1269207305,375604080,연남동,애견동반카페
커피냅로스터스 <b>연남동</b>,https://smartstore.naver.com/coffeenaproasters,"카페,디저트>카페",,,서울특별시 마포구 연남동 453-32,서울특별시 마포구 성미산로27길 70,1269202199,375664366,연남동,애견동반카페
하우스 키루,https://www.instagram.com/haus.kiru,"카페,디저트>카페",,,서울특별시 마포구 연남동 229-3 1층,서울특별시 마포구 성미산로 174 1층,1269249783,375639638,연남동,애견동반카페
호안끼엠,http://www.instagram.com/hoankiem_cafe,"음식점>카페,디저트",,,서울특별시 마포구 연남동 383-91,서울특별시 마포구 동교로46길 42-9,1269266496,375617899,연남동,애견동반카페
히사시돈부리 연남본점,,음식점>일식>덮밥,,,서울특별시 마포구 연남동 383-40 지하1층,서울특별시 마포구 동교로38길 33-16 지하1층,1269263016,375618861,연남동,맛집
팔계집,https://blog.naver.com/hello7stranger,"한식>육류,고기요리",,,서울특별시 마포구 연남동 227-34 1층,서울특별시 마포구 성미산로 194-4 1층,1269262666,375626376,연남동,맛집
죠죠 연남점,https://app.catchtable.co.kr/ct/shop/jyojyo_yeonnam,음식점>일식>일식당,,,서울특별시 마포구 연남동 229-51 1층,서울특별시 마포구 동교로 255-1 1층,1269245743,375627221,연남동,맛집
송경솥밥 연남점,https://www.instagram.com/songkyung_sotbab/,음식점>한식,,,서울특별시 마포구 연남동 241-30 2층,서울특별시 마포구 성미산로29길 20 2층,1269225249,375649752,연남동,한식
진청유점,https://linktr.ee/jincheongyujeom,음식점>한식,,,서울특별시 마포구 연남동 385-3 1층,서울특별시 마포구 동교로46길 27 1층,1269263097,375622612,연남동,한식
우삼집,https://app.catchtable.co.kr/ct/shop/woosamjip?from=share&type=WAITING,"한식>육류,고기요리",,,"서울특별시 마포구 연남동 260-39 1층, 2층","서울특별시 마포구 동교로34길 11 1층, 2층",1269250208,375610495,연남동,한식
종로대성식당,https://www.instagram.com/1984.daesung,"한식>찌개,전골",,,서울특별시 마포구 연남동 390-41 지1층,서울특별시 마포구 동교로38길 33-6 지1층,1269258835,375614545,연남동,한식
카츠몬스터 연남본점,https://www.instagram.com/katsumon.ynd,음식점>일식>돈가스,,,서울특별시 마포구 연남동 382-18 1층 101호 카츠몬스터 연남본점,서울특별시 마포구 동교로38길 42-6 1층 101호 카츠몬스터 연남본점,1269255679,375610304,연남동,일식
쿠로코식당 연남점,https://blog.naver.com/wcd0713,음식점>일식>일식당,,,서울특별시 마포구 연남동 562-26 1층,서울특별시 마포구 동교로27길 83 1층,1269200428,375612471,연남동,일식
카츠스위스,,음식점>일식>일식당,,,"서울특별시 마포구 연남동 260-12 1, 2층","서울특별시 마포구 동교로38길 6 1, 2층",1269246994,375616943,연남동,일식
종로돈부리 연남,https://www.instagram.com/jongnodonburi,음식점>일식>일식당,,,서울특별시 마포구 연남동 387-18 B1,서울특별시 마포구 동교로46길 9 B1,1269254060,375625980,연남동,일식
진가,https://app.catchtable.co.kr/ct/shop/jinga_maop,중식>중식당,,,서울특별시 마포구 연남동 260-41 2층 진가,서울특별시 마포구 동교로34길 12 2층 진가,1269249833,375609162,연남동,중식
월량관,http://instagram.com/wolryanggwan,중식>중식당,,,서울특별시 마포구 연남동 387-45 1층,서울특별시 마포구 동교로46길 10 1층,1269253276,375625777,연남동,중식
향미 <b>연남동</b>점,http://www.instagram.com/hyangmi_yeonnam,중식>중식당,,,서울특별시 마포구 연남동 226-21,서울특별시 마포구 성미산로 193,1269266397,375628671,연남동,중식
서양면옥 연남,https://www.instagram.com/seoyangmyunok.seoul,음식점>양식,,,서울특별시 마포구 연남동 382-2 1층 101호,서울특별시 마포구 연희로1길 43 1층 101호,1269257279,375609624,연남동,양식
<b>양식</b>구옥,https://www.instagram.com/yangsikguok,음식점>양식,,,서울특별시 마포구 연남동 390-25 2층,서울특별시 마포구 동교로38길 27 2층,1269255517,375616911,연남동,양식
리차드하우스 연남,https://catchtable.co.kr/richardhaus,음식점>양식,,,서울특별시 마포구 연남동 227-9 1층,서울특별시 마포구 동교로46길 36 1층,1269265903,375621271,연남동,양식
응큼떡볶이 연남점,https://www.eungkeum.com/,분식>종합분식,,,서울특별시 마포구 연남동 229-55 1층,서울특별시 마포구 동교로 257-1 1층,1269247562,375628987,연남동,분식
소풍김밥,,분식>김밥,,,서울특별시 마포구 연남동 255-20,서울특별시 마포구 동교로 251,1269241853,375623802,연남동,분식
사르르 연남,https://www.instagram.com/sarr_yeonnam,음식점>양식,,,"서울특별시 마포구 연남동 383-100 2,3층","서울특별시 마포구 연희로1길 63 2,3층",1269265918,375615468,연남동,브런치
썸모어델리,https://www.instagram.com/somemore.deli/,음식점>브런치,,,서울특별시 마포구 연남동 454-10 1층,서울특별시 마포구 동교로51길 131 1층,1269198725,375664806,연남동,브런치
형제특수부위 연남점,,"한식>육류,고기요리",,,"서울특별시 마포구 연남동 228-35 1,2층","서울특별시 마포구 동교로 258 1,2층",1269249473,375626988,연남동,고깃집
새벽숯불가든 새숯가,,"한식>육류,고기요리",,,서울특별시 마포구 연남동 570-27 1층,서울특별시 마포구 동교로25길 49 1층,1269203174,375588916,연남동,고깃집
뉴욕베이글&amp;피자 상암본점,https://www.newyorkbagel.co.kr,"카페,디저트>베이커리",,,서울특별시 마포구 상암동 11-5 1층,서울특별시 마포구 매봉산로 72 1층,1268936562,375780796,상암동,카페
브레딕트 상암점,https://www.instagram.com/bredict_official?igsh=MWV2M3liZDEyMGJxMA==,브런치카페,,,서울특별시 마포구 상암동 6-1 1층,서울특별시 마포구 매봉산로2안길 8 1층,1268948674,375781180,상암동,카페
라운지엑스24h 상암DMC역점,https://www.instagram.com/loungexcafe,"카페,디저트>카페",,,서울특별시 마포구 상암동 1258 1층,서울특별시 마포구 성암로 205 1층,1268967640,375778425,상암동,카페
82년생 김민경 X <b>카페</b>르세,https://blog.naver.com/incube8,"음식점>카페,디저트",,,서울특별시 마포구 상암동 1615 파크엠 1층,서울특별시 마포구 매봉산로 80 파크엠 1층,1268939924,375784823,상암동,카페
투썸플레이스 디지털미디어시티역점,,"카페,디저트>카페",,,서울특별시 마포구 상암동 1622 중소기업DMC타워 1층,서울특별시 마포구 성암로 189 중소기업DMC타워 1층,1268977561,375770516,상암동,카페
<b>카페</b>모임 마포상암,https://www.instagram.com/cafemoim_dmc,"음식점>카페,디저트",,,서울특별시 마포구 상암동 36-25 카페모임,서울특별시 마포구 월드컵북로50길 16 카페모임,1268939745,375772841,상암동,브런치카페
베브릿지 상암IT점,https://www.worldbebridge.co.kr/,"음식점>카페,디저트",,,서울특별시 마포구 상암동 1590 상암IT타워 1층 115호 베브릿지,서울특별시 마포구 월드컵북로 434 상암IT타워 1층 115호 베브릿지,1268862505,375814991,상암동,브런치카페
커피루소 상암,https://smartstore.naver.com/lussolab,브런치카페,,,서울특별시 마포구 상암동 1610 DDMC 101~103호,서울특별시 마포구 매봉산로 75 DDMC 101~103호,1268929514,375785190,상암동,브런치카페
팬케이크샵커피,http://instagram.com/pancakeshop_coffee,"음식점>카페,디저트",,,서울특별시 마포구 상암동 2-194 1층,서울특별시 마포구 월드컵북로42라길 3 1층,1268967894,375755293,상암동,브런치카페
바나프레소 상암DMC점,https://www.banapresso.com/,"카페,디저트>카페",,,서울특별시 마포구 상암동 1605 누리꿈 스퀘어 1층,서울특별시 마포구 월드컵북로 396 누리꿈 스퀘어 1층,1268902206,375797228,상암동,베이커리카페
파리바게뜨 상암점,https://www.paris.co.kr/,"카페,디저트>베이커리",,,서울특별시 마포구 상암동 1751 1751 1층,서울특별시 마포구 월드컵북로 497 (상암동 1751) 1층,1268794088,375845454,상암동,베이커리카페
파리바게뜨상암KBS점,https://www.paris.co.kr/,"카페,디저트>베이커리",,,서울특별시 마포구 상암동 1652 KBS미디어센타 KBS 상암 미디어센터 1층 로비 위치,서울특별시 마포구 매봉산로 45 KBS미디어센타 KBS 상암 미디어센터 1층 로비 위치,1268911436,375763899,상암동,베이커리카페
더브래드팬트리,,"카페,디저트>베이커리",,,서울특별시 마포구 상암동 20-9 리솜하우스,서울특별시 마포구 매봉산로2길 64 리솜하우스,1268961159,375765917,상암동,베이커리카페
코테슬로,https://instagram.com/cottesloe_coffeeshop?igshid=YmMyMTA2M2Y=,"음식점>카페,디저트",,,서울특별시 마포구 상암동 2-141 코테슬로,서울특별시 마포구 월드컵북로42다길 32 코테슬로,1268967391,375763064,상암동,베이커리카페
대한제빵소,https://www.instagram.com/daehanjebbangso,"카페,디저트>베이커리",,,"서울특별시 마포구 상암동 1601 케이지아이티센터 1층 120, 121호 대한제빵소","서울특별시 마포구 월드컵북로 402 케이지아이티센터 1층 120, 121호 대한제빵소",1268897114,375799468,상암동,베이커리카페
에이프로커피,,"음식점>카페,디저트",,,서울특별시 마포구 상암동 1596 101호 APRO COFFEE,서울특별시 마포구 월드컵북로54길 25 101호 APRO COFFEE,1268890399,375816732,상암동,애견동반카페
네마,https://www.instagram.com/nema_seoul,"음식점>카페,디저트",,,서울특별시 서대문구 북가좌동 316-32,서울특별시 서대문구 거북골로 208-1,1269083227,375790294,상암동,애견동반카페
헨쇼,https://100원커피이벤트-선착순주문하기.com,"음식점>카페,디저트",,,서울특별시 서대문구 북가좌동 376-9 1층,서울특별시 서대문구 거북골로21길 21 1층,1269070697,375783061,상암동,애견동반카페
장흥집 상암점,,"한식>육류,고기요리",,,서울특별시 마포구 상암동 1462 1층,서울특별시 마포구 성암로15길 35 1층,1268963775,375773764,상암동,맛집
등촌샤브칼국수 상암점,,"음식점>한식>칼국수,만두",,,서울특별시 마포구 상암동 1593 우리기술사옥 2층,서울특별시 마포구 월드컵북로56길 9 우리기술사옥 2층,1268876627,375814131,상암동,맛집
임짬뽕,,중식>중식당,,,서울특별시 마포구 상암동 12-78 1층 101호,서울특별시 마포구 월드컵북로44길 72 1층 101호,1268939905,375775847,상암동,맛집
수레갈비,,"한식>육류,고기요리",,,서울특별시 마포구 상암동 2-51 1층,서울특별시 마포구 매봉산로2길 19-6 1층,1268953737,375783069,상암동,한식
시카노이에 상암점,,음식점>일식>일식당,,,서울특별시 마포구 상암동 1466 1층,서울특별시 마포구 성암로13길 16 1층,1268965746,375772684,상암동,일식
온돈부리,https://www.instagram.com/on_donburi,음식점>일식>일식당,,,서울특별시 마포구 상암동 1596 상암 푸르지오 시티 218호,서울특별시 마포구 월드컵북로54길 25 상암 푸르지오 시티 218호,1268895372,375819488,상암동,일식
모리타,,음식점>일식>일식당,,,서울특별시 마포구 상암동 35-1 2층,서울특별시 마포구 월드컵북로44길 49 2층,1268947383,375768396,상암동,일식
오카야 상암본점,https://app.catchtable.co.kr/ct/shop/okaya,술집>이자카야,,,서울특별시 마포구 상암동 41-10 2층 오카야,서울특별시 마포구 월드컵북로50길 9 2층 오카야,1268935734,375771971,상암동,일식
실<b>일식</b>,https://www.instagram.com/sililsik/,음식점>일식>일식당,,,서울특별시 마포구 상암동 1592 더팬엔터테인먼트 사옥빌딩 2층,서울특별시 마포구 월드컵북로58길 10 더팬엔터테인먼트 사옥빌딩 2층,1268870462,375817132,상암동,일식
더차이 상암MBC몰 본점,,중식>중식당,,,"서울특별시 마포구 상암동 1603 2층,204호,205호 (,(주)문화방송) 더차이","서울특별시 마포구 성암로 267 2층,204호,205호 (상암동,(주)문화방송) 더차이",1268909890,375811234,상암동,중식
홍월이륙,,중식>중식당,,,서울특별시 마포구 상암동 33-8 1층,서울특별시 마포구 월드컵북로44길 35-3 1층,1268953908,375762753,상암동,중식
더차이 상암 디지털큐브점,,중식>중식당,,,서울특별시 마포구 상암동 1647 디지털큐브빌딩 1층,서울특별시 마포구 상암산로 34 디지털큐브빌딩 1층,1268895758,375762185,상암동,중식
셰셰,https://www.instagram.com/xiexie__sangam,중식>중식당,,,서울특별시 마포구 상암동 40 1층 셰셰,서울특별시 마포구 월드컵북로50길 14-6 1층 셰셰,1268939780,375770375,상암동,중식
달리181 상암점,https://app.catchtable.co.kr/ct/shop/dalisa181,음식점>양식,,,서울특별시 마포구 상암동 1597 사보이시티디엠씨 지하1층 b116호 달리181,서울특별시 마포구 월드컵북로54길 17 사보이시티디엠씨 지하1층 b116호 달리181,1268885633,375813386,상암동,양식
헤비스테이크 상암DMC점,http://www.heavysteak.co.kr,음식점>양식,,,서울특별시 마포구 상암동 1605 누리꿈스퀘어 제1층 제알117호,서울특별시 마포구 월드컵북로 396 누리꿈스퀘어 제1층 제알117호,1268901623,375799611,상암동,양식
라쿤피자 상암직영점,https://www.lacoonpizza.com/,음식점>피자,,,서울특별시 마포구 상암동 16-5 3층,서울특별시 마포구 월드컵북로44길 50 3층,1268949094,375769106,상암동,양식
쿠차라 상암MBC몰점,https://www.instagram.com/cuchara_official,"음식점>멕시코,남미음식",,,서울특별시 마포구 상암동 1603,서울특별시 마포구 성암로 267,1268907857,375811748,상암동,양식
옥토끼떡볶이,,분식>떡볶이,,,서울특별시 마포구 상암동 1605 지하1층 1076호,서울특별시 마포구 월드컵북로 396 지하1층 1076호,1268898190,375793419,상암동,분식
동대문엽기떡볶이 상암점,https://blog.naver.com/ddm_yupdduk,음식점>분식,,,서울특별시 마포구 상암동 36-11 1층,서울특별시 마포구 월드컵북로48길 9 1층,1268942668,375767274,상암동,분식
용수라면,,분식>라면,,,서울특별시 마포구 상암동 33-4 1층 일부호 용수라면,서울특별시 마포구 월드컵북로44길 25 1층 일부호 용수라면,1268958900,375761318,상암동,분식
몽미 상암본점,https://app.catchtable.co.kr/ct/shop/mongmi,한식>돼지고기구이,,,서울특별시 마포구 상암동 2-98 1층,서울특별시 마포구 월드컵북로48길 50 1층,1268961991,375776864,상암동,고깃집
상암<b>고깃집</b> 상암본점,https://www.instagram.com/sangam_gogitjip,"한식>육류,고기요리",,,서울특별시 마포구 상암동 2-300 1층,서울특별시 마포구 성암로 213 1층,1268959891,375783642,상암동,고깃집
