pid,name,image_url,status,scraped_at
2fc349fc-7818-58b2-8dbe-c93d58c803a4,슈가코인노래연습장 공덕점,https://ojbeahxvvvacnvhviihi.supabase.co/storage/v1/object/public/images/places/2fc349fc-7818-58b2-8dbe-c93d58c803a4.jpg,ok,2026-09-16T08:33:26.998688+00:00
546b5896-cbb6-59d9-8a03-b2e96cc5a778,뮤즈코인노래연습장,https://ojbeahxvvvacnvhviihi.supabase.co/storage/v1/object/public/images/places/546b5896-cbb6-59d9-8a03-b2e96cc5a778.jpg,ok,2026-09-16T08:33:49.794069+00:00
cdc94e5c-cea2-55fc-92e9-e4fb93385f36,클럽스트라이크 볼링장,https://ojbeahxvvvacnvhviihi.supabase.co/storage/v1/object/public/images/places/cdc94e5c-cea2-55fc-92e9-e4fb93385f36.jpg,ok,2026-09-16T08:34:06.807895+00:00
931ad374-feb2-5dff-b639-43f7a71319eb,뉴청룡볼링장,https://ojbeahxvvvacnvhviihi.supabase.co/storage/v1/object/public/images/places/931ad374-feb2-5dff-b639-43f7a71319eb.jpg,ok,2026-09-16T08:34:25.901082+00:00
6160b3c7-10c8-5bd8-9a97-76df97e45a61,타겟볼링,https://ojbeahxvvvacnvhviihi.supabase.co/storage/v1/object/public/images/places/6160b3c7-10c8-5bd8-9a97-76df97e45a61.jpg,ok,2026-09-16T08:34:45.272446+00:00
180c7162-6ed7-5d89-b27e-51eb40a99b81,월드스포츠가인볼링센타 신촌점,https://ojbeahxvvvacnvhviihi.supabase.co/storage/v1/object/public/images/places/180c7162-6ed7-5d89-b27e-51eb40a99b81.jpg,ok,2026-09-16T08:35:02.054378+00:00
2c59675f-2b23-582d-962f-e64dba892011,룸익스케이프 화이트점,https://ojbeahxvvvacnvhviihi.supabase.co/storage/v1/object/public/images/places/2c59675f-2b23-582d-962f-e64dba892011.jpg,ok,2026-09-16T08:35:15.365736+00:00
7e7e7ce5-5a39-5a09-b8c7-7dd0701e0a7d,룸익스케이프 블랙점,https://ojbeahxvvvacnvhviihi.supabase.co/storage/v1/object/public/images/places/7e7e7ce5-5a39-5a09-b8c7-7dd0701e0a7d.jpg,ok,2026-09-16T08:35:29.055565+00:00
63824968-9c79-5dce-9739-addd10f09744,신촌방탈출ESC,https://ojbeahxvvvacnvhviihi.supabase.co/storage/v1/object/public/images/places/63824968-9c79-5dce-9739-addd10f09744.jpg,ok,2026-09-16T08:35:51.480481+00:00
61bd3a4d-7692-50f1-9d51-dff02d7c0906,나의신방,https://ojbeahxvvvacnvhviihi.supabase.co/storage/v1/object/public/images/places/61bd3a4d-7692-50f1-9d51-dff02d7c0906.jpg,ok,2026-09-16T08:36:10.991605+00:00
c4a51203-558a-5682-9190-72b7bf17b88e,클레버타운,https://ojbeahxvvvacnvhviihi.supabase.co/storage/v1/object/public/images/places/c4a51203-558a-5682-9190-72b7bf17b88e.jpg,ok,2026-09-16T08:36:23.225957+00:00
9dfc9117-7660-5aa3-a04a-dfeba2da1b01,보드게임카페 레드버튼 신촌점,https://ojbeahxvvvacnvhviihi.supabase.co/storage/v1/object/public/images/places/9dfc9117-7660-5aa3-a04a-dfeba2da1b01.jpg,ok,2026-09-16T08:36:38.623607+00:00
638b0c13-df48-53b1-9a58-906d3c223978,더홀릭보드게임카페 신촌점,https://ojbeahxvvvacnvhviihi.supabase.co/storage/v1/object/public/images/places/638b0c13-df48-53b1-9a58-906d3c223978.jpg,ok,2026-09-16T08:36:52.880871+00:00
ff9ffa39-9f90-5d56-a09a-0cc1ac1a2804,히어로보드게임카페 신촌점,https://ojbeahxvvvacnvhviihi.supabase.co/storage/v1/object/public/images/places/ff9ffa39-9f90-5d56-a09a-0cc1ac1a2804.jpg,ok,2026-09-16T08:37:09.885574+00:00
9fa03ffa-08d0-522a-8d43-264e8452303b,데블다이스 보드게임카페 신촌점,https://ojbeahxvvvacnvhviihi.supabase.co/storage/v1/object/public/images/places/9fa03ffa-08d0-522a-8d43-264e8452303b.jpg,ok,2026-09-16T08:37:30.011311+00:00
45435366-b7d9-56a5-90c3-5747625dcb84,히어로보드게임카페 숙명여대점,https://ojbeahxvvvacnvhviihi.supabase.co/storage/v1/object/public/images/places/45435366-b7d9-56a5-90c3-5747625dcb84.jpg,ok,2026-09-16T08:37:41.545513+00:00
c0184263-c5f3-56e9-8ef1-1738ed441bd9,공덕당구장,,no_image,2026-09-16T08:37:52.670928+00:00
e6f495f2-d58a-56f8-b67d-b6a5973a5277,제일플러스,,no_image,2026-09-16T08:38:17.063558+00:00
e4e130df-b4cc-5947-9b79-da2c2f8c0635,준당구클럽,https://ojbeahxvvvacnvhviihi.supabase.co/storage/v1/object/public/images/places/e4e130df-b4cc-5947-9b79-da2c2f8c0635.jpg,ok,2026-09-16T08:38:34.281417+00:00
7629645b-96c8-5f51-9311-edcdbb9feafb,제일당구장,,no_image,2026-09-16T08:38:51.579969+00:00
ef05a7fa-044e-56b7-a8a5-fcc0effad1ac,BTC 당구클럽,https://ojbeahxvvvacnvhviihi.supabase.co/storage/v1/object/public/images/places/ef05a7fa-044e-56b7-a8a5-fcc0effad1ac.jpg,ok,2026-09-16T08:39:11.700917+00:00
040fd94f-1d66-5c2d-9dca-33a09b3dc19a,벌툰 엔틱 신촌직영점,https://ojbeahxvvvacnvhviihi.supabase.co/storage/v1/object/public/images/places/040fd94f-1d66-5c2d-9dca-33a09b3dc19a.jpg,ok,2026-09-16T08:39:30.104366+00:00
a6be3b59-767f-52b8-82f5-6cb73feeb047,놀숲 이대점,https://ojbeahxvvvacnvhviihi.supabase.co/storage/v1/object/public/images/places/a6be3b59-767f-52b8-82f5-6cb73feeb047.jpg,ok,2026-09-16T08:39:45.617736+00:00
8287a7c9-5e5f-59ce-bd75-aa3d45054a50,캣툰 신촌점,https://ojbeahxvvvacnvhviihi.supabase.co/storage/v1/object/public/images/places/8287a7c9-5e5f-59ce-bd75-aa3d45054a50.jpg,ok,2026-09-16T08:40:07.515731+00:00
2fbc29fb-7899-573b-93c2-af8f3185f94f,놀숲 프리미엄 신촌점,https://ojbeahxvvvacnvhviihi.supabase.co/storage/v1/object/public/images/places/2fbc29fb-7899-573b-93c2-af8f3185f94f.jpg,ok,2026-09-16T08:40:23.719847+00:00
882dcc03-658c-5298-96d5-119cb0047a2f,놀숲 숙대입구점,https://ojbeahxvvvacnvhviihi.supabase.co/storage/v1/object/public/images/places/882dcc03-658c-5298-96d5-119cb0047a2f.jpg,ok,2026-09-16T08:40:41.115574+00:00
1c990b8b-7ed1-5cc1-9d8d-7d04f79f736e,스크라이크팡,,no_image,2026-09-16T08:40:58.602468+00:00
991d6033-2959-55c1-8f8b-744dfd0f217e,토토노래연습장,https://ojbeahxvvvacnvhviihi.supabase.co/storage/v1/object/public/images/places/991d6033-2959-55c1-8f8b-744dfd0f217e.jpg,ok,2026-09-16T08:41:12.404438+00:00
ff4080ed-bd8a-55e5-89e2-2ef07bcc29c8,믹스믹스 소주호프 노래타운,https://ojbeahxvvvacnvhviihi.supabase.co/storage/v1/object/public/images/places/ff4080ed-bd8a-55e5-89e2-2ef07bcc29c8.jpg,ok,2026-09-16T08:41:31.428270+00:00
c52fd8c8-ea72-5043-9f44-bed59616c16c,부르리노래로,,no_image,2026-09-16T08:41:44.576334+00:00
2202e72f-c67d-5a1e-9947-6f8d77994705,썬쿠르즈노래방,,no_image,2026-09-16T08:41:58.716085+00:00
fa2633d7-7c0c-5d2f-afee-15ab40b043ca,레벨업 피시방,https://ojbeahxvvvacnvhviihi.supabase.co/storage/v1/object/public/images/places/fa2633d7-7c0c-5d2f-afee-15ab40b043ca.jpg,ok,2026-09-16T08:42:16.386442+00:00
51c79abf-587d-5992-920f-8df78846b251,24시사우나 네이버한방스파,https://ojbeahxvvvacnvhviihi.supabase.co/storage/v1/object/public/images/places/51c79abf-587d-5992-920f-8df78846b251.jpg,ok,2026-09-16T08:42:41.931138+00:00
4c472c47-0e80-59d7-95a5-5d7e06546166,에브리온,https://ojbeahxvvvacnvhviihi.supabase.co/storage/v1/object/public/images/places/4c472c47-0e80-59d7-95a5-5d7e06546166.jpg,ok,2026-09-16T08:43:04.861592+00:00
04de9fba-63c7-5b82-9c81-0069fc461181,토정24시사우나찜질방,https://ojbeahxvvvacnvhviihi.supabase.co/storage/v1/object/public/images/places/04de9fba-63c7-5b82-9c81-0069fc461181.jpg,ok,2026-09-16T08:43:18.374603+00:00
b2bb0a8e-26b7-558c-ab1b-2d1fd29ddf8d,용문항토보석사우나,https://ojbeahxvvvacnvhviihi.supabase.co/storage/v1/object/public/images/places/b2bb0a8e-26b7-558c-ab1b-2d1fd29ddf8d.jpg,ok,2026-09-16T08:43:37.089917+00:00
17439e6d-4892-58a0-a522-dae42fec165d,건강마을 대흥점,https://ojbeahxvvvacnvhviihi.supabase.co/storage/v1/object/public/images/places/17439e6d-4892-58a0-a522-dae42fec165d.jpg,ok,2026-09-16T08:43:57.316029+00:00
ddb30e09-80e5-5db8-90ad-17906968e1bf,CGV 신촌아트레온,https://ojbeahxvvvacnvhviihi.supabase.co/storage/v1/object/public/images/places/ddb30e09-80e5-5db8-90ad-17906968e1bf.jpg,ok,2026-09-16T08:44:10.135818+00:00
4345a633-d146-5dd3-bd97-5e70d61c1d78,신촌담장,https://ojbeahxvvvacnvhviihi.supabase.co/storage/v1/object/public/images/places/4345a633-d146-5dd3-bd97-5e70d61c1d78.jpg,ok,2026-09-16T08:44:37.156533+00:00
8b4d49a8-17d7-56b1-bfb9-8c090c4cd5b6,PEAKERS 클라이밍 신촌,https://ojbeahxvvvacnvhviihi.supabase.co/storage/v1/object/public/images/places/8b4d49a8-17d7-56b1-bfb9-8c090c4cd5b6.jpg,ok,2026-09-16T08:44:52.530569+00:00
b5354722-7ce6-5e96-8486-db558d7da3dc,SUMMIT클라이밍센터,https://ojbeahxvvvacnvhviihi.supabase.co/storage/v1/object/public/images/places/b5354722-7ce6-5e96-8486-db558d7da3dc.jpg,ok,2026-09-16T08:45:10.322122+00:00
cb5242d7-adec-52c8-b66b-e83b5ffadd02,비파티세리 공덕점,https://ojbeahxvvvacnvhviihi.supabase.co/storage/v1/object/public/images/places/cb5242d7-adec-52c8-b66b-e83b5ffadd02.jpg,ok,2026-09-16T08:45:23.255457+00:00
357bb687-0b99-5c5c-ae1a-2f979ee69563,아이엠베이글 공덕점,https://ojbeahxvvvacnvhviihi.supabase.co/storage/v1/object/public/images/places/357bb687-0b99-5c5c-ae1a-2f979ee69563.jpg,ok,2026-09-16T08:45:41.267020+00:00
c42dbcd4-e1aa-58b6-bcb0-a27ae34a29a7,스타벅스 공덕점,https://ojbeahxvvvacnvhviihi.supabase.co/storage/v1/object/public/images/places/c42dbcd4-e1aa-58b6-bcb0-a27ae34a29a7.jpg,ok,2026-09-16T08:45:56.111570+00:00
a960f938-0fb0-5abd-abe5-24cf8d884553,파네트,https://ojbeahxvvvacnvhviihi.supabase.co/storage/v1/object/public/images/places/a960f938-0fb0-5abd-abe5-24cf8d884553.jpg,ok,2026-09-16T08:46:16.681644+00:00
dafc8950-a9eb-5ca9-becd-2898f6da9791,파리바게트 공덕역사점,https://ojbeahxvvvacnvhviihi.supabase.co/storage/v1/object/public/images/places/dafc8950-a9eb-5ca9-becd-2898f6da9791.jpg,ok,2026-09-16T08:46:40.449349+00:00
07b688a6-5daa-58ae-a8ce-6030cde95344,버거킹 공덕역점,https://ojbeahxvvvacnvhviihi.supabase.co/storage/v1/object/public/images/places/07b688a6-5daa-58ae-a8ce-6030cde95344.jpg,ok,2026-09-16T08:47:01.388522+00:00
48138f47-6958-5072-a9b8-181626bb387e,진대감 마포점,https://ojbeahxvvvacnvhviihi.supabase.co/storage/v1/object/public/images/places/48138f47-6958-5072-a9b8-181626bb387e.jpg,ok,2026-09-16T08:47:20.729864+00:00
70b65b18-be0b-52ef-8e91-461c9bef09a2,봉평옹심이메밀칼국수,https://ojbeahxvvvacnvhviihi.supabase.co/storage/v1/object/public/images/places/70b65b18-be0b-52ef-8e91-461c9bef09a2.jpg,ok,2026-09-16T08:47:42.262601+00:00
e070a3a6-cb56-5d93-b7fa-bdd6d8bf592b,육회어때 공덕점,https://ojbeahxvvvacnvhviihi.supabase.co/storage/v1/object/public/images/places/e070a3a6-cb56-5d93-b7fa-bdd6d8bf592b.jpg,ok,2026-09-16T08:48:04.819040+00:00
4cc22c96-dada-583d-9ee2-5b766a42be58,오롯로바타,https://ojbeahxvvvacnvhviihi.supabase.co/storage/v1/object/public/images/places/4cc22c96-dada-583d-9ee2-5b766a42be58.jpg,ok,2026-09-16T08:48:21.960614+00:00
3487e485-6e10-5955-9ab5-93a67ddd25e3,락희옥 마포본점,https://ojbeahxvvvacnvhviihi.supabase.co/storage/v1/object/public/images/places/3487e485-6e10-5955-9ab5-93a67ddd25e3.jpg,ok,2026-09-16T08:48:42.876314+00:00
730fa082-3a0c-5b91-af65-dfe7e87e68b2,해물기와,https://ojbeahxvvvacnvhviihi.supabase.co/storage/v1/object/public/images/places/730fa082-3a0c-5b91-af65-dfe7e87e68b2.jpg,ok,2026-09-16T08:49:00.028129+00:00
071c3325-f853-5a63-9468-004cd55ec621,사랑과평화,https://ojbeahxvvvacnvhviihi.supabase.co/storage/v1/object/public/images/places/071c3325-f853-5a63-9468-004cd55ec621.jpg,ok,2026-09-16T08:49:12.033396+00:00
8470cc78-403a-5ab2-8729-f273a2f8309e,이화코노,https://ojbeahxvvvacnvhviihi.supabase.co/storage/v1/object/public/images/places/8470cc78-403a-5ab2-8729-f273a2f8309e.jpg,ok,2026-09-16T08:49:38.913150+00:00
971e967d-440c-5ec0-8e64-6470741fa3d0,리코스타코인노래연습장 이대점,https://ojbeahxvvvacnvhviihi.supabase.co/storage/v1/object/public/images/places/971e967d-440c-5ec0-8e64-6470741fa3d0.jpg,ok,2026-09-16T08:49:57.799940+00:00
868f19cc-caa2-53c7-afe5-0bfdacb7d7d8,와다다오락실,https://ojbeahxvvvacnvhviihi.supabase.co/storage/v1/object/public/images/places/868f19cc-caa2-53c7-afe5-0bfdacb7d7d8.jpg,ok,2026-09-16T08:50:12.727230+00:00
71646c9b-52a7-516c-9a43-89c657939b85,세븐틴코인노래연습장 마포점,https://ojbeahxvvvacnvhviihi.supabase.co/storage/v1/object/public/images/places/71646c9b-52a7-516c-9a43-89c657939b85.jpg,ok,2026-09-16T08:50:27.163153+00:00
ce79189a-8d9e-5fad-95fe-df23a8fc096d,크로바볼링장,,no_image,2026-09-16T08:50:44.168822+00:00
65bdfd79-3aca-5d39-8392-67706599c867,보드게임카페 레드버튼 숙명여대점,https://ojbeahxvvvacnvhviihi.supabase.co/storage/v1/object/public/images/places/65bdfd79-3aca-5d39-8392-67706599c867.jpg,ok,2026-09-16T08:51:01.055236+00:00
44343bef-3180-5c71-8172-e6753d741c80,홈즈앤루팡 보드게임카페 이대점,https://ojbeahxvvvacnvhviihi.supabase.co/storage/v1/object/public/images/places/44343bef-3180-5c71-8172-e6753d741c80.jpg,ok,2026-09-16T08:51:22.093087+00:00
7208915f-803d-5a8c-b5a0-7f3d01be2e07,커티스,https://ojbeahxvvvacnvhviihi.supabase.co/storage/v1/object/public/images/places/7208915f-803d-5a8c-b5a0-7f3d01be2e07.jpg,ok,2026-09-16T08:51:44.993954+00:00
144075e3-2498-5341-8f9d-73b428812b05,라팔당구장,https://ojbeahxvvvacnvhviihi.supabase.co/storage/v1/object/public/images/places/144075e3-2498-5341-8f9d-73b428812b05.jpg,ok,2026-09-16T08:52:06.260889+00:00
9b762c57-651c-5364-a31d-57bab7ade237,벌툰 몽유도원 이대점,https://ojbeahxvvvacnvhviihi.supabase.co/storage/v1/object/public/images/places/9b762c57-651c-5364-a31d-57bab7ade237.jpg,ok,2026-09-16T08:52:31.929860+00:00
38716f57-2e94-5a66-ab99-21344c2cd876,문화카페산장,https://ojbeahxvvvacnvhviihi.supabase.co/storage/v1/object/public/images/places/38716f57-2e94-5a66-ab99-21344c2cd876.jpg,ok,2026-09-16T08:52:44.844940+00:00
d72c5753-cf98-524b-ac68-70953d9708de,벌툰 파리지앵 마포점,https://ojbeahxvvvacnvhviihi.supabase.co/storage/v1/object/public/images/places/d72c5753-cf98-524b-ac68-70953d9708de.jpg,ok,2026-09-16T08:53:00.069425+00:00
773a5e05-915c-55f0-a15f-dea572d7683e,애플노래방,https://ojbeahxvvvacnvhviihi.supabase.co/storage/v1/object/public/images/places/773a5e05-915c-55f0-a15f-dea572d7683e.jpg,ok,2026-09-16T08:53:11.311189+00:00
aee6bbdd-cdc8-574c-bf24-c08dcae5254e,레드포스PC아레나 신촌점,https://ojbeahxvvvacnvhviihi.supabase.co/storage/v1/object/public/images/places/aee6bbdd-cdc8-574c-bf24-c08dcae5254e.jpg,ok,2026-09-16T08:53:30.774465+00:00
9821fc57-aa42-509a-9cb5-f2a83c7e59e3,옵티멈존PC카페 공덕점,https://ojbeahxvvvacnvhviihi.supabase.co/storage/v1/object/public/images/places/9821fc57-aa42-509a-9cb5-f2a83c7e59e3.jpg,ok,2026-09-16T08:53:45.525355+00:00
9222a22a-3fba-5d54-bc98-8e030ab45e29,타워PC카페,https://ojbeahxvvvacnvhviihi.supabase.co/storage/v1/object/public/images/places/9222a22a-3fba-5d54-bc98-8e030ab45e29.jpg,ok,2026-09-16T08:54:04.961088+00:00
e73cc4e0-1ee9-57c7-be5c-7909bf9b4a63,제노pc방,https://ojbeahxvvvacnvhviihi.supabase.co/storage/v1/object/public/images/places/e73cc4e0-1ee9-57c7-be5c-7909bf9b4a63.jpg,ok,2026-09-16T08:54:20.287325+00:00
06097bb9-9642-5f02-a03a-25d0272c13a5,스타벅스 애오개역점,https://ojbeahxvvvacnvhviihi.supabase.co/storage/v1/object/public/images/places/06097bb9-9642-5f02-a03a-25d0272c13a5.jpg,ok,2026-09-16T08:54:45.722020+00:00
2062dddd-bb1a-590e-a9dd-66d4d2d772b3,스타벅스 마포경찰서후문점,https://ojbeahxvvvacnvhviihi.supabase.co/storage/v1/object/public/images/places/2062dddd-bb1a-590e-a9dd-66d4d2d772b3.jpg,ok,2026-09-16T08:55:09.683259+00:00
f4141a1d-d391-526d-b5a2-e86d71c69c84,타호커피 아현점,https://ojbeahxvvvacnvhviihi.supabase.co/storage/v1/object/public/images/places/f4141a1d-d391-526d-b5a2-e86d71c69c84.jpg,ok,2026-09-16T08:55:26.519823+00:00
9286d3e9-ed4d-5fe0-97f3-813a135a4b54,파리바게뜨 애오개점,https://ojbeahxvvvacnvhviihi.supabase.co/storage/v1/object/public/images/places/9286d3e9-ed4d-5fe0-97f3-813a135a4b54.jpg,ok,2026-09-16T08:55:42.753349+00:00
f8b535ba-9f0b-5d62-b065-16b96ccdf78c,메가MGC커피 애오개점,https://ojbeahxvvvacnvhviihi.supabase.co/storage/v1/object/public/images/places/f8b535ba-9f0b-5d62-b065-16b96ccdf78c.jpg,ok,2026-09-16T08:56:00.272456+00:00
2b5fa7f9-2121-5b6e-b68a-64a0dc05c3f3,황금콩밭,https://ojbeahxvvvacnvhviihi.supabase.co/storage/v1/object/public/images/places/2b5fa7f9-2121-5b6e-b68a-64a0dc05c3f3.jpg,ok,2026-09-16T08:56:14.121187+00:00
ed0fd1ef-e9ce-5459-84e7-5741a41ece4d,오공김밥 애오개점,https://ojbeahxvvvacnvhviihi.supabase.co/storage/v1/object/public/images/places/ed0fd1ef-e9ce-5459-84e7-5741a41ece4d.jpg,ok,2026-09-16T08:56:26.204901+00:00
8a6f2191-a7b8-5286-a9d4-3965f91af4e2,곱창파는고깃집 공덕본점,https://ojbeahxvvvacnvhviihi.supabase.co/storage/v1/object/public/images/places/8a6f2191-a7b8-5286-a9d4-3965f91af4e2.jpg,ok,2026-09-16T08:56:39.924018+00:00
aac95302-3107-5d6b-91a6-baacf97fa754,늘푸른식당,,error,2026-09-16T08:56:55.341750+00:00
4df40ad7-9cb5-5fd8-b30c-1caa55ad0c05,오또꼬,https://ojbeahxvvvacnvhviihi.supabase.co/storage/v1/object/public/images/places/4df40ad7-9cb5-5fd8-b30c-1caa55ad0c05.jpg,ok,2026-09-16T08:57:08.930187+00:00
d62793f6-8135-566c-bded-a412ab151fbb,요행,https://ojbeahxvvvacnvhviihi.supabase.co/storage/v1/object/public/images/places/d62793f6-8135-566c-bded-a412ab151fbb.jpg,ok,2026-09-16T08:57:24.906949+00:00
462432a8-d703-5b4f-a8dd-068ee87a3f60,은진이네,https://ojbeahxvvvacnvhviihi.supabase.co/storage/v1/object/public/images/places/462432a8-d703-5b4f-a8dd-068ee87a3f60.jpg,ok,2026-09-16T08:57:38.493208+00:00
7b8a722c-d3b7-507f-875f-7c8a976aa3f0,경이네회포차,,error,2026-09-16T08:58:00.683926+00:00
f662284c-ce15-511d-a3d1-bea8914ca5f5,지코인 코인노래방 & 포톤네컷 마포공덕점,,error,2026-09-16T21:28:56.308655+00:00
dc93a152-38a0-59ff-ad48-08aa0151f979,럭키캐치 공덕역점,https://ojbeahxvvvacnvhviihi.supabase.co/storage/v1/object/public/images/places/dc93a152-38a0-59ff-ad48-08aa0151f979.jpg,ok,2026-09-16T21:29:25.595495+00:00
704235df-ab7f-57ac-8684-b28c62e4ea5f,코노혜자노래방,https://ojbeahxvvvacnvhviihi.supabase.co/storage/v1/object/public/images/places/704235df-ab7f-57ac-8684-b28c62e4ea5f.jpg,ok,2026-09-16T21:29:59.297864+00:00
90cd47e8-dbfc-5abe-821e-76b2a0264294,버블팝 마포공덕점,,no_image,2026-09-16T21:30:20.122661+00:00
6158c30e-18fb-5f09-87a6-0ed80e1902d3,비트포비아 아이파크몰점,,no_image,2026-09-16T21:30:31.935131+00:00
302ae97f-2fe0-5b84-8f1b-3d2d5fe7ec7d,미션브레이크 용산,https://ojbeahxvvvacnvhviihi.supabase.co/storage/v1/object/public/images/places/302ae97f-2fe0-5b84-8f1b-3d2d5fe7ec7d.jpg,ok,2026-09-16T21:30:46.984714+00:00
98816c4f-cef9-55c0-a110-e630e3a17743,보드게임카페 레드버튼 마포점,https://ojbeahxvvvacnvhviihi.supabase.co/storage/v1/object/public/images/places/98816c4f-cef9-55c0-a110-e630e3a17743.jpg,ok,2026-09-16T21:30:59.068236+00:00
d0efda3d-fea2-5d64-b9ad-1f426f807c01,아수라발발타,https://ojbeahxvvvacnvhviihi.supabase.co/storage/v1/object/public/images/places/d0efda3d-fea2-5d64-b9ad-1f426f807c01.jpg,ok,2026-09-16T21:31:19.534293+00:00
e2d67f29-4fb8-5540-a282-ce29d29704a0,밸류보드카페,,no_image,2026-09-16T21:31:38.681621+00:00
7b6e9bd0-ef19-5891-aaf2-e16369444b60,마포당구클럽,https://ojbeahxvvvacnvhviihi.supabase.co/storage/v1/object/public/images/places/7b6e9bd0-ef19-5891-aaf2-e16369444b60.jpg,ok,2026-09-16T21:31:53.492969+00:00
d9236e61-cc1c-5706-9982-74ddbb5d3742,허슬러2000,,no_image,2026-09-16T21:32:10.466056+00:00
a0edc3f8-f2b5-5429-85e4-74e0bfeb83c2,삼성당구장,https://ojbeahxvvvacnvhviihi.supabase.co/storage/v1/object/public/images/places/a0edc3f8-f2b5-5429-85e4-74e0bfeb83c2.jpg,ok,2026-09-16T21:32:25.936621+00:00
14ca2af2-c1f6-5031-9676-0dd17cb59e08,비어&당구장,https://ojbeahxvvvacnvhviihi.supabase.co/storage/v1/object/public/images/places/14ca2af2-c1f6-5031-9676-0dd17cb59e08.jpg,ok,2026-09-16T21:32:47.525386+00:00
7593fc51-260d-55a6-a6d1-5192b2edae45,영희노래방,https://ojbeahxvvvacnvhviihi.supabase.co/storage/v1/object/public/images/places/7593fc51-260d-55a6-a6d1-5192b2edae45.jpg,ok,2026-09-16T21:33:07.941808+00:00
dcb19ad6-d5cd-5f08-a858-d59c1eb7120d,고래고래노래방,https://ojbeahxvvvacnvhviihi.supabase.co/storage/v1/object/public/images/places/dcb19ad6-d5cd-5f08-a858-d59c1eb7120d.jpg,ok,2026-09-16T21:33:24.259269+00:00
5de2cf47-1eab-52b0-8f1d-0b2cdcc1ec96,비젼노래연습장,,no_image,2026-09-16T21:33:49.765514+00:00
aea2acec-82ac-574e-a6ef-e27e471802da,친구야노래하자,https://ojbeahxvvvacnvhviihi.supabase.co/storage/v1/object/public/images/places/aea2acec-82ac-574e-a6ef-e27e471802da.jpg,ok,2026-09-16T21:34:10.168707+00:00
23fc4523-5fa9-5b56-899d-6f65ee7154ba,레벨업 PC CAFE,https://ojbeahxvvvacnvhviihi.supabase.co/storage/v1/object/public/images/places/23fc4523-5fa9-5b56-899d-6f65ee7154ba.jpg,ok,2026-09-16T21:34:22.383820+00:00
6c773e07-adb8-52e3-b90a-3ff20facbb8c,메가아이스테이션 마포점,https://ojbeahxvvvacnvhviihi.supabase.co/storage/v1/object/public/images/places/6c773e07-adb8-52e3-b90a-3ff20facbb8c.jpg,ok,2026-09-16T21:34:42.754854+00:00
426fc5da-7620-5cdc-90b6-9bc25aeeb562,친정숲 불한증막,https://ojbeahxvvvacnvhviihi.supabase.co/storage/v1/object/public/images/places/426fc5da-7620-5cdc-90b6-9bc25aeeb562.jpg,ok,2026-09-16T21:34:59.923350+00:00
0321eedb-4753-580e-986d-fac7d7c9f790,프릳츠 도화점,https://ojbeahxvvvacnvhviihi.supabase.co/storage/v1/object/public/images/places/0321eedb-4753-580e-986d-fac7d7c9f790.jpg,ok,2026-09-16T21:35:15.791836+00:00
63507453-4042-55a1-9964-e5c532f9675c,스타벅스 마포일진빌딩점,https://ojbeahxvvvacnvhviihi.supabase.co/storage/v1/object/public/images/places/63507453-4042-55a1-9964-e5c532f9675c.jpg,ok,2026-09-16T21:35:30.837139+00:00
1013a08d-b908-5f15-8e67-4c7c4a3e07a0,뚜레쥬르 공덕해링턴점,https://ojbeahxvvvacnvhviihi.supabase.co/storage/v1/object/public/images/places/1013a08d-b908-5f15-8e67-4c7c4a3e07a0.jpg,ok,2026-09-16T21:35:57.099765+00:00
f07e570b-eddd-55bb-9f55-a40fc0a153ba,스타벅스 공덕오거리점,https://ojbeahxvvvacnvhviihi.supabase.co/storage/v1/object/public/images/places/f07e570b-eddd-55bb-9f55-a40fc0a153ba.jpg,ok,2026-09-16T21:36:22.640521+00:00
2e536792-ebb2-5998-928f-33a45fdda58e,빽다방 마포복사꽃공원점,https://ojbeahxvvvacnvhviihi.supabase.co/storage/v1/object/public/images/places/2e536792-ebb2-5998-928f-33a45fdda58e.jpg,ok,2026-09-16T21:36:41.128892+00:00
0206da83-5d12-5a98-9973-2e9744821e89,곱 마포직영점,https://ojbeahxvvvacnvhviihi.supabase.co/storage/v1/object/public/images/places/0206da83-5d12-5a98-9973-2e9744821e89.jpg,ok,2026-09-16T21:37:04.128643+00:00
bf933857-43b9-5a44-86b8-379bb663e6d8,도화곱창,https://ojbeahxvvvacnvhviihi.supabase.co/storage/v1/object/public/images/places/bf933857-43b9-5a44-86b8-379bb663e6d8.jpg,ok,2026-09-16T21:37:26.026895+00:00
ccfbef21-dac5-510f-b1cc-c71fb1c7f10e,프리미엄 규카츠 규도 마포공덕 본점,https://ojbeahxvvvacnvhviihi.supabase.co/storage/v1/object/public/images/places/ccfbef21-dac5-510f-b1cc-c71fb1c7f10e.jpg,ok,2026-09-16T21:37:46.999988+00:00
83c701ba-4008-5564-9af0-638ae04d042e,맥도날드 공덕점,https://ojbeahxvvvacnvhviihi.supabase.co/storage/v1/object/public/images/places/83c701ba-4008-5564-9af0-638ae04d042e.jpg,ok,2026-09-16T21:38:06.817862+00:00
8d8a84f9-cb02-55fd-9ea7-2355e1e7fee7,우월소곱창 마포직영점,https://ojbeahxvvvacnvhviihi.supabase.co/storage/v1/object/public/images/places/8d8a84f9-cb02-55fd-9ea7-2355e1e7fee7.jpg,ok,2026-09-16T21:38:27.399825+00:00
3fc4ecfc-72df-5063-8941-ec6ac97b4d44,삼덕통닭 마포점,https://ojbeahxvvvacnvhviihi.supabase.co/storage/v1/object/public/images/places/3fc4ecfc-72df-5063-8941-ec6ac97b4d44.jpg,ok,2026-09-16T21:38:45.382750+00:00
fa206b29-087c-5ced-9f0a-932b74c04939,김막회,https://ojbeahxvvvacnvhviihi.supabase.co/storage/v1/object/public/images/places/fa206b29-087c-5ced-9f0a-932b74c04939.jpg,ok,2026-09-16T21:39:02.406205+00:00
16f99202-1187-5e09-bb5c-fb9bb44b765b,옥된장 공덕점,https://ojbeahxvvvacnvhviihi.supabase.co/storage/v1/object/public/images/places/16f99202-1187-5e09-bb5c-fb9bb44b765b.jpg,ok,2026-09-16T21:39:20.242414+00:00
293541b9-8e38-5e6d-ba51-0cdef34dfea0,이춘복참치 공덕점,https://ojbeahxvvvacnvhviihi.supabase.co/storage/v1/object/public/images/places/293541b9-8e38-5e6d-ba51-0cdef34dfea0.jpg,ok,2026-09-16T21:39:37.456896+00:00
82ce9185-d9a1-590c-927a-affa69bd1518,지코인 코인노래방 서강대점,https://ojbeahxvvvacnvhviihi.supabase.co/storage/v1/object/public/images/places/82ce9185-d9a1-590c-927a-affa69bd1518.jpg,ok,2026-09-16T21:40:00.245741+00:00
f8bd0810-9530-5b98-9ead-7c31b4d24099,서강코인노래연습장,https://ojbeahxvvvacnvhviihi.supabase.co/storage/v1/object/public/images/places/f8bd0810-9530-5b98-9ead-7c31b4d24099.jpg,ok,2026-09-16T21:40:14.055337+00:00
c8f8d1b7-4be5-50db-9498-97ba19d0913e,엑스이스케이프 홍대놀이터점,https://ojbeahxvvvacnvhviihi.supabase.co/storage/v1/object/public/images/places/c8f8d1b7-4be5-50db-9498-97ba19d0913e.jpg,ok,2026-09-16T21:40:31.475593+00:00
723152e3-0c22-5621-971b-919c39969774,둥지닭볶음탕 홍대점,https://ojbeahxvvvacnvhviihi.supabase.co/storage/v1/object/public/images/places/723152e3-0c22-5621-971b-919c39969774.jpg,ok,2026-09-16T21:40:45.323767+00:00
450328ca-7906-5c78-a852-23704adf3e1f,브레이크아웃이스케이프,https://ojbeahxvvvacnvhviihi.supabase.co/storage/v1/object/public/images/places/450328ca-7906-5c78-a852-23704adf3e1f.jpg,ok,2026-09-16T21:40:58.115705+00:00
438d04db-97ed-5d73-a41e-75adb220abf7,큐브이스케이프 홍대점,https://ojbeahxvvvacnvhviihi.supabase.co/storage/v1/object/public/images/places/438d04db-97ed-5d73-a41e-75adb220abf7.jpg,ok,2026-09-16T21:41:15.224744+00:00
6ffc993e-2f72-5c3f-a250-49aee013f86f,키이스케이프 홍대,https://ojbeahxvvvacnvhviihi.supabase.co/storage/v1/object/public/images/places/6ffc993e-2f72-5c3f-a250-49aee013f86f.jpg,ok,2026-09-16T21:41:34.708230+00:00
d031b180-400f-5bd3-a977-d6beb17aac66,카툰플러스 만화카페,https://ojbeahxvvvacnvhviihi.supabase.co/storage/v1/object/public/images/places/d031b180-400f-5bd3-a977-d6beb17aac66.jpg,ok,2026-09-16T21:41:49.647917+00:00
f121e5e2-16ce-59e6-b22b-539fcc010215,홈즈앤루팡 보드게임카페 홍대점,https://ojbeahxvvvacnvhviihi.supabase.co/storage/v1/object/public/images/places/f121e5e2-16ce-59e6-b22b-539fcc010215.jpg,ok,2026-09-16T21:42:08.440829+00:00
9dd11687-4c42-53e6-8ae5-5e328dc7e586,보드게임카페 더조커 홍대점,https://ojbeahxvvvacnvhviihi.supabase.co/storage/v1/object/public/images/places/9dd11687-4c42-53e6-8ae5-5e328dc7e586.jpg,ok,2026-09-16T21:42:26.981666+00:00
99901908-55b5-5c68-873f-e32b0cc19751,더홀릭보드게임카페 홍대점,https://ojbeahxvvvacnvhviihi.supabase.co/storage/v1/object/public/images/places/99901908-55b5-5c68-873f-e32b0cc19751.jpg,ok,2026-09-16T21:42:44.593290+00:00
adaf16f9-4a24-58f4-a00a-87115ed65b0b,마루당구클럽,,no_image,2026-09-16T21:42:56.703780+00:00
7e3cc816-d9e2-5e85-9d24-11ab51562ccc,서강당구장,https://ojbeahxvvvacnvhviihi.supabase.co/storage/v1/object/public/images/places/7e3cc816-d9e2-5e85-9d24-11ab51562ccc.jpg,ok,2026-09-16T21:43:11.131598+00:00
7e900d0a-e210-5bab-bb89-022166fac9c9,성화,,no_image,2026-09-16T21:43:28.113271+00:00
d230ffbf-f2ad-5546-b6c8-a6feaa3d1f84,놀숲 프리미엄 홍대점,https://ojbeahxvvvacnvhviihi.supabase.co/storage/v1/object/public/images/places/d230ffbf-f2ad-5546-b6c8-a6feaa3d1f84.jpg,ok,2026-09-16T21:43:49.458398+00:00
4e621a70-1095-56e5-aa5d-3bb8bdb20f41,아키바코믹스,https://ojbeahxvvvacnvhviihi.supabase.co/storage/v1/object/public/images/places/4e621a70-1095-56e5-aa5d-3bb8bdb20f41.jpg,ok,2026-09-16T21:44:05.115967+00:00
31f10e80-59f6-5405-8759-687062105bce,더블플레이치킨 홍대2호점,https://ojbeahxvvvacnvhviihi.supabase.co/storage/v1/object/public/images/places/31f10e80-59f6-5405-8759-687062105bce.jpg,ok,2026-09-16T21:44:21.946425+00:00
2020eea6-b629-57b1-a6fb-ace1e39f5cf1,스트라이크존 홍대역구장,https://ojbeahxvvvacnvhviihi.supabase.co/storage/v1/object/public/images/places/2020eea6-b629-57b1-a6fb-ace1e39f5cf1.jpg,ok,2026-09-16T21:44:41.541230+00:00
d1203d05-ad32-5aa7-9ae7-a672304b2d86,가야노래타운,https://ojbeahxvvvacnvhviihi.supabase.co/storage/v1/object/public/images/places/d1203d05-ad32-5aa7-9ae7-a672304b2d86.jpg,ok,2026-09-16T21:44:54.168379+00:00
26f1a26f-2630-5d4b-a0fd-4a12d14c49bd,팡팡노래연습장,,no_image,2026-09-16T21:45:11.985050+00:00
5284bf51-f1b3-5449-bec2-4e31c315b70c,썸데이노래방,,no_image,2026-09-16T21:45:30.143928+00:00
536bd374-bb83-5ff5-a256-db9581c13c2a,레드포스PC아레나 서강대점,https://ojbeahxvvvacnvhviihi.supabase.co/storage/v1/object/public/images/places/536bd374-bb83-5ff5-a256-db9581c13c2a.jpg,ok,2026-09-16T21:45:49.213709+00:00
1ac9cb5e-31f3-5514-bbde-4bd6b1ed925c,코지PC카페,https://ojbeahxvvvacnvhviihi.supabase.co/storage/v1/object/public/images/places/1ac9cb5e-31f3-5514-bbde-4bd6b1ed925c.jpg,ok,2026-09-16T21:46:02.974568+00:00
0b5dba5d-d6bf-5cab-a9ce-de6756596889,홍대24시불가마사우나,https://ojbeahxvvvacnvhviihi.supabase.co/storage/v1/object/public/images/places/0b5dba5d-d6bf-5cab-a9ce-de6756596889.jpg,ok,2026-09-16T21:46:21.491469+00:00
7a35be25-6c9d-587d-b9e5-7a231c15c48b,24시남성사우나,https://ojbeahxvvvacnvhviihi.supabase.co/storage/v1/object/public/images/places/7a35be25-6c9d-587d-b9e5-7a231c15c48b.jpg,ok,2026-09-16T21:46:32.950718+00:00
a146ba81-ace5-52d4-983d-c1f852e3a7c6,더클라임 클라이밍 연남점,https://ojbeahxvvvacnvhviihi.supabase.co/storage/v1/object/public/images/places/a146ba81-ace5-52d4-983d-c1f852e3a7c6.jpg,ok,2026-09-16T21:46:47.553035+00:00
4eb89761-9ea8-5256-9c33-171477fdad2f,포닐,https://ojbeahxvvvacnvhviihi.supabase.co/storage/v1/object/public/images/places/4eb89761-9ea8-5256-9c33-171477fdad2f.jpg,ok,2026-09-16T21:47:08.019358+00:00
e74a022f-fa01-58e3-9ce7-d16e8e13fdec,스타벅스 서강대점,https://ojbeahxvvvacnvhviihi.supabase.co/storage/v1/object/public/images/places/e74a022f-fa01-58e3-9ce7-d16e8e13fdec.jpg,ok,2026-09-16T21:47:35.581146+00:00
2d5e17f4-51bb-56b3-bcf7-b29d7bb02157,파리바게뜨 광흥창역점,https://ojbeahxvvvacnvhviihi.supabase.co/storage/v1/object/public/images/places/2d5e17f4-51bb-56b3-bcf7-b29d7bb02157.jpg,ok,2026-09-16T21:48:01.438283+00:00
c1ab3270-caf6-5a93-b569-b9e245ebe71c,비로소커피,https://ojbeahxvvvacnvhviihi.supabase.co/storage/v1/object/public/images/places/c1ab3270-caf6-5a93-b569-b9e245ebe71c.jpg,ok,2026-09-16T21:48:24.444335+00:00
da84c95c-d056-56e7-b936-f9b2ea0652c3,파리바게뜨 서강신수점,https://ojbeahxvvvacnvhviihi.supabase.co/storage/v1/object/public/images/places/da84c95c-d056-56e7-b936-f9b2ea0652c3.jpg,ok,2026-09-16T21:48:38.210522+00:00
92b34e46-313b-54eb-82b4-4ae5e290393d,김숙성 대흥본점,https://ojbeahxvvvacnvhviihi.supabase.co/storage/v1/object/public/images/places/92b34e46-313b-54eb-82b4-4ae5e290393d.jpg,ok,2026-09-16T21:49:00.525057+00:00
107233a5-216e-566f-819f-5bf88990a077,핵밥 서강대점,https://ojbeahxvvvacnvhviihi.supabase.co/storage/v1/object/public/images/places/107233a5-216e-566f-819f-5bf88990a077.jpg,ok,2026-09-16T21:49:16.641360+00:00
cca29ef1-2258-5382-a845-840988c41736,우이락 서강대점,https://ojbeahxvvvacnvhviihi.supabase.co/storage/v1/object/public/images/places/cca29ef1-2258-5382-a845-840988c41736.jpg,ok,2026-09-16T21:49:34.891516+00:00
5bc59a98-75e9-5bd6-8f66-9a40e8901975,리정원 대흥점,https://ojbeahxvvvacnvhviihi.supabase.co/storage/v1/object/public/images/places/5bc59a98-75e9-5bd6-8f66-9a40e8901975.jpg,ok,2026-09-16T21:49:58.455244+00:00
7284e2dc-3b72-547b-b992-bcd7b101072c,물고기집,https://ojbeahxvvvacnvhviihi.supabase.co/storage/v1/object/public/images/places/7284e2dc-3b72-547b-b992-bcd7b101072c.jpg,ok,2026-09-16T21:50:16.251727+00:00
0d158551-faf4-50dc-af01-dd4d32d5d609,철길부산집 서강대점,https://ojbeahxvvvacnvhviihi.supabase.co/storage/v1/object/public/images/places/0d158551-faf4-50dc-af01-dd4d32d5d609.jpg,ok,2026-09-16T21:50:35.329622+00:00
40ad908f-2807-58aa-88e0-8c30689c5eae,하숙바,https://ojbeahxvvvacnvhviihi.supabase.co/storage/v1/object/public/images/places/40ad908f-2807-58aa-88e0-8c30689c5eae.jpg,ok,2026-09-16T21:50:57.482163+00:00
0e70b977-5cf7-56f4-9cdd-f93acb533976,투다리 신수점,https://ojbeahxvvvacnvhviihi.supabase.co/storage/v1/object/public/images/places/0e70b977-5cf7-56f4-9cdd-f93acb533976.jpg,ok,2026-09-16T21:51:09.163980+00:00
b25db3bb-cb6c-5fd0-ba9c-1c110fba81ed,악쓰는하마코인노래연습장 신촌점,https://ojbeahxvvvacnvhviihi.supabase.co/storage/v1/object/public/images/places/b25db3bb-cb6c-5fd0-ba9c-1c110fba81ed.jpg,ok,2026-09-16T21:51:30.320956+00:00
8abb0f23-7756-59b6-b42b-beab9db1045d,어썸코인노래연습장 신촌3호점,https://ojbeahxvvvacnvhviihi.supabase.co/storage/v1/object/public/images/places/8abb0f23-7756-59b6-b42b-beab9db1045d.jpg,ok,2026-09-16T21:51:43.612764+00:00
576d1ce7-fba9-586f-9e82-42b3ccb4c6d7,어썸코인노래연습장 신촌2호점,https://ojbeahxvvvacnvhviihi.supabase.co/storage/v1/object/public/images/places/576d1ce7-fba9-586f-9e82-42b3ccb4c6d7.jpg,ok,2026-09-16T21:52:00.720337+00:00
3e955ed2-f92e-54f7-9b15-bad1ef2bcda0,스카이락볼링장,https://ojbeahxvvvacnvhviihi.supabase.co/storage/v1/object/public/images/places/3e955ed2-f92e-54f7-9b15-bad1ef2bcda0.jpg,ok,2026-09-16T21:52:18.914030+00:00
5e6e5b49-39cb-5c8c-8063-0c0689b5acd3,비트포비아 홍대던전3,https://ojbeahxvvvacnvhviihi.supabase.co/storage/v1/object/public/images/places/5e6e5b49-39cb-5c8c-8063-0c0689b5acd3.jpg,ok,2026-09-16T21:52:37.810400+00:00
9cbd2c14-50a4-5196-91a0-3ac24f3121e2,룸익스케이프 올리브점,https://ojbeahxvvvacnvhviihi.supabase.co/storage/v1/object/public/images/places/9cbd2c14-50a4-5196-91a0-3ac24f3121e2.jpg,ok,2026-09-16T21:52:50.280480+00:00
5467521b-0545-5e9c-8472-2ff0d6cd22f8,홈즈앤루팡 보드게임카페 신촌점,https://ojbeahxvvvacnvhviihi.supabase.co/storage/v1/object/public/images/places/5467521b-0545-5e9c-8472-2ff0d6cd22f8.jpg,ok,2026-09-16T21:53:06.967497+00:00
035efb81-3c74-5e66-a457-06eee05730bc,대흥 당구장,https://ojbeahxvvvacnvhviihi.supabase.co/storage/v1/object/public/images/places/035efb81-3c74-5e66-a457-06eee05730bc.jpg,ok,2026-09-16T21:53:26.965589+00:00
f0a420f8-79be-532f-915a-a3957ad0a7ca,태영당구클럽,https://ojbeahxvvvacnvhviihi.supabase.co/storage/v1/object/public/images/places/f0a420f8-79be-532f-915a-a3957ad0a7ca.jpg,ok,2026-09-16T21:53:45.936173+00:00
26987fb4-2f19-53ac-b4d3-cd6e6e9350a1,웅지당구클럽,,no_image,2026-09-16T21:54:05.254514+00:00
6e950789-ab2a-5008-82ad-f5c22042bdd4,딩굴딩굴 알타미라,https://ojbeahxvvvacnvhviihi.supabase.co/storage/v1/object/public/images/places/6e950789-ab2a-5008-82ad-f5c22042bdd4.jpg,ok,2026-09-16T21:54:23.983980+00:00
fad167bb-74f9-5e4b-99f4-46d08149701b,팔도강산노래연습장,https://ojbeahxvvvacnvhviihi.supabase.co/storage/v1/object/public/images/places/fad167bb-74f9-5e4b-99f4-46d08149701b.jpg,ok,2026-09-16T21:54:38.064682+00:00
8cc4dca0-4154-505d-8b87-f8c7b3f68381,태영콘서트노래방,,no_image,2026-09-16T21:54:52.225439+00:00
6848ab6e-7a68-5e6c-b9d8-74f18a65acc1,둘둘노래연습장,https://ojbeahxvvvacnvhviihi.supabase.co/storage/v1/object/public/images/places/6848ab6e-7a68-5e6c-b9d8-74f18a65acc1.jpg,ok,2026-09-16T21:55:12.111189+00:00
9a0d55d6-fa94-591b-90bc-fd69267daf57,롤스터 & 앤유 PC방,https://ojbeahxvvvacnvhviihi.supabase.co/storage/v1/object/public/images/places/9a0d55d6-fa94-591b-90bc-fd69267daf57.jpg,ok,2026-09-16T21:55:29.101470+00:00
dec680dc-8fab-5e08-b493-44e1b60099cf,아이센스리그PC방 신촌본점,https://ojbeahxvvvacnvhviihi.supabase.co/storage/v1/object/public/images/places/dec680dc-8fab-5e08-b493-44e1b60099cf.jpg,ok,2026-09-16T21:55:45.046154+00:00
b46c88aa-7474-57ec-af2b-cfc8f371b5ef,옵티멈존PC카페 신촌역점,https://ojbeahxvvvacnvhviihi.supabase.co/storage/v1/object/public/images/places/b46c88aa-7474-57ec-af2b-cfc8f371b5ef.jpg,ok,2026-09-16T21:56:06.352770+00:00
92cc7f0d-a888-5b0c-9d3a-38556c1d5e76,스타벅스 서강대흥역점,https://ojbeahxvvvacnvhviihi.supabase.co/storage/v1/object/public/images/places/92cc7f0d-a888-5b0c-9d3a-38556c1d5e76.jpg,ok,2026-09-16T21:56:28.125682+00:00
d776838b-7c4e-5e5b-98ed-c8f5f3a62916,메가MGC커피 대흥역점,https://ojbeahxvvvacnvhviihi.supabase.co/storage/v1/object/public/images/places/d776838b-7c4e-5e5b-98ed-c8f5f3a62916.jpg,ok,2026-09-16T21:56:47.110439+00:00
cd573cd8-ae07-5aac-9ed6-23301338ee22,누오바이탈리아,https://ojbeahxvvvacnvhviihi.supabase.co/storage/v1/object/public/images/places/cd573cd8-ae07-5aac-9ed6-23301338ee22.jpg,ok,2026-09-16T21:57:06.891934+00:00
10d69770-e131-51a0-9b52-c806d172fdb2,과자방,https://ojbeahxvvvacnvhviihi.supabase.co/storage/v1/object/public/images/places/10d69770-e131-51a0-9b52-c806d172fdb2.jpg,ok,2026-09-16T21:57:25.036268+00:00
136b4d52-9676-582b-98bd-de8e594986a9,메가MGC커피 마포아트센터점,https://ojbeahxvvvacnvhviihi.supabase.co/storage/v1/object/public/images/places/136b4d52-9676-582b-98bd-de8e594986a9.jpg,ok,2026-09-16T21:57:51.945992+00:00
00d2311e-7683-53cd-94f2-c247b30555b4,오르노 마포본점,https://ojbeahxvvvacnvhviihi.supabase.co/storage/v1/object/public/images/places/00d2311e-7683-53cd-94f2-c247b30555b4.jpg,ok,2026-09-16T21:58:07.205863+00:00
80dbea62-2c6c-5d29-bba3-50ecf9d5eda7,조선초가한끼 마포점,https://ojbeahxvvvacnvhviihi.supabase.co/storage/v1/object/public/images/places/80dbea62-2c6c-5d29-bba3-50ecf9d5eda7.jpg,ok,2026-09-16T21:58:19.520981+00:00
a8507e12-a238-5d86-8d87-35ab6de9a113,스키당 대흥점,https://ojbeahxvvvacnvhviihi.supabase.co/storage/v1/object/public/images/places/a8507e12-a238-5d86-8d87-35ab6de9a113.jpg,ok,2026-09-16T21:58:37.836158+00:00
31a87480-2875-5bb5-98af-3f1f795fcd41,비엔로,https://ojbeahxvvvacnvhviihi.supabase.co/storage/v1/object/public/images/places/31a87480-2875-5bb5-98af-3f1f795fcd41.jpg,ok,2026-09-16T21:58:59.037877+00:00
4866693b-b30b-53c5-bff4-4e6af3e53e40,앤티도트,https://ojbeahxvvvacnvhviihi.supabase.co/storage/v1/object/public/images/places/4866693b-b30b-53c5-bff4-4e6af3e53e40.jpg,ok,2026-09-16T21:59:16.727105+00:00
019767a2-4963-5355-8661-af18eb93abde,육회바른연어 대흥역점,https://ojbeahxvvvacnvhviihi.supabase.co/storage/v1/object/public/images/places/019767a2-4963-5355-8661-af18eb93abde.jpg,ok,2026-09-16T21:59:32.364360+00:00
42ef62c6-f0c2-53ca-af2b-b3895b20025e,파크사이드,https://ojbeahxvvvacnvhviihi.supabase.co/storage/v1/object/public/images/places/42ef62c6-f0c2-53ca-af2b-b3895b20025e.jpg,ok,2026-09-16T21:59:56.122062+00:00
9dc0925f-22e7-5053-a2e3-d9727c9950b7,룸익스케이프 인디고블루점,https://ojbeahxvvvacnvhviihi.supabase.co/storage/v1/object/public/images/places/9dc0925f-22e7-5053-a2e3-d9727c9950b7.jpg,ok,2026-09-16T22:00:18.707589+00:00
bbe1cde8-f7f8-59be-9d1d-c03dd5f9c21d,승승당구클럽,https://ojbeahxvvvacnvhviihi.supabase.co/storage/v1/object/public/images/places/bbe1cde8-f7f8-59be-9d1d-c03dd5f9c21d.jpg,ok,2026-09-16T22:00:42.362533+00:00
8a78fc57-1568-5998-8df2-944ac1beac77,염리당구장,https://ojbeahxvvvacnvhviihi.supabase.co/storage/v1/object/public/images/places/8a78fc57-1568-5998-8df2-944ac1beac77.jpg,ok,2026-09-16T22:00:58.666392+00:00
37bd0bdb-56bc-5bc5-ad0a-654fb9458981,옥소리노래방,https://ojbeahxvvvacnvhviihi.supabase.co/storage/v1/object/public/images/places/37bd0bdb-56bc-5bc5-ad0a-654fb9458981.jpg,ok,2026-09-16T22:01:25.336422+00:00
6135b926-03f5-5a40-a7ef-e7cba4493563,수노래연습장,https://ojbeahxvvvacnvhviihi.supabase.co/storage/v1/object/public/images/places/6135b926-03f5-5a40-a7ef-e7cba4493563.jpg,ok,2026-09-16T22:01:40.146121+00:00
f5affcee-eb27-58ee-a5a4-84986612d7ad,와이티티노래연습장,https://ojbeahxvvvacnvhviihi.supabase.co/storage/v1/object/public/images/places/f5affcee-eb27-58ee-a5a4-84986612d7ad.jpg,ok,2026-09-16T22:02:01.281323+00:00
4d707e5e-3554-5708-89cc-383a36dd4e4e,열린노래방,,no_image,2026-09-16T22:02:16.867752+00:00
e1a697c0-1b4a-5cb3-84ad-0176882c83ab,스타벅스 마포염리점,https://ojbeahxvvvacnvhviihi.supabase.co/storage/v1/object/public/images/places/e1a697c0-1b4a-5cb3-84ad-0176882c83ab.jpg,ok,2026-09-16T22:02:43.322818+00:00
e5adcb3e-9cf1-55a9-a801-ff4ce6e88bf7,할리스 공덕경의선숲길점,https://ojbeahxvvvacnvhviihi.supabase.co/storage/v1/object/public/images/places/e5adcb3e-9cf1-55a9-a801-ff4ce6e88bf7.jpg,ok,2026-09-16T22:03:14.165138+00:00
4f9ce0a8-a6bb-5423-b8a2-92fbedf43b5a,녹기 전에,https://ojbeahxvvvacnvhviihi.supabase.co/storage/v1/object/public/images/places/4f9ce0a8-a6bb-5423-b8a2-92fbedf43b5a.jpg,ok,2026-09-16T22:03:40.886651+00:00
cf48331b-819d-57a5-8a1b-c683610b136b,메가MGC커피 마포용강점,https://ojbeahxvvvacnvhviihi.supabase.co/storage/v1/object/public/images/places/cf48331b-819d-57a5-8a1b-c683610b136b.jpg,ok,2026-09-16T22:04:04.484979+00:00
673ae5bc-cbb8-53c4-b6b3-4ea4e1087e79,컴포즈커피 마포염리초점,https://ojbeahxvvvacnvhviihi.supabase.co/storage/v1/object/public/images/places/673ae5bc-cbb8-53c4-b6b3-4ea4e1087e79.jpg,ok,2026-09-16T22:04:27.001909+00:00
e9f66a1d-898d-5ff6-995b-f1f93ed8cb27,을밀대 평양냉면,https://ojbeahxvvvacnvhviihi.supabase.co/storage/v1/object/public/images/places/e9f66a1d-898d-5ff6-995b-f1f93ed8cb27.jpg,ok,2026-09-16T22:05:00.876083+00:00
82e96dfc-381e-5194-974f-2881c85fd755,고기꾼김춘배 공덕직영점,https://ojbeahxvvvacnvhviihi.supabase.co/storage/v1/object/public/images/places/82e96dfc-381e-5194-974f-2881c85fd755.jpg,ok,2026-09-16T22:05:25.514464+00:00
2e4e4002-39fd-5749-9dae-bccd31e2cf20,사철 공덕본점,https://ojbeahxvvvacnvhviihi.supabase.co/storage/v1/object/public/images/places/2e4e4002-39fd-5749-9dae-bccd31e2cf20.jpg,ok,2026-09-16T22:05:52.326659+00:00
31e25df2-c89c-5e8c-92df-01ddd68a6bb2,야키토리 쇼몽,https://ojbeahxvvvacnvhviihi.supabase.co/storage/v1/object/public/images/places/31e25df2-c89c-5e8c-92df-01ddd68a6bb2.jpg,ok,2026-09-16T22:06:19.475124+00:00
d1778e36-c1ae-55f0-a788-b96230e16ca4,솜솜,https://ojbeahxvvvacnvhviihi.supabase.co/storage/v1/object/public/images/places/d1778e36-c1ae-55f0-a788-b96230e16ca4.jpg,ok,2026-09-16T22:06:52.036077+00:00
9e48dbb4-8b66-5ede-8772-8b7b551deb9d,오롯,https://ojbeahxvvvacnvhviihi.supabase.co/storage/v1/object/public/images/places/9e48dbb4-8b66-5ede-8772-8b7b551deb9d.jpg,ok,2026-09-16T22:07:17.297130+00:00
1be255af-14f0-5f84-8922-195e9862c1e5,파평윤씨,https://ojbeahxvvvacnvhviihi.supabase.co/storage/v1/object/public/images/places/1be255af-14f0-5f84-8922-195e9862c1e5.jpg,ok,2026-09-16T22:07:50.871947+00:00
7e77edf8-bb0e-598d-b371-5f7f4cb423b1,캐칭덕 상수역점,,no_image,2026-09-16T22:08:29.488470+00:00
c5872343-af98-5bf6-b08d-4a3b66a4210d,픽존,,no_image,2026-09-16T22:08:53.973230+00:00
97da473d-6276-5530-8202-52083f98b985,태화볼링장,https://ojbeahxvvvacnvhviihi.supabase.co/storage/v1/object/public/images/places/97da473d-6276-5530-8202-52083f98b985.jpg,ok,2026-09-16T22:09:12.759408+00:00
ec724734-f482-5366-b591-8afbbf2c1b07,홍대볼링장,https://ojbeahxvvvacnvhviihi.supabase.co/storage/v1/object/public/images/places/ec724734-f482-5366-b591-8afbbf2c1b07.jpg,ok,2026-09-16T22:09:28.799979+00:00
67407401-24c1-589c-81fb-bf5010da986b,코드케이 홍대점,https://ojbeahxvvvacnvhviihi.supabase.co/storage/v1/object/public/images/places/67407401-24c1-589c-81fb-bf5010da986b.jpg,ok,2026-09-16T22:09:49.197368+00:00
31c21239-e0be-54f8-bf44-6898d0bddf24,방탈출 토끼굴,https://ojbeahxvvvacnvhviihi.supabase.co/storage/v1/object/public/images/places/31c21239-e0be-54f8-bf44-6898d0bddf24.jpg,ok,2026-09-16T22:10:09.710821+00:00
33754f0b-4d8b-517b-9b7a-8f83db3710c9,니즈빌리어즈 홍대점,https://ojbeahxvvvacnvhviihi.supabase.co/storage/v1/object/public/images/places/33754f0b-4d8b-517b-9b7a-8f83db3710c9.jpg,ok,2026-09-16T22:10:27.071391+00:00
51b60c7a-4f4a-5853-98b1-f6f6fc972335,홍대당구클럽큐,https://ojbeahxvvvacnvhviihi.supabase.co/storage/v1/object/public/images/places/51b60c7a-4f4a-5853-98b1-f6f6fc972335.jpg,ok,2026-09-16T22:10:45.947473+00:00
fa6c1365-28e3-5aae-868c-efd69cbc0811,만화살롱 유어마나,https://ojbeahxvvvacnvhviihi.supabase.co/storage/v1/object/public/images/places/fa6c1365-28e3-5aae-868c-efd69cbc0811.jpg,ok,2026-09-16T22:11:07.672138+00:00
bee31df0-78db-537b-a4d4-05331544976b,오늘애니,https://ojbeahxvvvacnvhviihi.supabase.co/storage/v1/object/public/images/places/bee31df0-78db-537b-a4d4-05331544976b.jpg,ok,2026-09-16T22:11:23.480625+00:00
edaf020b-448d-5a26-8c5c-f7d62786b27b,스타노래연습장 상수점,https://ojbeahxvvvacnvhviihi.supabase.co/storage/v1/object/public/images/places/edaf020b-448d-5a26-8c5c-f7d62786b27b.jpg,ok,2026-09-16T22:11:43.941037+00:00
2d9bab7f-f892-56ff-a1fc-54fea8c09622,제로백PC 광흥창점,https://ojbeahxvvvacnvhviihi.supabase.co/storage/v1/object/public/images/places/2d9bab7f-f892-56ff-a1fc-54fea8c09622.jpg,ok,2026-09-16T22:12:00.896573+00:00
126fba21-9a77-5948-a72c-3b31386ed0d0,쓰리팝피시방,https://ojbeahxvvvacnvhviihi.supabase.co/storage/v1/object/public/images/places/126fba21-9a77-5948-a72c-3b31386ed0d0.jpg,ok,2026-09-16T22:12:16.289291+00:00
d267afa0-4392-54cc-a51e-094e3a727631,라인업PC방,https://ojbeahxvvvacnvhviihi.supabase.co/storage/v1/object/public/images/places/d267afa0-4392-54cc-a51e-094e3a727631.jpg,ok,2026-09-16T22:12:44.830393+00:00
a0fc250a-4ab2-5747-b280-aec6b4064699,제로백PC방,https://ojbeahxvvvacnvhviihi.supabase.co/storage/v1/object/public/images/places/a0fc250a-4ab2-5747-b280-aec6b4064699.jpg,ok,2026-09-16T22:13:03.718972+00:00
7c93432e-040d-55bd-99de-8cec11be7664,블루존피시방 창전점,,no_image,2026-09-16T22:13:26.380072+00:00
02bd4df4-dd69-5322-8848-ea0726eb4a46,베니케이크,https://ojbeahxvvvacnvhviihi.supabase.co/storage/v1/object/public/images/places/02bd4df4-dd69-5322-8848-ea0726eb4a46.jpg,ok,2026-09-16T22:13:50.141775+00:00
1f922d49-6c40-5032-9f6f-47565d4f4d73,메이드카페 집사카페 카와이 홍대점,https://ojbeahxvvvacnvhviihi.supabase.co/storage/v1/object/public/images/places/1f922d49-6c40-5032-9f6f-47565d4f4d73.jpg,ok,2026-09-16T22:14:18.988100+00:00
18850e59-ff7e-520b-a8ff-6e95ddf29224,프랑제리 피어 신촌점,https://ojbeahxvvvacnvhviihi.supabase.co/storage/v1/object/public/images/places/18850e59-ff7e-520b-a8ff-6e95ddf29224.jpg,ok,2026-09-16T22:14:46.177732+00:00
06fe89d1-e9b4-535e-ac1f-742dbca4838f,테이블에이,https://ojbeahxvvvacnvhviihi.supabase.co/storage/v1/object/public/images/places/06fe89d1-e9b4-535e-ac1f-742dbca4838f.jpg,ok,2026-09-16T22:15:05.056189+00:00
70fcaeee-b2bf-5adf-8397-f1409c322a87,스타벅스 홍대삼거리점,https://ojbeahxvvvacnvhviihi.supabase.co/storage/v1/object/public/images/places/70fcaeee-b2bf-5adf-8397-f1409c322a87.jpg,ok,2026-09-16T22:15:34.299398+00:00
5b2a046d-043c-5b96-b749-b511c7a878e4,라멘트럭 상수본점,https://ojbeahxvvvacnvhviihi.supabase.co/storage/v1/object/public/images/places/5b2a046d-043c-5b96-b749-b511c7a878e4.jpg,ok,2026-09-16T22:16:05.922393+00:00
4bfd960e-f942-586d-a3e6-61e46ecbd7bc,칸다소바,https://ojbeahxvvvacnvhviihi.supabase.co/storage/v1/object/public/images/places/4bfd960e-f942-586d-a3e6-61e46ecbd7bc.jpg,ok,2026-09-16T22:16:30.718035+00:00
28e988c5-b507-5054-ad6e-c4974d5f6630,꽃피는고기,https://ojbeahxvvvacnvhviihi.supabase.co/storage/v1/object/public/images/places/28e988c5-b507-5054-ad6e-c4974d5f6630.jpg,ok,2026-09-16T22:16:58.065704+00:00
79de581e-c9b4-59f6-a007-4a9bd56e50c8,후라토식당 상수직영점,https://ojbeahxvvvacnvhviihi.supabase.co/storage/v1/object/public/images/places/79de581e-c9b4-59f6-a007-4a9bd56e50c8.jpg,ok,2026-09-16T22:17:17.443979+00:00
b2d0e147-7ac3-5ce3-b8f6-6814169e0c2a,후쿠란 상수본점,https://ojbeahxvvvacnvhviihi.supabase.co/storage/v1/object/public/images/places/b2d0e147-7ac3-5ce3-b8f6-6814169e0c2a.jpg,ok,2026-09-16T22:17:41.315107+00:00
874c9436-2eba-5cb5-8092-83132231cea4,산울림1992,https://ojbeahxvvvacnvhviihi.supabase.co/storage/v1/object/public/images/places/874c9436-2eba-5cb5-8092-83132231cea4.jpg,ok,2026-09-16T22:17:59.158516+00:00
c9a518d7-2ec8-52b8-ab07-28218a44de70,그문화다방,https://ojbeahxvvvacnvhviihi.supabase.co/storage/v1/object/public/images/places/c9a518d7-2ec8-52b8-ab07-28218a44de70.jpg,ok,2026-09-16T22:18:20.437738+00:00
b3948a62-3fa9-593e-83de-dc420d61acc1,상수주택,https://ojbeahxvvvacnvhviihi.supabase.co/storage/v1/object/public/images/places/b3948a62-3fa9-593e-83de-dc420d61acc1.jpg,ok,2026-09-16T22:18:37.459135+00:00
8f17a026-3e31-54a8-9395-9195c1595e0e,뉴코인싱어 노래연습장,https://ojbeahxvvvacnvhviihi.supabase.co/storage/v1/object/public/images/places/8f17a026-3e31-54a8-9395-9195c1595e0e.jpg,ok,2026-09-16T22:19:06.850799+00:00
18db68c0-3dbf-5aa5-91c6-a4b381b44bb3,짱오락실 홍대점,https://ojbeahxvvvacnvhviihi.supabase.co/storage/v1/object/public/images/places/18db68c0-3dbf-5aa5-91c6-a4b381b44bb3.jpg,ok,2026-09-16T22:19:31.535680+00:00
ca5983c3-ade6-5f83-aabb-1b9939008da3,어썸코인노래연습장,https://ojbeahxvvvacnvhviihi.supabase.co/storage/v1/object/public/images/places/ca5983c3-ade6-5f83-aabb-1b9939008da3.jpg,ok,2026-09-16T22:19:56.193168+00:00
0389aead-945f-552b-86da-6c722e30631e,악쓰는하마 홍대2점,,no_image,2026-09-16T22:20:21.543358+00:00
577dd975-cb9a-5e86-b13f-243ab9c264cf,게임토피아,,no_image,2026-09-16T22:20:38.772303+00:00
8e38adca-79e5-534e-a462-632d0071a0dd,보드게임카페 레드버튼 홍대점,https://ojbeahxvvvacnvhviihi.supabase.co/storage/v1/object/public/images/places/8e38adca-79e5-534e-a462-632d0071a0dd.jpg,ok,2026-09-16T22:21:04.090583+00:00
63278382-0ab9-5a4d-980d-aa588e54d15e,펍그린포켓볼당구클럽,https://ojbeahxvvvacnvhviihi.supabase.co/storage/v1/object/public/images/places/63278382-0ab9-5a4d-980d-aa588e54d15e.jpg,ok,2026-09-16T22:21:31.423396+00:00
2f7a77cd-d488-5766-9133-9adc9d2e4e37,헤이당구장,https://ojbeahxvvvacnvhviihi.supabase.co/storage/v1/object/public/images/places/2f7a77cd-d488-5766-9133-9adc9d2e4e37.jpg,ok,2026-09-16T22:21:51.650219+00:00
385320b9-c2c4-5296-91d5-e634d21535e0,빌리어즈HAPPY,https://ojbeahxvvvacnvhviihi.supabase.co/storage/v1/object/public/images/places/385320b9-c2c4-5296-91d5-e634d21535e0.jpg,ok,2026-09-16T22:22:11.472492+00:00
e534d080-1f5e-541e-bfa0-7be6732f4544,수당구클럽,https://ojbeahxvvvacnvhviihi.supabase.co/storage/v1/object/public/images/places/e534d080-1f5e-541e-bfa0-7be6732f4544.jpg,ok,2026-09-16T22:22:40.487347+00:00
6cf44b7d-6c59-5c5b-9aca-016b13dd5d8a,VIP 당구클럽,https://ojbeahxvvvacnvhviihi.supabase.co/storage/v1/object/public/images/places/6cf44b7d-6c59-5c5b-9aca-016b13dd5d8a.jpg,ok,2026-09-16T22:23:08.601658+00:00
d670cec0-42d7-5ee4-9e7b-88dddb6127d2,애니툰,https://ojbeahxvvvacnvhviihi.supabase.co/storage/v1/object/public/images/places/d670cec0-42d7-5ee4-9e7b-88dddb6127d2.jpg,ok,2026-09-16T22:23:34.101955+00:00
9c8f98d1-3d46-585f-962d-192279c72047,캣툰 홍대점,https://ojbeahxvvvacnvhviihi.supabase.co/storage/v1/object/public/images/places/9c8f98d1-3d46-585f-962d-192279c72047.jpg,ok,2026-09-16T22:23:55.701039+00:00
b5eb9eb3-8825-5df5-84cd-480ce4da131b,수노래연습장 럭셔리 홍대점,https://ojbeahxvvvacnvhviihi.supabase.co/storage/v1/object/public/images/places/b5eb9eb3-8825-5df5-84cd-480ce4da131b.jpg,ok,2026-09-16T22:24:17.779540+00:00
9a39396e-f5e5-5a05-be36-da1b02e8377e,멀티플러스 홍대점,https://ojbeahxvvvacnvhviihi.supabase.co/storage/v1/object/public/images/places/9a39396e-f5e5-5a05-be36-da1b02e8377e.jpg,ok,2026-09-16T22:24:47.765852+00:00
53499768-9d5a-53cf-bceb-29716e05f3f4,노래타운 파레스 홍대점,https://ojbeahxvvvacnvhviihi.supabase.co/storage/v1/object/public/images/places/53499768-9d5a-53cf-bceb-29716e05f3f4.jpg,ok,2026-09-16T22:25:04.465874+00:00
7d9aa70d-235e-5edd-ab2b-3fdd90996ebc,베리굿 노래타운 홍대점,https://ojbeahxvvvacnvhviihi.supabase.co/storage/v1/object/public/images/places/7d9aa70d-235e-5edd-ab2b-3fdd90996ebc.jpg,ok,2026-09-16T22:25:27.476809+00:00
f956a4e2-bea9-5ffc-b55c-7691a00a12d2,원신 PC 라운지,https://ojbeahxvvvacnvhviihi.supabase.co/storage/v1/object/public/images/places/f956a4e2-bea9-5ffc-b55c-7691a00a12d2.jpg,ok,2026-09-16T22:25:47.660597+00:00
9564f4de-4cd4-5e5d-811c-24a737e09f3c,티원베이스캠프,https://ojbeahxvvvacnvhviihi.supabase.co/storage/v1/object/public/images/places/9564f4de-4cd4-5e5d-811c-24a737e09f3c.jpg,ok,2026-09-16T22:26:11.555264+00:00
3fe3d3b8-93c5-5a0c-9626-4b727bf40031,SNS PC방,https://ojbeahxvvvacnvhviihi.supabase.co/storage/v1/object/public/images/places/3fe3d3b8-93c5-5a0c-9626-4b727bf40031.jpg,ok,2026-09-16T22:26:33.612490+00:00
6b21f89d-0c10-5ce3-a169-f5f01fe74c87,레벨업 PC 카페 홍대점,https://ojbeahxvvvacnvhviihi.supabase.co/storage/v1/object/public/images/places/6b21f89d-0c10-5ce3-a169-f5f01fe74c87.jpg,ok,2026-09-16T22:26:52.340613+00:00
c6000918-89f8-53d0-92c8-b6766eff508a,긱스타PC방,https://ojbeahxvvvacnvhviihi.supabase.co/storage/v1/object/public/images/places/c6000918-89f8-53d0-92c8-b6766eff508a.jpg,ok,2026-09-16T22:27:16.237745+00:00
a1e267f2-3f9d-58b1-91dd-25ff83d5c4cd,몽키즈클라이밍,https://ojbeahxvvvacnvhviihi.supabase.co/storage/v1/object/public/images/places/a1e267f2-3f9d-58b1-91dd-25ff83d5c4cd.jpg,ok,2026-09-16T22:27:42.469559+00:00
187bca79-2d23-57ff-8a59-122a983975ff,베이글랜드 홍대점,https://ojbeahxvvvacnvhviihi.supabase.co/storage/v1/object/public/images/places/187bca79-2d23-57ff-8a59-122a983975ff.jpg,ok,2026-09-16T22:28:04.740946+00:00
f1c1f03d-2d6a-5a8d-9c2d-8a89f2edcffd,카페 공명 연남점,https://ojbeahxvvvacnvhviihi.supabase.co/storage/v1/object/public/images/places/f1c1f03d-2d6a-5a8d-9c2d-8a89f2edcffd.jpg,ok,2026-09-16T22:28:25.657207+00:00
606dcdbc-b48f-5550-a706-4e6df1627be0,수상한베이글 홍대,https://ojbeahxvvvacnvhviihi.supabase.co/storage/v1/object/public/images/places/606dcdbc-b48f-5550-a706-4e6df1627be0.jpg,ok,2026-09-16T22:28:46.603519+00:00
6ee3a34c-819a-5286-ac7d-9a1882a5f729,943 킹스크로스,https://ojbeahxvvvacnvhviihi.supabase.co/storage/v1/object/public/images/places/6ee3a34c-819a-5286-ac7d-9a1882a5f729.jpg,ok,2026-09-16T22:29:16.754855+00:00
52a38450-42e4-5cb6-80d5-6dbf23b2158b,홍대 육지,https://ojbeahxvvvacnvhviihi.supabase.co/storage/v1/object/public/images/places/52a38450-42e4-5cb6-80d5-6dbf23b2158b.jpg,ok,2026-09-16T22:29:40.448716+00:00
62c29d0f-a1e8-5150-bbdc-25f7859c0e53,츠케루,https://ojbeahxvvvacnvhviihi.supabase.co/storage/v1/object/public/images/places/62c29d0f-a1e8-5150-bbdc-25f7859c0e53.jpg,ok,2026-09-16T22:29:59.301063+00:00
e618ce89-a8d7-5cbb-a08b-b451f9f45537,빌라 더 다이닝 홍대본점,,not_found,2026-09-16T22:30:30.404347+00:00
0edd38d2-95d5-5652-8d79-70414a4264c5,셔우드,https://ojbeahxvvvacnvhviihi.supabase.co/storage/v1/object/public/images/places/0edd38d2-95d5-5652-8d79-70414a4264c5.jpg,ok,2026-09-16T22:30:44.994438+00:00
18a0a755-77f2-50fc-911c-6730b527e5ab,신호등포차 홍대점,https://ojbeahxvvvacnvhviihi.supabase.co/storage/v1/object/public/images/places/18a0a755-77f2-50fc-911c-6730b527e5ab.jpg,ok,2026-09-16T22:31:46.519181+00:00
399e2ad9-d5ae-5831-96e0-41b3507c5483,더기와 합정점,https://ojbeahxvvvacnvhviihi.supabase.co/storage/v1/object/public/images/places/399e2ad9-d5ae-5831-96e0-41b3507c5483.jpg,ok,2026-09-16T22:32:12.925698+00:00
65ba34aa-7447-5cd8-af65-bce74ba718cd,7번방 홍대점,https://ojbeahxvvvacnvhviihi.supabase.co/storage/v1/object/public/images/places/65ba34aa-7447-5cd8-af65-bce74ba718cd.jpg,ok,2026-09-16T22:32:34.381015+00:00
29143361-bff5-56e7-9fe2-2cb86ebee036,하와이조개 홍대점,https://ojbeahxvvvacnvhviihi.supabase.co/storage/v1/object/public/images/places/29143361-bff5-56e7-9fe2-2cb86ebee036.jpg,ok,2026-09-16T22:33:00.993790+00:00
5efcfab6-9e4a-56fd-bf94-8de3a1e07307,렉스코인노래연습장 합정역점,https://ojbeahxvvvacnvhviihi.supabase.co/storage/v1/object/public/images/places/5efcfab6-9e4a-56fd-bf94-8de3a1e07307.jpg,ok,2026-09-16T22:33:24.629503+00:00
4a653523-800b-5d69-8af2-4db715ea14ae,레드코인노래연습장,https://ojbeahxvvvacnvhviihi.supabase.co/storage/v1/object/public/images/places/4a653523-800b-5d69-8af2-4db715ea14ae.jpg,ok,2026-09-16T22:33:46.620779+00:00
c2ccf96e-092d-5961-9d61-996a399788e4,마포구민체육센터,https://ojbeahxvvvacnvhviihi.supabase.co/storage/v1/object/public/images/places/c2ccf96e-092d-5961-9d61-996a399788e4.jpg,ok,2026-09-16T22:34:04.672749+00:00
81930ca6-cdac-5225-a028-5a9a478c17b7,리버당구장,https://ojbeahxvvvacnvhviihi.supabase.co/storage/v1/object/public/images/places/81930ca6-cdac-5225-a028-5a9a478c17b7.jpg,ok,2026-09-16T22:34:31.495718+00:00
0603aa53-7108-55e4-98be-7cda8b5886ff,합정당구클럽,,no_image,2026-09-16T22:34:56.344699+00:00
4f100522-03ca-5fff-af5f-8a2424d85fdc,합정모나코당구장,https://ojbeahxvvvacnvhviihi.supabase.co/storage/v1/object/public/images/places/4f100522-03ca-5fff-af5f-8a2424d85fdc.jpg,ok,2026-09-16T22:35:18.266515+00:00
390802a2-d297-5b30-8ae7-9aad99e13fcf,벌툰 봉화당 망원역점,https://ojbeahxvvvacnvhviihi.supabase.co/storage/v1/object/public/images/places/390802a2-d297-5b30-8ae7-9aad99e13fcf.jpg,ok,2026-09-16T22:35:35.898980+00:00
aa578059-d8fe-5c69-913d-e4aee06734df,윙키핑키,https://ojbeahxvvvacnvhviihi.supabase.co/storage/v1/object/public/images/places/aa578059-d8fe-5c69-913d-e4aee06734df.jpg,ok,2026-09-16T22:35:56.567810+00:00
a61abab2-a9eb-5f05-b37d-23fcf92aec61,스트라이크존 서울 선유도구장,https://ojbeahxvvvacnvhviihi.supabase.co/storage/v1/object/public/images/places/a61abab2-a9eb-5f05-b37d-23fcf92aec61.jpg,ok,2026-09-16T22:36:23.175685+00:00
8fd4902d-e1ae-51e8-8f02-e1978b429859,보리노래연습장,https://ojbeahxvvvacnvhviihi.supabase.co/storage/v1/object/public/images/places/8fd4902d-e1ae-51e8-8f02-e1978b429859.jpg,ok,2026-09-16T22:36:50.194516+00:00
fda8d141-0a1f-54d2-94fa-3b788a212fe3,신바람노래방,https://ojbeahxvvvacnvhviihi.supabase.co/storage/v1/object/public/images/places/fda8d141-0a1f-54d2-94fa-3b788a212fe3.jpg,ok,2026-09-16T22:37:14.206758+00:00
1cfd9850-c1bf-500e-a251-7bccb5e8c941,쓰리팝PC방,https://ojbeahxvvvacnvhviihi.supabase.co/storage/v1/object/public/images/places/1cfd9850-c1bf-500e-a251-7bccb5e8c941.jpg,ok,2026-09-16T22:37:41.229883+00:00
3715b6fa-8b7f-5373-8520-133d61089a01,긱스타 PC CAFE,https://ojbeahxvvvacnvhviihi.supabase.co/storage/v1/object/public/images/places/3715b6fa-8b7f-5373-8520-133d61089a01.jpg,ok,2026-09-16T22:38:05.180474+00:00
9aa14668-af8d-5da5-b921-6d4f504f5a11,아우토반 합정점,,no_image,2026-09-16T22:38:30.946190+00:00
065c8758-2ec3-59bf-87f7-3889b68b53d1,삼일사우나,https://ojbeahxvvvacnvhviihi.supabase.co/storage/v1/object/public/images/places/065c8758-2ec3-59bf-87f7-3889b68b53d1.jpg,ok,2026-09-16T22:38:49.452640+00:00
a27a88a7-eb5a-5221-8cbb-9d12b2750c2f,메디스톤 망원점,https://ojbeahxvvvacnvhviihi.supabase.co/storage/v1/object/public/images/places/a27a88a7-eb5a-5221-8cbb-9d12b2750c2f.jpg,ok,2026-09-16T22:39:09.388576+00:00
f457cc1f-a1dc-5dc5-b4fe-573230e35e73,진심을다한스파,https://ojbeahxvvvacnvhviihi.supabase.co/storage/v1/object/public/images/places/f457cc1f-a1dc-5dc5-b4fe-573230e35e73.jpg,ok,2026-09-16T22:39:29.062111+00:00
fa232a05-82bb-50f1-82b8-54435dc091ea,서울볼더스 선유,https://ojbeahxvvvacnvhviihi.supabase.co/storage/v1/object/public/images/places/fa232a05-82bb-50f1-82b8-54435dc091ea.jpg,ok,2026-09-16T22:40:00.098110+00:00
9848ca40-b646-53bc-bdad-e56d4c55b691,홍대클라이밍센터,https://ojbeahxvvvacnvhviihi.supabase.co/storage/v1/object/public/images/places/9848ca40-b646-53bc-bdad-e56d4c55b691.jpg,ok,2026-09-16T22:40:26.090705+00:00
77634908-23e7-52bb-8db0-340d9fcc49a2,서종국클라이밍,https://ojbeahxvvvacnvhviihi.supabase.co/storage/v1/object/public/images/places/77634908-23e7-52bb-8db0-340d9fcc49a2.jpg,ok,2026-09-16T22:41:02.003242+00:00
7f50d504-12d0-5e21-b2f5-8d5d962078e3,어반플랜트 합정,https://ojbeahxvvvacnvhviihi.supabase.co/storage/v1/object/public/images/places/7f50d504-12d0-5e21-b2f5-8d5d962078e3.jpg,ok,2026-09-16T22:41:30.775904+00:00
050d7997-07b2-57c7-b0ef-f9165ac7d749,해머플레이스,https://ojbeahxvvvacnvhviihi.supabase.co/storage/v1/object/public/images/places/050d7997-07b2-57c7-b0ef-f9165ac7d749.jpg,ok,2026-09-16T22:41:54.240081+00:00
787cb113-ba69-5690-bbe1-73feb1755425,스타벅스 합정점,https://ojbeahxvvvacnvhviihi.supabase.co/storage/v1/object/public/images/places/787cb113-ba69-5690-bbe1-73feb1755425.jpg,ok,2026-09-16T22:42:15.507746+00:00
541c0e90-780e-5c44-8c0e-fe7a74c83ee7,투썸플레이스 합정역점,https://ojbeahxvvvacnvhviihi.supabase.co/storage/v1/object/public/images/places/541c0e90-780e-5c44-8c0e-fe7a74c83ee7.jpg,ok,2026-09-16T22:42:43.613754+00:00
3c67d723-3960-5981-9070-9ddd168c9d35,앤트러사이트 합정점,https://ojbeahxvvvacnvhviihi.supabase.co/storage/v1/object/public/images/places/3c67d723-3960-5981-9070-9ddd168c9d35.jpg,ok,2026-09-16T22:43:09.620946+00:00
4129017a-8f11-5739-9582-f52dee3c3a28,뉴욕아파트먼트,https://ojbeahxvvvacnvhviihi.supabase.co/storage/v1/object/public/images/places/4129017a-8f11-5739-9582-f52dee3c3a28.jpg,ok,2026-09-16T22:43:33.740729+00:00
8e6122d5-f104-5462-a1e7-d796827561b0,금성회관 합정본점,https://ojbeahxvvvacnvhviihi.supabase.co/storage/v1/object/public/images/places/8e6122d5-f104-5462-a1e7-d796827561b0.jpg,ok,2026-09-16T22:43:59.424470+00:00
4e7b461e-fc6b-5077-961c-2b83dad5c7bf,빕스 합정점,https://ojbeahxvvvacnvhviihi.supabase.co/storage/v1/object/public/images/places/4e7b461e-fc6b-5077-961c-2b83dad5c7bf.jpg,ok,2026-09-16T22:44:19.966585+00:00
d0a41972-aab8-54df-bfa9-593111e8d009,오레노라멘 본점,https://ojbeahxvvvacnvhviihi.supabase.co/storage/v1/object/public/images/places/d0a41972-aab8-54df-bfa9-593111e8d009.jpg,ok,2026-09-16T22:44:46.253518+00:00
e971c271-508d-5859-91a8-8277f85aecde,교집합,https://ojbeahxvvvacnvhviihi.supabase.co/storage/v1/object/public/images/places/e971c271-508d-5859-91a8-8277f85aecde.jpg,ok,2026-09-16T22:45:05.923474+00:00
bcbd4352-942a-5645-bc90-8010713dca6b,호맥 합정점,https://ojbeahxvvvacnvhviihi.supabase.co/storage/v1/object/public/images/places/bcbd4352-942a-5645-bc90-8010713dca6b.jpg,ok,2026-09-16T22:45:27.998484+00:00
6d55aa72-a232-5078-a207-35104674e335,동백가옥 합정점,https://ojbeahxvvvacnvhviihi.supabase.co/storage/v1/object/public/images/places/6d55aa72-a232-5078-a207-35104674e335.jpg,ok,2026-09-16T22:46:01.961862+00:00
9d137f3c-d98a-54c9-8d39-f478d945dc66,토끼다이닝 합정점,https://ojbeahxvvvacnvhviihi.supabase.co/storage/v1/object/public/images/places/9d137f3c-d98a-54c9-8d39-f478d945dc66.jpg,ok,2026-09-16T22:46:28.968494+00:00
ba52bd73-9027-5366-a3d4-b57ff0fbb93f,독타운피자,https://ojbeahxvvvacnvhviihi.supabase.co/storage/v1/object/public/images/places/ba52bd73-9027-5366-a3d4-b57ff0fbb93f.jpg,ok,2026-09-16T22:46:55.999527+00:00
7e793b69-bf93-5084-b016-83c13a38378a,맥코인노래연습장,https://ojbeahxvvvacnvhviihi.supabase.co/storage/v1/object/public/images/places/7e793b69-bf93-5084-b016-83c13a38378a.jpg,ok,2026-09-16T22:47:14.514051+00:00
18deb8a2-40b2-57a2-bcd3-de2adfaee63e,퍼니랜드 망원점,https://ojbeahxvvvacnvhviihi.supabase.co/storage/v1/object/public/images/places/18deb8a2-40b2-57a2-bcd3-de2adfaee63e.jpg,ok,2026-09-16T22:47:37.713269+00:00
bf997681-d0b1-5ae9-a24c-d85600faf762,럭키캐치 망원점,https://ojbeahxvvvacnvhviihi.supabase.co/storage/v1/object/public/images/places/bf997681-d0b1-5ae9-a24c-d85600faf762.jpg,ok,2026-09-16T22:47:58.674885+00:00
caa6415b-3d30-57d7-9239-273d44c17dbb,하이캐치,,no_image,2026-09-16T22:48:18.784925+00:00
36e79623-8b3e-5608-bf0f-a302cc0adfc1,놀이터집게손,,no_image,2026-09-16T22:48:39.616327+00:00
59ca1e4c-2524-5cdb-adf0-a41976177062,엑스이스케이프 홍대상상마당점,https://ojbeahxvvvacnvhviihi.supabase.co/storage/v1/object/public/images/places/59ca1e4c-2524-5cdb-adf0-a41976177062.jpg,ok,2026-09-16T22:49:00.229539+00:00
95307556-a96d-542c-889c-2a42b6df7155,딥띵커 방탈출카페,https://ojbeahxvvvacnvhviihi.supabase.co/storage/v1/object/public/images/places/95307556-a96d-542c-889c-2a42b6df7155.jpg,ok,2026-09-16T22:49:26.704315+00:00
30b5dc34-5c97-561e-a604-07d298c61f6c,HIDE AND SEEK The Origin 홍대,https://ojbeahxvvvacnvhviihi.supabase.co/storage/v1/object/public/images/places/30b5dc34-5c97-561e-a604-07d298c61f6c.jpg,ok,2026-09-16T22:49:47.067956+00:00
bc57ec38-2e1b-5ffc-9a10-24a5164a7746,우리들의 아지트 망원역점,https://ojbeahxvvvacnvhviihi.supabase.co/storage/v1/object/public/images/places/bc57ec38-2e1b-5ffc-9a10-24a5164a7746.jpg,ok,2026-09-16T22:50:14.852417+00:00
8751b88e-3eca-52a4-af40-e8b07972a900,종점당구장,https://ojbeahxvvvacnvhviihi.supabase.co/storage/v1/object/public/images/places/8751b88e-3eca-52a4-af40-e8b07972a900.jpg,ok,2026-09-16T22:50:34.832995+00:00
db174de1-26f0-507b-9bff-64be5e52f40f,영당구클럽,https://ojbeahxvvvacnvhviihi.supabase.co/storage/v1/object/public/images/places/db174de1-26f0-507b-9bff-64be5e52f40f.jpg,ok,2026-09-16T22:50:50.716528+00:00
ba8668df-f22c-5a69-9336-7ea86e25359b,코끼리당구장,,no_image,2026-09-16T22:51:14.042608+00:00
18faceed-6d5d-5e83-a445-4e60fcccfeaf,하이 빌리어즈,https://ojbeahxvvvacnvhviihi.supabase.co/storage/v1/object/public/images/places/18faceed-6d5d-5e83-a445-4e60fcccfeaf.jpg,ok,2026-09-16T22:51:34.295279+00:00
0b02bbe8-1c93-5d72-a1ea-5a6409179ce2,에이스 당구장,https://ojbeahxvvvacnvhviihi.supabase.co/storage/v1/object/public/images/places/0b02bbe8-1c93-5d72-a1ea-5a6409179ce2.jpg,ok,2026-09-16T22:51:52.569933+00:00
00f89a62-9859-5fb2-ac8b-91a361806a70,까페 빈틈 M,https://ojbeahxvvvacnvhviihi.supabase.co/storage/v1/object/public/images/places/00f89a62-9859-5fb2-ac8b-91a361806a70.jpg,ok,2026-09-16T22:52:24.192755+00:00
13fd9d8e-1de7-5346-96cf-7d4fd88daa9b,연인노래방파티룸 망원동,https://ojbeahxvvvacnvhviihi.supabase.co/storage/v1/object/public/images/places/13fd9d8e-1de7-5346-96cf-7d4fd88daa9b.jpg,ok,2026-09-16T22:52:46.434354+00:00
c57f751b-da96-5125-a8dd-e9e826b44756,고고노래연습장,https://ojbeahxvvvacnvhviihi.supabase.co/storage/v1/object/public/images/places/c57f751b-da96-5125-a8dd-e9e826b44756.jpg,ok,2026-09-16T22:53:06.336525+00:00
42b64e61-f1a2-5343-a74e-71406f36f0dd,엔돌핀노래방,,no_image,2026-09-16T22:53:40.112861+00:00
b551a5b0-41d6-5430-9567-2b365c71919a,토마토노래방,https://ojbeahxvvvacnvhviihi.supabase.co/storage/v1/object/public/images/places/b551a5b0-41d6-5430-9567-2b365c71919a.jpg,ok,2026-09-16T22:54:04.019631+00:00
2a5fa4eb-d118-5b80-b230-ff42c9a91196,제로백 망원점,https://ojbeahxvvvacnvhviihi.supabase.co/storage/v1/object/public/images/places/2a5fa4eb-d118-5b80-b230-ff42c9a91196.jpg,ok,2026-09-16T22:54:19.761258+00:00
398bdd8b-7554-5b0b-b2f1-e97b9732f885,큐스테이지 피씨카페,,error,2026-09-16T23:58:46.185864+00:00
3f8f18bd-3cd0-5128-9d20-577ba02e1949,쓰리팝코어피씨방,https://ojbeahxvvvacnvhviihi.supabase.co/storage/v1/object/public/images/places/3f8f18bd-3cd0-5128-9d20-577ba02e1949.jpg,ok,2026-09-16T23:58:59.764869+00:00
5500fee1-ad77-5d7c-86f8-d09c3d68dc8f,제우스PC방 망원우체국사거리점,https://ojbeahxvvvacnvhviihi.supabase.co/storage/v1/object/public/images/places/5500fee1-ad77-5d7c-86f8-d09c3d68dc8f.jpg,ok,2026-09-16T23:59:41.720329+00:00
91b1329d-13f7-58d4-b7af-deeea05e3021,제우스PC 마포구청역점,https://ojbeahxvvvacnvhviihi.supabase.co/storage/v1/object/public/images/places/91b1329d-13f7-58d4-b7af-deeea05e3021.jpg,ok,2026-09-17T00:00:00.760012+00:00
fa62a2b3-721f-55f4-8d2a-d8b7ba2564b0,서울특별시산악문화체험센터,https://ojbeahxvvvacnvhviihi.supabase.co/storage/v1/object/public/images/places/fa62a2b3-721f-55f4-8d2a-d8b7ba2564b0.jpg,ok,2026-09-17T00:00:21.153477+00:00
b6756f3d-90ae-50fd-834a-eb0ccdfc0189,어글리베이커리,https://ojbeahxvvvacnvhviihi.supabase.co/storage/v1/object/public/images/places/b6756f3d-90ae-50fd-834a-eb0ccdfc0189.jpg,ok,2026-09-17T00:00:34.879297+00:00
59ba3fc5-9628-510a-be53-48fd326a7cfa,카페나하 본점,https://ojbeahxvvvacnvhviihi.supabase.co/storage/v1/object/public/images/places/59ba3fc5-9628-510a-be53-48fd326a7cfa.jpg,ok,2026-09-17T00:00:53.903619+00:00
42949cb5-be91-555d-a0c9-3e2837a24344,티노마드,https://ojbeahxvvvacnvhviihi.supabase.co/storage/v1/object/public/images/places/42949cb5-be91-555d-a0c9-3e2837a24344.jpg,ok,2026-09-17T00:01:15.358645+00:00
f0420eee-2bfc-5130-8b03-f461d0e004b9,망원수제고로케,https://ojbeahxvvvacnvhviihi.supabase.co/storage/v1/object/public/images/places/f0420eee-2bfc-5130-8b03-f461d0e004b9.jpg,ok,2026-09-17T00:01:41.003185+00:00
8766c251-2101-573a-a6bf-a9e8e0c3c765,스타벅스 망원한강공원점,https://ojbeahxvvvacnvhviihi.supabase.co/storage/v1/object/public/images/places/8766c251-2101-573a-a6bf-a9e8e0c3c765.jpg,ok,2026-09-17T00:01:56.152915+00:00
227132ff-e07a-5b10-a2d4-be921de5e674,우이락 망원본점,https://ojbeahxvvvacnvhviihi.supabase.co/storage/v1/object/public/images/places/227132ff-e07a-5b10-a2d4-be921de5e674.jpg,ok,2026-09-17T00:02:15.837290+00:00
11413571-3470-59bd-b260-e15073ffde6f,오시 망원본점,https://ojbeahxvvvacnvhviihi.supabase.co/storage/v1/object/public/images/places/11413571-3470-59bd-b260-e15073ffde6f.jpg,ok,2026-09-17T00:02:33.024611+00:00
77adacf1-0141-558c-936b-404a365abe0a,맥도날드 망원점,https://ojbeahxvvvacnvhviihi.supabase.co/storage/v1/object/public/images/places/77adacf1-0141-558c-936b-404a365abe0a.jpg,ok,2026-09-17T00:02:51.380519+00:00
3d9e08f7-1b4c-5713-8ba5-36f05d3e2364,스키야 망원,https://ojbeahxvvvacnvhviihi.supabase.co/storage/v1/object/public/images/places/3d9e08f7-1b4c-5713-8ba5-36f05d3e2364.jpg,ok,2026-09-17T00:03:10.346805+00:00
1faa0faf-4c46-5d08-9552-9b3efcedc108,로바타 우직,https://ojbeahxvvvacnvhviihi.supabase.co/storage/v1/object/public/images/places/1faa0faf-4c46-5d08-9552-9b3efcedc108.jpg,ok,2026-09-17T00:03:24.574104+00:00
7b9d91b6-dc54-5e03-9024-82507c449322,옌징바 망원,https://ojbeahxvvvacnvhviihi.supabase.co/storage/v1/object/public/images/places/7b9d91b6-dc54-5e03-9024-82507c449322.jpg,ok,2026-09-17T00:03:44.852788+00:00
5439e2a0-62af-5eca-b1e4-ae4ef1c30083,골든싱어코인노래연습장 연남점,https://ojbeahxvvvacnvhviihi.supabase.co/storage/v1/object/public/images/places/5439e2a0-62af-5eca-b1e4-ae4ef1c30083.jpg,ok,2026-09-17T00:04:04.544900+00:00
9598c554-e61a-520b-ab4b-3a0b86ef140a,렉스코인노래연습장 연남점,https://ojbeahxvvvacnvhviihi.supabase.co/storage/v1/object/public/images/places/9598c554-e61a-520b-ab4b-3a0b86ef140a.jpg,ok,2026-09-17T00:04:24.837752+00:00
8594e0de-be18-52b1-be0e-ff614acc79b1,대빵인형뽑기 연남점,,no_image,2026-09-17T00:04:38.553770+00:00
0e26e911-8bd6-5ec6-8fc6-2311a7c55398,찌꼬뽀꼬 연남2호점,https://ojbeahxvvvacnvhviihi.supabase.co/storage/v1/object/public/images/places/0e26e911-8bd6-5ec6-8fc6-2311a7c55398.jpg,ok,2026-09-17T00:04:58.164488+00:00
63ebc54f-41e5-59de-911e-2528d0afacae,코인홀릭 홍대연남점,https://ojbeahxvvvacnvhviihi.supabase.co/storage/v1/object/public/images/places/63ebc54f-41e5-59de-911e-2528d0afacae.jpg,ok,2026-09-17T00:05:17.008090+00:00
c3203333-60d3-5168-93c6-87ee8b22314b,뉴원일볼링센터,https://ojbeahxvvvacnvhviihi.supabase.co/storage/v1/object/public/images/places/c3203333-60d3-5168-93c6-87ee8b22314b.jpg,ok,2026-09-17T00:05:32.200853+00:00
ec331204-9d75-515f-88a7-dafb8065d028,플레이아레나,https://ojbeahxvvvacnvhviihi.supabase.co/storage/v1/object/public/images/places/ec331204-9d75-515f-88a7-dafb8065d028.jpg,ok,2026-09-17T00:05:53.608903+00:00
6de69e9e-4b4f-5b65-81ee-18e2ec4441cb,미스터리게임즈,https://ojbeahxvvvacnvhviihi.supabase.co/storage/v1/object/public/images/places/6de69e9e-4b4f-5b65-81ee-18e2ec4441cb.jpg,ok,2026-09-17T00:06:08.485752+00:00
fbfa8a73-10a7-5758-a60d-28e337c8d4ed,옐로우미플,https://ojbeahxvvvacnvhviihi.supabase.co/storage/v1/object/public/images/places/fbfa8a73-10a7-5758-a60d-28e337c8d4ed.jpg,ok,2026-09-17T00:06:31.320947+00:00
26583c6d-dd58-5ded-9b02-40397e73d9cc,홈즈앤루팡24 오티티 보드게임 플러스 연남점,https://ojbeahxvvvacnvhviihi.supabase.co/storage/v1/object/public/images/places/26583c6d-dd58-5ded-9b02-40397e73d9cc.jpg,ok,2026-09-17T00:06:49.716483+00:00
4bb62388-5403-526d-bd22-b861afbbf6f8,수영당구클럽,https://ojbeahxvvvacnvhviihi.supabase.co/storage/v1/object/public/images/places/4bb62388-5403-526d-bd22-b861afbbf6f8.jpg,ok,2026-09-17T00:07:05.872551+00:00
8a34fa02-8778-57f0-8d7d-6f3f2b226788,연남노래연습장,https://ojbeahxvvvacnvhviihi.supabase.co/storage/v1/object/public/images/places/8a34fa02-8778-57f0-8d7d-6f3f2b226788.jpg,ok,2026-09-17T00:07:21.543353+00:00
3869dac4-67f3-5456-ade8-3139492b5c5d,M노래연습장,https://ojbeahxvvvacnvhviihi.supabase.co/storage/v1/object/public/images/places/3869dac4-67f3-5456-ade8-3139492b5c5d.jpg,ok,2026-09-17T00:07:44.204088+00:00
84c79ce3-fe95-5de5-aadf-f071688ee518,샘피시방,https://ojbeahxvvvacnvhviihi.supabase.co/storage/v1/object/public/images/places/84c79ce3-fe95-5de5-aadf-f071688ee518.jpg,ok,2026-09-17T00:08:10.313386+00:00
01be56b9-7ceb-5fa3-b163-89b64fd82d7a,오성건강랜드,https://ojbeahxvvvacnvhviihi.supabase.co/storage/v1/object/public/images/places/01be56b9-7ceb-5fa3-b163-89b64fd82d7a.jpg,ok,2026-09-17T00:08:24.351804+00:00
abd4572f-0ea0-55a8-a868-c48994d70afc,랜디스도넛 연남점,https://ojbeahxvvvacnvhviihi.supabase.co/storage/v1/object/public/images/places/abd4572f-0ea0-55a8-a868-c48994d70afc.jpg,ok,2026-09-17T00:08:41.422261+00:00
4aad784d-10ee-5883-b8f1-6c484e8253f7,우마이당고 연남 이치,https://ojbeahxvvvacnvhviihi.supabase.co/storage/v1/object/public/images/places/4aad784d-10ee-5883-b8f1-6c484e8253f7.jpg,ok,2026-09-17T00:09:04.108117+00:00
3a429d29-457a-55f6-800a-1a778fe7be7a,코리코카페 연남점,https://ojbeahxvvvacnvhviihi.supabase.co/storage/v1/object/public/images/places/3a429d29-457a-55f6-800a-1a778fe7be7a.jpg,ok,2026-09-17T00:09:27.078497+00:00
ee8b3ed2-6f0e-5150-87ff-50727bcd11ed,버터앤쉘터 연남점,https://ojbeahxvvvacnvhviihi.supabase.co/storage/v1/object/public/images/places/ee8b3ed2-6f0e-5150-87ff-50727bcd11ed.jpg,ok,2026-09-17T00:09:44.299006+00:00
c80529f8-d49e-5112-8454-da85ec876236,코코로카라,https://ojbeahxvvvacnvhviihi.supabase.co/storage/v1/object/public/images/places/c80529f8-d49e-5112-8454-da85ec876236.jpg,ok,2026-09-17T00:10:02.016648+00:00
2ede6509-97b3-5bea-b0b5-9d5cb1be4159,미쁘동 연남본점,https://ojbeahxvvvacnvhviihi.supabase.co/storage/v1/object/public/images/places/2ede6509-97b3-5bea-b0b5-9d5cb1be4159.jpg,ok,2026-09-17T00:10:16.700357+00:00
1c682a20-b125-508a-af13-b48c10f0768c,연남동 베르데,https://ojbeahxvvvacnvhviihi.supabase.co/storage/v1/object/public/images/places/1c682a20-b125-508a-af13-b48c10f0768c.jpg,ok,2026-09-17T00:10:37.833626+00:00
37851c6b-ea94-59b2-b162-01a9e14a3e5c,연하동 연남본점,https://ojbeahxvvvacnvhviihi.supabase.co/storage/v1/object/public/images/places/37851c6b-ea94-59b2-b162-01a9e14a3e5c.jpg,ok,2026-09-17T00:11:00.385743+00:00
e431ecb3-f2a4-5e10-8378-b5b6a6b0fa49,카쿠시타,https://ojbeahxvvvacnvhviihi.supabase.co/storage/v1/object/public/images/places/e431ecb3-f2a4-5e10-8378-b5b6a6b0fa49.jpg,ok,2026-09-17T00:11:17.637656+00:00
95751228-cf4b-5ca1-993c-7c81e901cacc,미쁘동 연남2호점,https://ojbeahxvvvacnvhviihi.supabase.co/storage/v1/object/public/images/places/95751228-cf4b-5ca1-993c-7c81e901cacc.jpg,ok,2026-09-17T00:11:34.078187+00:00
43323b27-c9bc-53fb-aa74-c1cc984bdf03,평화연남,https://ojbeahxvvvacnvhviihi.supabase.co/storage/v1/object/public/images/places/43323b27-c9bc-53fb-aa74-c1cc984bdf03.jpg,ok,2026-09-17T00:11:57.077047+00:00
5440c4e0-8ed3-59f4-9340-2f6124049fa4,야키토리 고꼬연남,https://ojbeahxvvvacnvhviihi.supabase.co/storage/v1/object/public/images/places/5440c4e0-8ed3-59f4-9340-2f6124049fa4.jpg,ok,2026-09-17T00:12:24.658486+00:00
95b7729e-d461-5d0a-9537-d0685b7d80ef,삐딱 연남점,https://ojbeahxvvvacnvhviihi.supabase.co/storage/v1/object/public/images/places/95b7729e-d461-5d0a-9537-d0685b7d80ef.jpg,ok,2026-09-17T00:12:40.405656+00:00
19655457-4c68-5ca7-8e51-3bacd4b133d4,짱오락실 상암동 메가박스점,https://ojbeahxvvvacnvhviihi.supabase.co/storage/v1/object/public/images/places/19655457-4c68-5ca7-8e51-3bacd4b133d4.jpg,ok,2026-09-17T00:13:00.413078+00:00
f1885a19-dcef-5000-b0ed-54ea060fa9c4,OX코인노래연습장 마포구청점,https://ojbeahxvvvacnvhviihi.supabase.co/storage/v1/object/public/images/places/f1885a19-dcef-5000-b0ed-54ea060fa9c4.jpg,ok,2026-09-17T00:13:23.293605+00:00
d3a0bdb9-96df-5178-9fcc-d418ed294922,충암볼링장,https://ojbeahxvvvacnvhviihi.supabase.co/storage/v1/object/public/images/places/d3a0bdb9-96df-5178-9fcc-d418ed294922.jpg,ok,2026-09-17T00:13:37.574522+00:00
72263763-0a3b-5cb6-960b-ad40daf63153,한큐당구장,https://ojbeahxvvvacnvhviihi.supabase.co/storage/v1/object/public/images/places/72263763-0a3b-5cb6-960b-ad40daf63153.jpg,ok,2026-09-17T00:13:51.693603+00:00
8307b123-42f1-5de6-afb2-ca315259a539,근영당구장,,no_image,2026-09-17T00:14:11.348724+00:00
122fda8a-b8f9-5fe6-ba3c-8be58f96ae59,스킬당구장,https://ojbeahxvvvacnvhviihi.supabase.co/storage/v1/object/public/images/places/122fda8a-b8f9-5fe6-ba3c-8be58f96ae59.jpg,ok,2026-09-17T00:14:29.016971+00:00
e3c647fb-87f6-53d3-bf4a-650b41ce11aa,마포구성산당구장아카데미,https://ojbeahxvvvacnvhviihi.supabase.co/storage/v1/object/public/images/places/e3c647fb-87f6-53d3-bf4a-650b41ce11aa.jpg,ok,2026-09-17T00:14:49.625393+00:00
e1007057-e417-57bb-ab33-25c14a672e46,퀸당구장,https://ojbeahxvvvacnvhviihi.supabase.co/storage/v1/object/public/images/places/e1007057-e417-57bb-ab33-25c14a672e46.jpg,ok,2026-09-17T00:15:05.563317+00:00
42312889-d0f6-57f3-9bee-1b9e58d90fe1,세븐스타 코인노래연습장 마포구청역점,https://ojbeahxvvvacnvhviihi.supabase.co/storage/v1/object/public/images/places/42312889-d0f6-57f3-9bee-1b9e58d90fe1.jpg,ok,2026-09-17T00:15:26.006077+00:00
651116f3-1819-5c9b-9a9d-4d3e2fadb0e1,탑노래방,https://ojbeahxvvvacnvhviihi.supabase.co/storage/v1/object/public/images/places/651116f3-1819-5c9b-9a9d-4d3e2fadb0e1.jpg,ok,2026-09-17T00:15:44.106376+00:00
a854ccc5-f70e-5422-aafd-3bc46d2256c6,2차는노래연습장,https://ojbeahxvvvacnvhviihi.supabase.co/storage/v1/object/public/images/places/a854ccc5-f70e-5422-aafd-3bc46d2256c6.jpg,ok,2026-09-17T00:16:09.318765+00:00
42dd7f96-c982-5135-aef8-4bfb8931ae98,하모니노래방,https://ojbeahxvvvacnvhviihi.supabase.co/storage/v1/object/public/images/places/42dd7f96-c982-5135-aef8-4bfb8931ae98.jpg,ok,2026-09-17T00:16:33.841098+00:00
7533a686-ec78-507b-8639-92c852611f16,라이또PC방 마포성산점,https://ojbeahxvvvacnvhviihi.supabase.co/storage/v1/object/public/images/places/7533a686-ec78-507b-8639-92c852611f16.jpg,ok,2026-09-17T00:16:52.501893+00:00
c2d96177-2d29-58ee-a0c1-a486ef2c2bd0,탑플레이스 PC방,https://ojbeahxvvvacnvhviihi.supabase.co/storage/v1/object/public/images/places/c2d96177-2d29-58ee-a0c1-a486ef2c2bd0.jpg,ok,2026-09-17T00:17:08.546832+00:00
efdb8bf8-b0e9-5ef4-879d-bb33a3c40c6a,제우스PC 성산점,https://ojbeahxvvvacnvhviihi.supabase.co/storage/v1/object/public/images/places/efdb8bf8-b0e9-5ef4-879d-bb33a3c40c6a.jpg,ok,2026-09-17T00:17:28.023458+00:00
d0c3b845-985c-5bf2-9ec1-6f792a6ee8b0,아이넷퍼펙트,,no_image,2026-09-17T00:17:46.837429+00:00
70ab1789-c966-58f3-8f39-fe2b51d4da96,마나피시존,,no_image,2026-09-17T00:17:58.924199+00:00
3613284a-f6a6-506a-a44d-6bc815baf191,월드컵스파랜드24,https://ojbeahxvvvacnvhviihi.supabase.co/storage/v1/object/public/images/places/3613284a-f6a6-506a-a44d-6bc815baf191.jpg,ok,2026-09-17T00:18:24.434358+00:00
0afc79d5-a004-5b0d-b9e2-6a62afe9c67a,리치몬드 과자점 성산본점,https://ojbeahxvvvacnvhviihi.supabase.co/storage/v1/object/public/images/places/0afc79d5-a004-5b0d-b9e2-6a62afe9c67a.jpg,ok,2026-09-17T00:18:53.614170+00:00
00bfddee-1149-50a3-a662-68394b2aae2c,배스킨라빈스 마포구청역,https://ojbeahxvvvacnvhviihi.supabase.co/storage/v1/object/public/images/places/00bfddee-1149-50a3-a662-68394b2aae2c.jpg,ok,2026-09-17T00:19:06.776061+00:00
4a7c2f81-33b2-55ed-a96b-97c2742e80c5,캘리포니아도넛클럽 성산 직영점,https://ojbeahxvvvacnvhviihi.supabase.co/storage/v1/object/public/images/places/4a7c2f81-33b2-55ed-a96b-97c2742e80c5.jpg,ok,2026-09-17T00:19:32.415015+00:00
b6c2c39a-64b1-5189-b9e3-415d9e881636,투썸플레이스 마포구청점,https://ojbeahxvvvacnvhviihi.supabase.co/storage/v1/object/public/images/places/b6c2c39a-64b1-5189-b9e3-415d9e881636.jpg,ok,2026-09-17T00:19:45.595365+00:00
c0f862af-18c0-5230-b965-33e120eb2f64,이디야커피 상암홈플러스점,https://ojbeahxvvvacnvhviihi.supabase.co/storage/v1/object/public/images/places/c0f862af-18c0-5230-b965-33e120eb2f64.jpg,ok,2026-09-17T00:20:08.229362+00:00
2210d06a-9d41-5dd6-a1b3-e17c76b13758,찌개의정석 마포성산동점,https://ojbeahxvvvacnvhviihi.supabase.co/storage/v1/object/public/images/places/2210d06a-9d41-5dd6-a1b3-e17c76b13758.jpg,ok,2026-09-17T00:20:33.194139+00:00
48327162-6b72-5e45-8ee2-d8967c6527cf,피자 스피릿,https://ojbeahxvvvacnvhviihi.supabase.co/storage/v1/object/public/images/places/48327162-6b72-5e45-8ee2-d8967c6527cf.jpg,ok,2026-09-17T00:20:49.071776+00:00
1fc0a222-94fc-5658-af21-9602c7745672,우리바다수산,https://ojbeahxvvvacnvhviihi.supabase.co/storage/v1/object/public/images/places/1fc0a222-94fc-5658-af21-9602c7745672.jpg,ok,2026-09-17T00:21:09.698861+00:00
c30397df-661d-5233-8202-d5e56a95ecd5,노브랜드버거 메가박스상암점,https://ojbeahxvvvacnvhviihi.supabase.co/storage/v1/object/public/images/places/c30397df-661d-5233-8202-d5e56a95ecd5.jpg,ok,2026-09-17T00:21:29.423680+00:00
c02e8e9e-782e-5973-8187-275c86bc7adb,베이직프라이드치킨,https://ojbeahxvvvacnvhviihi.supabase.co/storage/v1/object/public/images/places/c02e8e9e-782e-5973-8187-275c86bc7adb.jpg,ok,2026-09-17T00:21:56.304436+00:00
4815083d-9efb-5170-95a6-0f99571c893c,춘향골남원추어탕 마포구청점,https://ojbeahxvvvacnvhviihi.supabase.co/storage/v1/object/public/images/places/4815083d-9efb-5170-95a6-0f99571c893c.jpg,ok,2026-09-17T00:22:14.130704+00:00
3cd48357-19f1-534f-9732-67e42f2db5af,살롱 드 상상,https://ojbeahxvvvacnvhviihi.supabase.co/storage/v1/object/public/images/places/3cd48357-19f1-534f-9732-67e42f2db5af.jpg,ok,2026-09-17T00:22:29.269934+00:00
3b7766db-3164-5a47-9f49-e0cf86d7d5cb,섭스,https://ojbeahxvvvacnvhviihi.supabase.co/storage/v1/object/public/images/places/3b7766db-3164-5a47-9f49-e0cf86d7d5cb.jpg,ok,2026-09-17T00:22:45.247574+00:00
56e1c706-acbb-51c8-b0d2-8ae335abd457,금별맥주 마포구청점,https://ojbeahxvvvacnvhviihi.supabase.co/storage/v1/object/public/images/places/56e1c706-acbb-51c8-b0d2-8ae335abd457.jpg,ok,2026-09-17T00:22:57.052053+00:00
cd24605a-05b1-5b5d-aefa-161095afaf58,럭키코인동전노래연습장,https://ojbeahxvvvacnvhviihi.supabase.co/storage/v1/object/public/images/places/cd24605a-05b1-5b5d-aefa-161095afaf58.jpg,ok,2026-09-17T00:23:21.087084+00:00
f723be60-4493-58e8-9c5d-5366f8696a93,뽀뽑기,https://ojbeahxvvvacnvhviihi.supabase.co/storage/v1/object/public/images/places/f723be60-4493-58e8-9c5d-5366f8696a93.jpg,ok,2026-09-17T00:23:42.705595+00:00
0a913827-c853-5cff-ac73-3c37c74fa513,쿠보 DMC점,https://ojbeahxvvvacnvhviihi.supabase.co/storage/v1/object/public/images/places/0a913827-c853-5cff-ac73-3c37c74fa513.jpg,ok,2026-09-17T00:23:54.984382+00:00
edb8d3fd-f2fb-593f-a916-c12319937649,도전볼링장,https://ojbeahxvvvacnvhviihi.supabase.co/storage/v1/object/public/images/places/edb8d3fd-f2fb-593f-a916-c12319937649.jpg,ok,2026-09-17T00:24:11.932267+00:00
5de0eda8-91f0-538f-9765-373d7f836e28,몬스터볼,https://ojbeahxvvvacnvhviihi.supabase.co/storage/v1/object/public/images/places/5de0eda8-91f0-538f-9765-373d7f836e28.jpg,ok,2026-09-17T00:24:32.442633+00:00
4239c3bd-001f-5bbd-a92e-b5315bbc901f,주영볼링센터,https://ojbeahxvvvacnvhviihi.supabase.co/storage/v1/object/public/images/places/4239c3bd-001f-5bbd-a92e-b5315bbc901f.jpg,ok,2026-09-17T00:24:55.019897+00:00
37f97de0-f8ff-5821-bc49-f6cce1cf83a0,포커스볼링센터,https://ojbeahxvvvacnvhviihi.supabase.co/storage/v1/object/public/images/places/37f97de0-f8ff-5821-bc49-f6cce1cf83a0.jpg,ok,2026-09-17T00:25:11.693555+00:00
ff2a580f-7e5e-5532-a762-c7dafdeec5ea,보드게임카페 레드버튼 망원역점,https://ojbeahxvvvacnvhviihi.supabase.co/storage/v1/object/public/images/places/ff2a580f-7e5e-5532-a762-c7dafdeec5ea.jpg,ok,2026-09-17T00:25:32.172783+00:00
71359421-08df-555d-913a-8a34bf2f5247,포퀸스보드게임카페 등촌점,https://ojbeahxvvvacnvhviihi.supabase.co/storage/v1/object/public/images/places/71359421-08df-555d-913a-8a34bf2f5247.jpg,ok,2026-09-17T00:25:46.057471+00:00
b64867d5-0423-5f75-88e1-a2f99a92f673,나우보드게임카페,https://ojbeahxvvvacnvhviihi.supabase.co/storage/v1/object/public/images/places/b64867d5-0423-5f75-88e1-a2f99a92f673.jpg,ok,2026-09-17T00:25:57.804295+00:00
4438eb9b-168f-53e3-82c8-eb9631f73c14,레인보우 당구장,,no_image,2026-09-17T00:26:13.696197+00:00
ff7ac575-e627-5d2d-baa1-698a4b6ecc3c,토토당구장,,no_image,2026-09-17T00:26:31.617899+00:00
fe1f6dd6-68ca-5f48-a311-d0c596212cd7,369당구클럽,https://ojbeahxvvvacnvhviihi.supabase.co/storage/v1/object/public/images/places/fe1f6dd6-68ca-5f48-a311-d0c596212cd7.jpg,ok,2026-09-17T00:26:49.576827+00:00
ba095d00-2d24-5350-b615-2deaaec2f336,밀당 당구클럽,https://ojbeahxvvvacnvhviihi.supabase.co/storage/v1/object/public/images/places/ba095d00-2d24-5350-b615-2deaaec2f336.jpg,ok,2026-09-17T00:27:10.835669+00:00
741db458-9f4f-5023-9d0e-15176f1b665f,만화속세상,https://ojbeahxvvvacnvhviihi.supabase.co/storage/v1/object/public/images/places/741db458-9f4f-5023-9d0e-15176f1b665f.jpg,ok,2026-09-17T00:27:27.967739+00:00
848b65df-add9-5447-bbe1-e25f4bda5356,어깨동무스토리움,https://ojbeahxvvvacnvhviihi.supabase.co/storage/v1/object/public/images/places/848b65df-add9-5447-bbe1-e25f4bda5356.jpg,ok,2026-09-17T00:27:43.855843+00:00
78b0e1da-b8b2-5734-9d79-9fd848b4a816,고양풀스윙배팅센터,https://ojbeahxvvvacnvhviihi.supabase.co/storage/v1/object/public/images/places/78b0e1da-b8b2-5734-9d79-9fd848b4a816.jpg,ok,2026-09-17T00:28:07.194574+00:00
c82d895c-8697-57e3-8f48-cd072b56fa94,리얼야구존 강서구청점,https://ojbeahxvvvacnvhviihi.supabase.co/storage/v1/object/public/images/places/c82d895c-8697-57e3-8f48-cd072b56fa94.jpg,ok,2026-09-17T00:28:29.272125+00:00
67a22c6d-caeb-5d38-a898-05620b5e37d4,레전드야구존 강서화곡점,https://ojbeahxvvvacnvhviihi.supabase.co/storage/v1/object/public/images/places/67a22c6d-caeb-5d38-a898-05620b5e37d4.jpg,ok,2026-09-17T00:28:47.791530+00:00
b720e9ca-ce5c-51b9-8fb0-c8aa1b3cd298,야구스타 가양스타디움,,no_image,2026-09-17T00:29:01.625592+00:00
7c3aa292-d9ed-55f9-b7b3-432b74727688,K POP STAR 노래연습장,https://ojbeahxvvvacnvhviihi.supabase.co/storage/v1/object/public/images/places/7c3aa292-d9ed-55f9-b7b3-432b74727688.jpg,ok,2026-09-17T00:29:19.185673+00:00
51b53a79-db28-526f-ac12-69b6f0c5ee47,슈퍼스타노래방,https://ojbeahxvvvacnvhviihi.supabase.co/storage/v1/object/public/images/places/51b53a79-db28-526f-ac12-69b6f0c5ee47.jpg,ok,2026-09-17T00:29:44.333792+00:00
87ef2b88-6b52-54d8-9e34-f005863051df,스페셜노래연습장,,no_image,2026-09-17T00:30:11.319604+00:00
9bfce4ce-e9c0-5e86-8878-dc824e095873,레벨업PC방 상암점,https://ojbeahxvvvacnvhviihi.supabase.co/storage/v1/object/public/images/places/9bfce4ce-e9c0-5e86-8878-dc824e095873.jpg,ok,2026-09-17T00:30:25.761512+00:00
463033b0-98c6-5ba0-8780-6cc3d879f3c7,긱스타 PC방 상암점,https://ojbeahxvvvacnvhviihi.supabase.co/storage/v1/object/public/images/places/463033b0-98c6-5ba0-8780-6cc3d879f3c7.jpg,ok,2026-09-17T00:30:41.608936+00:00
ad44614a-c6f3-59a5-9c2c-da4f01f13a4e,베뉴지아쿠아24,https://ojbeahxvvvacnvhviihi.supabase.co/storage/v1/object/public/images/places/ad44614a-c6f3-59a5-9c2c-da4f01f13a4e.jpg,ok,2026-09-17T00:30:55.442520+00:00
7e053586-3b88-5915-a273-56a05229ea3a,1인 세신샵 결 화곡점,https://ojbeahxvvvacnvhviihi.supabase.co/storage/v1/object/public/images/places/7e053586-3b88-5915-a273-56a05229ea3a.jpg,ok,2026-09-17T00:31:10.313261+00:00
00e0613b-15b7-5332-b181-40506fda90c1,1인 세신샵 스파 비단,https://ojbeahxvvvacnvhviihi.supabase.co/storage/v1/object/public/images/places/00e0613b-15b7-5332-b181-40506fda90c1.jpg,ok,2026-09-17T00:31:28.621628+00:00
45e69eed-ee63-5806-9364-59840cd15de6,무한사우나,https://ojbeahxvvvacnvhviihi.supabase.co/storage/v1/object/public/images/places/45e69eed-ee63-5806-9364-59840cd15de6.jpg,ok,2026-09-17T00:31:47.541294+00:00
06b7f211-3e9b-53bb-889d-0bdda463ed26,코알라클라이밍 상암,https://ojbeahxvvvacnvhviihi.supabase.co/storage/v1/object/public/images/places/06b7f211-3e9b-53bb-889d-0bdda463ed26.jpg,ok,2026-09-17T00:32:01.876114+00:00
9d63de4a-6513-5117-ab69-e90a33b79ae0,스타벅스 상암디지털큐브점,https://ojbeahxvvvacnvhviihi.supabase.co/storage/v1/object/public/images/places/9d63de4a-6513-5117-ab69-e90a33b79ae0.jpg,ok,2026-09-17T00:32:18.639761+00:00
e38ed014-92e9-5646-9c8a-f22da8ee357a,스타벅스 상암YTN점,https://ojbeahxvvvacnvhviihi.supabase.co/storage/v1/object/public/images/places/e38ed014-92e9-5646-9c8a-f22da8ee357a.jpg,ok,2026-09-17T00:32:38.786436+00:00
d188add6-f455-547e-9831-400bbc105fb6,스타벅스 상암사보이시티점,https://ojbeahxvvvacnvhviihi.supabase.co/storage/v1/object/public/images/places/d188add6-f455-547e-9831-400bbc105fb6.jpg,ok,2026-09-17T00:33:03.940937+00:00
d551f5a4-4fcf-5a30-af89-f894b4acef7f,스타벅스 상암DMC점,https://ojbeahxvvvacnvhviihi.supabase.co/storage/v1/object/public/images/places/d551f5a4-4fcf-5a30-af89-f894b4acef7f.jpg,ok,2026-09-17T00:33:23.235114+00:00
ff85fc73-a89a-5416-9070-79e2ef066ce7,폴 바셋 MBC몰 파크점,https://ojbeahxvvvacnvhviihi.supabase.co/storage/v1/object/public/images/places/ff85fc73-a89a-5416-9070-79e2ef066ce7.jpg,ok,2026-09-17T00:33:47.426394+00:00
5753ee90-87d2-5ff2-b54b-3f1f3c18be8b,맥도날드 상암DMC점,https://ojbeahxvvvacnvhviihi.supabase.co/storage/v1/object/public/images/places/5753ee90-87d2-5ff2-b54b-3f1f3c18be8b.jpg,ok,2026-09-17T00:34:11.351757+00:00
08cdefa5-4446-5b29-b10a-8394d6221c50,상암일미락,https://ojbeahxvvvacnvhviihi.supabase.co/storage/v1/object/public/images/places/08cdefa5-4446-5b29-b10a-8394d6221c50.jpg,ok,2026-09-17T00:34:35.807141+00:00
396f79b6-be36-558e-9be6-ee16676cd1a5,냅다청양집 상암직영점,https://ojbeahxvvvacnvhviihi.supabase.co/storage/v1/object/public/images/places/396f79b6-be36-558e-9be6-ee16676cd1a5.jpg,ok,2026-09-17T00:34:56.013736+00:00
4bfb22d7-1efa-55a9-9fc7-5adddeae0670,전설의우대갈비 서울상암직영점,https://ojbeahxvvvacnvhviihi.supabase.co/storage/v1/object/public/images/places/4bfb22d7-1efa-55a9-9fc7-5adddeae0670.jpg,ok,2026-09-17T00:35:16.275046+00:00
368368fb-668c-594a-b37c-530b0551ac5a,츄라우미 상암점,https://ojbeahxvvvacnvhviihi.supabase.co/storage/v1/object/public/images/places/368368fb-668c-594a-b37c-530b0551ac5a.jpg,ok,2026-09-17T00:35:33.159186+00:00
757f32fa-e34b-5db0-bef6-031e997b57f2,용용선생 상암점,https://ojbeahxvvvacnvhviihi.supabase.co/storage/v1/object/public/images/places/757f32fa-e34b-5db0-bef6-031e997b57f2.jpg,ok,2026-09-17T00:35:47.324404+00:00
3c67fd94-21c2-54e4-b8a0-5f9818be5bf5,하나마토 상암DMC,https://ojbeahxvvvacnvhviihi.supabase.co/storage/v1/object/public/images/places/3c67fd94-21c2-54e4-b8a0-5f9818be5bf5.jpg,ok,2026-09-17T00:36:09.643661+00:00
e6d24d95-852f-5a78-a903-54ef646a4013,용왕님술상 상암본점,https://ojbeahxvvvacnvhviihi.supabase.co/storage/v1/object/public/images/places/e6d24d95-852f-5a78-a903-54ef646a4013.jpg,ok,2026-09-17T00:36:27.762569+00:00
449e9679-dc27-5379-80a5-d3a9271082b4,우곳간 상암점,https://ojbeahxvvvacnvhviihi.supabase.co/storage/v1/object/public/images/places/449e9679-dc27-5379-80a5-d3a9271082b4.jpg,ok,2026-09-17T00:36:44.678869+00:00
40c9c41b-ebaf-5a03-a124-4fcf261a1997,멀티플러스서강대점노래방,,no_image,2026-09-17T00:37:01.222884+00:00
c593e837-cda3-561e-9375-c4c9a7ae1f89,멜론노래연습장,https://ojbeahxvvvacnvhviihi.supabase.co/storage/v1/object/public/images/places/c593e837-cda3-561e-9375-c4c9a7ae1f89.jpg,ok,2026-09-17T00:37:20.864364+00:00
5af7fbe0-64c7-547b-8609-53d2f464d21b,뽑아가게,https://ojbeahxvvvacnvhviihi.supabase.co/storage/v1/object/public/images/places/5af7fbe0-64c7-547b-8609-53d2f464d21b.jpg,ok,2026-09-17T00:37:44.991163+00:00
32846663-82a6-5815-b326-a669ff7be1cc,럭스피시방,,no_image,2026-09-17T00:38:03.260098+00:00
e67376dc-6640-5670-8bcb-751828150eb1,양산도 공덕점,https://ojbeahxvvvacnvhviihi.supabase.co/storage/v1/object/public/images/places/e67376dc-6640-5670-8bcb-751828150eb1.jpg,ok,2026-09-17T00:38:21.525334+00:00
47f17b49-a980-59e5-9641-581049ac1aab,백킴뼈구이,https://ojbeahxvvvacnvhviihi.supabase.co/storage/v1/object/public/images/places/47f17b49-a980-59e5-9641-581049ac1aab.jpg,ok,2026-09-17T00:38:43.369519+00:00
5a88fe5d-40e7-59a0-9c8c-6accb4c03a7a,디오티티,https://ojbeahxvvvacnvhviihi.supabase.co/storage/v1/object/public/images/places/5a88fe5d-40e7-59a0-9c8c-6accb4c03a7a.jpg,ok,2026-09-17T00:39:04.508721+00:00
5469de62-f29c-5150-b69d-d172d4e0f012,공원기사식당,https://ojbeahxvvvacnvhviihi.supabase.co/storage/v1/object/public/images/places/5469de62-f29c-5150-b69d-d172d4e0f012.jpg,ok,2026-09-17T00:39:17.804569+00:00
3fbf1ebf-07a4-59d0-b42d-67d64b97d3fa,타프나드,https://ojbeahxvvvacnvhviihi.supabase.co/storage/v1/object/public/images/places/3fbf1ebf-07a4-59d0-b42d-67d64b97d3fa.jpg,ok,2026-09-17T00:39:34.821641+00:00
2b8cf83b-5eb0-5c87-91d7-de6f5ce64c17,만리배수지공원,,no_image,2026-09-17T00:39:54.777967+00:00
ebc5ef25-7c32-59b3-98f4-220b765448cc,쌍룡산근린공원,,no_image,2026-09-17T00:40:17.926253+00:00
3b345317-4277-51be-9f43-fb2e8264fd66,아현공원,,no_image,2026-09-17T00:40:43.044204+00:00
55063613-e520-5f33-ad49-52b549f4a463,쌍룡산어린이공원,,no_image,2026-09-17T00:41:06.492765+00:00
ca06d0ee-30a0-5c71-a79d-47c6826afe21,아현어울림소공원,https://ojbeahxvvvacnvhviihi.supabase.co/storage/v1/object/public/images/places/ca06d0ee-30a0-5c71-a79d-47c6826afe21.jpg,ok,2026-09-17T00:41:28.248077+00:00
60ae3a33-2ec5-5f19-9a1d-cc76bd75d918,언덕커피,https://ojbeahxvvvacnvhviihi.supabase.co/storage/v1/object/public/images/places/60ae3a33-2ec5-5f19-9a1d-cc76bd75d918.jpg,ok,2026-09-17T00:41:47.193235+00:00
1420b92e-eb79-5d5f-b181-037e21c63c0b,마포어린이공원,,no_image,2026-09-17T00:42:07.167532+00:00
65b53957-24a1-5df8-b359-c76c6ad1c65d,도화소어린이공원,,no_image,2026-09-17T00:42:32.236465+00:00
7b5236a1-8e40-5d28-a6a3-d137e80eb841,현석마을마당,,no_image,2026-09-17T00:42:50.987385+00:00
381e3ea0-44e9-5438-9afb-a66731440edf,국화정원,,no_image,2026-09-17T00:43:04.716716+00:00
f7f929c6-a99e-577e-af89-7b81a3eb1d20,신수어린이공원,,no_image,2026-09-17T00:43:19.466831+00:00
09df6c20-438f-5f18-9a19-4026dd293c54,아이오밀,https://ojbeahxvvvacnvhviihi.supabase.co/storage/v1/object/public/images/places/09df6c20-438f-5f18-9a19-4026dd293c54.jpg,ok,2026-09-17T00:43:32.989959+00:00
c1b233ec-5b8e-5aa4-8535-eee5b32fc80d,경의선공원,https://ojbeahxvvvacnvhviihi.supabase.co/storage/v1/object/public/images/places/c1b233ec-5b8e-5aa4-8535-eee5b32fc80d.jpg,ok,2026-09-17T00:43:53.581234+00:00
c3f72516-9cc3-592c-89a0-7a23fea578aa,강릉엄지네꼬막집 마포점,https://ojbeahxvvvacnvhviihi.supabase.co/storage/v1/object/public/images/places/c3f72516-9cc3-592c-89a0-7a23fea578aa.jpg,ok,2026-09-17T00:44:17.058891+00:00
715fd60f-eb2c-5b81-b5e1-3533f0c1d59e,독막소공원,https://ojbeahxvvvacnvhviihi.supabase.co/storage/v1/object/public/images/places/715fd60f-eb2c-5b81-b5e1-3533f0c1d59e.jpg,ok,2026-09-17T00:44:33.529336+00:00
1b9ca7a0-4668-50da-90c7-c230917a8f0a,카츠하나비 공덕점,https://ojbeahxvvvacnvhviihi.supabase.co/storage/v1/object/public/images/places/1b9ca7a0-4668-50da-90c7-c230917a8f0a.jpg,ok,2026-09-17T00:44:52.144522+00:00
1a5a3db0-b671-58f6-bbe4-78eaebf7d9be,메디컬필라테스 마마 마포공덕점,https://ojbeahxvvvacnvhviihi.supabase.co/storage/v1/object/public/images/places/1a5a3db0-b671-58f6-bbe4-78eaebf7d9be.jpg,ok,2026-09-17T00:45:13.334469+00:00
cbca2388-9610-5dbc-baef-612190116875,마포새빛문화숲,https://ojbeahxvvvacnvhviihi.supabase.co/storage/v1/object/public/images/places/cbca2388-9610-5dbc-baef-612190116875.jpg,ok,2026-09-17T00:45:29.590190+00:00
bde9874c-e32a-5ac3-a49e-f765e4cd3c0a,와우공원,,no_image,2026-09-17T00:45:54.538526+00:00
b0032e6a-2605-5cf4-9aaf-1cc709c9d9ab,서강나루공원,,no_image,2026-09-17T00:46:13.322190+00:00
9424928b-1fbe-5bff-8294-a651440ad3ca,와우어린이공원,,no_image,2026-09-17T00:46:32.585710+00:00
e404a9de-e6d2-5937-8a5a-1c751d5933e4,평화공원,https://ojbeahxvvvacnvhviihi.supabase.co/storage/v1/object/public/images/places/e404a9de-e6d2-5937-8a5a-1c751d5933e4.jpg,ok,2026-09-17T00:46:55.789784+00:00
4ea873ee-7673-5ab8-bef1-dcdcc62d4d00,홍익문화공원,,no_image,2026-09-17T00:47:20.261208+00:00
6dbc1a49-4151-5686-8245-f05b49c014c3,스머프 매직 포레스트 홍대점,https://ojbeahxvvvacnvhviihi.supabase.co/storage/v1/object/public/images/places/6dbc1a49-4151-5686-8245-f05b49c014c3.jpg,ok,2026-09-17T00:47:41.815163+00:00
0a624a8f-6a0e-5908-a01b-96faa24e35ee,형제집,https://ojbeahxvvvacnvhviihi.supabase.co/storage/v1/object/public/images/places/0a624a8f-6a0e-5908-a01b-96faa24e35ee.jpg,ok,2026-09-17T00:47:58.980334+00:00
3bb1320b-ad28-5862-bb22-908a1883d1e8,망원한강공원,https://ojbeahxvvvacnvhviihi.supabase.co/storage/v1/object/public/images/places/3bb1320b-ad28-5862-bb22-908a1883d1e8.jpg,ok,2026-09-17T00:48:21.715839+00:00
e9a8ba1c-2610-5d4f-bcaa-424bb1c03e7a,양화진역사공원,https://ojbeahxvvvacnvhviihi.supabase.co/storage/v1/object/public/images/places/e9a8ba1c-2610-5d4f-bcaa-424bb1c03e7a.jpg,ok,2026-09-17T00:48:42.387600+00:00
840fff92-589b-572e-adef-aec287f6143f,망원시장,https://ojbeahxvvvacnvhviihi.supabase.co/storage/v1/object/public/images/places/840fff92-589b-572e-adef-aec287f6143f.jpg,ok,2026-09-17T00:48:53.934291+00:00
63d7cd39-0384-5ef8-9d76-2d863c0ff569,망원 한강공원,,not_found,2026-09-17T00:49:19.613361+00:00
d4c6a235-a783-5dce-a7c7-f01d0423dd6f,메가MGC커피 마포시민공원점,https://ojbeahxvvvacnvhviihi.supabase.co/storage/v1/object/public/images/places/d4c6a235-a783-5dce-a7c7-f01d0423dd6f.jpg,ok,2026-09-17T00:49:37.400890+00:00
acc7f6dc-2286-5a31-b3ea-38ac403b8780,정각 서울망원본점,https://ojbeahxvvvacnvhviihi.supabase.co/storage/v1/object/public/images/places/acc7f6dc-2286-5a31-b3ea-38ac403b8780.jpg,ok,2026-09-17T00:49:50.771889+00:00
c5588995-d36e-585f-b83b-ce1d9451520d,경의선숲길,https://ojbeahxvvvacnvhviihi.supabase.co/storage/v1/object/public/images/places/c5588995-d36e-585f-b83b-ce1d9451520d.jpg,ok,2026-09-17T00:50:04.564392+00:00
238c64ff-2620-5b62-910b-bccc4f90c19e,경의선숲길공원,https://ojbeahxvvvacnvhviihi.supabase.co/storage/v1/object/public/images/places/238c64ff-2620-5b62-910b-bccc4f90c19e.jpg,ok,2026-09-17T00:50:22.399525+00:00
c3e2b9b6-e910-5897-b4a4-bde5a351baf6,느티어린이공원,,no_image,2026-09-17T00:50:49.475511+00:00
ea465660-905e-518b-aed9-661fc722800c,은행나무어린이공원,,no_image,2026-09-17T00:51:06.071721+00:00
d56e89e8-49ba-526b-862c-6d78c5d10379,문화비축기지,https://ojbeahxvvvacnvhviihi.supabase.co/storage/v1/object/public/images/places/d56e89e8-49ba-526b-862c-6d78c5d10379.jpg,ok,2026-09-17T00:51:28.239928+00:00
fb8b8d19-aaba-5440-ab60-1055eb3861d5,성산근린공원,,no_image,2026-09-17T00:51:51.374593+00:00
6f7e9d77-03c5-57e3-be85-6906dcfbfc52,하늘공원,https://ojbeahxvvvacnvhviihi.supabase.co/storage/v1/object/public/images/places/6f7e9d77-03c5-57e3-be85-6906dcfbfc52.jpg,ok,2026-09-17T00:52:17.427805+00:00
7dc72cd1-38eb-595c-90c0-5350bc0d7ce2,난지 한강공원,https://ojbeahxvvvacnvhviihi.supabase.co/storage/v1/object/public/images/places/7dc72cd1-38eb-595c-90c0-5350bc0d7ce2.jpg,ok,2026-09-17T00:52:44.097566+00:00
c2319268-5912-56af-8810-71bae072a18e,상암 곱,https://ojbeahxvvvacnvhviihi.supabase.co/storage/v1/object/public/images/places/c2319268-5912-56af-8810-71bae072a18e.jpg,ok,2026-09-17T00:53:05.195564+00:00
64fd5b53-5343-5866-963a-22546cfec0ef,온타이키친,https://ojbeahxvvvacnvhviihi.supabase.co/storage/v1/object/public/images/places/64fd5b53-5343-5866-963a-22546cfec0ef.jpg,ok,2026-09-17T00:53:25.948753+00:00
5417b6d7-ceb2-5abb-9f21-f8b4633fda18,어거스트21,https://ojbeahxvvvacnvhviihi.supabase.co/storage/v1/object/public/images/places/5417b6d7-ceb2-5abb-9f21-f8b4633fda18.jpg,ok,2026-09-17T00:53:46.847900+00:00
feae4f7f-e797-5389-bda6-cbf25eec4de9,서울로7017,https://ojbeahxvvvacnvhviihi.supabase.co/storage/v1/object/public/images/places/feae4f7f-e797-5389-bda6-cbf25eec4de9.jpg,ok,2026-09-17T00:54:03.910333+00:00
630b1bee-0d15-5e88-be53-df73003dab98,로그아웃,https://ojbeahxvvvacnvhviihi.supabase.co/storage/v1/object/public/images/places/630b1bee-0d15-5e88-be53-df73003dab98.jpg,ok,2026-09-17T00:54:28.221031+00:00
3f8d0c1c-65cf-53f1-bd77-6da04503f51c,바 팔렛,https://ojbeahxvvvacnvhviihi.supabase.co/storage/v1/object/public/images/places/3f8d0c1c-65cf-53f1-bd77-6da04503f51c.jpg,ok,2026-09-17T00:54:45.634758+00:00
01e5820f-3bc2-5780-92f3-610770c76b7c,구띠커피갤러리,https://ojbeahxvvvacnvhviihi.supabase.co/storage/v1/object/public/images/places/01e5820f-3bc2-5780-92f3-610770c76b7c.jpg,ok,2026-09-17T00:55:05.377070+00:00
a252c795-40f4-557e-b3db-0ba343b30f4b,굴레방커피,https://ojbeahxvvvacnvhviihi.supabase.co/storage/v1/object/public/images/places/a252c795-40f4-557e-b3db-0ba343b30f4b.jpg,ok,2026-09-17T00:55:20.364118+00:00
47e84655-81cd-5527-899c-b81d78a807b9,기고자,,no_image,2026-09-17T00:55:42.974954+00:00
b3def57b-5473-565e-aa8d-ae57167401d1,가에서울,https://ojbeahxvvvacnvhviihi.supabase.co/storage/v1/object/public/images/places/b3def57b-5473-565e-aa8d-ae57167401d1.jpg,ok,2026-09-17T00:55:56.888338+00:00
91d800a9-1bc4-5a04-b234-c6abec6ce6da,냥과자점,https://ojbeahxvvvacnvhviihi.supabase.co/storage/v1/object/public/images/places/91d800a9-1bc4-5a04-b234-c6abec6ce6da.jpg,ok,2026-09-17T00:56:19.718030+00:00
a07c6ea3-7233-5097-96fb-b7b76638863d,썸이프,https://ojbeahxvvvacnvhviihi.supabase.co/storage/v1/object/public/images/places/a07c6ea3-7233-5097-96fb-b7b76638863d.jpg,ok,2026-09-17T00:56:39.349923+00:00
88b3b18f-800c-52a9-ba7c-ac0c640eae5f,쁘띠브루통,https://ojbeahxvvvacnvhviihi.supabase.co/storage/v1/object/public/images/places/88b3b18f-800c-52a9-ba7c-ac0c640eae5f.jpg,ok,2026-09-17T00:56:58.140523+00:00
fec19c1a-ec6d-5499-96f0-2428f8d07db6,4233마음센터 연남점,https://ojbeahxvvvacnvhviihi.supabase.co/storage/v1/object/public/images/places/fec19c1a-ec6d-5499-96f0-2428f8d07db6.jpg,ok,2026-09-17T00:57:21.495808+00:00
55ddb03a-4e34-5449-96da-6d4e3902587a,띠아트뮤지엄 홍대,https://ojbeahxvvvacnvhviihi.supabase.co/storage/v1/object/public/images/places/55ddb03a-4e34-5449-96da-6d4e3902587a.jpg,ok,2026-09-17T00:57:45.204684+00:00
6f62c087-2181-552e-b332-987027647623,지엔씨미디어,https://ojbeahxvvvacnvhviihi.supabase.co/storage/v1/object/public/images/places/6f62c087-2181-552e-b332-987027647623.jpg,ok,2026-09-17T00:57:59.157927+00:00
6ec323b1-574b-54e8-9c09-4f50cf44df19,카페 공명 홍대점,https://ojbeahxvvvacnvhviihi.supabase.co/storage/v1/object/public/images/places/6ec323b1-574b-54e8-9c09-4f50cf44df19.jpg,ok,2026-09-17T00:58:17.728135+00:00
0b6b45d0-3cba-50e2-817d-c94080b70aad,배터리88 홍대,https://ojbeahxvvvacnvhviihi.supabase.co/storage/v1/object/public/images/places/0b6b45d0-3cba-50e2-817d-c94080b70aad.jpg,ok,2026-09-17T00:58:39.783493+00:00
cc4ae888-09b5-5d9c-b632-c8a56a118e5b,연남어부,https://ojbeahxvvvacnvhviihi.supabase.co/storage/v1/object/public/images/places/cc4ae888-09b5-5d9c-b632-c8a56a118e5b.jpg,ok,2026-09-17T00:58:53.950838+00:00
f3156717-e922-5174-8517-226a00222e18,센트럴사이트 연남점,https://ojbeahxvvvacnvhviihi.supabase.co/storage/v1/object/public/images/places/f3156717-e922-5174-8517-226a00222e18.jpg,ok,2026-09-17T00:59:10.907825+00:00
a8362de8-4061-5886-8603-faa3a7c0e996,발코니가든,https://ojbeahxvvvacnvhviihi.supabase.co/storage/v1/object/public/images/places/a8362de8-4061-5886-8603-faa3a7c0e996.jpg,ok,2026-09-17T00:59:34.455246+00:00
98b54fe0-fb39-5a51-8d52-931dcce480c8,카비넷,https://ojbeahxvvvacnvhviihi.supabase.co/storage/v1/object/public/images/places/98b54fe0-fb39-5a51-8d52-931dcce480c8.jpg,ok,2026-09-17T00:59:55.627132+00:00
3f297318-70f2-5eb9-9029-148f7e88712b,절두산순교성지,https://ojbeahxvvvacnvhviihi.supabase.co/storage/v1/object/public/images/places/3f297318-70f2-5eb9-9029-148f7e88712b.jpg,ok,2026-09-17T01:00:14.577695+00:00
9ec8b0ca-305e-509a-9cb9-617bf33c5eb8,파티세리 로그,https://ojbeahxvvvacnvhviihi.supabase.co/storage/v1/object/public/images/places/9ec8b0ca-305e-509a-9cb9-617bf33c5eb8.jpg,ok,2026-09-17T01:00:41.031954+00:00
3b361e79-17bd-5aa2-9a53-262281b2f99f,스페이스 아크,https://ojbeahxvvvacnvhviihi.supabase.co/storage/v1/object/public/images/places/3b361e79-17bd-5aa2-9a53-262281b2f99f.jpg,ok,2026-09-17T01:00:54.779459+00:00
83eb7d55-4a7e-533a-ab25-7f2a8d919c4c,아트스페이스 합정,,no_image,2026-09-17T01:01:16.620911+00:00
8a764c9f-348f-52b8-ab9b-694f0c96c660,레인보우큐브,https://ojbeahxvvvacnvhviihi.supabase.co/storage/v1/object/public/images/places/8a764c9f-348f-52b8-ab9b-694f0c96c660.jpg,ok,2026-09-17T01:01:35.280201+00:00
e7252a57-5539-5f39-b4f5-c0283dc0d5c0,카페꼼마 합정점,https://ojbeahxvvvacnvhviihi.supabase.co/storage/v1/object/public/images/places/e7252a57-5539-5f39-b4f5-c0283dc0d5c0.jpg,ok,2026-09-17T01:01:56.287388+00:00
370acba9-23d3-5def-b001-4542a2f1acee,블러,https://ojbeahxvvvacnvhviihi.supabase.co/storage/v1/object/public/images/places/370acba9-23d3-5def-b001-4542a2f1acee.jpg,ok,2026-09-17T01:02:13.409511+00:00
d1cf9ba4-7cca-5faa-b3f1-9d43f92c6cdb,쿠바포차 하바나24시,https://ojbeahxvvvacnvhviihi.supabase.co/storage/v1/object/public/images/places/d1cf9ba4-7cca-5faa-b3f1-9d43f92c6cdb.jpg,ok,2026-09-17T01:02:40.305673+00:00
de9e78a9-c980-522b-8f66-7a6164a35ce6,WWW SPACE,https://ojbeahxvvvacnvhviihi.supabase.co/storage/v1/object/public/images/places/de9e78a9-c980-522b-8f66-7a6164a35ce6.jpg,ok,2026-09-17T01:02:57.900932+00:00
cac339f9-6b3f-5c6d-9b12-fa84cc5548a2,계절책방 낮과밤,https://ojbeahxvvvacnvhviihi.supabase.co/storage/v1/object/public/images/places/cac339f9-6b3f-5c6d-9b12-fa84cc5548a2.jpg,ok,2026-09-17T01:03:22.103223+00:00
6c54bcf9-d177-5dd2-b189-d914fb8f0597,컷더케이크,https://ojbeahxvvvacnvhviihi.supabase.co/storage/v1/object/public/images/places/6c54bcf9-d177-5dd2-b189-d914fb8f0597.jpg,ok,2026-09-17T01:03:37.698110+00:00
378ae9c9-5be0-58f6-b5e5-1bc08185553b,WWW SPACE2,https://ojbeahxvvvacnvhviihi.supabase.co/storage/v1/object/public/images/places/378ae9c9-5be0-58f6-b5e5-1bc08185553b.jpg,ok,2026-09-17T01:03:58.166012+00:00
3d607cbf-39a9-51c1-a75f-dad3b631d215,륀느공방,https://ojbeahxvvvacnvhviihi.supabase.co/storage/v1/object/public/images/places/3d607cbf-39a9-51c1-a75f-dad3b631d215.jpg,ok,2026-09-17T01:04:09.656802+00:00
f3ebd2d0-baac-513b-80b9-5cd57accc9f2,카페 공명 망원책빵,https://ojbeahxvvvacnvhviihi.supabase.co/storage/v1/object/public/images/places/f3ebd2d0-baac-513b-80b9-5cd57accc9f2.jpg,ok,2026-09-17T01:04:28.442551+00:00
f4f0d130-525b-53bc-a8ff-d64d1ca835fc,Uig,https://ojbeahxvvvacnvhviihi.supabase.co/storage/v1/object/public/images/places/f4f0d130-525b-53bc-a8ff-d64d1ca835fc.jpg,ok,2026-09-17T01:04:50.756257+00:00
e5d2a4b0-20b1-5e30-8b2e-b4299898e8f9,아루감,https://ojbeahxvvvacnvhviihi.supabase.co/storage/v1/object/public/images/places/e5d2a4b0-20b1-5e30-8b2e-b4299898e8f9.jpg,ok,2026-09-17T01:05:08.167048+00:00
d162020d-e3da-5ce0-be73-e374afbfe912,망원도,https://ojbeahxvvvacnvhviihi.supabase.co/storage/v1/object/public/images/places/d162020d-e3da-5ce0-be73-e374afbfe912.jpg,ok,2026-09-17T01:05:25.243680+00:00
ca97cc4b-1586-517b-9636-b72cb5f01dc5,더파인트,https://ojbeahxvvvacnvhviihi.supabase.co/storage/v1/object/public/images/places/ca97cc4b-1586-517b-9636-b72cb5f01dc5.jpg,ok,2026-09-17T01:05:44.310096+00:00
52760047-4edc-5c44-83a2-ff92aba9a431,용왕산스카이워크,https://ojbeahxvvvacnvhviihi.supabase.co/storage/v1/object/public/images/places/52760047-4edc-5c44-83a2-ff92aba9a431.jpg,ok,2026-09-17T01:06:00.025000+00:00
946541f1-dd4f-5d58-b5a4-e7e3269a74a1,마포인트,https://ojbeahxvvvacnvhviihi.supabase.co/storage/v1/object/public/images/places/946541f1-dd4f-5d58-b5a4-e7e3269a74a1.jpg,ok,2026-09-17T01:06:22.673589+00:00
20a429c7-a752-573b-8079-1ee97472470c,아이아이 연남,https://ojbeahxvvvacnvhviihi.supabase.co/storage/v1/object/public/images/places/20a429c7-a752-573b-8079-1ee97472470c.jpg,ok,2026-09-17T01:06:45.057990+00:00
0428960b-b97d-59ed-836a-b371eb9b13d2,챕터투,https://ojbeahxvvvacnvhviihi.supabase.co/storage/v1/object/public/images/places/0428960b-b97d-59ed-836a-b371eb9b13d2.jpg,ok,2026-09-17T01:07:06.586166+00:00
3070b115-6e5b-5722-9df9-6832d01c1e12,CR Collective,https://ojbeahxvvvacnvhviihi.supabase.co/storage/v1/object/public/images/places/3070b115-6e5b-5722-9df9-6832d01c1e12.jpg,ok,2026-09-17T01:07:23.562209+00:00
dc51dfdc-feef-558d-b6b0-31347cda9394,연남동 갤러리 이트리움,https://ojbeahxvvvacnvhviihi.supabase.co/storage/v1/object/public/images/places/dc51dfdc-feef-558d-b6b0-31347cda9394.jpg,ok,2026-09-17T01:07:39.069284+00:00
0b61e453-2a57-5bcc-8c8d-170935a97aa6,와이제이갤러리카페,https://ojbeahxvvvacnvhviihi.supabase.co/storage/v1/object/public/images/places/0b61e453-2a57-5bcc-8c8d-170935a97aa6.jpg,ok,2026-09-17T01:07:53.157736+00:00
78f8bf74-df0a-5f22-b73e-431fc332b394,픽뎀업,https://ojbeahxvvvacnvhviihi.supabase.co/storage/v1/object/public/images/places/78f8bf74-df0a-5f22-b73e-431fc332b394.jpg,ok,2026-09-17T01:08:10.909291+00:00
59e579a7-2856-5a82-8c17-070ad7c6c0d0,연남동와이탑,https://ojbeahxvvvacnvhviihi.supabase.co/storage/v1/object/public/images/places/59e579a7-2856-5a82-8c17-070ad7c6c0d0.jpg,ok,2026-09-17T01:08:33.348651+00:00
b712188f-ffc3-57af-9a42-55eb76f6fdad,느루 연남점,https://ojbeahxvvvacnvhviihi.supabase.co/storage/v1/object/public/images/places/b712188f-ffc3-57af-9a42-55eb76f6fdad.jpg,ok,2026-09-17T01:08:48.929938+00:00
0cf5d4ac-a451-54bd-8a39-78ba904208c0,카페 드 래빗,https://ojbeahxvvvacnvhviihi.supabase.co/storage/v1/object/public/images/places/0cf5d4ac-a451-54bd-8a39-78ba904208c0.jpg,ok,2026-09-17T01:09:09.179027+00:00
9d45bb1c-6fb5-57a7-baab-7ebc65e6d083,무채색,https://ojbeahxvvvacnvhviihi.supabase.co/storage/v1/object/public/images/places/9d45bb1c-6fb5-57a7-baab-7ebc65e6d083.jpg,ok,2026-09-17T01:09:22.269237+00:00
a48a55cc-f939-5122-9ece-43c4d26f5982,오버딥,https://ojbeahxvvvacnvhviihi.supabase.co/storage/v1/object/public/images/places/a48a55cc-f939-5122-9ece-43c4d26f5982.jpg,ok,2026-09-17T01:09:40.620746+00:00
1b3003fc-e97f-5709-ab75-780c720ea37c,한국영화박물관,https://ojbeahxvvvacnvhviihi.supabase.co/storage/v1/object/public/images/places/1b3003fc-e97f-5709-ab75-780c720ea37c.jpg,ok,2026-09-17T01:09:59.205330+00:00
6f2a216e-7783-57f5-9cb4-383b045e2e55,서울에너지드림센터,https://ojbeahxvvvacnvhviihi.supabase.co/storage/v1/object/public/images/places/6f2a216e-7783-57f5-9cb4-383b045e2e55.jpg,ok,2026-09-17T01:10:18.309778+00:00
fc6a0e9a-8234-5cfa-9ca0-7fc4a7030dbe,갤러리애프터눈,https://ojbeahxvvvacnvhviihi.supabase.co/storage/v1/object/public/images/places/fc6a0e9a-8234-5cfa-9ca0-7fc4a7030dbe.jpg,ok,2026-09-17T01:10:43.739613+00:00
6b9497d0-f6f5-5142-94f8-dfadcb60d32b,와인그리고밤,https://ojbeahxvvvacnvhviihi.supabase.co/storage/v1/object/public/images/places/6b9497d0-f6f5-5142-94f8-dfadcb60d32b.jpg,ok,2026-09-17T01:11:02.770262+00:00
d5972942-9ae3-50cd-86e9-67a73ff01fad,마하세븐 싱글몰트 위스키 바,https://ojbeahxvvvacnvhviihi.supabase.co/storage/v1/object/public/images/places/d5972942-9ae3-50cd-86e9-67a73ff01fad.jpg,ok,2026-09-17T01:11:21.409433+00:00
94b03472-56d3-534d-9c54-25cdaf23a4b2,노을공원,https://ojbeahxvvvacnvhviihi.supabase.co/storage/v1/object/public/images/places/94b03472-56d3-534d-9c54-25cdaf23a4b2.jpg,ok,2026-09-17T01:11:39.896737+00:00
1110c72c-48a7-5454-8c55-2c34a290b83d,천년닭강정 마포점,https://ojbeahxvvvacnvhviihi.supabase.co/storage/v1/object/public/images/places/1110c72c-48a7-5454-8c55-2c34a290b83d.jpg,ok,2026-09-17T01:12:00.125232+00:00
aed4d7c1-8bf1-578c-ad3d-3f19433337c9,참나무본가 공덕점,https://ojbeahxvvvacnvhviihi.supabase.co/storage/v1/object/public/images/places/aed4d7c1-8bf1-578c-ad3d-3f19433337c9.jpg,ok,2026-09-17T01:12:18.899418+00:00
9b0e7108-3ff9-5559-805a-995f610cb350,마포청학동부침개 마포본점,https://ojbeahxvvvacnvhviihi.supabase.co/storage/v1/object/public/images/places/9b0e7108-3ff9-5559-805a-995f610cb350.jpg,ok,2026-09-17T01:12:34.504627+00:00
8f71313e-e3f9-5023-b518-f99e08e65bf1,김재운 초밥사랑 공덕점,https://ojbeahxvvvacnvhviihi.supabase.co/storage/v1/object/public/images/places/8f71313e-e3f9-5023-b518-f99e08e65bf1.jpg,ok,2026-09-17T01:12:47.911858+00:00
2ca1e92b-8b7a-5c82-b207-b198118fee50,25카츠 공덕점,https://ojbeahxvvvacnvhviihi.supabase.co/storage/v1/object/public/images/places/2ca1e92b-8b7a-5c82-b207-b198118fee50.jpg,ok,2026-09-17T01:13:08.866312+00:00
66daa92d-de9e-5d7c-a75b-e6599b9d2943,오레타치카레 공덕점,https://ojbeahxvvvacnvhviihi.supabase.co/storage/v1/object/public/images/places/66daa92d-de9e-5d7c-a75b-e6599b9d2943.jpg,ok,2026-09-17T01:13:29.487185+00:00
848a8ca9-e6d1-5d35-bac6-f2b3fa51a5ae,롯데시티호텔 마포 씨카페,https://ojbeahxvvvacnvhviihi.supabase.co/storage/v1/object/public/images/places/848a8ca9-e6d1-5d35-bac6-f2b3fa51a5ae.jpg,ok,2026-09-17T01:13:53.253761+00:00
b4e4127e-bb4f-5ba5-859c-d645f293c5f6,마부마라탕 공덕점,https://ojbeahxvvvacnvhviihi.supabase.co/storage/v1/object/public/images/places/b4e4127e-bb4f-5ba5-859c-d645f293c5f6.jpg,ok,2026-09-17T01:14:10.313218+00:00
73644e8d-cc5e-5376-8d88-60e4563c1fab,홍콩반점0410 마포서부법원점,https://ojbeahxvvvacnvhviihi.supabase.co/storage/v1/object/public/images/places/73644e8d-cc5e-5376-8d88-60e4563c1fab.jpg,ok,2026-09-17T01:14:31.014386+00:00
91325b5f-a758-597e-a379-d419f04aed82,구복만두 마포직영점,https://ojbeahxvvvacnvhviihi.supabase.co/storage/v1/object/public/images/places/91325b5f-a758-597e-a379-d419f04aed82.jpg,ok,2026-09-17T01:14:51.302809+00:00
53aab152-04a3-51c8-80d1-c09ad7b60af8,수저가,https://ojbeahxvvvacnvhviihi.supabase.co/storage/v1/object/public/images/places/53aab152-04a3-51c8-80d1-c09ad7b60af8.jpg,ok,2026-09-17T01:15:11.522014+00:00
59ee4a33-2e82-5b0d-9c77-8493934b42c5,뚜띠쿠치나 마포공덕점,https://ojbeahxvvvacnvhviihi.supabase.co/storage/v1/object/public/images/places/59ee4a33-2e82-5b0d-9c77-8493934b42c5.jpg,ok,2026-09-17T01:15:38.003128+00:00
668657b4-1481-5139-a6e7-0f9852831576,37.5 공덕점,https://ojbeahxvvvacnvhviihi.supabase.co/storage/v1/object/public/images/places/668657b4-1481-5139-a6e7-0f9852831576.jpg,ok,2026-09-17T01:16:00.566872+00:00
80be662a-9f83-5072-84d5-83526b1bc3c7,클래식햄버거,https://ojbeahxvvvacnvhviihi.supabase.co/storage/v1/object/public/images/places/80be662a-9f83-5072-84d5-83526b1bc3c7.jpg,ok,2026-09-17T01:16:14.153275+00:00
b945738f-ab83-5778-a4b7-e0784ca80076,닥터로빈 공덕점,https://ojbeahxvvvacnvhviihi.supabase.co/storage/v1/object/public/images/places/b945738f-ab83-5778-a4b7-e0784ca80076.jpg,ok,2026-09-17T01:16:45.443806+00:00
7d84eb80-c8e8-572d-9254-85ac8fd383ed,싸다김밥 애오개역점,https://ojbeahxvvvacnvhviihi.supabase.co/storage/v1/object/public/images/places/7d84eb80-c8e8-572d-9254-85ac8fd383ed.jpg,ok,2026-09-17T01:17:10.031432+00:00
c177ec89-ca7a-5d87-87b5-ece4161e15fc,청담동마녀김밥 공덕점,https://ojbeahxvvvacnvhviihi.supabase.co/storage/v1/object/public/images/places/c177ec89-ca7a-5d87-87b5-ece4161e15fc.jpg,ok,2026-09-17T01:17:29.217987+00:00
699804d1-0724-5a10-9357-e6855600eb0e,연희김밥 마포점,https://ojbeahxvvvacnvhviihi.supabase.co/storage/v1/object/public/images/places/699804d1-0724-5a10-9357-e6855600eb0e.jpg,ok,2026-09-17T01:17:45.999950+00:00
78b3431c-b5a2-5e56-aecd-b47239334849,김밥천국 마포2호점,https://ojbeahxvvvacnvhviihi.supabase.co/storage/v1/object/public/images/places/78b3431c-b5a2-5e56-aecd-b47239334849.jpg,ok,2026-09-17T01:18:06.652083+00:00
003153b5-0b59-5da6-8cd0-f9eb9f11f27f,김가네 공덕점,https://ojbeahxvvvacnvhviihi.supabase.co/storage/v1/object/public/images/places/003153b5-0b59-5da6-8cd0-f9eb9f11f27f.jpg,ok,2026-09-17T01:18:23.879237+00:00
5e09d1c2-efbe-5c21-88f0-5b99524c6934,뺑스톡 공덕점,https://ojbeahxvvvacnvhviihi.supabase.co/storage/v1/object/public/images/places/5e09d1c2-efbe-5c21-88f0-5b99524c6934.jpg,ok,2026-09-17T01:18:45.092305+00:00
2872cbb3-c7d4-5d5f-8469-815d9b7aca1a,솥고집 공덕점,https://ojbeahxvvvacnvhviihi.supabase.co/storage/v1/object/public/images/places/2872cbb3-c7d4-5d5f-8469-815d9b7aca1a.jpg,ok,2026-09-17T01:19:04.325627+00:00
dacde9ab-87a4-5707-8656-07c23cf51fae,마포소문난원조족발,https://ojbeahxvvvacnvhviihi.supabase.co/storage/v1/object/public/images/places/dacde9ab-87a4-5707-8656-07c23cf51fae.jpg,ok,2026-09-17T01:19:24.495798+00:00
77a81ecb-68b4-559e-8642-e91c8e744d6e,밀리네해물탕 애오개역점,https://ojbeahxvvvacnvhviihi.supabase.co/storage/v1/object/public/images/places/77a81ecb-68b4-559e-8642-e91c8e744d6e.jpg,ok,2026-09-17T01:19:40.712265+00:00
7c704878-1d7b-5f1d-9d26-223f3c72275a,나이스엔푸드,https://ojbeahxvvvacnvhviihi.supabase.co/storage/v1/object/public/images/places/7c704878-1d7b-5f1d-9d26-223f3c72275a.jpg,ok,2026-09-17T01:19:56.917910+00:00
9531ee63-9d59-59a2-a480-587a5083e96a,아현죽집,https://ojbeahxvvvacnvhviihi.supabase.co/storage/v1/object/public/images/places/9531ee63-9d59-59a2-a480-587a5083e96a.jpg,ok,2026-09-17T01:20:11.582269+00:00
d3551b28-baec-5356-bc4c-933f007ce03f,푸노야 본점,https://ojbeahxvvvacnvhviihi.supabase.co/storage/v1/object/public/images/places/d3551b28-baec-5356-bc4c-933f007ce03f.jpg,ok,2026-09-17T01:20:35.067866+00:00
fb853996-ca9b-5e25-975b-9c6087b8eaea,수유리우동집 아현점,https://ojbeahxvvvacnvhviihi.supabase.co/storage/v1/object/public/images/places/fb853996-ca9b-5e25-975b-9c6087b8eaea.jpg,ok,2026-09-17T01:20:50.625382+00:00
a5537e09-0948-5278-b42d-9044621682c1,무모한초밥 아현점,https://ojbeahxvvvacnvhviihi.supabase.co/storage/v1/object/public/images/places/a5537e09-0948-5278-b42d-9044621682c1.jpg,ok,2026-09-17T01:21:10.795155+00:00
94399d09-c8c8-5bee-bfec-f71198753016,스시히바리,https://ojbeahxvvvacnvhviihi.supabase.co/storage/v1/object/public/images/places/94399d09-c8c8-5bee-bfec-f71198753016.jpg,ok,2026-09-17T01:21:31.506538+00:00
1371509e-68b9-5418-8fe0-9b7f0de4079b,칭닌,https://ojbeahxvvvacnvhviihi.supabase.co/storage/v1/object/public/images/places/1371509e-68b9-5418-8fe0-9b7f0de4079b.jpg,ok,2026-09-17T01:21:48.246409+00:00
df542ccb-22b9-5a65-a789-e01a7be66509,신난향꿀짜장,https://ojbeahxvvvacnvhviihi.supabase.co/storage/v1/object/public/images/places/df542ccb-22b9-5a65-a789-e01a7be66509.jpg,ok,2026-09-17T01:22:09.220656+00:00
9c4eeaa5-9d77-5343-b2b8-8a67c8f85f0a,양정원,https://ojbeahxvvvacnvhviihi.supabase.co/storage/v1/object/public/images/places/9c4eeaa5-9d77-5343-b2b8-8a67c8f85f0a.jpg,ok,2026-09-17T01:22:27.212422+00:00
95d8ff33-4845-51f6-a8e1-2706e517c2de,중흥각,https://ojbeahxvvvacnvhviihi.supabase.co/storage/v1/object/public/images/places/95d8ff33-4845-51f6-a8e1-2706e517c2de.jpg,ok,2026-09-17T01:22:46.166193+00:00
9be8d614-6fa6-5229-9773-cbd7c5fcaf3c,마라반점 마포아현점,,no_image,2026-09-17T01:23:04.202788+00:00
9a00743b-171e-507e-9ee8-3d044fdc965e,멜로즈,https://ojbeahxvvvacnvhviihi.supabase.co/storage/v1/object/public/images/places/9a00743b-171e-507e-9ee8-3d044fdc965e.jpg,ok,2026-09-17T01:23:26.713830+00:00
cfad95be-4735-58e1-ba71-9e7282c65995,스페인식당 더크래프트,https://ojbeahxvvvacnvhviihi.supabase.co/storage/v1/object/public/images/places/cfad95be-4735-58e1-ba71-9e7282c65995.jpg,ok,2026-09-17T01:23:44.414822+00:00
7bc62bef-74f7-575d-b2ad-4cac86297af3,리틀에마스,https://ojbeahxvvvacnvhviihi.supabase.co/storage/v1/object/public/images/places/7bc62bef-74f7-575d-b2ad-4cac86297af3.jpg,ok,2026-09-17T01:24:02.873342+00:00
1cc80d9d-7420-5065-96d7-ed8aacaad01e,반올림피자 아현점,https://ojbeahxvvvacnvhviihi.supabase.co/storage/v1/object/public/images/places/1cc80d9d-7420-5065-96d7-ed8aacaad01e.jpg,ok,2026-09-17T01:24:17.880254+00:00
effe937d-ac26-5d31-969b-6de23df2c4ab,스테프핫도그 아현점,https://ojbeahxvvvacnvhviihi.supabase.co/storage/v1/object/public/images/places/effe937d-ac26-5d31-969b-6de23df2c4ab.jpg,ok,2026-09-17T01:24:40.347680+00:00
6f8ac8e7-e1ee-5a2b-89a5-e9922512d99c,정성한줄 아현점,https://ojbeahxvvvacnvhviihi.supabase.co/storage/v1/object/public/images/places/6f8ac8e7-e1ee-5a2b-89a5-e9922512d99c.jpg,ok,2026-09-17T01:25:00.764409+00:00
e209e15c-2cde-518c-9c99-1a26bf031884,청년다방 아현점,https://ojbeahxvvvacnvhviihi.supabase.co/storage/v1/object/public/images/places/e209e15c-2cde-518c-9c99-1a26bf031884.jpg,ok,2026-09-17T01:25:16.081715+00:00
96d5765f-79f4-5202-b77b-00001d0f5c0d,동대문엽기떡볶이 아현점,https://ojbeahxvvvacnvhviihi.supabase.co/storage/v1/object/public/images/places/96d5765f-79f4-5202-b77b-00001d0f5c0d.jpg,ok,2026-09-17T01:25:35.051797+00:00
cb6ee62d-0a89-56ef-939d-3268afdb8adb,우리할매떡볶이 아현점,https://ojbeahxvvvacnvhviihi.supabase.co/storage/v1/object/public/images/places/cb6ee62d-0a89-56ef-939d-3268afdb8adb.jpg,ok,2026-09-17T01:25:55.447891+00:00
c1c811f6-4e7d-5ea7-ac04-c1fab9a3c047,파나델리,https://ojbeahxvvvacnvhviihi.supabase.co/storage/v1/object/public/images/places/c1c811f6-4e7d-5ea7-ac04-c1fab9a3c047.jpg,ok,2026-09-17T01:26:21.162903+00:00
ead59d9d-d611-5d23-8c77-8d5a7480af20,고우즈온,https://ojbeahxvvvacnvhviihi.supabase.co/storage/v1/object/public/images/places/ead59d9d-d611-5d23-8c77-8d5a7480af20.jpg,ok,2026-09-17T01:26:39.125654+00:00
9ecca669-a3e9-58a4-a029-08e8362a3fca,편백집 아현점,https://ojbeahxvvvacnvhviihi.supabase.co/storage/v1/object/public/images/places/9ecca669-a3e9-58a4-a029-08e8362a3fca.jpg,ok,2026-09-17T01:26:58.287465+00:00
9e177309-a0c7-512b-bc46-c7464b5b4d5a,식껍 애오개역점,https://ojbeahxvvvacnvhviihi.supabase.co/storage/v1/object/public/images/places/9e177309-a0c7-512b-bc46-c7464b5b4d5a.jpg,ok,2026-09-17T01:27:21.327859+00:00
e2d7351d-18f7-5477-9c25-42f2844b9f7d,은성순대국,https://ojbeahxvvvacnvhviihi.supabase.co/storage/v1/object/public/images/places/e2d7351d-18f7-5477-9c25-42f2844b9f7d.jpg,ok,2026-09-17T01:27:43.792545+00:00
271452f2-956e-5875-bb8f-7dba95ad8308,평안도찹쌀순대 마포 애오개역점,https://ojbeahxvvvacnvhviihi.supabase.co/storage/v1/object/public/images/places/271452f2-956e-5875-bb8f-7dba95ad8308.jpg,ok,2026-09-17T01:28:02.839710+00:00
ba01be55-ce06-59b5-8bff-68a077fc5d26,스페이스투고,https://ojbeahxvvvacnvhviihi.supabase.co/storage/v1/object/public/images/places/ba01be55-ce06-59b5-8bff-68a077fc5d26.jpg,ok,2026-09-17T01:28:15.615162+00:00
c96d9614-15e6-55bd-ba33-b981f623c28a,마포진짜원조최대포 본점,https://ojbeahxvvvacnvhviihi.supabase.co/storage/v1/object/public/images/places/c96d9614-15e6-55bd-ba33-b981f623c28a.jpg,ok,2026-09-17T01:28:36.927212+00:00
b3f1f0d5-d25a-55df-8674-dcf9ec2b15b8,육림촌연탄구이,https://ojbeahxvvvacnvhviihi.supabase.co/storage/v1/object/public/images/places/b3f1f0d5-d25a-55df-8674-dcf9ec2b15b8.jpg,ok,2026-09-17T01:28:58.687464+00:00
de1cc757-2a78-5f7c-8b29-1b7576720ca7,개성손만두 마포점,https://ojbeahxvvvacnvhviihi.supabase.co/storage/v1/object/public/images/places/de1cc757-2a78-5f7c-8b29-1b7576720ca7.jpg,ok,2026-09-17T01:29:20.312921+00:00
a4c900b9-b0b5-5a0f-8329-49e9b3f3a15e,풍년기사님식당,https://ojbeahxvvvacnvhviihi.supabase.co/storage/v1/object/public/images/places/a4c900b9-b0b5-5a0f-8329-49e9b3f3a15e.jpg,ok,2026-09-17T01:29:43.290864+00:00
107df80d-cd6c-59d3-abfd-fe811572de9f,정든그릇 본점,https://ojbeahxvvvacnvhviihi.supabase.co/storage/v1/object/public/images/places/107df80d-cd6c-59d3-abfd-fe811572de9f.jpg,ok,2026-09-17T01:30:03.759003+00:00
eb15fa50-3a1a-5ad8-a08a-837a9d2f538a,신촌즉석생우동,https://ojbeahxvvvacnvhviihi.supabase.co/storage/v1/object/public/images/places/eb15fa50-3a1a-5ad8-a08a-837a9d2f538a.jpg,ok,2026-09-17T01:30:23.949079+00:00
751ba2c2-1da7-5a40-ac45-6d3b685857e2,쿠츠 : 고이짱,https://ojbeahxvvvacnvhviihi.supabase.co/storage/v1/object/public/images/places/751ba2c2-1da7-5a40-ac45-6d3b685857e2.jpg,ok,2026-09-17T01:30:45.955784+00:00
234d7529-40de-581b-9c42-de11e6279e01,고미카츠,https://ojbeahxvvvacnvhviihi.supabase.co/storage/v1/object/public/images/places/234d7529-40de-581b-9c42-de11e6279e01.jpg,ok,2026-09-17T01:31:08.091657+00:00
101586d5-9301-58bf-8a73-e03e21772bbb,정정,https://ojbeahxvvvacnvhviihi.supabase.co/storage/v1/object/public/images/places/101586d5-9301-58bf-8a73-e03e21772bbb.jpg,ok,2026-09-17T01:31:22.931730+00:00
f1e826cb-91af-59aa-98ed-e26246da81b0,홍콩반점0410 대흥역점,https://ojbeahxvvvacnvhviihi.supabase.co/storage/v1/object/public/images/places/f1e826cb-91af-59aa-98ed-e26246da81b0.jpg,ok,2026-09-17T01:31:41.434867+00:00
1ef15473-04b5-5125-b676-90595f95d082,정월,https://ojbeahxvvvacnvhviihi.supabase.co/storage/v1/object/public/images/places/1ef15473-04b5-5125-b676-90595f95d082.jpg,ok,2026-09-17T01:32:01.719177+00:00
6e8f8221-fb72-575e-9156-7123480aba86,옛날짜장기계우동,https://ojbeahxvvvacnvhviihi.supabase.co/storage/v1/object/public/images/places/6e8f8221-fb72-575e-9156-7123480aba86.jpg,ok,2026-09-17T01:32:20.630044+00:00
b42b2b5a-3431-564c-be2a-47d7ca35c9a3,신간짬뽕 마포점,https://ojbeahxvvvacnvhviihi.supabase.co/storage/v1/object/public/images/places/b42b2b5a-3431-564c-be2a-47d7ca35c9a3.jpg,ok,2026-09-17T01:32:39.668796+00:00
d4c909de-66f0-5f20-a64b-beb3fa094087,롯데리아 대흥역점,https://ojbeahxvvvacnvhviihi.supabase.co/storage/v1/object/public/images/places/d4c909de-66f0-5f20-a64b-beb3fa094087.jpg,ok,2026-09-17T01:32:59.841798+00:00
22224a6c-c9ab-53ad-a3d0-37ab400a60d8,고블린피자 공덕경의선숲길점,https://ojbeahxvvvacnvhviihi.supabase.co/storage/v1/object/public/images/places/22224a6c-c9ab-53ad-a3d0-37ab400a60d8.jpg,ok,2026-09-17T01:33:26.326048+00:00
31423438-cf38-5f4b-9f02-ea47fb1eb945,파사주,https://ojbeahxvvvacnvhviihi.supabase.co/storage/v1/object/public/images/places/31423438-cf38-5f4b-9f02-ea47fb1eb945.jpg,ok,2026-09-17T01:33:41.374495+00:00
427de6c5-fdc6-5bc0-b022-f68baac1a34e,스위그,,not_found,2026-09-17T01:33:57.987970+00:00
13823570-1942-5d41-bddd-6ec3c79c9282,세끼김밥,https://ojbeahxvvvacnvhviihi.supabase.co/storage/v1/object/public/images/places/13823570-1942-5d41-bddd-6ec3c79c9282.jpg,ok,2026-09-17T01:34:12.022142+00:00
3565eb83-542c-545e-96b0-6ec16c6eb529,김밥천국,https://ojbeahxvvvacnvhviihi.supabase.co/storage/v1/object/public/images/places/3565eb83-542c-545e-96b0-6ec16c6eb529.jpg,ok,2026-09-17T01:34:30.515369+00:00
ce7eb119-98e6-56e0-9696-06fb209efe47,신촌맛집 떡볶이돈까스,https://ojbeahxvvvacnvhviihi.supabase.co/storage/v1/object/public/images/places/ce7eb119-98e6-56e0-9696-06fb209efe47.jpg,ok,2026-09-17T01:34:55.749148+00:00
a44d6f3e-59b1-52a7-92ef-d4af5ae5b834,온달만두분식,https://ojbeahxvvvacnvhviihi.supabase.co/storage/v1/object/public/images/places/a44d6f3e-59b1-52a7-92ef-d4af5ae5b834.jpg,ok,2026-09-17T01:35:22.758590+00:00
c483304b-4fd3-55fa-91cb-74c3222d12e0,더바스켓 대흥역점,https://ojbeahxvvvacnvhviihi.supabase.co/storage/v1/object/public/images/places/c483304b-4fd3-55fa-91cb-74c3222d12e0.jpg,ok,2026-09-17T01:35:38.187344+00:00
b2ef5c3b-0556-5919-8ff1-726ee0233e5e,커피앳웍스 경의선숲길점,https://ojbeahxvvvacnvhviihi.supabase.co/storage/v1/object/public/images/places/b2ef5c3b-0556-5919-8ff1-726ee0233e5e.jpg,ok,2026-09-17T01:35:57.776069+00:00
5c05eb45-f890-5033-a5d2-74ddc5b87276,허그하우스,https://ojbeahxvvvacnvhviihi.supabase.co/storage/v1/object/public/images/places/5c05eb45-f890-5033-a5d2-74ddc5b87276.jpg,ok,2026-09-17T01:36:27.799051+00:00
cf62ed21-747e-5a9f-b10f-a78cd9bc4293,잼 베이커리,https://ojbeahxvvvacnvhviihi.supabase.co/storage/v1/object/public/images/places/cf62ed21-747e-5a9f-b10f-a78cd9bc4293.jpg,ok,2026-09-17T01:36:49.034387+00:00
82586dcb-5c3d-5887-83c4-afc8b10b266f,브런치스튜디오 가죽공방,https://ojbeahxvvvacnvhviihi.supabase.co/storage/v1/object/public/images/places/82586dcb-5c3d-5887-83c4-afc8b10b266f.jpg,ok,2026-09-17T01:37:06.284931+00:00
32f22486-f95a-54d8-ac05-77eb9f7c9660,지금식당 제철쌈밥 마포직영점,https://ojbeahxvvvacnvhviihi.supabase.co/storage/v1/object/public/images/places/32f22486-f95a-54d8-ac05-77eb9f7c9660.jpg,ok,2026-09-17T01:37:20.238483+00:00
bd3a0949-354d-526b-bbf0-cdee35f76853,요수정,https://ojbeahxvvvacnvhviihi.supabase.co/storage/v1/object/public/images/places/bd3a0949-354d-526b-bbf0-cdee35f76853.jpg,ok,2026-09-17T01:37:40.581239+00:00
864ca1da-b20c-532d-8ae1-1fb2675b1475,육몽 홍대본점,https://ojbeahxvvvacnvhviihi.supabase.co/storage/v1/object/public/images/places/864ca1da-b20c-532d-8ae1-1fb2675b1475.jpg,ok,2026-09-17T01:37:58.508220+00:00
d8916b2f-c1f9-50d7-98d3-326b90c08366,깃뜰 홍대본점,https://ojbeahxvvvacnvhviihi.supabase.co/storage/v1/object/public/images/places/d8916b2f-c1f9-50d7-98d3-326b90c08366.jpg,ok,2026-09-17T01:38:20.619846+00:00
6bce3e3e-28cc-55fb-a49b-646190c39643,핵밥 홍대점,https://ojbeahxvvvacnvhviihi.supabase.co/storage/v1/object/public/images/places/6bce3e3e-28cc-55fb-a49b-646190c39643.jpg,ok,2026-09-17T01:38:39.455150+00:00
0bf35ff2-56cd-5725-80ef-53c37ef65b78,카츠업 홍대점,https://ojbeahxvvvacnvhviihi.supabase.co/storage/v1/object/public/images/places/0bf35ff2-56cd-5725-80ef-53c37ef65b78.jpg,ok,2026-09-17T01:39:00.760111+00:00
4eb66028-7ec4-5e44-902f-bbc8dbe93d9b,우와 홍대본점,https://ojbeahxvvvacnvhviihi.supabase.co/storage/v1/object/public/images/places/4eb66028-7ec4-5e44-902f-bbc8dbe93d9b.jpg,ok,2026-09-17T01:39:15.712061+00:00
c7b2f3f6-2555-5cb9-9bc5-32020d3d4fb6,카와카츠 본점,https://ojbeahxvvvacnvhviihi.supabase.co/storage/v1/object/public/images/places/c7b2f3f6-2555-5cb9-9bc5-32020d3d4fb6.jpg,ok,2026-09-17T01:39:37.583612+00:00
c48a8071-cd33-52a9-8e86-611ddfb64ef2,하이디라오 홍대점,https://ojbeahxvvvacnvhviihi.supabase.co/storage/v1/object/public/images/places/c48a8071-cd33-52a9-8e86-611ddfb64ef2.jpg,ok,2026-09-17T01:39:54.941911+00:00
835ddce0-55ca-5f40-8dfe-7bbd37c35602,손오공마라탕 동교동점,,not_found,2026-09-17T01:40:19.074204+00:00
ac0d97a0-9d94-5e36-ab77-33c01b8b18dd,마라공방 홍대점,https://ojbeahxvvvacnvhviihi.supabase.co/storage/v1/object/public/images/places/ac0d97a0-9d94-5e36-ab77-33c01b8b18dd.jpg,ok,2026-09-17T01:40:31.904125+00:00
d3459520-a291-55a4-9506-7386800506e1,타오마라탕,https://ojbeahxvvvacnvhviihi.supabase.co/storage/v1/object/public/images/places/d3459520-a291-55a4-9506-7386800506e1.jpg,ok,2026-09-17T01:40:56.925853+00:00
149886c2-7204-5a87-84f0-747fcb3b7eb7,서담헌 홍대본점,https://ojbeahxvvvacnvhviihi.supabase.co/storage/v1/object/public/images/places/149886c2-7204-5a87-84f0-747fcb3b7eb7.jpg,ok,2026-09-17T01:41:21.423853+00:00
3a958d33-9fe0-514c-92ee-9bf135568473,로쏘 1924 나폴리 화덕피자 홍대점,https://ojbeahxvvvacnvhviihi.supabase.co/storage/v1/object/public/images/places/3a958d33-9fe0-514c-92ee-9bf135568473.jpg,ok,2026-09-17T01:41:43.014646+00:00
fa4898f0-9711-5de7-94a7-ed75a04de255,미도인 홍대,https://ojbeahxvvvacnvhviihi.supabase.co/storage/v1/object/public/images/places/fa4898f0-9711-5de7-94a7-ed75a04de255.jpg,ok,2026-09-17T01:42:01.333292+00:00
18eb417e-8c3e-5a68-b3d3-5617fb778f54,테이커테이블 연남점,https://ojbeahxvvvacnvhviihi.supabase.co/storage/v1/object/public/images/places/18eb417e-8c3e-5a68-b3d3-5617fb778f54.jpg,ok,2026-09-17T01:42:17.250068+00:00
e7a4d4a6-836d-5e52-ad36-4753b3077225,홍대떡볶이상회,https://ojbeahxvvvacnvhviihi.supabase.co/storage/v1/object/public/images/places/e7a4d4a6-836d-5e52-ad36-4753b3077225.jpg,ok,2026-09-17T01:42:30.948896+00:00
b6e23fc7-e7ba-5fac-a0cd-e7bb921be0a8,또보겠지떡볶이집 붕붕허니비점,https://ojbeahxvvvacnvhviihi.supabase.co/storage/v1/object/public/images/places/b6e23fc7-e7ba-5fac-a0cd-e7bb921be0a8.jpg,ok,2026-09-17T01:42:57.142546+00:00
24ccbdf9-a941-5ac5-b5be-630e8279d486,홍대조폭떡볶이 홍대2호점,https://ojbeahxvvvacnvhviihi.supabase.co/storage/v1/object/public/images/places/24ccbdf9-a941-5ac5-b5be-630e8279d486.jpg,ok,2026-09-17T01:43:13.774548+00:00
3531a692-84f6-5522-bba2-1f9f1d990ee0,홍대씨부엉,https://ojbeahxvvvacnvhviihi.supabase.co/storage/v1/object/public/images/places/3531a692-84f6-5522-bba2-1f9f1d990ee0.jpg,ok,2026-09-17T01:43:27.812951+00:00
d01878de-2cf1-54c4-a9cc-dde5391dc3e4,닭장수김밥 홍대점,https://ojbeahxvvvacnvhviihi.supabase.co/storage/v1/object/public/images/places/d01878de-2cf1-54c4-a9cc-dde5391dc3e4.jpg,ok,2026-09-17T01:43:46.428254+00:00
7b7b6a91-3463-58ff-b238-beecefe76a07,라헬의부엌 홍대점,https://ojbeahxvvvacnvhviihi.supabase.co/storage/v1/object/public/images/places/7b7b6a91-3463-58ff-b238-beecefe76a07.jpg,ok,2026-09-17T01:44:07.368093+00:00
38517135-00d0-5d3a-beab-54304b5a84a2,스케줄합정,https://ojbeahxvvvacnvhviihi.supabase.co/storage/v1/object/public/images/places/38517135-00d0-5d3a-beab-54304b5a84a2.jpg,ok,2026-09-17T01:44:21.486220+00:00
0c351686-0b2a-5786-a6ac-0b02d8b098c6,베리블리스,https://ojbeahxvvvacnvhviihi.supabase.co/storage/v1/object/public/images/places/0c351686-0b2a-5786-a6ac-0b02d8b098c6.jpg,ok,2026-09-17T01:44:44.830526+00:00
7fd93c0e-efd0-54af-bd28-cc6f2dc3fa69,아벨롭 홍대본점,https://ojbeahxvvvacnvhviihi.supabase.co/storage/v1/object/public/images/places/7fd93c0e-efd0-54af-bd28-cc6f2dc3fa69.jpg,ok,2026-09-17T01:44:58.898065+00:00
336431a2-882f-5801-b3fb-98d9dd94bc7c,숙성회 화도,https://ojbeahxvvvacnvhviihi.supabase.co/storage/v1/object/public/images/places/336431a2-882f-5801-b3fb-98d9dd94bc7c.jpg,ok,2026-09-17T01:45:19.147229+00:00
44c5bb69-636c-5e50-aa16-c64d230e6ec4,홍대간장게장 홍일품,https://ojbeahxvvvacnvhviihi.supabase.co/storage/v1/object/public/images/places/44c5bb69-636c-5e50-aa16-c64d230e6ec4.jpg,ok,2026-09-17T01:45:41.969777+00:00
5d484e9c-9e17-590f-ba5d-f547634ba06e,남영동양문 합정점,https://ojbeahxvvvacnvhviihi.supabase.co/storage/v1/object/public/images/places/5d484e9c-9e17-590f-ba5d-f547634ba06e.jpg,ok,2026-09-17T01:45:57.331243+00:00
a88f65e9-a379-5877-87ef-c21f7d9e0b4c,짚불돈 합정,https://ojbeahxvvvacnvhviihi.supabase.co/storage/v1/object/public/images/places/a88f65e9-a379-5877-87ef-c21f7d9e0b4c.jpg,ok,2026-09-17T01:46:19.407762+00:00
f0ea1665-247f-5cf6-9ae7-1377bb3730f1,샤브인서울 합정점,https://ojbeahxvvvacnvhviihi.supabase.co/storage/v1/object/public/images/places/f0ea1665-247f-5cf6-9ae7-1377bb3730f1.jpg,ok,2026-09-17T01:46:38.633928+00:00
b2b571db-2ab8-5edd-bd80-f95a9b091070,크레이지카츠,https://ojbeahxvvvacnvhviihi.supabase.co/storage/v1/object/public/images/places/b2b571db-2ab8-5edd-bd80-f95a9b091070.jpg,ok,2026-09-17T01:46:51.966886+00:00
d39d70b7-20bd-58c4-9ff5-532983e3a99f,최강금돈까스,https://ojbeahxvvvacnvhviihi.supabase.co/storage/v1/object/public/images/places/d39d70b7-20bd-58c4-9ff5-532983e3a99f.jpg,ok,2026-09-17T01:47:12.556684+00:00
af0e74c1-2ff5-5390-b113-d1bc78479b91,교다이야,https://ojbeahxvvvacnvhviihi.supabase.co/storage/v1/object/public/images/places/af0e74c1-2ff5-5390-b113-d1bc78479b91.jpg,ok,2026-09-17T01:47:33.251957+00:00
c4b9c2fd-a2c3-50b7-a157-45c13979c587,로우샹로우,https://ojbeahxvvvacnvhviihi.supabase.co/storage/v1/object/public/images/places/c4b9c2fd-a2c3-50b7-a157-45c13979c587.jpg,ok,2026-09-17T01:47:47.245971+00:00
b96840c0-8b59-5b0c-9bb3-9f4fe09239b1,이가네양꼬치 합정점,https://ojbeahxvvvacnvhviihi.supabase.co/storage/v1/object/public/images/places/b96840c0-8b59-5b0c-9bb3-9f4fe09239b1.jpg,ok,2026-09-17T01:48:03.517405+00:00
0f059ca9-71fb-5453-8ca8-8fe4ba30ef31,피슈마라홍탕 합정푸르지오점,https://ojbeahxvvvacnvhviihi.supabase.co/storage/v1/object/public/images/places/0f059ca9-71fb-5453-8ca8-8fe4ba30ef31.jpg,ok,2026-09-17T01:48:27.995759+00:00
b57cbfb4-150d-59c8-8756-47e463c4436d,탕화쿵푸마라탕 합정점,https://ojbeahxvvvacnvhviihi.supabase.co/storage/v1/object/public/images/places/b57cbfb4-150d-59c8-8756-47e463c4436d.jpg,ok,2026-09-17T01:48:53.493406+00:00
f8a7da11-6cad-5eda-9f61-3924db97c2c3,금문중화요리,https://ojbeahxvvvacnvhviihi.supabase.co/storage/v1/object/public/images/places/f8a7da11-6cad-5eda-9f61-3924db97c2c3.jpg,ok,2026-09-17T01:49:16.253871+00:00
489909ae-dd97-5a1b-960b-841c3eb784e6,멕시코식당,https://ojbeahxvvvacnvhviihi.supabase.co/storage/v1/object/public/images/places/489909ae-dd97-5a1b-960b-841c3eb784e6.jpg,ok,2026-09-17T01:49:40.463887+00:00
2ef0d8b2-1205-5867-ad59-769f45de6827,오르노 합정점,https://ojbeahxvvvacnvhviihi.supabase.co/storage/v1/object/public/images/places/2ef0d8b2-1205-5867-ad59-769f45de6827.jpg,ok,2026-09-17T01:50:04.813342+00:00
d08e70ae-614c-53bf-ab7f-88582ff88aa6,해옫 합정,https://ojbeahxvvvacnvhviihi.supabase.co/storage/v1/object/public/images/places/d08e70ae-614c-53bf-ab7f-88582ff88aa6.jpg,ok,2026-09-17T01:50:20.285126+00:00
6585899a-91e8-5749-9c5a-af96246af439,합정조이떡볶이,https://ojbeahxvvvacnvhviihi.supabase.co/storage/v1/object/public/images/places/6585899a-91e8-5749-9c5a-af96246af439.jpg,ok,2026-09-17T01:50:37.164887+00:00
2d246917-60a0-58a0-b4b4-c390695613a0,최강금돈까스X허리헝그리,https://ojbeahxvvvacnvhviihi.supabase.co/storage/v1/object/public/images/places/2d246917-60a0-58a0-b4b4-c390695613a0.jpg,ok,2026-09-17T01:50:55.478115+00:00
e232cc07-cd0c-517a-95e5-e4c6d2bd8a54,김밥천국 합정역점,https://ojbeahxvvvacnvhviihi.supabase.co/storage/v1/object/public/images/places/e232cc07-cd0c-517a-95e5-e4c6d2bd8a54.jpg,ok,2026-09-17T01:51:10.614815+00:00
b35ac593-1d32-5b61-bad6-4bfa38698d7f,생마차 합정점,https://ojbeahxvvvacnvhviihi.supabase.co/storage/v1/object/public/images/places/b35ac593-1d32-5b61-bad6-4bfa38698d7f.jpg,ok,2026-09-17T01:51:28.472353+00:00
1e87d84a-5403-5def-a927-992c7dcde8e5,소풍가는날,https://ojbeahxvvvacnvhviihi.supabase.co/storage/v1/object/public/images/places/1e87d84a-5403-5def-a927-992c7dcde8e5.jpg,ok,2026-09-17T01:51:47.288316+00:00
efb1ee40-3e42-5c44-98a1-a177d8273cd4,익스첼 합정본점,https://ojbeahxvvvacnvhviihi.supabase.co/storage/v1/object/public/images/places/efb1ee40-3e42-5c44-98a1-a177d8273cd4.jpg,ok,2026-09-17T01:52:13.990235+00:00
f2626f5d-286e-5e64-ab09-351898f993e8,저스티나,https://ojbeahxvvvacnvhviihi.supabase.co/storage/v1/object/public/images/places/f2626f5d-286e-5e64-ab09-351898f993e8.jpg,ok,2026-09-17T01:52:35.661998+00:00
46623878-570e-58ef-bcf4-286d9f42641c,각시보쌈 합정본점,https://ojbeahxvvvacnvhviihi.supabase.co/storage/v1/object/public/images/places/46623878-570e-58ef-bcf4-286d9f42641c.jpg,ok,2026-09-17T01:52:53.505266+00:00
28fa2981-e4ba-5e44-add3-d798886ca513,풍류각,https://ojbeahxvvvacnvhviihi.supabase.co/storage/v1/object/public/images/places/28fa2981-e4ba-5e44-add3-d798886ca513.jpg,ok,2026-09-17T01:53:06.283340+00:00
6c91cb5b-4525-51f6-aad2-cb50a80db231,초월양곱창,https://ojbeahxvvvacnvhviihi.supabase.co/storage/v1/object/public/images/places/6c91cb5b-4525-51f6-aad2-cb50a80db231.jpg,ok,2026-09-17T01:53:18.625834+00:00
d3c646bf-0be5-59ca-baf8-93f2365f3249,청어람 망원본점,https://ojbeahxvvvacnvhviihi.supabase.co/storage/v1/object/public/images/places/d3c646bf-0be5-59ca-baf8-93f2365f3249.jpg,ok,2026-09-17T01:53:32.378562+00:00
fbf27806-2a2d-506f-8cf7-d666f8e8c064,섬수산,https://ojbeahxvvvacnvhviihi.supabase.co/storage/v1/object/public/images/places/fbf27806-2a2d-506f-8cf7-d666f8e8c064.jpg,ok,2026-09-17T01:53:52.224763+00:00
0d1ac2da-1bc6-501f-bc8b-f284c28e70f7,망원동즉석우동 본점,https://ojbeahxvvvacnvhviihi.supabase.co/storage/v1/object/public/images/places/0d1ac2da-1bc6-501f-bc8b-f284c28e70f7.jpg,ok,2026-09-17T01:54:09.365706+00:00
099b4f8e-827a-5a2d-8c1c-6f9c5230f634,바삭마차,https://ojbeahxvvvacnvhviihi.supabase.co/storage/v1/object/public/images/places/099b4f8e-827a-5a2d-8c1c-6f9c5230f634.jpg,ok,2026-09-17T01:54:22.974113+00:00
75aab1ee-be29-5624-a7df-3d72ba078429,가원 망원본점,https://ojbeahxvvvacnvhviihi.supabase.co/storage/v1/object/public/images/places/75aab1ee-be29-5624-a7df-3d72ba078429.jpg,ok,2026-09-17T01:54:49.413387+00:00
7e6feb5a-5aeb-5ae3-afe2-f9c8458cd411,양과 아이들 망원점,https://ojbeahxvvvacnvhviihi.supabase.co/storage/v1/object/public/images/places/7e6feb5a-5aeb-5ae3-afe2-f9c8458cd411.jpg,ok,2026-09-17T01:55:11.747970+00:00
fc254da0-aeac-58e3-89f4-8d67d7fc1f72,덕클 망원점,https://ojbeahxvvvacnvhviihi.supabase.co/storage/v1/object/public/images/places/fc254da0-aeac-58e3-89f4-8d67d7fc1f72.jpg,ok,2026-09-17T01:55:35.670293+00:00
4616b690-d04b-5e70-8428-3315ffe06ce0,만두란,https://ojbeahxvvvacnvhviihi.supabase.co/storage/v1/object/public/images/places/4616b690-d04b-5e70-8428-3315ffe06ce0.jpg,ok,2026-09-17T01:56:00.644474+00:00
99af12e7-682d-5217-8a5e-3c3bc706b434,타코닷 망원시장본점,https://ojbeahxvvvacnvhviihi.supabase.co/storage/v1/object/public/images/places/99af12e7-682d-5217-8a5e-3c3bc706b434.jpg,ok,2026-09-17T01:56:17.806268+00:00
64a09aa4-f0d6-58b1-980b-97e2be7086f2,따식 갈비파스타,,error,2026-09-17T01:56:34.766228+00:00
7c8cce8d-8935-50be-9a47-ca41f95d3e3e,버거킹 마포구청역점,https://ojbeahxvvvacnvhviihi.supabase.co/storage/v1/object/public/images/places/7c8cce8d-8935-50be-9a47-ca41f95d3e3e.jpg,ok,2026-09-17T01:59:21.405938+00:00
ce21bf48-1d32-5b5f-9bb6-0ed889c48bf4,소금집델리 망원,https://ojbeahxvvvacnvhviihi.supabase.co/storage/v1/object/public/images/places/ce21bf48-1d32-5b5f-9bb6-0ed889c48bf4.jpg,ok,2026-09-17T02:00:01.975646+00:00
e0be1122-8785-5d82-b74a-7a2cbe1a9494,싸다김밥 망원역점,https://ojbeahxvvvacnvhviihi.supabase.co/storage/v1/object/public/images/places/e0be1122-8785-5d82-b74a-7a2cbe1a9494.jpg,ok,2026-09-17T02:00:18.774636+00:00
340c8b03-5d5f-5e40-944f-0648a223cd4d,송이네,https://ojbeahxvvvacnvhviihi.supabase.co/storage/v1/object/public/images/places/340c8b03-5d5f-5e40-944f-0648a223cd4d.jpg,ok,2026-09-17T02:00:41.703992+00:00
1476dc81-8b9a-5af1-a9fb-e1f816095791,부산대원어묵,https://ojbeahxvvvacnvhviihi.supabase.co/storage/v1/object/public/images/places/1476dc81-8b9a-5af1-a9fb-e1f816095791.jpg,ok,2026-09-17T02:01:00.898235+00:00
c7b242ce-bc2f-5e28-a52c-dd3df3059721,명랑핫도그 망원역점,https://ojbeahxvvvacnvhviihi.supabase.co/storage/v1/object/public/images/places/c7b242ce-bc2f-5e28-a52c-dd3df3059721.jpg,ok,2026-09-17T02:01:14.623747+00:00
d5284e21-b244-5274-a32a-643ee85e33e7,비캔드,,blocked,2026-09-17T02:01:43.674521+00:00
aac95302-3107-5d6b-91a6-baacf97fa754,늘푸른식당,https://ojbeahxvvvacnvhviihi.supabase.co/storage/v1/object/public/images/places/aac95302-3107-5d6b-91a6-baacf97fa754.jpg,ok,2026-09-17T08:28:40.808831+00:00
7b8a722c-d3b7-507f-875f-7c8a976aa3f0,경이네회포차,https://ojbeahxvvvacnvhviihi.supabase.co/storage/v1/object/public/images/places/7b8a722c-d3b7-507f-875f-7c8a976aa3f0.jpg,ok,2026-09-17T08:29:01.188073+00:00
f662284c-ce15-511d-a3d1-bea8914ca5f5,지코인 코인노래방 & 포톤네컷 마포공덕점,https://ojbeahxvvvacnvhviihi.supabase.co/storage/v1/object/public/images/places/f662284c-ce15-511d-a3d1-bea8914ca5f5.jpg,ok,2026-09-17T08:29:14.795959+00:00
398bdd8b-7554-5b0b-b2f1-e97b9732f885,큐스테이지 피씨카페,https://ojbeahxvvvacnvhviihi.supabase.co/storage/v1/object/public/images/places/398bdd8b-7554-5b0b-b2f1-e97b9732f885.jpg,ok,2026-09-17T08:29:34.561269+00:00
64a09aa4-f0d6-58b1-980b-97e2be7086f2,따식 갈비파스타,https://ojbeahxvvvacnvhviihi.supabase.co/storage/v1/object/public/images/places/64a09aa4-f0d6-58b1-980b-97e2be7086f2.jpg,ok,2026-09-17T08:29:49.145378+00:00
fac33ec4-7eae-5afe-951e-5452e7be6b23,광합성카페,https://ojbeahxvvvacnvhviihi.supabase.co/storage/v1/object/public/images/places/fac33ec4-7eae-5afe-951e-5452e7be6b23.jpg,ok,2026-09-17T08:30:09.416148+00:00
f0ea420a-5dca-5f1c-936d-daf9b34d4771,뱃놀이,https://ojbeahxvvvacnvhviihi.supabase.co/storage/v1/object/public/images/places/f0ea420a-5dca-5f1c-936d-daf9b34d4771.jpg,ok,2026-09-17T08:30:26.109383+00:00
33d3db83-4c70-5b22-a0bc-919db753ed0f,기글스 망원,https://ojbeahxvvvacnvhviihi.supabase.co/storage/v1/object/public/images/places/33d3db83-4c70-5b22-a0bc-919db753ed0f.jpg,ok,2026-09-17T08:30:39.119014+00:00
12def897-9757-5619-a1ad-b31c1f8dd776,일등식당,https://ojbeahxvvvacnvhviihi.supabase.co/storage/v1/object/public/images/places/12def897-9757-5619-a1ad-b31c1f8dd776.jpg,ok,2026-09-17T08:30:56.304311+00:00
07ad35ba-60df-557a-979a-7b7b0a01e30f,망원떡갈비,https://ojbeahxvvvacnvhviihi.supabase.co/storage/v1/object/public/images/places/07ad35ba-60df-557a-979a-7b7b0a01e30f.jpg,ok,2026-09-17T08:31:19.390812+00:00
7c9de85e-7f98-57f7-9d04-f74d17245e2e,육미안 연남점,https://ojbeahxvvvacnvhviihi.supabase.co/storage/v1/object/public/images/places/7c9de85e-7f98-57f7-9d04-f74d17245e2e.jpg,ok,2026-09-17T08:31:44.449277+00:00
12eeef33-82fc-5ee2-ac3b-ea1d2aad52c6,화설 연남본점,https://ojbeahxvvvacnvhviihi.supabase.co/storage/v1/object/public/images/places/12eeef33-82fc-5ee2-ac3b-ea1d2aad52c6.jpg,ok,2026-09-17T08:32:03.907687+00:00
ca6fbdfc-2b48-57c5-aa8b-b5c09912f092,감나무집기사식당,https://ojbeahxvvvacnvhviihi.supabase.co/storage/v1/object/public/images/places/ca6fbdfc-2b48-57c5-aa8b-b5c09912f092.jpg,ok,2026-09-17T08:32:16.186502+00:00
1380c974-1657-5dd9-ad7e-157c8902e86c,바다회사랑 연남점,https://ojbeahxvvvacnvhviihi.supabase.co/storage/v1/object/public/images/places/1380c974-1657-5dd9-ad7e-157c8902e86c.jpg,ok,2026-09-17T08:32:37.518253+00:00
d8356907-4697-551e-916e-8f2c566fe622,초이다이닝,https://ojbeahxvvvacnvhviihi.supabase.co/storage/v1/object/public/images/places/d8356907-4697-551e-916e-8f2c566fe622.jpg,ok,2026-09-17T08:32:55.373507+00:00
864df612-1d87-571e-8305-f09dc5b67964,요미우돈교자 연남점,https://ojbeahxvvvacnvhviihi.supabase.co/storage/v1/object/public/images/places/864df612-1d87-571e-8305-f09dc5b67964.jpg,ok,2026-09-17T08:33:15.596490+00:00
cd008562-f60e-5cb4-8143-32e482e7def0,저스트텐동 연남본점,https://ojbeahxvvvacnvhviihi.supabase.co/storage/v1/object/public/images/places/cd008562-f60e-5cb4-8143-32e482e7def0.jpg,ok,2026-09-17T08:33:41.738908+00:00
b4097ad8-3ad9-5509-8e9a-9066540e947c,미미램양꼬치 홍대점,https://ojbeahxvvvacnvhviihi.supabase.co/storage/v1/object/public/images/places/b4097ad8-3ad9-5509-8e9a-9066540e947c.jpg,ok,2026-09-17T08:34:00.451328+00:00
229f43d3-e0d3-5e04-bf6d-0e88362c20ab,연교,https://ojbeahxvvvacnvhviihi.supabase.co/storage/v1/object/public/images/places/229f43d3-e0d3-5e04-bf6d-0e88362c20ab.jpg,ok,2026-09-17T08:34:14.514629+00:00
2a6b3509-868f-5ad1-bbb2-d7cd059652af,가원 연남점,https://ojbeahxvvvacnvhviihi.supabase.co/storage/v1/object/public/images/places/2a6b3509-868f-5ad1-bbb2-d7cd059652af.jpg,ok,2026-09-17T08:34:40.915418+00:00
f28df860-7a6c-5a4f-89fd-4d6ea42cde12,판다딤섬,https://ojbeahxvvvacnvhviihi.supabase.co/storage/v1/object/public/images/places/f28df860-7a6c-5a4f-89fd-4d6ea42cde12.jpg,ok,2026-09-17T08:34:54.595820+00:00
50c47411-d020-5683-8e89-3fb24fe91e8e,몽중식,https://ojbeahxvvvacnvhviihi.supabase.co/storage/v1/object/public/images/places/50c47411-d020-5683-8e89-3fb24fe91e8e.jpg,ok,2026-09-17T08:35:14.141077+00:00
990f7ec7-9930-54c9-95e7-00d01964ca7f,연남토마 본점,https://ojbeahxvvvacnvhviihi.supabase.co/storage/v1/object/public/images/places/990f7ec7-9930-54c9-95e7-00d01964ca7f.jpg,ok,2026-09-17T08:35:32.863903+00:00
f3a0804a-cdb6-50c1-ac9a-cf20a8398a80,헤이죠지,https://ojbeahxvvvacnvhviihi.supabase.co/storage/v1/object/public/images/places/f3a0804a-cdb6-50c1-ac9a-cf20a8398a80.jpg,ok,2026-09-17T08:35:59.511734+00:00
32761731-ec08-5ba3-82a1-1c2778d9b5f2,그동네떡볶이 연남점,https://ojbeahxvvvacnvhviihi.supabase.co/storage/v1/object/public/images/places/32761731-ec08-5ba3-82a1-1c2778d9b5f2.jpg,ok,2026-09-17T08:36:17.166750+00:00
88c5d0c5-27c1-5fb8-9761-d4a86832e8ce,올바른김밥,https://ojbeahxvvvacnvhviihi.supabase.co/storage/v1/object/public/images/places/88c5d0c5-27c1-5fb8-9761-d4a86832e8ce.jpg,ok,2026-09-17T08:36:40.211194+00:00
43fff74d-32b8-5202-916d-cbc1348bc407,우리할매떡볶이 연남점,https://ojbeahxvvvacnvhviihi.supabase.co/storage/v1/object/public/images/places/43fff74d-32b8-5202-916d-cbc1348bc407.jpg,ok,2026-09-17T08:36:52.198280+00:00
a5c16c6f-cc03-58af-ad1d-14910d02525a,홍쌤떡볶이 연남점,https://ojbeahxvvvacnvhviihi.supabase.co/storage/v1/object/public/images/places/a5c16c6f-cc03-58af-ad1d-14910d02525a.jpg,ok,2026-09-17T08:37:09.503770+00:00
3e8272f8-1802-56e9-af48-4a3e3e604df4,보스김밥,https://ojbeahxvvvacnvhviihi.supabase.co/storage/v1/object/public/images/places/3e8272f8-1802-56e9-af48-4a3e3e604df4.jpg,ok,2026-09-17T08:37:23.845198+00:00
69f743dd-2021-5fcd-a3f4-e4bddc3af8e0,치플레,https://ojbeahxvvvacnvhviihi.supabase.co/storage/v1/object/public/images/places/69f743dd-2021-5fcd-a3f4-e4bddc3af8e0.jpg,ok,2026-09-17T08:37:42.550258+00:00
8a205dd9-7b91-5ff3-8d6a-9db548639463,아민 연남,https://ojbeahxvvvacnvhviihi.supabase.co/storage/v1/object/public/images/places/8a205dd9-7b91-5ff3-8d6a-9db548639463.jpg,ok,2026-09-17T08:38:02.220452+00:00
c22645bf-6722-55f5-b714-dcddd4f3ace7,양식구옥,https://ojbeahxvvvacnvhviihi.supabase.co/storage/v1/object/public/images/places/c22645bf-6722-55f5-b714-dcddd4f3ace7.jpg,ok,2026-09-17T08:38:24.293201+00:00
407bd253-5088-59f9-beba-a5e9aa16b630,해옫 연남,https://ojbeahxvvvacnvhviihi.supabase.co/storage/v1/object/public/images/places/407bd253-5088-59f9-beba-a5e9aa16b630.jpg,ok,2026-09-17T08:38:41.319711+00:00
1ea83649-c793-5748-b448-6aaeec9247a4,히포 브런치하우스,https://ojbeahxvvvacnvhviihi.supabase.co/storage/v1/object/public/images/places/1ea83649-c793-5748-b448-6aaeec9247a4.jpg,ok,2026-09-17T08:39:00.448719+00:00
bdf8bcfa-bc8d-5a0b-9b6c-2f0a60db7400,부추긴돼지,https://ojbeahxvvvacnvhviihi.supabase.co/storage/v1/object/public/images/places/bdf8bcfa-bc8d-5a0b-9b6c-2f0a60db7400.jpg,ok,2026-09-17T08:39:13.599544+00:00
e04b3e74-c59a-57f0-999d-a5367cbc735d,와이키키마켓,https://ojbeahxvvvacnvhviihi.supabase.co/storage/v1/object/public/images/places/e04b3e74-c59a-57f0-999d-a5367cbc735d.jpg,ok,2026-09-17T08:39:27.567830+00:00
11bf2f81-230d-5827-bd7f-9308cceaed74,핵밥 상암MBC점,https://ojbeahxvvvacnvhviihi.supabase.co/storage/v1/object/public/images/places/11bf2f81-230d-5827-bd7f-9308cceaed74.jpg,ok,2026-09-17T08:39:42.845780+00:00
6a5f3b46-cd77-5c61-a021-9985c1bed5e4,옥소반 상암점,https://ojbeahxvvvacnvhviihi.supabase.co/storage/v1/object/public/images/places/6a5f3b46-cd77-5c61-a021-9985c1bed5e4.jpg,ok,2026-09-17T08:40:02.501923+00:00
bce4d84d-bb86-54cf-8093-1230f6d88740,스시앤도시락,https://ojbeahxvvvacnvhviihi.supabase.co/storage/v1/object/public/images/places/bce4d84d-bb86-54cf-8093-1230f6d88740.jpg,ok,2026-09-17T08:40:21.534125+00:00
80f7ef3c-32de-5595-af19-78a6ce3f9cd7,다이닝원 상암점,https://ojbeahxvvvacnvhviihi.supabase.co/storage/v1/object/public/images/places/80f7ef3c-32de-5595-af19-78a6ce3f9cd7.jpg,ok,2026-09-17T08:40:39.603791+00:00
58f6d352-8f6a-54ca-a062-90991049d3d2,피슈마라홍탕 상암점,https://ojbeahxvvvacnvhviihi.supabase.co/storage/v1/object/public/images/places/58f6d352-8f6a-54ca-a062-90991049d3d2.jpg,ok,2026-09-17T08:40:58.688314+00:00
af310451-09c5-5151-9f0f-b2882a8cd709,서룡,https://ojbeahxvvvacnvhviihi.supabase.co/storage/v1/object/public/images/places/af310451-09c5-5151-9f0f-b2882a8cd709.jpg,ok,2026-09-17T08:41:20.288431+00:00
bf3e3d6b-cdee-5d30-b62c-dc27bc8ae550,용무있습니까 상암점,https://ojbeahxvvvacnvhviihi.supabase.co/storage/v1/object/public/images/places/bf3e3d6b-cdee-5d30-b62c-dc27bc8ae550.jpg,ok,2026-09-17T08:41:44.341051+00:00
6249c47a-9ea6-5989-985a-ffa4633b4c89,짜장인MINI 상암DMC점,https://ojbeahxvvvacnvhviihi.supabase.co/storage/v1/object/public/images/places/6249c47a-9ea6-5989-985a-ffa4633b4c89.jpg,ok,2026-09-17T08:42:02.461771+00:00
5901c8e1-a1bc-5069-ab99-82fccd368680,크라이치즈버거 상암점,https://ojbeahxvvvacnvhviihi.supabase.co/storage/v1/object/public/images/places/5901c8e1-a1bc-5069-ab99-82fccd368680.jpg,ok,2026-09-17T08:42:16.943072+00:00
28dfc060-bd52-5f79-a230-45b33d82d976,KFC 상암DMC,https://ojbeahxvvvacnvhviihi.supabase.co/storage/v1/object/public/images/places/28dfc060-bd52-5f79-a230-45b33d82d976.jpg,ok,2026-09-17T08:42:40.982467+00:00
0e3bd1b3-1a92-5347-9029-ea23dea7b3b0,파스타공작소,https://ojbeahxvvvacnvhviihi.supabase.co/storage/v1/object/public/images/places/0e3bd1b3-1a92-5347-9029-ea23dea7b3b0.jpg,ok,2026-09-17T08:42:58.590857+00:00
a254cfd0-0e8e-572f-a523-33071c282379,미도인 상암엠비씨,https://ojbeahxvvvacnvhviihi.supabase.co/storage/v1/object/public/images/places/a254cfd0-0e8e-572f-a523-33071c282379.jpg,ok,2026-09-17T08:43:12.141348+00:00
bb67fa72-0b5c-5e78-80f0-98309550b9e3,청담동마녀김밥 상암점,https://ojbeahxvvvacnvhviihi.supabase.co/storage/v1/object/public/images/places/bb67fa72-0b5c-5e78-80f0-98309550b9e3.jpg,ok,2026-09-17T08:43:29.288191+00:00
ddc504c7-9421-5ddb-8e83-a4f24d6898bc,삼형제김밥 상암점,https://ojbeahxvvvacnvhviihi.supabase.co/storage/v1/object/public/images/places/ddc504c7-9421-5ddb-8e83-a4f24d6898bc.jpg,ok,2026-09-17T08:43:47.542693+00:00
2b03242f-61f9-5711-aa42-f377fe441fdc,여우애 김밥 상암DMC점,https://ojbeahxvvvacnvhviihi.supabase.co/storage/v1/object/public/images/places/2b03242f-61f9-5711-aa42-f377fe441fdc.jpg,ok,2026-09-17T08:44:07.472743+00:00
9dea3ffc-5ebf-5b77-bac6-db774dca0533,김밥천국,https://ojbeahxvvvacnvhviihi.supabase.co/storage/v1/object/public/images/places/9dea3ffc-5ebf-5b77-bac6-db774dca0533.jpg,ok,2026-09-17T08:44:23.246656+00:00
0095c0a6-3c1c-54d8-a225-99a1dedf4f06,김가네 상암푸르지오점,https://ojbeahxvvvacnvhviihi.supabase.co/storage/v1/object/public/images/places/0095c0a6-3c1c-54d8-a225-99a1dedf4f06.jpg,ok,2026-09-17T08:44:48.398207+00:00
4cfbce73-f294-5400-85b2-1a542cbe4237,런이트,https://ojbeahxvvvacnvhviihi.supabase.co/storage/v1/object/public/images/places/4cfbce73-f294-5400-85b2-1a542cbe4237.jpg,ok,2026-09-17T08:45:07.781410+00:00
a7c0fd01-7990-5c00-b054-61788ff75c49,카페모임 마포상암,https://ojbeahxvvvacnvhviihi.supabase.co/storage/v1/object/public/images/places/a7c0fd01-7990-5c00-b054-61788ff75c49.jpg,ok,2026-09-17T08:45:25.368029+00:00
ae5ac534-a742-5524-af4a-5bee96aff1fa,탭샵바 상암MBC점,https://ojbeahxvvvacnvhviihi.supabase.co/storage/v1/object/public/images/places/ae5ac534-a742-5524-af4a-5bee96aff1fa.jpg,ok,2026-09-17T08:45:43.548710+00:00
b23eaf1c-11b6-5705-ac13-3f4e353685c3,프롬커피바 상암점,https://ojbeahxvvvacnvhviihi.supabase.co/storage/v1/object/public/images/places/b23eaf1c-11b6-5705-ac13-3f4e353685c3.jpg,ok,2026-09-17T08:46:04.906639+00:00
53eb6eee-25e2-5b0c-b256-c9f345a7ca5f,버거리 상암DMC점,https://ojbeahxvvvacnvhviihi.supabase.co/storage/v1/object/public/images/places/53eb6eee-25e2-5b0c-b256-c9f345a7ca5f.jpg,ok,2026-09-17T08:46:23.458938+00:00
7995fe18-5e80-5bc2-ad4c-66986edd611b,잠두봉더나인,https://ojbeahxvvvacnvhviihi.supabase.co/storage/v1/object/public/images/places/7995fe18-5e80-5bc2-ad4c-66986edd611b.jpg,ok,2026-09-17T08:46:49.432925+00:00
3826a7de-9396-5979-9286-e4ff7c672b9d,플러피 베이크샵,https://ojbeahxvvvacnvhviihi.supabase.co/storage/v1/object/public/images/places/3826a7de-9396-5979-9286-e4ff7c672b9d.jpg,ok,2026-09-17T08:47:16.531232+00:00
921cabbb-f88e-5544-81a7-7d4e0fb46fc7,플디 케이크하우스 공덕점,https://ojbeahxvvvacnvhviihi.supabase.co/storage/v1/object/public/images/places/921cabbb-f88e-5544-81a7-7d4e0fb46fc7.jpg,ok,2026-09-17T08:47:34.890653+00:00
ef5fa0de-f852-5bc8-967c-91cf64924929,영앤도터스 공덕점,https://ojbeahxvvvacnvhviihi.supabase.co/storage/v1/object/public/images/places/ef5fa0de-f852-5bc8-967c-91cf64924929.jpg,ok,2026-09-17T08:47:54.486229+00:00
8893d7ea-78d8-51dd-8136-e48e88344b2a,스트라다로스터스 공덕점,https://ojbeahxvvvacnvhviihi.supabase.co/storage/v1/object/public/images/places/8893d7ea-78d8-51dd-8136-e48e88344b2a.jpg,ok,2026-09-17T08:48:14.623033+00:00
41b6294d-5ca5-5fab-b4d7-9485f02584cd,크리핀,https://ojbeahxvvvacnvhviihi.supabase.co/storage/v1/object/public/images/places/41b6294d-5ca5-5fab-b4d7-9485f02584cd.jpg,ok,2026-09-17T08:48:30.260466+00:00
f1251a99-128e-51c6-971b-f0beb91c58c3,쌀베베 공덕점,https://ojbeahxvvvacnvhviihi.supabase.co/storage/v1/object/public/images/places/f1251a99-128e-51c6-971b-f0beb91c58c3.jpg,ok,2026-09-17T08:48:52.444194+00:00
eae657ff-b7ac-53e7-b334-cd96b168ff88,Staywell cafe,https://ojbeahxvvvacnvhviihi.supabase.co/storage/v1/object/public/images/places/eae657ff-b7ac-53e7-b334-cd96b168ff88.jpg,ok,2026-09-17T08:49:15.271405+00:00
a4a694b0-e898-561d-a73c-b7eb1c961c4c,포멜로빈 공덕점,https://ojbeahxvvvacnvhviihi.supabase.co/storage/v1/object/public/images/places/a4a694b0-e898-561d-a73c-b7eb1c961c4c.jpg,ok,2026-09-17T08:49:35.800422+00:00
086a7754-2e1d-5cd2-9609-149b225e51ae,수더분,https://ojbeahxvvvacnvhviihi.supabase.co/storage/v1/object/public/images/places/086a7754-2e1d-5cd2-9609-149b225e51ae.jpg,ok,2026-09-17T08:50:00.208364+00:00
9940559f-c87b-5e9a-a0f7-eecf12270a7d,다녹,https://ojbeahxvvvacnvhviihi.supabase.co/storage/v1/object/public/images/places/9940559f-c87b-5e9a-a0f7-eecf12270a7d.jpg,ok,2026-09-17T08:50:16.157098+00:00
1691590c-cb7d-5e91-9650-2587b93c9e0d,이너커피공덕,https://ojbeahxvvvacnvhviihi.supabase.co/storage/v1/object/public/images/places/1691590c-cb7d-5e91-9650-2587b93c9e0d.jpg,ok,2026-09-17T08:50:26.908319+00:00
08a95adf-b882-514f-807f-2f2a2166f55d,베로커피,https://ojbeahxvvvacnvhviihi.supabase.co/storage/v1/object/public/images/places/08a95adf-b882-514f-807f-2f2a2166f55d.jpg,ok,2026-09-17T08:50:45.902790+00:00
56a08689-233f-5697-8be0-8b8a325d2a6c,카페미우,https://ojbeahxvvvacnvhviihi.supabase.co/storage/v1/object/public/images/places/56a08689-233f-5697-8be0-8b8a325d2a6c.jpg,ok,2026-09-17T08:51:07.867650+00:00
2aba61bc-8f7b-5393-91d8-e91fc01dd978,우수,https://ojbeahxvvvacnvhviihi.supabase.co/storage/v1/object/public/images/places/2aba61bc-8f7b-5393-91d8-e91fc01dd978.jpg,ok,2026-09-17T08:51:20.034999+00:00
0590d025-cb9f-5e97-8d3a-e58ae02b4b2c,호랭이곳간 공덕점,https://ojbeahxvvvacnvhviihi.supabase.co/storage/v1/object/public/images/places/0590d025-cb9f-5e97-8d3a-e58ae02b4b2c.jpg,ok,2026-09-17T08:51:44.371872+00:00
d6658e77-b052-56e4-a991-94ce8792ed75,모던샤브하우스 공덕점,https://ojbeahxvvvacnvhviihi.supabase.co/storage/v1/object/public/images/places/d6658e77-b052-56e4-a991-94ce8792ed75.jpg,ok,2026-09-17T08:52:02.439159+00:00
33f94f7a-e44e-545a-b6b8-8af7aa0be5d5,서리원 마포본점,https://ojbeahxvvvacnvhviihi.supabase.co/storage/v1/object/public/images/places/33f94f7a-e44e-545a-b6b8-8af7aa0be5d5.jpg,ok,2026-09-17T08:52:16.938481+00:00
f2616a36-cef2-5635-9fe6-2a9df24f1aac,토우슈,https://ojbeahxvvvacnvhviihi.supabase.co/storage/v1/object/public/images/places/f2616a36-cef2-5635-9fe6-2a9df24f1aac.jpg,ok,2026-09-17T08:52:37.640718+00:00
a3286e07-a37c-522f-8a38-17428163a2ca,하노루,https://ojbeahxvvvacnvhviihi.supabase.co/storage/v1/object/public/images/places/a3286e07-a37c-522f-8a38-17428163a2ca.jpg,ok,2026-09-17T08:52:53.074981+00:00
22143823-bb75-53ae-99cf-ccae9f7e8b08,돈카츠 준,https://ojbeahxvvvacnvhviihi.supabase.co/storage/v1/object/public/images/places/22143823-bb75-53ae-99cf-ccae9f7e8b08.jpg,ok,2026-09-17T08:53:15.425090+00:00
326257ba-8323-5401-a6c9-a3a42c7feaac,신성각,https://ojbeahxvvvacnvhviihi.supabase.co/storage/v1/object/public/images/places/326257ba-8323-5401-a6c9-a3a42c7feaac.jpg,ok,2026-09-17T08:53:40.511577+00:00
791bee8e-c5a2-5e89-ab14-b58c4fec93ca,명원,https://ojbeahxvvvacnvhviihi.supabase.co/storage/v1/object/public/images/places/791bee8e-c5a2-5e89-ab14-b58c4fec93ca.jpg,ok,2026-09-17T08:53:56.256235+00:00
bfdccf58-3fdc-5998-afdd-b810e0135beb,화림,https://ojbeahxvvvacnvhviihi.supabase.co/storage/v1/object/public/images/places/bfdccf58-3fdc-5998-afdd-b810e0135beb.jpg,ok,2026-09-17T08:54:14.496156+00:00
0a31b37f-ae23-52b7-a8a4-1a09e814eaff,승환이네,https://ojbeahxvvvacnvhviihi.supabase.co/storage/v1/object/public/images/places/0a31b37f-ae23-52b7-a8a4-1a09e814eaff.jpg,ok,2026-09-17T08:54:34.322206+00:00
798b2a5a-152d-5275-ae05-2da3f62f41d1,청명,https://ojbeahxvvvacnvhviihi.supabase.co/storage/v1/object/public/images/places/798b2a5a-152d-5275-ae05-2da3f62f41d1.jpg,ok,2026-09-17T08:54:49.725342+00:00
b3e82e34-d2ea-5caf-85cb-f01688f05b86,VIVO PIZZA 공덕점,https://ojbeahxvvvacnvhviihi.supabase.co/storage/v1/object/public/images/places/b3e82e34-d2ea-5caf-85cb-f01688f05b86.jpg,ok,2026-09-17T08:55:12.919328+00:00
be0addf8-cdd8-57f3-85d6-0ef77a9c7eb1,경성떡볶이,https://ojbeahxvvvacnvhviihi.supabase.co/storage/v1/object/public/images/places/be0addf8-cdd8-57f3-85d6-0ef77a9c7eb1.jpg,ok,2026-09-17T08:55:25.055027+00:00
0809ce8f-e4d2-57ce-b4d9-66455e0a719d,삼청당 공덕점,https://ojbeahxvvvacnvhviihi.supabase.co/storage/v1/object/public/images/places/0809ce8f-e4d2-57ce-b4d9-66455e0a719d.jpg,ok,2026-09-17T08:55:48.278106+00:00
836ba7fa-ca01-5921-ac28-a9dab4ef553b,모먼트델리샵,https://ojbeahxvvvacnvhviihi.supabase.co/storage/v1/object/public/images/places/836ba7fa-ca01-5921-ac28-a9dab4ef553b.jpg,ok,2026-09-17T08:56:11.034055+00:00
c051ac39-0408-5d2c-90d9-df756079f781,3.5cm왕소금구이,https://ojbeahxvvvacnvhviihi.supabase.co/storage/v1/object/public/images/places/c051ac39-0408-5d2c-90d9-df756079f781.jpg,ok,2026-09-17T08:56:30.640172+00:00
39ecb7b6-d1ef-58de-9a3c-93d1ea68e33e,영동숯불집,https://ojbeahxvvvacnvhviihi.supabase.co/storage/v1/object/public/images/places/39ecb7b6-d1ef-58de-9a3c-93d1ea68e33e.jpg,ok,2026-09-17T08:56:44.180724+00:00
0f9ec7b1-a627-51fd-8f14-396d253e966f,야키니쿠 찰나,https://ojbeahxvvvacnvhviihi.supabase.co/storage/v1/object/public/images/places/0f9ec7b1-a627-51fd-8f14-396d253e966f.jpg,ok,2026-09-17T08:56:57.533051+00:00
25c1a4d7-387a-5f2e-8ffc-241b6aa3609b,화이트리에 공덕점,https://ojbeahxvvvacnvhviihi.supabase.co/storage/v1/object/public/images/places/25c1a4d7-387a-5f2e-8ffc-241b6aa3609b.jpg,ok,2026-09-17T08:57:12.616078+00:00
fea799ba-7604-568e-82be-41e9e17262dc,카페 테바,https://ojbeahxvvvacnvhviihi.supabase.co/storage/v1/object/public/images/places/fea799ba-7604-568e-82be-41e9e17262dc.jpg,ok,2026-09-17T08:57:38.244801+00:00
e4944d04-2e50-52e9-b69b-05f4a4e2a6ac,삼정카페,https://ojbeahxvvvacnvhviihi.supabase.co/storage/v1/object/public/images/places/e4944d04-2e50-52e9-b69b-05f4a4e2a6ac.jpg,ok,2026-09-17T08:58:01.805092+00:00
b9007876-e1dc-5674-9702-2104d404fcca,커피루소 정동,https://ojbeahxvvvacnvhviihi.supabase.co/storage/v1/object/public/images/places/b9007876-e1dc-5674-9702-2104d404fcca.jpg,ok,2026-09-17T08:58:21.477289+00:00
318d7a82-39f2-5798-8da7-4510548ad71d,브레들리베이커리,https://ojbeahxvvvacnvhviihi.supabase.co/storage/v1/object/public/images/places/318d7a82-39f2-5798-8da7-4510548ad71d.jpg,ok,2026-09-17T08:58:37.310315+00:00
c92c0523-1d0c-51a4-90a2-a7ce571705be,빵을집다,https://ojbeahxvvvacnvhviihi.supabase.co/storage/v1/object/public/images/places/c92c0523-1d0c-51a4-90a2-a7ce571705be.jpg,ok,2026-09-17T08:58:48.665222+00:00
3ed8edae-56f2-5122-a105-ea3e6b5fa146,뚜봉,https://ojbeahxvvvacnvhviihi.supabase.co/storage/v1/object/public/images/places/3ed8edae-56f2-5122-a105-ea3e6b5fa146.jpg,ok,2026-09-17T08:59:05.926026+00:00
42b72d84-1c8c-5be8-bcc4-ddd06fc1a2f8,아도르베이커리,https://ojbeahxvvvacnvhviihi.supabase.co/storage/v1/object/public/images/places/42b72d84-1c8c-5be8-bcc4-ddd06fc1a2f8.jpg,ok,2026-09-17T08:59:17.016184+00:00
f9f537d6-1b84-5908-85c1-61334f9fae39,오티오커피,https://ojbeahxvvvacnvhviihi.supabase.co/storage/v1/object/public/images/places/f9f537d6-1b84-5908-85c1-61334f9fae39.jpg,ok,2026-09-17T08:59:35.681956+00:00
782e656b-bcb8-5658-9464-3b2fd964f567,보스코에스프레소,https://ojbeahxvvvacnvhviihi.supabase.co/storage/v1/object/public/images/places/782e656b-bcb8-5658-9464-3b2fd964f567.jpg,ok,2026-09-17T08:59:54.459858+00:00
45a107d7-1f9f-5d2e-8de1-d22a1868af00,카페4293 이대본점,https://ojbeahxvvvacnvhviihi.supabase.co/storage/v1/object/public/images/places/45a107d7-1f9f-5d2e-8de1-d22a1868af00.jpg,ok,2026-09-17T09:00:07.974617+00:00
8b3c394e-c121-566c-bf63-d5fe0e0e2c10,밀밭정원,https://ojbeahxvvvacnvhviihi.supabase.co/storage/v1/object/public/images/places/8b3c394e-c121-566c-bf63-d5fe0e0e2c10.jpg,ok,2026-09-17T09:00:20.204012+00:00
e9dc1722-5033-5b37-b5c2-3a362f85a40e,이자카야 아오네,https://ojbeahxvvvacnvhviihi.supabase.co/storage/v1/object/public/images/places/e9dc1722-5033-5b37-b5c2-3a362f85a40e.jpg,ok,2026-09-17T09:00:38.333218+00:00
e2b60db5-ccf2-5c47-a946-bfbf2daaf9dc,경수사,https://ojbeahxvvvacnvhviihi.supabase.co/storage/v1/object/public/images/places/e2b60db5-ccf2-5c47-a946-bfbf2daaf9dc.jpg,ok,2026-09-17T09:00:49.734379+00:00
42bae5a7-f2a7-5900-b498-7d396c8e4019,베어스타코 아현공덕점,https://ojbeahxvvvacnvhviihi.supabase.co/storage/v1/object/public/images/places/42bae5a7-f2a7-5900-b498-7d396c8e4019.jpg,ok,2026-09-17T09:01:10.389416+00:00
02e47fce-85ed-56c8-8111-c784255997e6,피나치공 마포아현점,https://ojbeahxvvvacnvhviihi.supabase.co/storage/v1/object/public/images/places/02e47fce-85ed-56c8-8111-c784255997e6.jpg,ok,2026-09-17T09:01:27.265035+00:00
ff7450da-a080-56d7-b0c3-9f1d4371c1a1,마포분식,https://ojbeahxvvvacnvhviihi.supabase.co/storage/v1/object/public/images/places/ff7450da-a080-56d7-b0c3-9f1d4371c1a1.jpg,ok,2026-09-17T09:01:49.822240+00:00
b6cd1122-f98e-547e-b506-8fabb8d79dfe,범벅집,https://ojbeahxvvvacnvhviihi.supabase.co/storage/v1/object/public/images/places/b6cd1122-f98e-547e-b506-8fabb8d79dfe.jpg,ok,2026-09-17T09:02:14.600257+00:00
4f001eae-13ea-5494-b147-1e579c9ee522,콤바크,https://ojbeahxvvvacnvhviihi.supabase.co/storage/v1/object/public/images/places/4f001eae-13ea-5494-b147-1e579c9ee522.jpg,ok,2026-09-17T09:02:32.322671+00:00
dfdae956-2883-524a-b0ae-4bf2ff7c2e2c,오드하우스,https://ojbeahxvvvacnvhviihi.supabase.co/storage/v1/object/public/images/places/dfdae956-2883-524a-b0ae-4bf2ff7c2e2c.jpg,ok,2026-09-17T09:02:45.065494+00:00
e9fffec7-8521-564f-a385-fddc53fc8ed0,오와케이크 이대직영점,https://ojbeahxvvvacnvhviihi.supabase.co/storage/v1/object/public/images/places/e9fffec7-8521-564f-a385-fddc53fc8ed0.jpg,ok,2026-09-17T09:03:00.622441+00:00
32655869-8863-56d6-84cb-8a825d8fd6ab,메가MGC커피 이대역사거리점,https://ojbeahxvvvacnvhviihi.supabase.co/storage/v1/object/public/images/places/32655869-8863-56d6-84cb-8a825d8fd6ab.jpg,ok,2026-09-17T09:03:17.569679+00:00
4bdb5d3e-307a-5e35-8029-0e38a607f43c,썬마이야르,https://ojbeahxvvvacnvhviihi.supabase.co/storage/v1/object/public/images/places/4bdb5d3e-307a-5e35-8029-0e38a607f43c.jpg,ok,2026-09-17T09:03:37.819899+00:00
7042fb45-a6e7-58e0-a63e-75d91a3112c3,비버베이크샵,https://ojbeahxvvvacnvhviihi.supabase.co/storage/v1/object/public/images/places/7042fb45-a6e7-58e0-a63e-75d91a3112c3.jpg,ok,2026-09-17T09:03:57.464125+00:00
75709b36-742b-5ca7-b2b5-c183599229b1,다소니,https://ojbeahxvvvacnvhviihi.supabase.co/storage/v1/object/public/images/places/75709b36-742b-5ca7-b2b5-c183599229b1.jpg,ok,2026-09-17T09:04:11.357933+00:00
14445023-7660-5c18-8aee-5195c3ce238c,파리바게뜨 마포염리점,https://ojbeahxvvvacnvhviihi.supabase.co/storage/v1/object/public/images/places/14445023-7660-5c18-8aee-5195c3ce238c.jpg,ok,2026-09-17T09:04:30.616484+00:00
9dee5014-e5c5-5b9d-9133-72c7f06f361f,르네상스 베이커리,https://ojbeahxvvvacnvhviihi.supabase.co/storage/v1/object/public/images/places/9dee5014-e5c5-5b9d-9133-72c7f06f361f.jpg,ok,2026-09-17T09:04:55.473907+00:00
3ddb1f20-37a7-5c63-9ed8-8736121352a4,파리바게뜨 이대자이점,https://ojbeahxvvvacnvhviihi.supabase.co/storage/v1/object/public/images/places/3ddb1f20-37a7-5c63-9ed8-8736121352a4.jpg,ok,2026-09-17T09:05:09.209166+00:00
205fb86e-8354-58c3-82ee-d7d6b3b3eb30,오프더시티,https://ojbeahxvvvacnvhviihi.supabase.co/storage/v1/object/public/images/places/205fb86e-8354-58c3-82ee-d7d6b3b3eb30.jpg,ok,2026-09-17T09:05:28.339902+00:00
88fd3270-60a0-5421-84fb-a859a518dceb,파닭파닭,https://ojbeahxvvvacnvhviihi.supabase.co/storage/v1/object/public/images/places/88fd3270-60a0-5421-84fb-a859a518dceb.jpg,ok,2026-09-17T09:05:47.704086+00:00
c487ceaa-f703-5f7b-a8f3-6d8f62f696d0,제철담은 마포바다,https://ojbeahxvvvacnvhviihi.supabase.co/storage/v1/object/public/images/places/c487ceaa-f703-5f7b-a8f3-6d8f62f696d0.jpg,ok,2026-09-17T09:06:10.418581+00:00
bca5bb81-515b-5a04-85b9-da28746ae983,대장육 마포점,https://ojbeahxvvvacnvhviihi.supabase.co/storage/v1/object/public/images/places/bca5bb81-515b-5a04-85b9-da28746ae983.jpg,ok,2026-09-17T09:06:25.905771+00:00
6a82a81b-b3cc-5436-b753-277fc250e9af,동휴,https://ojbeahxvvvacnvhviihi.supabase.co/storage/v1/object/public/images/places/6a82a81b-b3cc-5436-b753-277fc250e9af.jpg,ok,2026-09-17T09:06:38.393876+00:00
3daba253-bd14-5fa4-8a8c-29d605e62a1f,오스테리아카도,https://ojbeahxvvvacnvhviihi.supabase.co/storage/v1/object/public/images/places/3daba253-bd14-5fa4-8a8c-29d605e62a1f.jpg,ok,2026-09-17T09:06:59.973270+00:00
b02abae9-765f-554d-a371-bf22175f301f,다다다 마포본점,https://ojbeahxvvvacnvhviihi.supabase.co/storage/v1/object/public/images/places/b02abae9-765f-554d-a371-bf22175f301f.jpg,ok,2026-09-17T09:07:20.212808+00:00
1275241f-6856-5a70-8be2-864c9c74f3a1,빌라토,https://ojbeahxvvvacnvhviihi.supabase.co/storage/v1/object/public/images/places/1275241f-6856-5a70-8be2-864c9c74f3a1.jpg,ok,2026-09-17T09:07:37.956113+00:00
0f2fab63-aea5-572d-93b8-020633f0724a,스마일 꼬마김밥,https://ojbeahxvvvacnvhviihi.supabase.co/storage/v1/object/public/images/places/0f2fab63-aea5-572d-93b8-020633f0724a.jpg,ok,2026-09-17T09:07:58.809606+00:00
e9ab2e80-71d4-5849-bad4-756d3752425d,강선생마포숯불갈비,https://ojbeahxvvvacnvhviihi.supabase.co/storage/v1/object/public/images/places/e9ab2e80-71d4-5849-bad4-756d3752425d.jpg,ok,2026-09-17T09:08:20.114442+00:00
d6e867bd-9dd0-579c-abbb-16073a07d7b0,콘피 합정점,https://ojbeahxvvvacnvhviihi.supabase.co/storage/v1/object/public/images/places/d6e867bd-9dd0-579c-abbb-16073a07d7b0.jpg,ok,2026-09-17T09:08:40.123874+00:00
ea66672b-3ad7-5cb0-8219-5801d773d462,멧커피 홍대점,https://ojbeahxvvvacnvhviihi.supabase.co/storage/v1/object/public/images/places/ea66672b-3ad7-5cb0-8219-5801d773d462.jpg,ok,2026-09-17T09:08:56.708260+00:00
7a1c044a-7c7e-51f3-a4ee-d48ac57d11d3,더 윈드,https://ojbeahxvvvacnvhviihi.supabase.co/storage/v1/object/public/images/places/7a1c044a-7c7e-51f3-a4ee-d48ac57d11d3.jpg,ok,2026-09-17T09:09:12.470875+00:00
c65b93f9-b7d4-5902-9178-92958a20d7d8,스타벅스 홍대공항철도역점,https://ojbeahxvvvacnvhviihi.supabase.co/storage/v1/object/public/images/places/c65b93f9-b7d4-5902-9178-92958a20d7d8.jpg,ok,2026-09-17T09:09:33.103440+00:00
f1c1cfd3-7fe0-5e8b-bcbd-f0f4fb8b16c7,훌리건 커피,https://ojbeahxvvvacnvhviihi.supabase.co/storage/v1/object/public/images/places/f1c1cfd3-7fe0-5e8b-bcbd-f0f4fb8b16c7.jpg,ok,2026-09-17T09:09:56.750150+00:00
5bb156f6-0f93-598a-9202-14007365e2cf,올라운드커피,https://ojbeahxvvvacnvhviihi.supabase.co/storage/v1/object/public/images/places/5bb156f6-0f93-598a-9202-14007365e2cf.jpg,ok,2026-09-17T09:10:10.590417+00:00
6c66e287-f21e-5812-b7eb-b26d6d0bc8b5,콜린,https://ojbeahxvvvacnvhviihi.supabase.co/storage/v1/object/public/images/places/6c66e287-f21e-5812-b7eb-b26d6d0bc8b5.jpg,ok,2026-09-17T09:10:25.925524+00:00
6658f50d-6287-5c14-aecd-992fd518a272,도피,https://ojbeahxvvvacnvhviihi.supabase.co/storage/v1/object/public/images/places/6658f50d-6287-5c14-aecd-992fd518a272.jpg,ok,2026-09-17T09:10:48.016622+00:00
e449931c-33dc-5553-b6f4-d029949aa771,코코넛박스 카페,https://ojbeahxvvvacnvhviihi.supabase.co/storage/v1/object/public/images/places/e449931c-33dc-5553-b6f4-d029949aa771.jpg,ok,2026-09-17T09:11:12.129291+00:00
e548cd97-061c-56f1-b894-f82e4d1003ef,김진환 제과점,https://ojbeahxvvvacnvhviihi.supabase.co/storage/v1/object/public/images/places/e548cd97-061c-56f1-b894-f82e4d1003ef.jpg,ok,2026-09-17T09:11:30.587468+00:00
756780dc-ed73-5b3e-95ad-f50f3ab5b51e,커피폴리,https://ojbeahxvvvacnvhviihi.supabase.co/storage/v1/object/public/images/places/756780dc-ed73-5b3e-95ad-f50f3ab5b51e.jpg,ok,2026-09-17T09:11:43.647175+00:00
ceab738a-0be9-5664-9682-b6feb09802ad,버터베이커리,https://ojbeahxvvvacnvhviihi.supabase.co/storage/v1/object/public/images/places/ceab738a-0be9-5664-9682-b6feb09802ad.jpg,ok,2026-09-17T09:11:58.683557+00:00
2ad10bce-b8e3-5630-aebd-acef39ebf593,더블유오앤,https://ojbeahxvvvacnvhviihi.supabase.co/storage/v1/object/public/images/places/2ad10bce-b8e3-5630-aebd-acef39ebf593.jpg,ok,2026-09-17T09:12:24.901760+00:00
a17f5395-e61e-5089-82e3-2c9f02d83a98,바이앤드커피,https://ojbeahxvvvacnvhviihi.supabase.co/storage/v1/object/public/images/places/a17f5395-e61e-5089-82e3-2c9f02d83a98.jpg,ok,2026-09-17T09:12:42.396250+00:00
88322650-ab73-5bb9-b255-9f9597fd1f1e,엘로커피바 합정,https://ojbeahxvvvacnvhviihi.supabase.co/storage/v1/object/public/images/places/88322650-ab73-5bb9-b255-9f9597fd1f1e.jpg,ok,2026-09-17T09:12:54.836652+00:00
4a8a3284-9616-5ad9-be63-4c932c64dc43,24시커피101,https://ojbeahxvvvacnvhviihi.supabase.co/storage/v1/object/public/images/places/4a8a3284-9616-5ad9-be63-4c932c64dc43.jpg,ok,2026-09-17T09:13:07.342598+00:00
6a424f43-e68f-5a52-a909-492cee21cba0,서원안길 합정,https://ojbeahxvvvacnvhviihi.supabase.co/storage/v1/object/public/images/places/6a424f43-e68f-5a52-a909-492cee21cba0.jpg,ok,2026-09-17T09:13:24.210184+00:00
5fcc81fd-a995-5496-8aaa-398990444fb4,피지피지 PZPZ,https://ojbeahxvvvacnvhviihi.supabase.co/storage/v1/object/public/images/places/5fcc81fd-a995-5496-8aaa-398990444fb4.jpg,ok,2026-09-17T09:13:36.923364+00:00
3fec201a-3f1d-598a-a710-e13f4e882376,꼬꼬랜드,https://ojbeahxvvvacnvhviihi.supabase.co/storage/v1/object/public/images/places/3fec201a-3f1d-598a-a710-e13f4e882376.jpg,ok,2026-09-17T09:13:51.172299+00:00
d1e344d3-3dd9-5d66-9356-764ed98692c4,친구훠궈 홍대점,https://ojbeahxvvvacnvhviihi.supabase.co/storage/v1/object/public/images/places/d1e344d3-3dd9-5d66-9356-764ed98692c4.jpg,ok,2026-09-17T09:14:09.834561+00:00
9fe2419e-ddda-50a2-a03c-de2e6861e53e,삼평식당 홍대본점,https://ojbeahxvvvacnvhviihi.supabase.co/storage/v1/object/public/images/places/9fe2419e-ddda-50a2-a03c-de2e6861e53e.jpg,ok,2026-09-17T09:14:25.193354+00:00
2d7982f7-d18d-5121-b0c0-b9d7db39e7a8,우동키노야 합정점,https://ojbeahxvvvacnvhviihi.supabase.co/storage/v1/object/public/images/places/2d7982f7-d18d-5121-b0c0-b9d7db39e7a8.jpg,ok,2026-09-17T09:14:40.621571+00:00
97123fca-b1ee-55c7-8709-0a5f0e8281df,피그바,https://ojbeahxvvvacnvhviihi.supabase.co/storage/v1/object/public/images/places/97123fca-b1ee-55c7-8709-0a5f0e8281df.jpg,ok,2026-09-17T09:14:54.977025+00:00
c3e33744-18e1-5897-9c55-ff943e461ded,밥장인 홍대점,https://ojbeahxvvvacnvhviihi.supabase.co/storage/v1/object/public/images/places/c3e33744-18e1-5897-9c55-ff943e461ded.jpg,ok,2026-09-17T09:15:11.171554+00:00
d2c9e1dd-8399-5d70-a6a6-7754679f47b5,이자카야무세이,https://ojbeahxvvvacnvhviihi.supabase.co/storage/v1/object/public/images/places/d2c9e1dd-8399-5d70-a6a6-7754679f47b5.jpg,ok,2026-09-17T09:15:33.701004+00:00
37b9214f-f37e-5f11-8273-caec51854d52,테즈쿠리 홍대본점,https://ojbeahxvvvacnvhviihi.supabase.co/storage/v1/object/public/images/places/37b9214f-f37e-5f11-8273-caec51854d52.jpg,ok,2026-09-17T09:15:46.180527+00:00
5a0a4883-108d-5c33-b375-331aae514a75,하카타나카,https://ojbeahxvvvacnvhviihi.supabase.co/storage/v1/object/public/images/places/5a0a4883-108d-5c33-b375-331aae514a75.jpg,ok,2026-09-17T09:15:58.405506+00:00
5e7c86cd-39f9-573e-8962-4e33ad823618,치쿠린 서울,https://ojbeahxvvvacnvhviihi.supabase.co/storage/v1/object/public/images/places/5e7c86cd-39f9-573e-8962-4e33ad823618.jpg,ok,2026-09-17T09:16:20.338426+00:00
5156fd85-d133-5006-a996-12f92ebc4e3b,왕소야 홍대점,https://ojbeahxvvvacnvhviihi.supabase.co/storage/v1/object/public/images/places/5156fd85-d133-5006-a996-12f92ebc4e3b.jpg,ok,2026-09-17T09:16:35.866624+00:00
76595ffc-0238-5826-ad7d-44cabe75d72f,동보성,,error,2026-09-17T18:00:04.769301+00:00
dcfb7f6f-8429-56a7-8030-36380dfe53bc,진진,https://ojbeahxvvvacnvhviihi.supabase.co/storage/v1/object/public/images/places/dcfb7f6f-8429-56a7-8030-36380dfe53bc.jpg,ok,2026-09-17T18:00:17.018063+00:00
80cfecf3-ee12-5ea8-8893-9f12bbda6a9b,중화복춘,https://ojbeahxvvvacnvhviihi.supabase.co/storage/v1/object/public/images/places/80cfecf3-ee12-5ea8-8893-9f12bbda6a9b.jpg,ok,2026-09-17T18:00:57.479439+00:00
b7399287-b099-5d86-9976-fd120183c2a2,오밀 홍대,https://ojbeahxvvvacnvhviihi.supabase.co/storage/v1/object/public/images/places/b7399287-b099-5d86-9976-fd120183c2a2.jpg,ok,2026-09-17T18:01:22.821649+00:00
9adb23d7-7451-5864-8e6a-ce641b4aea57,비스트로사랑방,https://ojbeahxvvvacnvhviihi.supabase.co/storage/v1/object/public/images/places/9adb23d7-7451-5864-8e6a-ce641b4aea57.jpg,ok,2026-09-17T18:01:37.388482+00:00
a80bd606-0e4c-55d2-9695-18558d71d241,연남취향,https://ojbeahxvvvacnvhviihi.supabase.co/storage/v1/object/public/images/places/a80bd606-0e4c-55d2-9695-18558d71d241.jpg,ok,2026-09-17T18:01:50.600255+00:00
ec70806b-0eb3-5465-b05e-9611ccbf4191,홍대IN파스타,https://ojbeahxvvvacnvhviihi.supabase.co/storage/v1/object/public/images/places/ec70806b-0eb3-5465-b05e-9611ccbf4191.jpg,ok,2026-09-17T18:02:10.436223+00:00
cade95d7-66ad-5e83-853d-f76c7f58e9df,랑트 연남,https://ojbeahxvvvacnvhviihi.supabase.co/storage/v1/object/public/images/places/cade95d7-66ad-5e83-853d-f76c7f58e9df.jpg,ok,2026-09-17T18:02:28.158235+00:00
cafca1bc-b530-5656-9bc7-093f5109fcd7,홍대조폭떡볶이 본점,https://ojbeahxvvvacnvhviihi.supabase.co/storage/v1/object/public/images/places/cafca1bc-b530-5656-9bc7-093f5109fcd7.jpg,ok,2026-09-17T18:02:48.118294+00:00
93111375-d3d6-5d22-ba50-0374a5c52235,그동네떡볶이 홍대본점,https://ojbeahxvvvacnvhviihi.supabase.co/storage/v1/object/public/images/places/93111375-d3d6-5d22-ba50-0374a5c52235.jpg,ok,2026-09-17T18:03:06.519721+00:00
41723f48-35f4-50ae-8889-741975bf7df5,마포만두 합정점,https://ojbeahxvvvacnvhviihi.supabase.co/storage/v1/object/public/images/places/41723f48-35f4-50ae-8889-741975bf7df5.jpg,ok,2026-09-17T18:03:21.721818+00:00
dfd227d5-7bca-52c5-9ef4-8d3298c86c9a,도트블랭킷 연남 브런치카페,https://ojbeahxvvvacnvhviihi.supabase.co/storage/v1/object/public/images/places/dfd227d5-7bca-52c5-9ef4-8d3298c86c9a.jpg,ok,2026-09-17T18:03:37.919941+00:00
39071da7-27c9-5296-a519-ebb7d81cf19e,클로벨리,https://ojbeahxvvvacnvhviihi.supabase.co/storage/v1/object/public/images/places/39071da7-27c9-5296-a519-ebb7d81cf19e.jpg,ok,2026-09-17T18:03:57.812911+00:00
55867b1b-3b92-55e8-b8b2-0273c0371bf7,고기꾼김춘배 홍대본점,https://ojbeahxvvvacnvhviihi.supabase.co/storage/v1/object/public/images/places/55867b1b-3b92-55e8-b8b2-0273c0371bf7.jpg,ok,2026-09-17T18:04:12.739667+00:00
950347a3-dacd-5cb3-a97b-2c5ef3287f36,김숙성 합정점,https://ojbeahxvvvacnvhviihi.supabase.co/storage/v1/object/public/images/places/950347a3-dacd-5cb3-a97b-2c5ef3287f36.jpg,ok,2026-09-17T18:04:35.054042+00:00
c1444683-0878-558d-b7ff-c257e955f304,올더어글리쿠키&트레몽,https://ojbeahxvvvacnvhviihi.supabase.co/storage/v1/object/public/images/places/c1444683-0878-558d-b7ff-c257e955f304.jpg,ok,2026-09-17T18:04:47.393859+00:00
0a267d42-7f4f-58ed-bb9a-d41ac9996358,폴리 합정,https://ojbeahxvvvacnvhviihi.supabase.co/storage/v1/object/public/images/places/0a267d42-7f4f-58ed-bb9a-d41ac9996358.jpg,ok,2026-09-17T18:04:59.719196+00:00
6c65073c-d5ea-5805-af71-426d60565f32,빈브라더스 합정,https://ojbeahxvvvacnvhviihi.supabase.co/storage/v1/object/public/images/places/6c65073c-d5ea-5805-af71-426d60565f32.jpg,ok,2026-09-17T18:05:16.614674+00:00
71df2992-3156-59ec-8d3e-cf592bbb8278,밤부 베이커리&브루잉,https://ojbeahxvvvacnvhviihi.supabase.co/storage/v1/object/public/images/places/71df2992-3156-59ec-8d3e-cf592bbb8278.jpg,ok,2026-09-17T18:05:39.436274+00:00
8b0a8fc4-6593-5d83-aefa-db0e2cf35193,그레이랩,https://ojbeahxvvvacnvhviihi.supabase.co/storage/v1/object/public/images/places/8b0a8fc4-6593-5d83-aefa-db0e2cf35193.jpg,ok,2026-09-17T18:05:51.497219+00:00
e2c39f2c-a02f-5fce-86ff-35415c0f8749,pancake cafe 번트 오렌지,https://ojbeahxvvvacnvhviihi.supabase.co/storage/v1/object/public/images/places/e2c39f2c-a02f-5fce-86ff-35415c0f8749.jpg,ok,2026-09-17T18:06:03.193732+00:00
acf9d4d5-d349-51eb-90c6-ea9cc2ae96eb,오베이글하우스,https://ojbeahxvvvacnvhviihi.supabase.co/storage/v1/object/public/images/places/acf9d4d5-d349-51eb-90c6-ea9cc2ae96eb.jpg,ok,2026-09-17T18:06:18.726101+00:00
155fafce-ad65-52a6-8f56-9cdbaa5e933d,클루미유니버스,https://ojbeahxvvvacnvhviihi.supabase.co/storage/v1/object/public/images/places/155fafce-ad65-52a6-8f56-9cdbaa5e933d.jpg,ok,2026-09-17T18:06:36.573607+00:00
eb950599-a18d-5709-8f2c-d6610291b758,민규아빠네베이글 합정점,https://ojbeahxvvvacnvhviihi.supabase.co/storage/v1/object/public/images/places/eb950599-a18d-5709-8f2c-d6610291b758.jpg,ok,2026-09-17T18:06:56.342733+00:00
d0f8cde1-b4fd-57bc-a811-61317afd85e9,합정카페 웨하로스터스,https://ojbeahxvvvacnvhviihi.supabase.co/storage/v1/object/public/images/places/d0f8cde1-b4fd-57bc-a811-61317afd85e9.jpg,ok,2026-09-17T18:07:10.242389+00:00
65e7692b-1f6e-5288-9314-9efb7e76f637,볼베르,https://ojbeahxvvvacnvhviihi.supabase.co/storage/v1/object/public/images/places/65e7692b-1f6e-5288-9314-9efb7e76f637.jpg,ok,2026-09-17T18:07:25.198489+00:00
9a33a465-947e-54ac-83bd-31121d25b000,폴드 베이커리,https://ojbeahxvvvacnvhviihi.supabase.co/storage/v1/object/public/images/places/9a33a465-947e-54ac-83bd-31121d25b000.jpg,ok,2026-09-17T18:07:37.304053+00:00
805f25b9-c7a5-5049-a3f8-0223eae578c8,밀토니아,https://ojbeahxvvvacnvhviihi.supabase.co/storage/v1/object/public/images/places/805f25b9-c7a5-5049-a3f8-0223eae578c8.jpg,ok,2026-09-17T18:07:55.580916+00:00
058e4b9e-06f3-54b9-8601-271fc62671e2,바리아토,https://ojbeahxvvvacnvhviihi.supabase.co/storage/v1/object/public/images/places/058e4b9e-06f3-54b9-8601-271fc62671e2.jpg,ok,2026-09-17T18:08:05.547562+00:00
723f6303-31d4-55ad-b63f-fc573fd2a726,부니기,https://ojbeahxvvvacnvhviihi.supabase.co/storage/v1/object/public/images/places/723f6303-31d4-55ad-b63f-fc573fd2a726.jpg,ok,2026-09-17T18:08:23.863340+00:00
fea11ad6-22d0-5a10-8f67-5a1c88130596,가보자라이브7080,https://ojbeahxvvvacnvhviihi.supabase.co/storage/v1/object/public/images/places/fea11ad6-22d0-5a10-8f67-5a1c88130596.jpg,ok,2026-09-17T18:08:39.768734+00:00
8d47ee06-a5c9-588f-a827-c8045d243f41,레오띠,https://ojbeahxvvvacnvhviihi.supabase.co/storage/v1/object/public/images/places/8d47ee06-a5c9-588f-a827-c8045d243f41.jpg,ok,2026-09-17T18:08:53.623049+00:00
cda6eba4-f6f7-5682-9b26-9dbf294f8693,청와옥 합정역직영점,https://ojbeahxvvvacnvhviihi.supabase.co/storage/v1/object/public/images/places/cda6eba4-f6f7-5682-9b26-9dbf294f8693.jpg,ok,2026-09-17T18:09:05.882959+00:00
5fbe95f1-5cce-59b5-891a-7f19a30b026a,시센,https://ojbeahxvvvacnvhviihi.supabase.co/storage/v1/object/public/images/places/5fbe95f1-5cce-59b5-891a-7f19a30b026a.jpg,ok,2026-09-17T18:09:22.316854+00:00
08528c2a-ed9d-50f1-af17-d491a6274416,대나무숙성회관 합정점,https://ojbeahxvvvacnvhviihi.supabase.co/storage/v1/object/public/images/places/08528c2a-ed9d-50f1-af17-d491a6274416.jpg,ok,2026-09-17T18:09:36.808612+00:00
01cf8a93-5022-5b15-8015-cf63a99d3160,만로 합정점,https://ojbeahxvvvacnvhviihi.supabase.co/storage/v1/object/public/images/places/01cf8a93-5022-5b15-8015-cf63a99d3160.jpg,ok,2026-09-17T18:09:57.264703+00:00
4856b398-60e0-519e-99c8-8ce4371bc8ab,시오 합정점,https://ojbeahxvvvacnvhviihi.supabase.co/storage/v1/object/public/images/places/4856b398-60e0-519e-99c8-8ce4371bc8ab.jpg,ok,2026-09-17T18:10:13.308700+00:00
7176f5db-bb57-560e-9b5a-88c4d877fbe5,토후 합정본점,https://ojbeahxvvvacnvhviihi.supabase.co/storage/v1/object/public/images/places/7176f5db-bb57-560e-9b5a-88c4d877fbe5.jpg,ok,2026-09-17T18:10:27.338262+00:00
4002491a-5e88-514a-a3a5-18b7e8c14f08,봉선화빛,https://ojbeahxvvvacnvhviihi.supabase.co/storage/v1/object/public/images/places/4002491a-5e88-514a-a3a5-18b7e8c14f08.jpg,ok,2026-09-17T18:10:41.618446+00:00
18791a06-ec33-53b9-ac31-cf04489af8cc,연희중식,https://ojbeahxvvvacnvhviihi.supabase.co/storage/v1/object/public/images/places/18791a06-ec33-53b9-ac31-cf04489af8cc.jpg,ok,2026-09-17T18:10:55.993143+00:00
88743dad-a762-5b1e-aadc-59848f90d873,자자,https://ojbeahxvvvacnvhviihi.supabase.co/storage/v1/object/public/images/places/88743dad-a762-5b1e-aadc-59848f90d873.jpg,ok,2026-09-17T18:11:20.305178+00:00
d86530b2-9701-5ff9-ae66-458cfbe60199,미미본관,https://ojbeahxvvvacnvhviihi.supabase.co/storage/v1/object/public/images/places/d86530b2-9701-5ff9-ae66-458cfbe60199.jpg,ok,2026-09-17T18:11:41.189603+00:00
b895a548-9c9e-50ef-962e-6c9ad4a3c36e,한길비스트로 합정,https://ojbeahxvvvacnvhviihi.supabase.co/storage/v1/object/public/images/places/b895a548-9c9e-50ef-962e-6c9ad4a3c36e.jpg,ok,2026-09-17T18:11:55.214296+00:00
126dd957-4e84-59da-b0b4-72a7cfe514a1,도트 합정,https://ojbeahxvvvacnvhviihi.supabase.co/storage/v1/object/public/images/places/126dd957-4e84-59da-b0b4-72a7cfe514a1.jpg,ok,2026-09-17T18:12:09.236627+00:00
fc8d9c4a-97a0-5f80-b725-3969efe724c0,스프링비스트로,https://ojbeahxvvvacnvhviihi.supabase.co/storage/v1/object/public/images/places/fc8d9c4a-97a0-5f80-b725-3969efe724c0.jpg,ok,2026-09-17T18:12:20.831079+00:00
ea4c0893-0ddf-5d47-93f6-60caa3b7e282,오스테리아샘킴,https://ojbeahxvvvacnvhviihi.supabase.co/storage/v1/object/public/images/places/ea4c0893-0ddf-5d47-93f6-60caa3b7e282.jpg,ok,2026-09-17T18:12:38.226616+00:00
4a7201bb-ae1f-5923-bbff-9213cd70f684,라구 합정,https://ojbeahxvvvacnvhviihi.supabase.co/storage/v1/object/public/images/places/4a7201bb-ae1f-5923-bbff-9213cd70f684.jpg,ok,2026-09-17T18:12:52.717600+00:00
d73fa807-67b2-52de-afa3-816697f72d05,우엉,https://ojbeahxvvvacnvhviihi.supabase.co/storage/v1/object/public/images/places/d73fa807-67b2-52de-afa3-816697f72d05.jpg,ok,2026-09-17T18:13:03.193827+00:00
1bfd697e-dac8-5563-98da-eecbb96683c2,좋은열매,https://ojbeahxvvvacnvhviihi.supabase.co/storage/v1/object/public/images/places/1bfd697e-dac8-5563-98da-eecbb96683c2.jpg,ok,2026-09-17T18:13:21.453078+00:00
2ea87f9a-89c2-513b-8b4c-56ac0026fb55,합정고깃집,https://ojbeahxvvvacnvhviihi.supabase.co/storage/v1/object/public/images/places/2ea87f9a-89c2-513b-8b4c-56ac0026fb55.jpg,ok,2026-09-17T18:13:40.777641+00:00
c3f47e95-71f8-59d9-808b-1a29ea7bf67b,정육도,https://ojbeahxvvvacnvhviihi.supabase.co/storage/v1/object/public/images/places/c3f47e95-71f8-59d9-808b-1a29ea7bf67b.jpg,ok,2026-09-17T18:14:02.617731+00:00
18ad52f1-6a23-58f2-aa0e-89db15e76235,국제양식,https://ojbeahxvvvacnvhviihi.supabase.co/storage/v1/object/public/images/places/18ad52f1-6a23-58f2-aa0e-89db15e76235.jpg,ok,2026-09-17T18:14:22.992733+00:00
689c0e01-0853-5744-b1c0-ef6a57d1d131,코리야 망원,https://ojbeahxvvvacnvhviihi.supabase.co/storage/v1/object/public/images/places/689c0e01-0853-5744-b1c0-ef6a57d1d131.jpg,ok,2026-09-17T18:14:49.414507+00:00
8ea3e4fc-a5c8-5252-991a-5aac365f53f8,픽트로스터리 망원점,https://ojbeahxvvvacnvhviihi.supabase.co/storage/v1/object/public/images/places/8ea3e4fc-a5c8-5252-991a-5aac365f53f8.jpg,ok,2026-09-17T18:15:06.759832+00:00
0856dc2d-3f7c-5412-849d-f642b8349d54,블랑제리코팡,https://ojbeahxvvvacnvhviihi.supabase.co/storage/v1/object/public/images/places/0856dc2d-3f7c-5412-849d-f642b8349d54.jpg,ok,2026-09-17T18:15:24.603967+00:00
f15833f3-39e6-5fb2-910f-9f86d58aa7d8,오무스,https://ojbeahxvvvacnvhviihi.supabase.co/storage/v1/object/public/images/places/f15833f3-39e6-5fb2-910f-9f86d58aa7d8.jpg,ok,2026-09-17T18:15:36.004130+00:00
eb1acda6-7882-5c22-a080-c179e21322d9,당도,https://ojbeahxvvvacnvhviihi.supabase.co/storage/v1/object/public/images/places/eb1acda6-7882-5c22-a080-c179e21322d9.jpg,ok,2026-09-17T18:15:48.428401+00:00
9c83b073-1830-5fd0-9c33-3ca547237fbb,Alive214,https://ojbeahxvvvacnvhviihi.supabase.co/storage/v1/object/public/images/places/9c83b073-1830-5fd0-9c33-3ca547237fbb.jpg,ok,2026-09-17T18:16:12.088765+00:00
c6f90fd8-203b-56ea-8616-d9946fe87329,오탄틱,https://ojbeahxvvvacnvhviihi.supabase.co/storage/v1/object/public/images/places/c6f90fd8-203b-56ea-8616-d9946fe87329.jpg,ok,2026-09-17T18:16:32.562403+00:00
17e15ead-143d-5819-b3d9-fa9cde0813e9,구황작물,https://ojbeahxvvvacnvhviihi.supabase.co/storage/v1/object/public/images/places/17e15ead-143d-5819-b3d9-fa9cde0813e9.jpg,ok,2026-09-17T18:16:44.508589+00:00
42b915d5-a28b-507a-9f38-b939ad7389f8,투떰즈업,https://ojbeahxvvvacnvhviihi.supabase.co/storage/v1/object/public/images/places/42b915d5-a28b-507a-9f38-b939ad7389f8.jpg,ok,2026-09-17T18:17:10.268477+00:00
08eb10c7-59d7-5d66-bfac-f5fb674bf168,코토베이커리,https://ojbeahxvvvacnvhviihi.supabase.co/storage/v1/object/public/images/places/08eb10c7-59d7-5d66-bfac-f5fb674bf168.jpg,ok,2026-09-17T18:17:27.712983+00:00
f1647c7d-6513-5822-9b21-579021577a5c,카펫,https://ojbeahxvvvacnvhviihi.supabase.co/storage/v1/object/public/images/places/f1647c7d-6513-5822-9b21-579021577a5c.jpg,ok,2026-09-17T18:17:47.474647+00:00
bf4c646a-6873-5b77-a2e0-0653ce80087d,코코하우스,https://ojbeahxvvvacnvhviihi.supabase.co/storage/v1/object/public/images/places/bf4c646a-6873-5b77-a2e0-0653ce80087d.jpg,ok,2026-09-17T18:18:07.574134+00:00
7ab8e377-803d-5653-b01c-85b38774f0ba,리틀메도우,https://ojbeahxvvvacnvhviihi.supabase.co/storage/v1/object/public/images/places/7ab8e377-803d-5653-b01c-85b38774f0ba.jpg,ok,2026-09-17T18:18:28.157194+00:00
615d091d-226f-540d-bad1-6138f3c23696,두몽,https://ojbeahxvvvacnvhviihi.supabase.co/storage/v1/object/public/images/places/615d091d-226f-540d-bad1-6138f3c23696.jpg,ok,2026-09-17T18:18:45.388475+00:00
16e23ed9-40a9-5cbd-8754-0b1c17a287d7,레이지오프,https://ojbeahxvvvacnvhviihi.supabase.co/storage/v1/object/public/images/places/16e23ed9-40a9-5cbd-8754-0b1c17a287d7.jpg,ok,2026-09-17T18:18:58.889918+00:00
a1b3c2b3-8bce-5661-9a28-b73ecbc15570,망원돈,https://ojbeahxvvvacnvhviihi.supabase.co/storage/v1/object/public/images/places/a1b3c2b3-8bce-5661-9a28-b73ecbc15570.jpg,ok,2026-09-17T18:19:11.157903+00:00
2eadfb25-8c38-5a3c-93e2-022a72db51d0,순대일번지 망원본점,https://ojbeahxvvvacnvhviihi.supabase.co/storage/v1/object/public/images/places/2eadfb25-8c38-5a3c-93e2-022a72db51d0.jpg,ok,2026-09-17T18:19:32.447370+00:00
5794b279-c561-500a-b52e-77277c17ef05,돼지방앗간,https://ojbeahxvvvacnvhviihi.supabase.co/storage/v1/object/public/images/places/5794b279-c561-500a-b52e-77277c17ef05.jpg,ok,2026-09-17T18:19:46.574918+00:00
123aaa5a-cfe2-5280-8f23-78604c6f83b3,로스트비프 산볼 망원본점,https://ojbeahxvvvacnvhviihi.supabase.co/storage/v1/object/public/images/places/123aaa5a-cfe2-5280-8f23-78604c6f83b3.jpg,ok,2026-09-17T18:20:04.439953+00:00
0a6d7879-afa4-5a8e-9506-e4906ef27a9b,나고미칸,https://ojbeahxvvvacnvhviihi.supabase.co/storage/v1/object/public/images/places/0a6d7879-afa4-5a8e-9506-e4906ef27a9b.jpg,ok,2026-09-17T18:20:20.073647+00:00
86bb55a4-5122-553f-9554-229eec37cee0,파동,https://ojbeahxvvvacnvhviihi.supabase.co/storage/v1/object/public/images/places/86bb55a4-5122-553f-9554-229eec37cee0.jpg,ok,2026-09-17T18:20:37.263847+00:00
9709fd24-ab9c-58a1-9186-5535fc4947b4,키친갈매기,https://ojbeahxvvvacnvhviihi.supabase.co/storage/v1/object/public/images/places/9709fd24-ab9c-58a1-9186-5535fc4947b4.jpg,ok,2026-09-17T18:20:54.398301+00:00
30da7f9c-efbb-5fe9-8d03-9181bd9a2bc2,정든그릇 망원점,https://ojbeahxvvvacnvhviihi.supabase.co/storage/v1/object/public/images/places/30da7f9c-efbb-5fe9-8d03-9181bd9a2bc2.jpg,ok,2026-09-17T18:21:05.714561+00:00
0d53f7a9-89e1-5a77-aa6a-fd025ea987cf,강동원,https://ojbeahxvvvacnvhviihi.supabase.co/storage/v1/object/public/images/places/0d53f7a9-89e1-5a77-aa6a-fd025ea987cf.jpg,ok,2026-09-17T18:21:21.465399+00:00
d24084ce-805d-5fd4-815e-94f8727679a4,신화루,https://ojbeahxvvvacnvhviihi.supabase.co/storage/v1/object/public/images/places/d24084ce-805d-5fd4-815e-94f8727679a4.jpg,ok,2026-09-17T18:21:42.566107+00:00
a1887545-2dd1-5e29-a87f-22d32f2dd819,레이키친,https://ojbeahxvvvacnvhviihi.supabase.co/storage/v1/object/public/images/places/a1887545-2dd1-5e29-a87f-22d32f2dd819.jpg,ok,2026-09-17T18:21:56.218216+00:00
e37d64d4-ce43-5595-9536-f2fde361c3d8,노주,https://ojbeahxvvvacnvhviihi.supabase.co/storage/v1/object/public/images/places/e37d64d4-ce43-5595-9536-f2fde361c3d8.jpg,ok,2026-09-17T18:22:11.265062+00:00
f5408dc8-6519-5001-a1cb-fa7a335e1178,페리도트 망원,https://ojbeahxvvvacnvhviihi.supabase.co/storage/v1/object/public/images/places/f5408dc8-6519-5001-a1cb-fa7a335e1178.jpg,ok,2026-09-17T18:22:22.931540+00:00
622e7b01-b9c1-53e6-b613-3d554fec2bbe,철길떡볶이 망원시장점,https://ojbeahxvvvacnvhviihi.supabase.co/storage/v1/object/public/images/places/622e7b01-b9c1-53e6-b613-3d554fec2bbe.jpg,ok,2026-09-17T18:22:42.070614+00:00
54300c2a-245f-543b-9cc1-ae0bb29eea34,고손수제군만두 망원,https://ojbeahxvvvacnvhviihi.supabase.co/storage/v1/object/public/images/places/54300c2a-245f-543b-9cc1-ae0bb29eea34.jpg,ok,2026-09-17T18:22:55.621891+00:00
99ddceed-4ffb-53d4-80f0-1cfd24e5b0de,망리단길분식,https://ojbeahxvvvacnvhviihi.supabase.co/storage/v1/object/public/images/places/99ddceed-4ffb-53d4-80f0-1cfd24e5b0de.jpg,ok,2026-09-17T18:23:15.558056+00:00
70884a2f-0dc6-5c30-8134-b39702bd4e0b,604seoul,https://ojbeahxvvvacnvhviihi.supabase.co/storage/v1/object/public/images/places/70884a2f-0dc6-5c30-8134-b39702bd4e0b.jpg,ok,2026-09-17T18:23:38.063601+00:00
1efd9832-04f5-57e0-84bf-13aea595443c,마핑파,https://ojbeahxvvvacnvhviihi.supabase.co/storage/v1/object/public/images/places/1efd9832-04f5-57e0-84bf-13aea595443c.jpg,ok,2026-09-17T18:23:50.941004+00:00
1b3100b1-10f7-5cd7-bb5d-8f301f0edf94,망원 굽,https://ojbeahxvvvacnvhviihi.supabase.co/storage/v1/object/public/images/places/1b3100b1-10f7-5cd7-bb5d-8f301f0edf94.jpg,ok,2026-09-17T18:24:02.529711+00:00
c856f0ec-7412-5251-a3df-4e1b46e73f2c,망원동고기집 본점,https://ojbeahxvvvacnvhviihi.supabase.co/storage/v1/object/public/images/places/c856f0ec-7412-5251-a3df-4e1b46e73f2c.jpg,ok,2026-09-17T18:24:22.337551+00:00
56e374eb-c71c-5c55-bf7b-f9b32ea08399,뿔,https://ojbeahxvvvacnvhviihi.supabase.co/storage/v1/object/public/images/places/56e374eb-c71c-5c55-bf7b-f9b32ea08399.jpg,ok,2026-09-17T18:24:46.463572+00:00
4ce06430-c0e1-57c9-bd97-d5a91a8d720b,롱베케이션,https://ojbeahxvvvacnvhviihi.supabase.co/storage/v1/object/public/images/places/4ce06430-c0e1-57c9-bd97-d5a91a8d720b.jpg,ok,2026-09-17T18:25:07.279066+00:00
09df0c0b-cf20-5d35-a064-4d1d931597ac,팻어케이크 연남점,https://ojbeahxvvvacnvhviihi.supabase.co/storage/v1/object/public/images/places/09df0c0b-cf20-5d35-a064-4d1d931597ac.jpg,ok,2026-09-17T18:25:26.723005+00:00
d580e17e-a7cf-5042-9d92-318fa657edb3,터틀힙 연남,https://ojbeahxvvvacnvhviihi.supabase.co/storage/v1/object/public/images/places/d580e17e-a7cf-5042-9d92-318fa657edb3.jpg,ok,2026-09-17T18:25:44.340246+00:00
b4f5c923-64ac-5564-ae10-8a76a038d66b,웅기로 연남,https://ojbeahxvvvacnvhviihi.supabase.co/storage/v1/object/public/images/places/b4f5c923-64ac-5564-ae10-8a76a038d66b.jpg,ok,2026-09-17T18:26:05.153999+00:00
52b20607-de1f-556a-a2a7-1b187cbda5d8,카페 레이어드 연남점,https://ojbeahxvvvacnvhviihi.supabase.co/storage/v1/object/public/images/places/52b20607-de1f-556a-a2a7-1b187cbda5d8.jpg,ok,2026-09-17T18:26:15.500297+00:00
11575849-4b41-5305-a1c6-13e563c40b64,오뗄드꾸뜨,https://ojbeahxvvvacnvhviihi.supabase.co/storage/v1/object/public/images/places/11575849-4b41-5305-a1c6-13e563c40b64.jpg,ok,2026-09-17T18:26:34.166328+00:00
e26f2e33-7692-5153-8a42-7c7ad5b3453c,잼잼,https://ojbeahxvvvacnvhviihi.supabase.co/storage/v1/object/public/images/places/e26f2e33-7692-5153-8a42-7c7ad5b3453c.jpg,ok,2026-09-17T18:26:49.177906+00:00
48df8386-9f46-586b-8bcd-7038ebb5fdb0,허그허그러브,https://ojbeahxvvvacnvhviihi.supabase.co/storage/v1/object/public/images/places/48df8386-9f46-586b-8bcd-7038ebb5fdb0.jpg,ok,2026-09-17T18:27:13.626040+00:00
703dd80c-a898-5743-880c-c6465038215f,땡스오트 연남,https://ojbeahxvvvacnvhviihi.supabase.co/storage/v1/object/public/images/places/703dd80c-a898-5743-880c-c6465038215f.jpg,ok,2026-09-17T18:27:29.390197+00:00
d386327b-5771-552f-85ae-c140708e9c32,그리즈,https://ojbeahxvvvacnvhviihi.supabase.co/storage/v1/object/public/images/places/d386327b-5771-552f-85ae-c140708e9c32.jpg,ok,2026-09-17T18:27:43.534442+00:00
c1d0602e-4035-5225-b269-b3e9504e1712,작당모의,https://ojbeahxvvvacnvhviihi.supabase.co/storage/v1/object/public/images/places/c1d0602e-4035-5225-b269-b3e9504e1712.jpg,ok,2026-09-17T18:27:56.541255+00:00
39b81f5a-6e51-55e6-9cc4-d36eb9a71062,마가렛 연남,https://ojbeahxvvvacnvhviihi.supabase.co/storage/v1/object/public/images/places/39b81f5a-6e51-55e6-9cc4-d36eb9a71062.jpg,ok,2026-09-17T18:28:17.465022+00:00
99c4495b-cc07-5372-aca5-78614db91adb,솔트빵 연남점,https://ojbeahxvvvacnvhviihi.supabase.co/storage/v1/object/public/images/places/99c4495b-cc07-5372-aca5-78614db91adb.jpg,ok,2026-09-17T18:28:34.301308+00:00
3ac6b071-70bb-5996-ad4e-cde2b30ef26b,녹녹,https://ojbeahxvvvacnvhviihi.supabase.co/storage/v1/object/public/images/places/3ac6b071-70bb-5996-ad4e-cde2b30ef26b.jpg,ok,2026-09-17T18:28:48.322531+00:00
1b8529b4-448c-5fd1-a03d-77ebd7d9683e,보따리제과점 연남,https://ojbeahxvvvacnvhviihi.supabase.co/storage/v1/object/public/images/places/1b8529b4-448c-5fd1-a03d-77ebd7d9683e.jpg,ok,2026-09-17T18:29:06.752080+00:00
ed396c9a-c14f-57f3-8640-d1b1421d7838,코코리코,https://ojbeahxvvvacnvhviihi.supabase.co/storage/v1/object/public/images/places/ed396c9a-c14f-57f3-8640-d1b1421d7838.jpg,ok,2026-09-17T18:29:20.944761+00:00
4b1db97a-5a03-5369-9423-5932621e4562,연남동벚꽃집,https://ojbeahxvvvacnvhviihi.supabase.co/storage/v1/object/public/images/places/4b1db97a-5a03-5369-9423-5932621e4562.jpg,ok,2026-09-17T18:29:47.275396+00:00
daa164ac-1243-5ae9-8782-bdbb4a465164,코티지블루,https://ojbeahxvvvacnvhviihi.supabase.co/storage/v1/object/public/images/places/daa164ac-1243-5ae9-8782-bdbb4a465164.jpg,ok,2026-09-17T18:30:05.073743+00:00
9437c770-1e94-5f66-a5b5-c86cf3791eef,커피냅로스터스 연남동,https://ojbeahxvvvacnvhviihi.supabase.co/storage/v1/object/public/images/places/9437c770-1e94-5f66-a5b5-c86cf3791eef.jpg,ok,2026-09-17T18:30:15.753917+00:00
a9a50aad-d5c0-507a-a16d-abae234defc5,하우스 키루,https://ojbeahxvvvacnvhviihi.supabase.co/storage/v1/object/public/images/places/a9a50aad-d5c0-507a-a16d-abae234defc5.jpg,ok,2026-09-17T18:30:28.329748+00:00
bcb0cf2f-fd77-5193-8d79-868d2fe572ab,호안끼엠,https://ojbeahxvvvacnvhviihi.supabase.co/storage/v1/object/public/images/places/bcb0cf2f-fd77-5193-8d79-868d2fe572ab.jpg,ok,2026-09-17T18:30:54.422438+00:00
9bfb2789-31bb-582d-a4c5-883699b18a29,히사시돈부리 연남본점,https://ojbeahxvvvacnvhviihi.supabase.co/storage/v1/object/public/images/places/9bfb2789-31bb-582d-a4c5-883699b18a29.jpg,ok,2026-09-17T18:31:07.613077+00:00
d1e7ad4a-e716-5914-be4a-aea6efbf0150,팔계집,https://ojbeahxvvvacnvhviihi.supabase.co/storage/v1/object/public/images/places/d1e7ad4a-e716-5914-be4a-aea6efbf0150.jpg,ok,2026-09-17T18:31:20.109601+00:00
318fc882-3d7b-5a1c-8f56-ea6e96688860,죠죠 연남점,https://ojbeahxvvvacnvhviihi.supabase.co/storage/v1/object/public/images/places/318fc882-3d7b-5a1c-8f56-ea6e96688860.jpg,ok,2026-09-17T18:31:36.392317+00:00
1f2020d6-cfd3-5e03-8d73-78ae932a04c5,송경솥밥 연남점,https://ojbeahxvvvacnvhviihi.supabase.co/storage/v1/object/public/images/places/1f2020d6-cfd3-5e03-8d73-78ae932a04c5.jpg,ok,2026-09-17T18:31:47.334955+00:00
36d08bd8-9be6-58f9-a6c8-07372c8fb99f,진청유점,https://ojbeahxvvvacnvhviihi.supabase.co/storage/v1/object/public/images/places/36d08bd8-9be6-58f9-a6c8-07372c8fb99f.jpg,ok,2026-09-17T18:32:03.446018+00:00
0f7d8b32-b52d-5c6b-9759-aa56f72cd24f,우삼집,https://ojbeahxvvvacnvhviihi.supabase.co/storage/v1/object/public/images/places/0f7d8b32-b52d-5c6b-9759-aa56f72cd24f.jpg,ok,2026-09-17T18:32:20.188698+00:00
5a214299-79cf-53f1-9528-079fba27d9d6,종로대성식당,https://ojbeahxvvvacnvhviihi.supabase.co/storage/v1/object/public/images/places/5a214299-79cf-53f1-9528-079fba27d9d6.jpg,ok,2026-09-17T18:32:30.725682+00:00
6bac3eae-0eae-56a6-adaa-fa86fb1d54a9,카츠몬스터 연남본점,https://ojbeahxvvvacnvhviihi.supabase.co/storage/v1/object/public/images/places/6bac3eae-0eae-56a6-adaa-fa86fb1d54a9.jpg,ok,2026-09-17T18:32:55.811655+00:00
4e5505c1-e829-5a58-8ade-3483eeb43370,쿠로코식당 연남점,https://ojbeahxvvvacnvhviihi.supabase.co/storage/v1/object/public/images/places/4e5505c1-e829-5a58-8ade-3483eeb43370.jpg,ok,2026-09-17T18:33:13.823779+00:00
4893b456-fee6-5078-b3cc-6db839ff426e,카츠스위스,https://ojbeahxvvvacnvhviihi.supabase.co/storage/v1/object/public/images/places/4893b456-fee6-5078-b3cc-6db839ff426e.jpg,ok,2026-09-17T18:33:26.520319+00:00
ec20d6e5-00c2-5bff-b340-4622440c16f2,종로돈부리 연남,https://ojbeahxvvvacnvhviihi.supabase.co/storage/v1/object/public/images/places/ec20d6e5-00c2-5bff-b340-4622440c16f2.jpg,ok,2026-09-17T18:33:43.576822+00:00
58d17f3e-e28b-59b7-94cc-cc3a7144dd82,진가,https://ojbeahxvvvacnvhviihi.supabase.co/storage/v1/object/public/images/places/58d17f3e-e28b-59b7-94cc-cc3a7144dd82.jpg,ok,2026-09-17T18:33:56.183665+00:00
6210a3e6-e2fa-5616-a163-5aac4e75fa06,월량관,https://ojbeahxvvvacnvhviihi.supabase.co/storage/v1/object/public/images/places/6210a3e6-e2fa-5616-a163-5aac4e75fa06.jpg,ok,2026-09-17T18:34:20.977809+00:00
49c57807-cac3-5e2d-a4fc-8c5c1f49899c,향미 연남동점,https://ojbeahxvvvacnvhviihi.supabase.co/storage/v1/object/public/images/places/49c57807-cac3-5e2d-a4fc-8c5c1f49899c.jpg,ok,2026-09-17T18:34:35.545021+00:00
da4817f2-79b8-5402-9b4e-bd1aa8ca4235,서양면옥 연남,https://ojbeahxvvvacnvhviihi.supabase.co/storage/v1/object/public/images/places/da4817f2-79b8-5402-9b4e-bd1aa8ca4235.jpg,ok,2026-09-17T18:34:51.457311+00:00
dc26208d-4f15-5771-aea4-9a697de9861f,리차드하우스 연남,https://ojbeahxvvvacnvhviihi.supabase.co/storage/v1/object/public/images/places/dc26208d-4f15-5771-aea4-9a697de9861f.jpg,ok,2026-09-17T18:35:04.353072+00:00
eed09707-b7c6-536a-878f-f0065cf47cb8,응큼떡볶이 연남점,https://ojbeahxvvvacnvhviihi.supabase.co/storage/v1/object/public/images/places/eed09707-b7c6-536a-878f-f0065cf47cb8.jpg,ok,2026-09-17T18:35:21.461350+00:00
342b2e51-431a-5331-90b6-e6591c35d862,소풍김밥,https://ojbeahxvvvacnvhviihi.supabase.co/storage/v1/object/public/images/places/342b2e51-431a-5331-90b6-e6591c35d862.jpg,ok,2026-09-17T18:35:36.796282+00:00
27b79fd5-24ed-5d57-8211-4872bab4be9f,사르르 연남,https://ojbeahxvvvacnvhviihi.supabase.co/storage/v1/object/public/images/places/27b79fd5-24ed-5d57-8211-4872bab4be9f.jpg,ok,2026-09-17T18:35:53.734802+00:00
b4ac9ec5-d7fc-5632-b0f1-3459f6639184,썸모어델리,https://ojbeahxvvvacnvhviihi.supabase.co/storage/v1/object/public/images/places/b4ac9ec5-d7fc-5632-b0f1-3459f6639184.jpg,ok,2026-09-17T18:36:13.691349+00:00
4837f8c4-6def-516c-b4b3-3e81c0d3fe8d,형제특수부위 연남점,https://ojbeahxvvvacnvhviihi.supabase.co/storage/v1/object/public/images/places/4837f8c4-6def-516c-b4b3-3e81c0d3fe8d.jpg,ok,2026-09-17T18:36:25.504110+00:00
913ea78a-c503-57d8-8ae4-a960cfb2d2bc,새벽숯불가든 새숯가,https://ojbeahxvvvacnvhviihi.supabase.co/storage/v1/object/public/images/places/913ea78a-c503-57d8-8ae4-a960cfb2d2bc.jpg,ok,2026-09-17T18:36:37.221427+00:00
b6dcef8b-0deb-53ba-8f3a-9388c2e784c8,뉴욕베이글&피자 상암본점,https://ojbeahxvvvacnvhviihi.supabase.co/storage/v1/object/public/images/places/b6dcef8b-0deb-53ba-8f3a-9388c2e784c8.jpg,ok,2026-09-17T18:36:49.690514+00:00
339d6788-d164-5991-8262-3acef83d6d5d,브레딕트 상암점,https://ojbeahxvvvacnvhviihi.supabase.co/storage/v1/object/public/images/places/339d6788-d164-5991-8262-3acef83d6d5d.jpg,ok,2026-09-17T18:37:07.924520+00:00
b7586ae4-c9ac-506a-a784-e080f177728a,라운지엑스24h 상암DMC역점,https://ojbeahxvvvacnvhviihi.supabase.co/storage/v1/object/public/images/places/b7586ae4-c9ac-506a-a784-e080f177728a.jpg,ok,2026-09-17T18:37:23.502111+00:00
b5f9c182-66ef-52f7-afa3-6528031b1fd2,82년생 김민경 X 카페르세,https://ojbeahxvvvacnvhviihi.supabase.co/storage/v1/object/public/images/places/b5f9c182-66ef-52f7-afa3-6528031b1fd2.jpg,ok,2026-09-17T18:37:36.402931+00:00
d523ff7d-a962-5e9a-9d4e-baf1e9a2da2e,투썸플레이스 디지털미디어시티역점,https://ojbeahxvvvacnvhviihi.supabase.co/storage/v1/object/public/images/places/d523ff7d-a962-5e9a-9d4e-baf1e9a2da2e.jpg,ok,2026-09-17T18:37:51.842369+00:00
4e5f4a69-6d53-5845-a0db-60ec386cb3ca,베브릿지 상암IT점,https://ojbeahxvvvacnvhviihi.supabase.co/storage/v1/object/public/images/places/4e5f4a69-6d53-5845-a0db-60ec386cb3ca.jpg,ok,2026-09-17T18:38:16.560575+00:00
1fd76cf6-7b44-59ab-8742-e7ad582cf98b,커피루소 상암,https://ojbeahxvvvacnvhviihi.supabase.co/storage/v1/object/public/images/places/1fd76cf6-7b44-59ab-8742-e7ad582cf98b.jpg,ok,2026-09-17T18:38:35.417122+00:00
07133f88-2cfa-540f-b10e-829ce48f7d04,팬케이크샵커피,https://ojbeahxvvvacnvhviihi.supabase.co/storage/v1/object/public/images/places/07133f88-2cfa-540f-b10e-829ce48f7d04.jpg,ok,2026-09-17T18:38:52.582856+00:00
ea60bd84-3817-5066-878e-e2e6ff9fb1c5,바나프레소 상암DMC점,https://ojbeahxvvvacnvhviihi.supabase.co/storage/v1/object/public/images/places/ea60bd84-3817-5066-878e-e2e6ff9fb1c5.jpg,ok,2026-09-17T18:39:12.850918+00:00
c61be26d-14e7-56a3-9747-8f92a9d06f4b,파리바게뜨 상암점,https://ojbeahxvvvacnvhviihi.supabase.co/storage/v1/object/public/images/places/c61be26d-14e7-56a3-9747-8f92a9d06f4b.jpg,ok,2026-09-17T18:39:30.384590+00:00
35d65de0-2542-5606-893f-aebeb3e2daaf,파리바게뜨상암KBS점,https://ojbeahxvvvacnvhviihi.supabase.co/storage/v1/object/public/images/places/35d65de0-2542-5606-893f-aebeb3e2daaf.jpg,ok,2026-09-17T18:39:51.650431+00:00
b44879b0-8ac1-51cc-80c1-3f8c9549ae50,더브래드팬트리,https://ojbeahxvvvacnvhviihi.supabase.co/storage/v1/object/public/images/places/b44879b0-8ac1-51cc-80c1-3f8c9549ae50.jpg,ok,2026-09-17T18:40:10.412725+00:00
ff177641-7f5e-53af-9608-f499f924252b,코테슬로,https://ojbeahxvvvacnvhviihi.supabase.co/storage/v1/object/public/images/places/ff177641-7f5e-53af-9608-f499f924252b.jpg,ok,2026-09-17T18:40:26.106746+00:00
16e7a30c-17c7-5b5c-8bc0-5ddcaa0fdaad,대한제빵소,https://ojbeahxvvvacnvhviihi.supabase.co/storage/v1/object/public/images/places/16e7a30c-17c7-5b5c-8bc0-5ddcaa0fdaad.jpg,ok,2026-09-17T18:40:42.157072+00:00
af87434d-9a5a-59b3-bbfc-dc780d21c5ee,에이프로커피,https://ojbeahxvvvacnvhviihi.supabase.co/storage/v1/object/public/images/places/af87434d-9a5a-59b3-bbfc-dc780d21c5ee.jpg,ok,2026-09-17T18:40:54.327908+00:00
44ea9fbc-f9a8-5d2b-99de-e337713b811e,네마,https://ojbeahxvvvacnvhviihi.supabase.co/storage/v1/object/public/images/places/44ea9fbc-f9a8-5d2b-99de-e337713b811e.jpg,ok,2026-09-17T18:41:10.941835+00:00
5521ca89-d1a3-5b9a-8dbf-736253b72466,헨쇼,https://ojbeahxvvvacnvhviihi.supabase.co/storage/v1/object/public/images/places/5521ca89-d1a3-5b9a-8dbf-736253b72466.jpg,ok,2026-09-17T18:41:31.206760+00:00
f817e8ac-cb0f-5002-bc28-35aa85f36cce,장흥집 상암점,https://ojbeahxvvvacnvhviihi.supabase.co/storage/v1/object/public/images/places/f817e8ac-cb0f-5002-bc28-35aa85f36cce.jpg,ok,2026-09-17T18:41:49.160106+00:00
0feec28a-3d1f-5177-8679-35d694273431,등촌샤브칼국수 상암점,https://ojbeahxvvvacnvhviihi.supabase.co/storage/v1/object/public/images/places/0feec28a-3d1f-5177-8679-35d694273431.jpg,ok,2026-09-17T18:42:08.949571+00:00
6964614d-ca35-5c5a-8292-848f523f3592,임짬뽕,https://ojbeahxvvvacnvhviihi.supabase.co/storage/v1/object/public/images/places/6964614d-ca35-5c5a-8292-848f523f3592.jpg,ok,2026-09-17T18:42:26.525811+00:00
59f8a310-045d-5c1a-9b37-f660c470bd65,수레갈비,https://ojbeahxvvvacnvhviihi.supabase.co/storage/v1/object/public/images/places/59f8a310-045d-5c1a-9b37-f660c470bd65.jpg,ok,2026-09-17T18:42:44.122215+00:00
1a746f2d-5ffd-5572-9321-00384cf8fcd3,시카노이에 상암점,https://ojbeahxvvvacnvhviihi.supabase.co/storage/v1/object/public/images/places/1a746f2d-5ffd-5572-9321-00384cf8fcd3.jpg,ok,2026-09-17T18:43:02.396538+00:00
7adc1194-1032-5efa-b6c2-9adb544db083,온돈부리,https://ojbeahxvvvacnvhviihi.supabase.co/storage/v1/object/public/images/places/7adc1194-1032-5efa-b6c2-9adb544db083.jpg,ok,2026-09-17T18:43:22.974730+00:00
9a017254-e553-5c14-9220-592a9bdd4a82,모리타,https://ojbeahxvvvacnvhviihi.supabase.co/storage/v1/object/public/images/places/9a017254-e553-5c14-9220-592a9bdd4a82.jpg,ok,2026-09-17T18:43:45.036719+00:00
31b485c1-7b52-5d65-9aa1-69f86e89c0cd,오카야 상암본점,https://ojbeahxvvvacnvhviihi.supabase.co/storage/v1/object/public/images/places/31b485c1-7b52-5d65-9aa1-69f86e89c0cd.jpg,ok,2026-09-17T18:43:59.689874+00:00
5fae40a9-2657-5f78-b37a-7c5d1e122e99,실일식,https://ojbeahxvvvacnvhviihi.supabase.co/storage/v1/object/public/images/places/5fae40a9-2657-5f78-b37a-7c5d1e122e99.jpg,ok,2026-09-17T18:44:16.305400+00:00
37ca2fd1-1da4-5d3f-a5a7-226092fb2298,더차이 상암MBC몰 본점,https://ojbeahxvvvacnvhviihi.supabase.co/storage/v1/object/public/images/places/37ca2fd1-1da4-5d3f-a5a7-226092fb2298.jpg,ok,2026-09-17T18:44:26.692518+00:00
50ba8b44-3e84-5a5f-8c8d-bb2c223fbbd3,홍월이륙,https://ojbeahxvvvacnvhviihi.supabase.co/storage/v1/object/public/images/places/50ba8b44-3e84-5a5f-8c8d-bb2c223fbbd3.jpg,ok,2026-09-17T18:44:45.829071+00:00
76a3c769-995e-5f90-bd70-1fb7ae553d5e,더차이 상암 디지털큐브점,https://ojbeahxvvvacnvhviihi.supabase.co/storage/v1/object/public/images/places/76a3c769-995e-5f90-bd70-1fb7ae553d5e.jpg,ok,2026-09-17T18:45:02.190620+00:00
d9d6d788-75f1-5e0f-bd27-058f1c2b01df,셰셰,https://ojbeahxvvvacnvhviihi.supabase.co/storage/v1/object/public/images/places/d9d6d788-75f1-5e0f-bd27-058f1c2b01df.jpg,ok,2026-09-17T18:45:21.028523+00:00
21732436-d98f-54ff-ab3e-b894fb34810d,달리181 상암점,https://ojbeahxvvvacnvhviihi.supabase.co/storage/v1/object/public/images/places/21732436-d98f-54ff-ab3e-b894fb34810d.jpg,ok,2026-09-17T18:45:33.092275+00:00
53888dd8-0699-5834-9925-687352ea21a1,헤비스테이크 상암DMC점,https://ojbeahxvvvacnvhviihi.supabase.co/storage/v1/object/public/images/places/53888dd8-0699-5834-9925-687352ea21a1.jpg,ok,2026-09-17T18:45:49.820802+00:00
95682c73-8dd9-5a5b-bb2e-04f45e5773d9,라쿤피자 상암직영점,https://ojbeahxvvvacnvhviihi.supabase.co/storage/v1/object/public/images/places/95682c73-8dd9-5a5b-bb2e-04f45e5773d9.jpg,ok,2026-09-17T18:46:02.188945+00:00
2bbe3ceb-eb31-59c0-afef-476be7a31a8d,쿠차라 상암MBC몰점,https://ojbeahxvvvacnvhviihi.supabase.co/storage/v1/object/public/images/places/2bbe3ceb-eb31-59c0-afef-476be7a31a8d.jpg,ok,2026-09-17T18:46:15.874977+00:00
b8be338b-5b16-5002-a515-7ebd2b0e51c9,옥토끼떡볶이,https://ojbeahxvvvacnvhviihi.supabase.co/storage/v1/object/public/images/places/b8be338b-5b16-5002-a515-7ebd2b0e51c9.jpg,ok,2026-09-17T18:46:32.102135+00:00
fb8e5d2c-95f7-522d-a744-a9a97eb87846,동대문엽기떡볶이 상암점,https://ojbeahxvvvacnvhviihi.supabase.co/storage/v1/object/public/images/places/fb8e5d2c-95f7-522d-a744-a9a97eb87846.jpg,ok,2026-09-17T18:46:43.228262+00:00
7f120953-fc96-59b7-b138-a532342b4d00,용수라면,https://ojbeahxvvvacnvhviihi.supabase.co/storage/v1/object/public/images/places/7f120953-fc96-59b7-b138-a532342b4d00.jpg,ok,2026-09-17T18:47:01.443004+00:00
546b5a8f-5c44-5a9e-a1d1-bb0aa53a2b59,몽미 상암본점,https://ojbeahxvvvacnvhviihi.supabase.co/storage/v1/object/public/images/places/546b5a8f-5c44-5a9e-a1d1-bb0aa53a2b59.jpg,ok,2026-09-17T18:47:19.699902+00:00
e8dbc46a-2a11-5732-80e6-139d26bce80f,상암고깃집 상암본점,https://ojbeahxvvvacnvhviihi.supabase.co/storage/v1/object/public/images/places/e8dbc46a-2a11-5732-80e6-139d26bce80f.jpg,ok,2026-09-17T18:47:39.010143+00:00
5d24b188-2283-5752-b3c6-0ebfe97b9c6b,매력 팝업,,not_found,2026-09-17T18:47:55.512493+00:00
b84c8b63-0692-5858-a72b-c903fda69b8c,홍대 AK플라자 이누야샤 팝업 스토어,,not_found,2026-09-17T18:48:08.963004+00:00
bc67ed26-8885-5385-bfbb-4237d1a985b5,UP STORE 라이브 청바지 팝업 스토어,,not_found,2026-09-17T18:48:23.785076+00:00
2fb989cb-3f9a-5864-bf2c-dfe992434b58,이누야샤 팝업 @홍대,https://ojbeahxvvvacnvhviihi.supabase.co/storage/v1/object/public/images/places/2fb989cb-3f9a-5864-bf2c-dfe992434b58.jpg,ok,2026-09-17T18:48:43.969153+00:00
59c24d9d-502b-56da-b868-09b1f54be52e,홍대 다마고치 팝업 스토어,,not_found,2026-09-17T18:49:05.818389+00:00
b620fb0e-144a-59eb-9d19-d63daada39f1,어노브 파워퍼프걸 홍대 올리브영 팝업 스토어,,not_found,2026-09-17T18:49:23.322021+00:00
df0659ab-cc2a-592d-90eb-fabd2bdd302b,명탐정 코난: 하이웨이의 타천사 & 야이바 팝업스토어,https://ojbeahxvvvacnvhviihi.supabase.co/storage/v1/object/public/images/places/df0659ab-cc2a-592d-90eb-fabd2bdd302b.jpg,ok,2026-09-17T18:49:41.995553+00:00
c89f5333-1da4-54a7-9ad9-5fd9e1f37f05,명동 팝업 스토어,,not_found,2026-09-17T18:49:59.330112+00:00
25823e88-53c7-57a1-a46d-d9270ecf6dd2,가정교사 히트맨 리본 20주년 기념,,not_found,2026-09-17T18:50:11.659583+00:00
25d2601b-b9e3-5c32-a8bd-bf75edc7c8dc,홍대 반프레스토 x 치비구루미 팝업,,not_found,2026-09-17T18:50:32.793479+00:00
3af3fa8a-cb97-58b2-85de-c6e700b77f95,크래비티 크크루 팝업 스토어,,not_found,2026-09-17T18:50:51.348848+00:00
e52d839c-c809-5fd8-a0ed-279446682443,오아시스랩,https://ojbeahxvvvacnvhviihi.supabase.co/storage/v1/object/public/images/places/e52d839c-c809-5fd8-a0ed-279446682443.jpg,ok,2026-09-17T18:51:07.188427+00:00
84c9045a-dd30-5c8e-aca3-de43e675b7f1,라테일 20주년 팝업스토어,https://ojbeahxvvvacnvhviihi.supabase.co/storage/v1/object/public/images/places/84c9045a-dd30-5c8e-aca3-de43e675b7f1.jpg,ok,2026-09-17T18:51:26.799769+00:00
24ecd4c7-3668-53bf-b3ee-26692b11d1c7,상암동 KCON JAPAN 2026 팝업 스토어,,not_found,2026-09-17T18:51:40.253347+00:00
a70a01ec-c6c8-58ff-97be-8f788a6c4e85,이누야샤 국내 팝업 스토어,,not_found,2026-09-17T18:52:01.021024+00:00
29c74a81-3855-5ba4-977a-122155a73369,명탐정 코난 영화 팝업,,not_found,2026-09-17T18:52:15.773506+00:00
c41324b3-7c2f-5890-8a62-2e10c3d09fd5,이 결혼은 어차피 망하게 되어 있다 팝업,https://ojbeahxvvvacnvhviihi.supabase.co/storage/v1/object/public/images/places/c41324b3-7c2f-5890-8a62-2e10c3d09fd5.jpg,ok,2026-09-17T18:52:36.282666+00:00
04aa4c7f-36ee-5a69-bcf6-a3b2ea08fc4e,서울 홍실퀘스트 팝업 스토어,,not_found,2026-09-17T18:52:55.646319+00:00
8cfc65d1-0072-509c-9105-c72bf608b76f,최고 팝업 스토어,,not_found,2026-09-17T18:53:11.692295+00:00
fe5bfade-7655-59c3-9f7f-c0968c0e5e37,서울 홍대 틴 틴 팅클 모펀 콜라보 카페 amp 팝업 스토어 첫날,,not_found,2026-09-17T18:53:31.691718+00:00
9a328f3f-b527-5134-aed2-0b2addb459a6,9 맞이 카페 팝업 스토어,,not_found,2026-09-17T18:53:49.978068+00:00
bd066c94-421f-512e-aa58-cfdeb0afa393,명탐정 코난 추리게임 팝업,https://ojbeahxvvvacnvhviihi.supabase.co/storage/v1/object/public/images/places/bd066c94-421f-512e-aa58-cfdeb0afa393.jpg,ok,2026-09-17T18:54:10.439580+00:00
564b1ff2-54a0-5182-962f-c578f7a40454,AK플라자 4 층 토이 스토리 팝업 스토어,,not_found,2026-09-17T18:54:27.753004+00:00
f80e8867-0fa3-56a2-98d4-40dbad85e15e,오버워치 팝업,,not_found,2026-09-17T18:54:43.450980+00:00
103d07a2-7b89-5a8f-b152-47447008f2dd,르 테마 팝업 스토어,,not_found,2026-09-17T18:54:58.229226+00:00
e3cce106-0e6a-59fa-be1f-cd25dd995cfb,홍대 추천 팝업 스토어,https://ojbeahxvvvacnvhviihi.supabase.co/storage/v1/object/public/images/places/e3cce106-0e6a-59fa-be1f-cd25dd995cfb.jpg,ok,2026-09-17T18:55:15.427385+00:00
7cdc5154-9b4b-54a5-b0c5-472dddf68ba7,인증 라테일 20 팝업 스토어,,not_found,2026-09-17T18:55:33.276194+00:00
05b9a6e4-9556-573a-89b0-3e30cdfe3c43,수호천사 엔젤 팝업,,not_found,2026-09-17T18:55:54.412573+00:00
bf20c0a7-064b-502e-b547-e429615c6fd6,묘냥이 멍구 팝업 스토어,,not_found,2026-09-17T18:56:12.649000+00:00
db4850fc-0033-524c-8a55-3974647d7a94,컨츄리시티즌,https://ojbeahxvvvacnvhviihi.supabase.co/storage/v1/object/public/images/places/db4850fc-0033-524c-8a55-3974647d7a94.jpg,ok,2026-09-17T18:56:25.090895+00:00
61c0c78a-7572-531a-ae44-3d5cc6ba926a,벨웨더 라테일 팝업 스토어,,not_found,2026-09-17T18:56:38.372030+00:00
1d3be25f-423c-5a5c-ac36-b2296c22d16d,홍대 카카오프렌즈 복심 팝업 스토어,,not_found,2026-09-17T18:56:55.574910+00:00
033877e4-c486-53c5-8395-eff999639bae,홍대 귀칼 팝업,,not_found,2026-09-17T18:57:11.815978+00:00
969d73d5-34f8-5c30-9bad-fd973211f4e7,스텔라이브 팝업스토어 SIX STAR STELLIVE,https://ojbeahxvvvacnvhviihi.supabase.co/storage/v1/object/public/images/places/969d73d5-34f8-5c30-9bad-fd973211f4e7.jpg,ok,2026-09-17T18:57:33.146654+00:00
7c1eda4b-f623-5ff7-b8ca-68ce3e89bce3,홍대 가챠샵 팝업 스토어,https://ojbeahxvvvacnvhviihi.supabase.co/storage/v1/object/public/images/places/7c1eda4b-f623-5ff7-b8ca-68ce3e89bce3.jpg,ok,2026-09-17T18:57:45.280955+00:00
46bdedde-543c-5c4f-b907-dab007b67339,월드컵로 3 길 47 1 층 어스 드롭 팝업 스토어,,not_found,2026-09-17T18:58:08.046472+00:00
43e90caf-6abb-59c8-a1d1-e751e15aa773,오아시스 투어 1 팝업,,not_found,2026-09-17T18:58:21.337704+00:00
6a259e41-6b96-55a4-ac69-0ff24792734c,랜드 팝업,,no_image,2026-09-17T18:58:42.929302+00:00
6113025b-f1cd-58eb-81a6-23a298f819bb,라이즈 RIIZE 미니 앨범 2 II 발매 기념 아카이브 ARCHIIVE 팝업스,,not_found,2026-09-17T18:59:02.102669+00:00
3812bce1-f57c-5eef-ac4f-82f05c33000c,라이즈 컴백 팝업 스토어,,not_found,2026-09-17T18:59:22.595904+00:00
5a0d7e2d-d6cf-592f-bb1b-07c30ed4773b,귀주톱 주술회전 팝업 스토어,,not_found,2026-09-17T18:59:37.800423+00:00
