id,name,category,address,road_address,lat,lng,link,phone,business_hours,menu,tags,area,event_start,event_end,source,review_text,raw_json,fetched_at
2fc349fc-7818-58b2-8dbe-c93d58c803a4,슈가코인노래연습장 공덕점,오락시설>노래방,서울특별시 마포구 공덕동 105-159 지하 1층,서울특별시 마포구 마포대로 180 지하 1층,37.5501823,126.9555073,http://m.facebook.com/sugarcoin1,,,,['가족동반'],공덕동,,,local,,"{""title"": ""슈가코인노래연습장 공덕점"", ""link"": ""http://m.facebook.com/sugarcoin1"", ""category"": ""오락시설>노래방"", ""description"": NaN, ""telephone"": NaN, ""address"": ""서울특별시 마포구 공덕동 105-159 지하 1층"", ""roadAddress"": ""서울특별시 마포구 마포대로 180 지하 1층"", ""mapx"": 1269555073, ""mapy"": 375501823, ""dong"": ""공덕동"", ""category_keyword"": ""오락실""}",2026-09-14T03:22:54.944461+00:00
546b5896-cbb6-59d9-8a03-b2e96cc5a778,뮤즈코인노래연습장,오락시설>노래방,서울특별시 마포구 신공덕동 20-18 지하1층,서울특별시 마포구 백범로37길 22 지하1층,37.5440661,126.9548139,,,,,"['모임', '시끌벅적함']",공덕동,,,local,,"{""title"": ""뮤즈코인노래연습장"", ""link"": NaN, ""category"": ""오락시설>노래방"", ""description"": NaN, ""telephone"": NaN, ""address"": ""서울특별시 마포구 신공덕동 20-18 지하1층"", ""roadAddress"": ""서울특별시 마포구 백범로37길 22 지하1층"", ""mapx"": 1269548139, ""mapy"": 375440661, ""dong"": ""공덕동"", ""category_keyword"": ""오락실""}",2026-09-14T03:22:54.944576+00:00
cdc94e5c-cea2-55fc-92e9-e4fb93385f36,클럽스트라이크 볼링장,"스포츠,오락>볼링장",서울특별시 마포구 도화동 36 4층 클럽스트라이크 볼링장,서울특별시 마포구 마포대로 52 4층 클럽스트라이크 볼링장,37.540328,126.9476654,https://blog.naver.com/strikepub,,,,"['힙함', '데이트', '모임']",공덕동,,,local,,"{""title"": ""클럽스트라이크 <b>볼링장</b>"", ""link"": ""https://blog.naver.com/strikepub"", ""category"": ""스포츠,오락>볼링장"", ""description"": NaN, ""telephone"": NaN, ""address"": ""서울특별시 마포구 도화동 36 4층 클럽스트라이크 볼링장"", ""roadAddress"": ""서울특별시 마포구 마포대로 52 4층 클럽스트라이크 볼링장"", ""mapx"": 1269476654, ""mapy"": 375403280, ""dong"": ""공덕동"", ""category_keyword"": ""볼링장""}",2026-09-14T03:22:54.944659+00:00
931ad374-feb2-5dff-b639-43f7a71319eb,뉴청룡볼링장,"스포츠,오락>볼링장",서울특별시 용산구 갈월동 98-38 청룡빌딩 지하1층,서울특별시 용산구 한강대로 257 청룡빌딩 지하1층,37.541356,126.972639,,,,,"['모임', '가족동반']",공덕동,,,local,,"{""title"": ""뉴청룡<b>볼링장</b>"", ""link"": NaN, ""category"": ""스포츠,오락>볼링장"", ""description"": NaN, ""telephone"": NaN, ""address"": ""서울특별시 용산구 갈월동 98-38 청룡빌딩 지하1층"", ""roadAddress"": ""서울특별시 용산구 한강대로 257 청룡빌딩 지하1층"", ""mapx"": 1269726390, ""mapy"": 375413560, ""dong"": ""공덕동"", ""category_keyword"": ""볼링장""}",2026-09-14T03:22:54.944732+00:00
6160b3c7-10c8-5bd8-9a97-76df97e45a61,타겟볼링,"스포츠,오락>볼링장",서울특별시 서대문구 대현동 101-7 혜우빌딩 지하1층,서울특별시 서대문구 신촌역로 10 혜우빌딩 지하1층,37.557589,126.943072,,,,,"['모임', '가족동반']",공덕동,,,local,,"{""title"": ""타겟볼링"", ""link"": NaN, ""category"": ""스포츠,오락>볼링장"", ""description"": NaN, ""telephone"": NaN, ""address"": ""서울특별시 서대문구 대현동 101-7 혜우빌딩 지하1층"", ""roadAddress"": ""서울특별시 서대문구 신촌역로 10 혜우빌딩 지하1층"", ""mapx"": 1269430720, ""mapy"": 375575890, ""dong"": ""공덕동"", ""category_keyword"": ""볼링장""}",2026-09-14T03:22:54.944804+00:00
180c7162-6ed7-5d89-b27e-51eb40a99b81,월드스포츠가인볼링센타 신촌점,"스포츠,오락>볼링장",서울특별시 서대문구 대현동 145 지하2층,서울특별시 서대문구 이화여대1길 10 지하2층,37.5577467,126.9447949,https://www.instagram.com/gain_bowling_sinchon,,,,"['모임', '가족동반']",공덕동,,,local,,"{""title"": ""월드스포츠가인볼링센타 신촌점"", ""link"": ""https://www.instagram.com/gain_bowling_sinchon"", ""category"": ""스포츠,오락>볼링장"", ""description"": NaN, ""telephone"": NaN, ""address"": ""서울특별시 서대문구 대현동 145 지하2층"", ""roadAddress"": ""서울특별시 서대문구 이화여대1길 10 지하2층"", ""mapx"": 1269447949, ""mapy"": 375577467, ""dong"": ""공덕동"", ""category_keyword"": ""볼링장""}",2026-09-14T03:22:54.944882+00:00
baf8b80e-78ed-54ca-ac3a-9dcb641ca81c,중앙샌딩,건설업>건물건설,서울특별시 마포구 신수동 62-42,서울특별시 마포구 대흥로11길 9,37.5451071,126.9386902,http://bowlingjungang.com/,,,,[],공덕동,,,local,,"{""title"": ""중앙샌딩"", ""link"": ""http://bowlingjungang.com/"", ""category"": ""건설업>건물건설"", ""description"": NaN, ""telephone"": NaN, ""address"": ""서울특별시 마포구 신수동 62-42"", ""roadAddress"": ""서울특별시 마포구 대흥로11길 9"", ""mapx"": 1269386902, ""mapy"": 375451071, ""dong"": ""공덕동"", ""category_keyword"": ""볼링장""}",2026-09-14T03:22:54.944951+00:00
2c59675f-2b23-582d-962f-e64dba892011,룸익스케이프 화이트점,방탈출카페,서울특별시 서대문구 창천동 5-21 2층,서울특별시 서대문구 명물길 66 2층,37.5589378,126.9398764,http://ex-cape.com,,,,"['데이트', '모임']",공덕동,,,local,,"{""title"": ""룸익스케이프 화이트점"", ""link"": ""http://ex-cape.com"", ""category"": ""방탈출카페"", ""description"": NaN, ""telephone"": NaN, ""address"": ""서울특별시 서대문구 창천동 5-21 2층"", ""roadAddress"": ""서울특별시 서대문구 명물길 66 2층"", ""mapx"": 1269398764, ""mapy"": 375589378, ""dong"": ""공덕동"", ""category_keyword"": ""방탈출""}",2026-09-14T03:22:54.945008+00:00
7e7e7ce5-5a39-5a09-b8c7-7dd0701e0a7d,룸익스케이프 블랙점,방탈출카페,서울특별시 서대문구 창천동 18-11 3층,서울특별시 서대문구 연세로4길 6 3층,37.5569222,126.937373,http://ex-cape.com,,,,"['데이트', '모임']",공덕동,,,local,,"{""title"": ""룸익스케이프 블랙점"", ""link"": ""http://ex-cape.com"", ""category"": ""방탈출카페"", ""description"": NaN, ""telephone"": NaN, ""address"": ""서울특별시 서대문구 창천동 18-11 3층"", ""roadAddress"": ""서울특별시 서대문구 연세로4길 6 3층"", ""mapx"": 1269373730, ""mapy"": 375569222, ""dong"": ""공덕동"", ""category_keyword"": ""방탈출""}",2026-09-14T03:22:54.945063+00:00
63824968-9c79-5dce-9739-addd10f09744,신촌방탈출ESC,방탈출카페,서울특별시 서대문구 창천동 13-2 준성빌딩,서울특별시 서대문구 명물길 32 준성빌딩,37.5580769,126.9384382,http://roomescape.net/,,,,"['데이트', '모임']",공덕동,,,local,,"{""title"": ""신촌<b>방탈출</b>ESC"", ""link"": ""http://roomescape.net/"", ""category"": ""방탈출카페"", ""description"": NaN, ""telephone"": NaN, ""address"": ""서울특별시 서대문구 창천동 13-2 준성빌딩"", ""roadAddress"": ""서울특별시 서대문구 명물길 32 준성빌딩"", ""mapx"": 1269384382, ""mapy"": 375580769, ""dong"": ""공덕동"", ""category_keyword"": ""방탈출""}",2026-09-14T03:22:54.945124+00:00
61bd3a4d-7692-50f1-9d51-dff02d7c0906,나의신방,방탈출카페,서울특별시 서대문구 창천동 57-3 3층,서울특별시 서대문구 연세로5가길 8-3 3층,37.5574664,126.9361822,https://나의신방.com/layout/res/home.php?go=main,,,,"['데이트', '모임']",공덕동,,,local,,"{""title"": ""나의신방"", ""link"": ""https://나의신방.com/layout/res/home.php?go=main"", ""category"": ""방탈출카페"", ""description"": NaN, ""telephone"": NaN, ""address"": ""서울특별시 서대문구 창천동 57-3 3층"", ""roadAddress"": ""서울특별시 서대문구 연세로5가길 8-3 3층"", ""mapx"": 1269361822, ""mapy"": 375574664, ""dong"": ""공덕동"", ""category_keyword"": ""방탈출""}",2026-09-14T03:22:54.945210+00:00
c4a51203-558a-5682-9190-72b7bf17b88e,클레버타운,방탈출카페,서울특별시 서대문구 창천동 31-20 3층,서울특별시 서대문구 연세로 30 3층,37.5582486,126.9371072,https://clevertown.co.kr/,,,,"['데이트', '모임']",공덕동,,,local,,"{""title"": ""클레버타운"", ""link"": ""https://clevertown.co.kr/"", ""category"": ""방탈출카페"", ""description"": NaN, ""telephone"": NaN, ""address"": ""서울특별시 서대문구 창천동 31-20 3층"", ""roadAddress"": ""서울특별시 서대문구 연세로 30 3층"", ""mapx"": 1269371072, ""mapy"": 375582486, ""dong"": ""공덕동"", ""category_keyword"": ""방탈출""}",2026-09-14T03:22:54.945286+00:00
9dfc9117-7660-5aa3-a04a-dfeba2da1b01,보드게임카페 레드버튼 신촌점,"스포츠,오락>보드카페",서울특별시 서대문구 창천동 18-31 3층,서울특별시 서대문구 연세로 8 3층,37.5562007,126.9371132,http://www.redbutton.co.kr,,,,"['모임', '데이트']",공덕동,,,local,,"{""title"": ""<b>보드게임카페</b> 레드버튼 신촌점"", ""link"": ""http://www.redbutton.co.kr"", ""category"": ""스포츠,오락>보드카페"", ""description"": NaN, ""telephone"": NaN, ""address"": ""서울특별시 서대문구 창천동 18-31 3층"", ""roadAddress"": ""서울특별시 서대문구 연세로 8 3층"", ""mapx"": 1269371132, ""mapy"": 375562007, ""dong"": ""공덕동"", ""category_keyword"": ""보드게임카페""}",2026-09-14T03:22:54.945345+00:00
638b0c13-df48-53b1-9a58-906d3c223978,더홀릭보드게임카페 신촌점,"스포츠,오락>보드카페","서울특별시 서대문구 창천동 18-55 4, 5층","서울특별시 서대문구 연세로 10-1 4, 5층",37.5565,126.9371419,https://www.instagram.com/theholic_sc,,,,"['모임', '데이트']",공덕동,,,local,,"{""title"": ""더홀릭<b>보드게임카페</b> 신촌점"", ""link"": ""https://www.instagram.com/theholic_sc"", ""category"": ""스포츠,오락>보드카페"", ""description"": NaN, ""telephone"": NaN, ""address"": ""서울특별시 서대문구 창천동 18-55 4, 5층"", ""roadAddress"": ""서울특별시 서대문구 연세로 10-1 4, 5층"", ""mapx"": 1269371419, ""mapy"": 375565000, ""dong"": ""공덕동"", ""category_keyword"": ""보드게임카페""}",2026-09-14T03:22:54.945406+00:00
ff9ffa39-9f90-5d56-a09a-0cc1ac1a2804,히어로보드게임카페 신촌점,"스포츠,오락>보드카페",서울특별시 서대문구 창천동 31-80 3층,서울특별시 서대문구 명물길 23 3층,37.558183,126.9378832,https://funhero.co.kr,,,,"['모임', '데이트']",공덕동,,,local,,"{""title"": ""히어로<b>보드게임카페</b> 신촌점"", ""link"": ""https://funhero.co.kr"", ""category"": ""스포츠,오락>보드카페"", ""description"": NaN, ""telephone"": NaN, ""address"": ""서울특별시 서대문구 창천동 31-80 3층"", ""roadAddress"": ""서울특별시 서대문구 명물길 23 3층"", ""mapx"": 1269378832, ""mapy"": 375581830, ""dong"": ""공덕동"", ""category_keyword"": ""보드게임카페""}",2026-09-14T03:22:54.945463+00:00
9fa03ffa-08d0-522a-8d43-264e8452303b,데블다이스 보드게임카페 신촌점,"스포츠,오락>보드카페",서울특별시 서대문구 창천동 57-8 계림빌딩 5층,서울특별시 서대문구 연세로5가길 1 계림빌딩 5층,37.557056,126.9361014,http://www.cafedevildice.co.kr,,,,"['모임', '데이트']",공덕동,,,local,,"{""title"": ""데블다이스 <b>보드게임카페</b> 신촌점"", ""link"": ""http://www.cafedevildice.co.kr"", ""category"": ""스포츠,오락>보드카페"", ""description"": NaN, ""telephone"": NaN, ""address"": ""서울특별시 서대문구 창천동 57-8 계림빌딩 5층"", ""roadAddress"": ""서울특별시 서대문구 연세로5가길 1 계림빌딩 5층"", ""mapx"": 1269361014, ""mapy"": 375570560, ""dong"": ""공덕동"", ""category_keyword"": ""보드게임카페""}",2026-09-14T03:22:54.945520+00:00
45435366-b7d9-56a5-90c3-5747625dcb84,히어로보드게임카페 숙명여대점,"스포츠,오락>보드카페",서울특별시 용산구 청파동3가 111-9 7층,서울특별시 용산구 청파로47길 49 7층,37.5445888,126.9675618,https://www.instagram.com/hero_smu,,,,"['모임', '데이트']",공덕동,,,local,,"{""title"": ""히어로<b>보드게임카페</b> 숙명여대점"", ""link"": ""https://www.instagram.com/hero_smu"", ""category"": ""스포츠,오락>보드카페"", ""description"": NaN, ""telephone"": NaN, ""address"": ""서울특별시 용산구 청파동3가 111-9 7층"", ""roadAddress"": ""서울특별시 용산구 청파로47길 49 7층"", ""mapx"": 1269675618, ""mapy"": 375445888, ""dong"": ""공덕동"", ""category_keyword"": ""보드게임카페""}",2026-09-14T03:22:54.945575+00:00
c0184263-c5f3-56e9-8ef1-1738ed441bd9,공덕당구장,"스포츠,오락>당구장",서울특별시 마포구 공덕동 256-10 2층,서울특별시 마포구 만리재로 19 2층,37.5447948,126.9532518,,,,,"['모임', '시끌벅적함']",공덕동,,,local,,"{""title"": ""공덕<b>당구장</b>"", ""link"": NaN, ""category"": ""스포츠,오락>당구장"", ""description"": NaN, ""telephone"": NaN, ""address"": ""서울특별시 마포구 공덕동 256-10 2층"", ""roadAddress"": ""서울특별시 마포구 만리재로 19 2층"", ""mapx"": 1269532518, ""mapy"": 375447948, ""dong"": ""공덕동"", ""category_keyword"": ""당구장""}",2026-09-14T03:22:54.945628+00:00
e6f495f2-d58a-56f8-b67d-b6a5973a5277,제일플러스,"스포츠,오락>당구장",서울특별시 마포구 공덕동 256-13,서울특별시 마포구 만리재로 15,37.5445786,126.9527595,,,,,"['모임', '시끌벅적함']",공덕동,,,local,,"{""title"": ""제일플러스"", ""link"": NaN, ""category"": ""스포츠,오락>당구장"", ""description"": NaN, ""telephone"": NaN, ""address"": ""서울특별시 마포구 공덕동 256-13"", ""roadAddress"": ""서울특별시 마포구 만리재로 15"", ""mapx"": 1269527595, ""mapy"": 375445786, ""dong"": ""공덕동"", ""category_keyword"": ""당구장""}",2026-09-14T03:22:54.945681+00:00
e4e130df-b4cc-5947-9b79-da2c2f8c0635,준당구클럽,"스포츠,오락>당구장",서울특별시 마포구 공덕동 105-238 2층,서울특별시 마포구 마포대로14길 11 2층,37.5486705,126.9560078,https://blog.naver.com/adress007,,,,"['모임', '시끌벅적함']",공덕동,,,local,,"{""title"": ""준당구클럽"", ""link"": ""https://blog.naver.com/adress007"", ""category"": ""스포츠,오락>당구장"", ""description"": NaN, ""telephone"": NaN, ""address"": ""서울특별시 마포구 공덕동 105-238 2층"", ""roadAddress"": ""서울특별시 마포구 마포대로14길 11 2층"", ""mapx"": 1269560078, ""mapy"": 375486705, ""dong"": ""공덕동"", ""category_keyword"": ""당구장""}",2026-09-14T03:22:54.945736+00:00
7629645b-96c8-5f51-9311-edcdbb9feafb,제일당구장,"스포츠,오락>당구장",서울특별시 마포구 공덕동 256-30,서울특별시 마포구 만리재옛길 1,37.5448051,126.9540344,,,,,"['모임', '시끌벅적함']",공덕동,,,local,,"{""title"": ""제일<b>당구장</b>"", ""link"": NaN, ""category"": ""스포츠,오락>당구장"", ""description"": NaN, ""telephone"": NaN, ""address"": ""서울특별시 마포구 공덕동 256-30"", ""roadAddress"": ""서울특별시 마포구 만리재옛길 1"", ""mapx"": 1269540344, ""mapy"": 375448051, ""dong"": ""공덕동"", ""category_keyword"": ""당구장""}",2026-09-14T03:22:54.945790+00:00
ef05a7fa-044e-56b7-a8a5-fcc0effad1ac,BTC 당구클럽,"스포츠,오락>당구장",서울특별시 마포구 공덕동 105-163 영지공덕빌딩,서울특별시 마포구 마포대로 180-13 영지공덕빌딩,37.55008,126.9560684,https://blog.naver.com/highrun13,,,,"['모임', '시끌벅적함']",공덕동,,,local,,"{""title"": ""BTC 당구클럽"", ""link"": ""https://blog.naver.com/highrun13"", ""category"": ""스포츠,오락>당구장"", ""description"": NaN, ""telephone"": NaN, ""address"": ""서울특별시 마포구 공덕동 105-163 영지공덕빌딩"", ""roadAddress"": ""서울특별시 마포구 마포대로 180-13 영지공덕빌딩"", ""mapx"": 1269560684, ""mapy"": 375500800, ""dong"": ""공덕동"", ""category_keyword"": ""당구장""}",2026-09-14T03:22:54.945846+00:00
040fd94f-1d66-5c2d-9dca-33a09b3dc19a,벌툰 엔틱 신촌직영점,"스포츠,오락>만화방",서울특별시 서대문구 창천동 57-3 4층,서울특별시 서대문구 연세로5가길 8-3 4층,37.557404,126.9361877,https://www.instagram.com/beoltoon_sinchon,,,,"['혼밥', '조용함']",공덕동,,,local,,"{""title"": ""벌툰 엔틱 신촌직영점"", ""link"": ""https://www.instagram.com/beoltoon_sinchon"", ""category"": ""스포츠,오락>만화방"", ""description"": NaN, ""telephone"": NaN, ""address"": ""서울특별시 서대문구 창천동 57-3 4층"", ""roadAddress"": ""서울특별시 서대문구 연세로5가길 8-3 4층"", ""mapx"": 1269361877, ""mapy"": 375574040, ""dong"": ""공덕동"", ""category_keyword"": ""만화카페""}",2026-09-14T03:22:54.945899+00:00
a6be3b59-767f-52b8-82f5-6cb73feeb047,놀숲 이대점,"스포츠,오락>만화방",서울특별시 서대문구 대현동 37-1 이화타워 6층,서울특별시 서대문구 이화여대길 75 이화타워 6층,37.5590799,126.9442979,https://blog.naver.com/ewhanolsoop,,,,"['혼밥', '조용함']",공덕동,,,local,,"{""title"": ""놀숲 이대점"", ""link"": ""https://blog.naver.com/ewhanolsoop"", ""category"": ""스포츠,오락>만화방"", ""description"": NaN, ""telephone"": NaN, ""address"": ""서울특별시 서대문구 대현동 37-1 이화타워 6층"", ""roadAddress"": ""서울특별시 서대문구 이화여대길 75 이화타워 6층"", ""mapx"": 1269442979, ""mapy"": 375590799, ""dong"": ""공덕동"", ""category_keyword"": ""만화카페""}",2026-09-14T03:22:54.945951+00:00
8287a7c9-5e5f-59ce-bd75-aa3d45054a50,캣툰 신촌점,오락시설>만화방,서울특별시 서대문구 창천동 41-14 지하1층,서울특별시 서대문구 명물길 21 지하1층,37.5579934,126.9377527,https://www.instagram.com/cattoon_sinchon,,,,"['혼밥', '조용함']",공덕동,,,local,,"{""title"": ""캣툰 신촌점"", ""link"": ""https://www.instagram.com/cattoon_sinchon"", ""category"": ""오락시설>만화방"", ""description"": NaN, ""telephone"": NaN, ""address"": ""서울특별시 서대문구 창천동 41-14 지하1층"", ""roadAddress"": ""서울특별시 서대문구 명물길 21 지하1층"", ""mapx"": 1269377527, ""mapy"": 375579934, ""dong"": ""공덕동"", ""category_keyword"": ""만화카페""}",2026-09-14T03:22:54.946003+00:00
2fbc29fb-7899-573b-93c2-af8f3185f94f,놀숲 프리미엄 신촌점,"스포츠,오락>만화방",서울특별시 서대문구 창천동 57-8 4층,서울특별시 서대문구 연세로5가길 1 4층,37.5570454,126.9361073,,,,,['데이트'],공덕동,,,local,,"{""title"": ""놀숲 프리미엄 신촌점"", ""link"": NaN, ""category"": ""스포츠,오락>만화방"", ""description"": NaN, ""telephone"": NaN, ""address"": ""서울특별시 서대문구 창천동 57-8 4층"", ""roadAddress"": ""서울특별시 서대문구 연세로5가길 1 4층"", ""mapx"": 1269361073, ""mapy"": 375570454, ""dong"": ""공덕동"", ""category_keyword"": ""만화카페""}",2026-09-14T03:22:54.946067+00:00
882dcc03-658c-5298-96d5-119cb0047a2f,놀숲 숙대입구점,"스포츠,오락>만화방",서울특별시 용산구 청파동2가 71-88 지하1층,서울특별시 용산구 청파로47길 52 지하1층,37.5449403,126.9675077,http://www.nolsoop.co.kr/,,,,"['혼밥', '조용함']",공덕동,,,local,,"{""title"": ""놀숲 숙대입구점"", ""link"": ""http://www.nolsoop.co.kr/"", ""category"": ""스포츠,오락>만화방"", ""description"": NaN, ""telephone"": NaN, ""address"": ""서울특별시 용산구 청파동2가 71-88 지하1층"", ""roadAddress"": ""서울특별시 용산구 청파로47길 52 지하1층"", ""mapx"": 1269675077, ""mapy"": 375449403, ""dong"": ""공덕동"", ""category_keyword"": ""만화카페""}",2026-09-14T03:22:54.946140+00:00
6a5d6510-84e7-530a-9320-ed3120165b71,자란다 키즈존,"키즈카페,실내놀이터",서울특별시 마포구 공덕동 254-5 1층,서울특별시 마포구 마포대로 122 1층,37.5453949,126.9525692,https://try.jaranda.kr/njUHdO7Hzib,,,,['가족동반'],공덕동,,,local,,"{""title"": ""자란다 키즈존"", ""link"": ""https://try.jaranda.kr/njUHdO7Hzib"", ""category"": ""키즈카페,실내놀이터"", ""description"": NaN, ""telephone"": NaN, ""address"": ""서울특별시 마포구 공덕동 254-5 1층"", ""roadAddress"": ""서울특별시 마포구 마포대로 122 1층"", ""mapx"": 1269525692, ""mapy"": 375453949, ""dong"": ""공덕동"", ""category_keyword"": ""키즈카페""}",2026-09-14T03:22:54.946193+00:00
0b6c7034-fe24-5023-92c9-57b299655409,두뇌놀이터 놀짱,"키즈카페,실내놀이터",서울특별시 마포구 신공덕동 155 상가 401호~403호,서울특별시 마포구 백범로37길 16 상가 401호~403호,37.5435828,126.954867,https://www.instagram.com/nolzzang_brainplay,,,,['가족동반'],공덕동,,,local,,"{""title"": ""두뇌놀이터 놀짱"", ""link"": ""https://www.instagram.com/nolzzang_brainplay"", ""category"": ""키즈카페,실내놀이터"", ""description"": NaN, ""telephone"": NaN, ""address"": ""서울특별시 마포구 신공덕동 155 상가 401호~403호"", ""roadAddress"": ""서울특별시 마포구 백범로37길 16 상가 401호~403호"", ""mapx"": 1269548670, ""mapy"": 375435828, ""dong"": ""공덕동"", ""category_keyword"": ""키즈카페""}",2026-09-14T03:22:54.946247+00:00
5b108ca2-8fa6-535d-9e18-efecd68fd66e,Pantry11,학원 등 교습시설>요리교육,서울특별시 마포구 신공덕동 159 신공덕래미안2차 아파트 상가 2동 224호,서울특별시 마포구 만리재로 74 신공덕래미안2차 아파트 상가 2동 224호,37.5463978,126.9572683,http://pantry11.blog.me/,,,,['모임'],공덕동,,,local,,"{""title"": ""Pantry11"", ""link"": ""http://pantry11.blog.me/"", ""category"": ""학원 등 교습시설>요리교육"", ""description"": NaN, ""telephone"": NaN, ""address"": ""서울특별시 마포구 신공덕동 159 신공덕래미안2차 아파트 상가 2동 224호"", ""roadAddress"": ""서울특별시 마포구 만리재로 74 신공덕래미안2차 아파트 상가 2동 224호"", ""mapx"": 1269572683, ""mapy"": 375463978, ""dong"": ""공덕동"", ""category_keyword"": ""키즈카페""}",2026-09-14T03:22:54.946303+00:00
1c990b8b-7ed1-5cc1-9d8d-7d04f79f736e,스크라이크팡,스포츠시설>스크린야구장,서울특별시 서대문구 창천동 57-8,서울특별시 서대문구 연세로5가길 1,37.557056,126.9361014,,,,,['모임'],공덕동,,,local,,"{""title"": ""스크라이크팡"", ""link"": NaN, ""category"": ""스포츠시설>스크린야구장"", ""description"": NaN, ""telephone"": NaN, ""address"": ""서울특별시 서대문구 창천동 57-8"", ""roadAddress"": ""서울특별시 서대문구 연세로5가길 1"", ""mapx"": 1269361014, ""mapy"": 375570560, ""dong"": ""공덕동"", ""category_keyword"": ""스크린야구""}",2026-09-14T03:22:54.946356+00:00
991d6033-2959-55c1-8f8b-744dfd0f217e,토토노래연습장,"스포츠,오락>노래방",서울특별시 마포구 공덕동 256-30,서울특별시 마포구 만리재로 23,37.544623,126.953733,,,,,"['모임', '시끌벅적함']",공덕동,,,local,,"{""title"": ""토토노래연습장"", ""link"": NaN, ""category"": ""스포츠,오락>노래방"", ""description"": NaN, ""telephone"": NaN, ""address"": ""서울특별시 마포구 공덕동 256-30"", ""roadAddress"": ""서울특별시 마포구 만리재로 23"", ""mapx"": 1269537330, ""mapy"": 375446230, ""dong"": ""공덕동"", ""category_keyword"": ""노래방""}",2026-09-14T03:22:54.946408+00:00
ff4080ed-bd8a-55e5-89e2-2ef07bcc29c8,믹스믹스 소주호프 노래타운,술집>요리주점,서울특별시 마포구 공덕동 256-13 제일빌딩 지하1층,서울특별시 마포구 만리재로 15 제일빌딩 지하1층,37.5446541,126.9526844,,,,,"['모임', '시끌벅적함']",공덕동,,,local,,"{""title"": ""믹스믹스 소주호프 노래타운"", ""link"": NaN, ""category"": ""술집>요리주점"", ""description"": NaN, ""telephone"": NaN, ""address"": ""서울특별시 마포구 공덕동 256-13 제일빌딩 지하1층"", ""roadAddress"": ""서울특별시 마포구 만리재로 15 제일빌딩 지하1층"", ""mapx"": 1269526844, ""mapy"": 375446541, ""dong"": ""공덕동"", ""category_keyword"": ""노래방""}",2026-09-14T03:22:54.946460+00:00
c52fd8c8-ea72-5043-9f44-bed59616c16c,부르리노래로,"스포츠,오락>노래방",서울특별시 마포구 공덕동 256-13 제일빌딩 1층,서울특별시 마포구 만리재로 15 제일빌딩 1층,37.5445767,126.952766,,,,,"['모임', '시끌벅적함']",공덕동,,,local,,"{""title"": ""부르리노래로"", ""link"": NaN, ""category"": ""스포츠,오락>노래방"", ""description"": NaN, ""telephone"": NaN, ""address"": ""서울특별시 마포구 공덕동 256-13 제일빌딩 1층"", ""roadAddress"": ""서울특별시 마포구 만리재로 15 제일빌딩 1층"", ""mapx"": 1269527660, ""mapy"": 375445767, ""dong"": ""공덕동"", ""category_keyword"": ""노래방""}",2026-09-14T03:22:54.946511+00:00
2202e72f-c67d-5a1e-9947-6f8d77994705,썬쿠르즈노래방,"스포츠,오락>노래방",서울특별시 마포구 공덕동 256-10,서울특별시 마포구 만리재로 19,37.5448141,126.9533812,,,,,"['모임', '시끌벅적함']",공덕동,,,local,,"{""title"": ""썬쿠르즈<b>노래방</b>"", ""link"": NaN, ""category"": ""스포츠,오락>노래방"", ""description"": NaN, ""telephone"": NaN, ""address"": ""서울특별시 마포구 공덕동 256-10"", ""roadAddress"": ""서울특별시 마포구 만리재로 19"", ""mapx"": 1269533812, ""mapy"": 375448141, ""dong"": ""공덕동"", ""category_keyword"": ""노래방""}",2026-09-14T03:22:54.946563+00:00
fa2633d7-7c0c-5d2f-afee-15ab40b043ca,레벨업 피시방,"스포츠,오락>PC방",서울특별시 마포구 공덕동 105-228,서울특별시 마포구 마포대로14길 21,37.5484026,126.9569888,,,,,"['혼밥', '모임']",공덕동,,,local,,"{""title"": ""레벨업 피시방"", ""link"": NaN, ""category"": ""스포츠,오락>PC방"", ""description"": NaN, ""telephone"": NaN, ""address"": ""서울특별시 마포구 공덕동 105-228"", ""roadAddress"": ""서울특별시 마포구 마포대로14길 21"", ""mapx"": 1269569888, ""mapy"": 375484026, ""dong"": ""공덕동"", ""category_keyword"": ""PC방""}",2026-09-14T03:22:54.946615+00:00
b5711d27-0d82-50c2-82c0-386d84c27d46,PNN,"협회,단체>뉴스,미디어",서울특별시 마포구 공덕동 256-13 제일빌딩 704호,서울특별시 마포구 만리재로 15 제일빌딩 704호,37.5445767,126.952766,http://www.ipnn.co.kr/,,,,[],공덕동,,,local,,"{""title"": ""PNN"", ""link"": ""http://www.ipnn.co.kr/"", ""category"": ""협회,단체>뉴스,미디어"", ""description"": NaN, ""telephone"": NaN, ""address"": ""서울특별시 마포구 공덕동 256-13 제일빌딩 704호"", ""roadAddress"": ""서울특별시 마포구 만리재로 15 제일빌딩 704호"", ""mapx"": 1269527660, ""mapy"": 375445767, ""dong"": ""공덕동"", ""category_keyword"": ""PC방""}",2026-09-14T03:22:54.946666+00:00
51c79abf-587d-5992-920f-8df78846b251,24시사우나 네이버한방스파,"생활,편의>목욕,찜질",서울특별시 마포구 염리동 174-14 지하 1층,서울특별시 마포구 큰우물로 53 지하 1층,37.5422664,126.9446458,http://cafe.naver.com/naverspa,,,,"['가족동반', '조용함']",공덕동,,,local,,"{""title"": ""24시사우나 네이버한방스파"", ""link"": ""http://cafe.naver.com/naverspa"", ""category"": ""생활,편의>목욕,찜질"", ""description"": NaN, ""telephone"": NaN, ""address"": ""서울특별시 마포구 염리동 174-14 지하 1층"", ""roadAddress"": ""서울특별시 마포구 큰우물로 53 지하 1층"", ""mapx"": 1269446458, ""mapy"": 375422664, ""dong"": ""공덕동"", ""category_keyword"": ""찜질방""}",2026-09-14T03:22:54.946719+00:00
4c472c47-0e80-59d7-95a5-5d7e06546166,에브리온,"생활,편의>찜질방",서울특별시 용산구 용문동 38-258,서울특별시 용산구 효창원로25다길 38,37.5379867,126.9573809,,,,,"['가족동반', '조용함']",공덕동,,,local,,"{""title"": ""에브리온"", ""link"": NaN, ""category"": ""생활,편의>찜질방"", ""description"": NaN, ""telephone"": NaN, ""address"": ""서울특별시 용산구 용문동 38-258"", ""roadAddress"": ""서울특별시 용산구 효창원로25다길 38"", ""mapx"": 1269573809, ""mapy"": 375379867, ""dong"": ""공덕동"", ""category_keyword"": ""찜질방""}",2026-09-14T03:22:54.946770+00:00
04de9fba-63c7-5b82-9c81-0069fc461181,토정24시사우나찜질방,"생활,편의>목욕,찜질",서울특별시 마포구 용강동 122-16 지하1층,서울특별시 마포구 토정로32길 4 지하1층,37.5410588,126.9412841,http://tojeongsauna.kr/,,,,"['가족동반', '조용함']",공덕동,,,local,,"{""title"": ""토정24시사우나<b>찜질방</b>"", ""link"": ""http://tojeongsauna.kr/"", ""category"": ""생활,편의>목욕,찜질"", ""description"": NaN, ""telephone"": NaN, ""address"": ""서울특별시 마포구 용강동 122-16 지하1층"", ""roadAddress"": ""서울특별시 마포구 토정로32길 4 지하1층"", ""mapx"": 1269412841, ""mapy"": 375410588, ""dong"": ""공덕동"", ""category_keyword"": ""찜질방""}",2026-09-14T03:22:54.946827+00:00
b2bb0a8e-26b7-558c-ab1b-2d1fd29ddf8d,용문항토보석사우나,"생활,편의>찜질방",서울특별시 용산구 용문동 38-214,서울특별시 용산구 효창원로37길 29,37.5381829,126.958894,,,,,"['가족동반', '조용함']",공덕동,,,local,,"{""title"": ""용문항토보석사우나"", ""link"": NaN, ""category"": ""생활,편의>찜질방"", ""description"": NaN, ""telephone"": NaN, ""address"": ""서울특별시 용산구 용문동 38-214"", ""roadAddress"": ""서울특별시 용산구 효창원로37길 29"", ""mapx"": 1269588940, ""mapy"": 375381829, ""dong"": ""공덕동"", ""category_keyword"": ""찜질방""}",2026-09-14T03:22:54.946888+00:00
17439e6d-4892-58a0-a522-dae42fec165d,건강마을 대흥점,"생활,편의>찜질방",서울특별시 마포구 대흥동 303 2층,서울특별시 마포구 대흥로 82 2층,37.5472978,126.9416434,https://blog.naver.com/lifeplan30,,,,"['가족동반', '조용함']",공덕동,,,local,,"{""title"": ""건강마을 대흥점"", ""link"": ""https://blog.naver.com/lifeplan30"", ""category"": ""생활,편의>찜질방"", ""description"": NaN, ""telephone"": NaN, ""address"": ""서울특별시 마포구 대흥동 303 2층"", ""roadAddress"": ""서울특별시 마포구 대흥로 82 2층"", ""mapx"": 1269416434, ""mapy"": 375472978, ""dong"": ""공덕동"", ""category_keyword"": ""찜질방""}",2026-09-14T03:22:54.946948+00:00
ddb30e09-80e5-5db8-90ad-17906968e1bf,CGV 신촌아트레온,"문화,예술>영화관",서울특별시 서대문구 창천동 20-25,서울특별시 서대문구 신촌로 129,37.5566022,126.9403023,https://cgv.co.kr/cnm/bzplcCgv/0150001,,,,['데이트'],공덕동,,,local,,"{""title"": ""CGV 신촌아트레온"", ""link"": ""https://cgv.co.kr/cnm/bzplcCgv/0150001"", ""category"": ""문화,예술>영화관"", ""description"": NaN, ""telephone"": NaN, ""address"": ""서울특별시 서대문구 창천동 20-25"", ""roadAddress"": ""서울특별시 서대문구 신촌로 129"", ""mapx"": 1269403023, ""mapy"": 375566022, ""dong"": ""공덕동"", ""category_keyword"": ""클라이밍""}",2026-09-14T03:22:54.947002+00:00
4345a633-d146-5dd3-bd97-5e70d61c1d78,신촌담장,"스포츠,오락>암벽등반",서울특별시 서대문구 대현동 101-7 5층,서울특별시 서대문구 신촌역로 10 5층,37.5576736,126.9431221,https://blog.naver.com/damjang_/224136346506,,,,"['데이트', '모임']",공덕동,,,local,,"{""title"": ""신촌담장"", ""link"": ""https://blog.naver.com/damjang_/224136346506"", ""category"": ""스포츠,오락>암벽등반"", ""description"": NaN, ""telephone"": NaN, ""address"": ""서울특별시 서대문구 대현동 101-7 5층"", ""roadAddress"": ""서울특별시 서대문구 신촌역로 10 5층"", ""mapx"": 1269431221, ""mapy"": 375576736, ""dong"": ""공덕동"", ""category_keyword"": ""클라이밍""}",2026-09-14T03:22:54.947054+00:00
8b4d49a8-17d7-56b1-bfb9-8c090c4cd5b6,PEAKERS 클라이밍 신촌,"스포츠,오락>암벽등반",서울특별시 서대문구 창천동 20-25 아트레온 11층,서울특별시 서대문구 신촌로 129 아트레온 11층,37.5565738,126.9403064,https://www.instagram.com/peakers_sinchon,,,,"['데이트', '모임']",공덕동,,,local,,"{""title"": ""PEAKERS <b>클라이밍</b> 신촌"", ""link"": ""https://www.instagram.com/peakers_sinchon"", ""category"": ""스포츠,오락>암벽등반"", ""description"": NaN, ""telephone"": NaN, ""address"": ""서울특별시 서대문구 창천동 20-25 아트레온 11층"", ""roadAddress"": ""서울특별시 서대문구 신촌로 129 아트레온 11층"", ""mapx"": 1269403064, ""mapy"": 375565738, ""dong"": ""공덕동"", ""category_keyword"": ""클라이밍""}",2026-09-14T03:22:54.947107+00:00
b5354722-7ce6-5e96-8486-db558d7da3dc,SUMMIT클라이밍센터,"스포츠,오락>암벽등반",서울특별시 마포구 노고산동 4-22 1층,서울특별시 마포구 신촌로24안길 14 1층,37.5555203,126.9421356,,,,,"['데이트', '모임']",공덕동,,,local,,"{""title"": ""SUMMIT<b>클라이밍</b>센터"", ""link"": NaN, ""category"": ""스포츠,오락>암벽등반"", ""description"": NaN, ""telephone"": NaN, ""address"": ""서울특별시 마포구 노고산동 4-22 1층"", ""roadAddress"": ""서울특별시 마포구 신촌로24안길 14 1층"", ""mapx"": 1269421356, ""mapy"": 375555203, ""dong"": ""공덕동"", ""category_keyword"": ""클라이밍""}",2026-09-14T03:22:54.947160+00:00
cb5242d7-adec-52c8-b66b-e83b5ffadd02,비파티세리 공덕점,"카페,디저트>베이커리",서울특별시 마포구 공덕동 105-67 1층,서울특별시 마포구 마포대로14길 4 1층,37.5487011,126.9551043,http://www.instagram.com/bpatisserie_seoul,,,,['조용함'],공덕동,,,local,,"{""title"": ""비파티세리 공덕점"", ""link"": ""http://www.instagram.com/bpatisserie_seoul"", ""category"": ""카페,디저트>베이커리"", ""description"": NaN, ""telephone"": NaN, ""address"": ""서울특별시 마포구 공덕동 105-67 1층"", ""roadAddress"": ""서울특별시 마포구 마포대로14길 4 1층"", ""mapx"": 1269551043, ""mapy"": 375487011, ""dong"": ""공덕동"", ""category_keyword"": ""카페""}",2026-09-14T03:22:54.947225+00:00
357bb687-0b99-5c5c-ae1a-2f979ee69563,아이엠베이글 공덕점,브런치카페,서울특별시 마포구 공덕동 476 101동 1층,서울특별시 마포구 백범로 152 101동 1층,37.5446928,126.9482171,https://smartstore.naver.com/iambagel,,,,"['데이트', '감성적', '사진맛집']",공덕동,,,local,,"{""title"": ""아이엠베이글 공덕점"", ""link"": ""https://smartstore.naver.com/iambagel"", ""category"": ""브런치카페"", ""description"": NaN, ""telephone"": NaN, ""address"": ""서울특별시 마포구 공덕동 476 101동 1층"", ""roadAddress"": ""서울특별시 마포구 백범로 152 101동 1층"", ""mapx"": 1269482171, ""mapy"": 375446928, ""dong"": ""공덕동"", ""category_keyword"": ""카페""}",2026-09-14T03:22:54.947287+00:00
c42dbcd4-e1aa-58b6-bcb0-a27ae34a29a7,스타벅스 공덕점,"카페,디저트>카페",서울특별시 마포구 공덕동 254-8,서울특별시 마포구 마포대로 130 (공덕동),37.545913,126.952956,http://www.starbucks.co.kr/,,,,"['감성적', '사진맛집']",공덕동,,,local,,"{""title"": ""스타벅스 공덕점"", ""link"": ""http://www.starbucks.co.kr/"", ""category"": ""카페,디저트>카페"", ""description"": NaN, ""telephone"": NaN, ""address"": ""서울특별시 마포구 공덕동 254-8"", ""roadAddress"": ""서울특별시 마포구 마포대로 130 (공덕동)"", ""mapx"": 1269529560, ""mapy"": 375459130, ""dong"": ""공덕동"", ""category_keyword"": ""카페""}",2026-09-14T03:22:54.947342+00:00
a960f938-0fb0-5abd-abe5-24cf8d884553,파네트,"카페,디저트>베이커리",서울특별시 마포구 공덕동 232-9 1층,서울특별시 마포구 마포대로11길 17 1층,37.5488291,126.9531978,,,,,['감성적'],공덕동,,,local,,"{""title"": ""파네트"", ""link"": NaN, ""category"": ""카페,디저트>베이커리"", ""description"": NaN, ""telephone"": NaN, ""address"": ""서울특별시 마포구 공덕동 232-9 1층"", ""roadAddress"": ""서울특별시 마포구 마포대로11길 17 1층"", ""mapx"": 1269531978, ""mapy"": 375488291, ""dong"": ""공덕동"", ""category_keyword"": ""카페""}",2026-09-14T03:22:54.947395+00:00
dafc8950-a9eb-5ca9-becd-2898f6da9791,파리바게트 공덕역사점,"카페,디저트>베이커리",서울특별시 마포구 공덕동 439 공덕역사 내 1023호,서울특별시 마포구 백범로 200 공덕역사 내 1023호,37.5435269,126.9519475,,,,,"['감성적', '사진맛집']",공덕동,,,local,,"{""title"": ""파리바게트 공덕역사점"", ""link"": NaN, ""category"": ""카페,디저트>베이커리"", ""description"": NaN, ""telephone"": NaN, ""address"": ""서울특별시 마포구 공덕동 439 공덕역사 내 1023호"", ""roadAddress"": ""서울특별시 마포구 백범로 200 공덕역사 내 1023호"", ""mapx"": 1269519475, ""mapy"": 375435269, ""dong"": ""공덕동"", ""category_keyword"": ""카페""}",2026-09-14T03:22:54.947448+00:00
07b688a6-5daa-58ae-a8ce-6030cde95344,버거킹 공덕역점,양식>햄버거,서울특별시 마포구 공덕동 252-5 태영빌딩,서울특별시 마포구 마포대로 144 태영빌딩,37.547119,126.9537182,,,,,"['데이트', '혼밥']",공덕동,,,local,,"{""title"": ""버거킹 공덕역점"", ""link"": NaN, ""category"": ""양식>햄버거"", ""description"": NaN, ""telephone"": NaN, ""address"": ""서울특별시 마포구 공덕동 252-5 태영빌딩"", ""roadAddress"": ""서울특별시 마포구 마포대로 144 태영빌딩"", ""mapx"": 1269537182, ""mapy"": 375471190, ""dong"": ""공덕동"", ""category_keyword"": ""맛집""}",2026-09-14T03:22:54.947504+00:00
48138f47-6958-5072-a9b8-181626bb387e,진대감 마포점,"육류,고기요리>소고기구이",서울특별시 마포구 공덕동 249-62 1층,서울특별시 마포구 마포대로12길 54 1층,37.5466313,126.9544398,https://gorillafnd.co.kr/,,,,"['모임', '가족동반']",공덕동,,,local,,"{""title"": ""진대감 마포점"", ""link"": ""https://gorillafnd.co.kr/"", ""category"": ""육류,고기요리>소고기구이"", ""description"": NaN, ""telephone"": NaN, ""address"": ""서울특별시 마포구 공덕동 249-62 1층"", ""roadAddress"": ""서울특별시 마포구 마포대로12길 54 1층"", ""mapx"": 1269544398, ""mapy"": 375466313, ""dong"": ""공덕동"", ""category_keyword"": ""맛집""}",2026-09-14T03:22:54.947561+00:00
70b65b18-be0b-52ef-8e91-461c9bef09a2,봉평옹심이메밀칼국수,"한식>칼국수,만두",서울특별시 마포구 공덕동 242-90 1층 봉평옹심이메밀칼국수,서울특별시 마포구 만리재옛길 19 1층 봉평옹심이메밀칼국수,37.5459556,126.9552378,https://catchtable.co.kr/bongpyeongongsimimemilkalgugsu,,,,['웨이팅있음'],공덕동,,,local,,"{""title"": ""봉평옹심이메밀칼국수"", ""link"": ""https://catchtable.co.kr/bongpyeongongsimimemilkalgugsu"", ""category"": ""한식>칼국수,만두"", ""description"": NaN, ""telephone"": NaN, ""address"": ""서울특별시 마포구 공덕동 242-90 1층 봉평옹심이메밀칼국수"", ""roadAddress"": ""서울특별시 마포구 만리재옛길 19 1층 봉평옹심이메밀칼국수"", ""mapx"": 1269552378, ""mapy"": 375459556, ""dong"": ""공덕동"", ""category_keyword"": ""맛집""}",2026-09-14T03:22:54.947617+00:00
e070a3a6-cb56-5d93-b7fa-bdd6d8bf592b,육회어때 공덕점,술집>요리주점,서울특별시 마포구 공덕동 242-31 1층,서울특별시 마포구 마포대로12길 24 1층,37.547902,126.9547635,https://blog.naver.com/howaboutyukhoe,,,,"['모임', '시끌벅적함']",공덕동,,,local,,"{""title"": ""육회어때 공덕점"", ""link"": ""https://blog.naver.com/howaboutyukhoe"", ""category"": ""술집>요리주점"", ""description"": NaN, ""telephone"": NaN, ""address"": ""서울특별시 마포구 공덕동 242-31 1층"", ""roadAddress"": ""서울특별시 마포구 마포대로12길 24 1층"", ""mapx"": 1269547635, ""mapy"": 375479020, ""dong"": ""공덕동"", ""category_keyword"": ""술집""}",2026-09-14T03:22:54.947670+00:00
4cc22c96-dada-583d-9ee2-5b766a42be58,오롯로바타,술집>이자카야,"서울특별시 마포구 공덕동 476 공덕파크자이 202동 1층 5,6호","서울특별시 마포구 백범로 152 공덕파크자이 202동 1층 5,6호",37.5455967,126.9465758,https://www.instagram.com/oroat_robata,,,,"['감성적', '데이트']",공덕동,,,local,,"{""title"": ""오롯로바타"", ""link"": ""https://www.instagram.com/oroat_robata"", ""category"": ""술집>이자카야"", ""description"": NaN, ""telephone"": NaN, ""address"": ""서울특별시 마포구 공덕동 476 공덕파크자이 202동 1층 5,6호"", ""roadAddress"": ""서울특별시 마포구 백범로 152 공덕파크자이 202동 1층 5,6호"", ""mapx"": 1269465758, ""mapy"": 375455967, ""dong"": ""공덕동"", ""category_keyword"": ""술집""}",2026-09-14T03:22:54.947724+00:00
3487e485-6e10-5955-9ab5-93a67ddd25e3,락희옥 마포본점,음식점>한식,서울특별시 마포구 공덕동 478 공덕더샵아파트 101동 1층 1호,서울특별시 마포구 백범로 170 공덕더샵아파트 101동 1층 1호,37.5443604,126.9494971,https://blog.naver.com/lakheeoak_kr,,,,['감성적'],공덕동,,,local,,"{""title"": ""락희옥 마포본점"", ""link"": ""https://blog.naver.com/lakheeoak_kr"", ""category"": ""음식점>한식"", ""description"": NaN, ""telephone"": NaN, ""address"": ""서울특별시 마포구 공덕동 478 공덕더샵아파트 101동 1층 1호"", ""roadAddress"": ""서울특별시 마포구 백범로 170 공덕더샵아파트 101동 1층 1호"", ""mapx"": 1269494971, ""mapy"": 375443604, ""dong"": ""공덕동"", ""category_keyword"": ""술집""}",2026-09-14T03:22:54.947786+00:00
730fa082-3a0c-5b91-af65-dfe7e87e68b2,해물기와,"한식>해물,생선요리",서울특별시 마포구 공덕동 242-34 1층 해물기와,서울특별시 마포구 마포대로12길 26 1층 해물기와,37.5478303,126.9546713,https://www.instagram.com/haemoolgiwa,,,,"['데이트', '감성적']",공덕동,,,local,,"{""title"": ""해물기와"", ""link"": ""https://www.instagram.com/haemoolgiwa"", ""category"": ""한식>해물,생선요리"", ""description"": NaN, ""telephone"": NaN, ""address"": ""서울특별시 마포구 공덕동 242-34 1층 해물기와"", ""roadAddress"": ""서울특별시 마포구 마포대로12길 26 1층 해물기와"", ""mapx"": 1269546713, ""mapy"": 375478303, ""dong"": ""공덕동"", ""category_keyword"": ""술집""}",2026-09-14T03:22:54.947847+00:00
071c3325-f853-5a63-9468-004cd55ec621,사랑과평화,한식>생선회,서울특별시 마포구 공덕동 476 102동 1층 사랑과 평화,서울특별시 마포구 백범로 152 102동 1층 사랑과 평화,37.544904,126.9475982,https://www.instagram.com/love.peace_4us,,,,"['모임', '가족동반']",공덕동,,,local,,"{""title"": ""사랑과평화"", ""link"": ""https://www.instagram.com/love.peace_4us"", ""category"": ""한식>생선회"", ""description"": NaN, ""telephone"": NaN, ""address"": ""서울특별시 마포구 공덕동 476 102동 1층 사랑과 평화"", ""roadAddress"": ""서울특별시 마포구 백범로 152 102동 1층 사랑과 평화"", ""mapx"": 1269475982, ""mapy"": 375449040, ""dong"": ""공덕동"", ""category_keyword"": ""술집""}",2026-09-14T03:22:54.947899+00:00
8470cc78-403a-5ab2-8729-f273a2f8309e,이화코노,오락시설>노래방,서울특별시 서대문구 대현동 37-1 이화타워 2층,서울특별시 서대문구 이화여대길 75 이화타워 2층,37.5590965,126.9443608,,,,,"['모임', '시끌벅적함']",아현동,,,local,,"{""title"": ""이화코노"", ""link"": NaN, ""category"": ""오락시설>노래방"", ""description"": NaN, ""telephone"": NaN, ""address"": ""서울특별시 서대문구 대현동 37-1 이화타워 2층"", ""roadAddress"": ""서울특별시 서대문구 이화여대길 75 이화타워 2층"", ""mapx"": 1269443608, ""mapy"": 375590965, ""dong"": ""아현동"", ""category_keyword"": ""오락실""}",2026-09-14T03:22:54.947955+00:00
971e967d-440c-5ec0-8e64-6470741fa3d0,리코스타코인노래연습장 이대점,오락시설>노래방,서울특별시 서대문구 대현동 27-33 지하2층,서울특별시 서대문구 신촌역로 22-8 지하2층,37.558846,126.9433439,,,,,"['모임', '시끌벅적함']",아현동,,,local,,"{""title"": ""리코스타코인노래연습장 이대점"", ""link"": NaN, ""category"": ""오락시설>노래방"", ""description"": NaN, ""telephone"": NaN, ""address"": ""서울특별시 서대문구 대현동 27-33 지하2층"", ""roadAddress"": ""서울특별시 서대문구 신촌역로 22-8 지하2층"", ""mapx"": 1269433439, ""mapy"": 375588460, ""dong"": ""아현동"", ""category_keyword"": ""오락실""}",2026-09-14T03:22:54.948016+00:00
868f19cc-caa2-53c7-afe5-0bfdacb7d7d8,와다다오락실,"스포츠,오락>오락실",서울특별시 서대문구 창천동 5-50 1층,서울특별시 서대문구 명물길 40 1층,37.5584177,126.938855,https://www.instagram.com/wadada_arcade/,,,,"['모임', '시끌벅적함', '사진맛집']",아현동,,,local,,"{""title"": ""와다다<b>오락실</b>"", ""link"": ""https://www.instagram.com/wadada_arcade/"", ""category"": ""스포츠,오락>오락실"", ""description"": NaN, ""telephone"": NaN, ""address"": ""서울특별시 서대문구 창천동 5-50 1층"", ""roadAddress"": ""서울특별시 서대문구 명물길 40 1층"", ""mapx"": 1269388550, ""mapy"": 375584177, ""dong"": ""아현동"", ""category_keyword"": ""오락실""}",2026-09-14T03:22:54.948071+00:00
71646c9b-52a7-516c-9a43-89c657939b85,세븐틴코인노래연습장 마포점,오락시설>노래방,서울특별시 마포구 도화동 250-1 에벤에셀 지하1층,서울특별시 마포구 도화길 10 에벤에셀 지하1층,37.5398665,126.9473925,,,,,"['모임', '시끌벅적함']",아현동,,,local,,"{""title"": ""세븐틴코인노래연습장 마포점"", ""link"": NaN, ""category"": ""오락시설>노래방"", ""description"": NaN, ""telephone"": NaN, ""address"": ""서울특별시 마포구 도화동 250-1 에벤에셀 지하1층"", ""roadAddress"": ""서울특별시 마포구 도화길 10 에벤에셀 지하1층"", ""mapx"": 1269473925, ""mapy"": 375398665, ""dong"": ""아현동"", ""category_keyword"": ""오락실""}",2026-09-14T03:22:54.948127+00:00
ce79189a-8d9e-5fad-95fe-df23a8fc096d,크로바볼링장,"스포츠,오락>볼링장",서울특별시 서대문구 대신동 125-12,서울특별시 서대문구 봉원사2길 6,37.5676125,126.946739,,,,,"['모임', '가족동반']",아현동,,,local,,"{""title"": ""크로바<b>볼링장</b>"", ""link"": NaN, ""category"": ""스포츠,오락>볼링장"", ""description"": NaN, ""telephone"": NaN, ""address"": ""서울특별시 서대문구 대신동 125-12"", ""roadAddress"": ""서울특별시 서대문구 봉원사2길 6"", ""mapx"": 1269467390, ""mapy"": 375676125, ""dong"": ""아현동"", ""category_keyword"": ""볼링장""}",2026-09-14T03:22:54.948178+00:00
65bdfd79-3aca-5d39-8392-67706599c867,보드게임카페 레드버튼 숙명여대점,"스포츠,오락>보드카페",서울특별시 용산구 청파동3가 29-14 4층,서울특별시 용산구 청파로45길 19 4층,37.5442769,126.969387,https://redbutton.co.kr/,,,,"['모임', '데이트']",아현동,,,local,,"{""title"": ""<b>보드게임카페</b> 레드버튼 숙명여대점"", ""link"": ""https://redbutton.co.kr/"", ""category"": ""스포츠,오락>보드카페"", ""description"": NaN, ""telephone"": NaN, ""address"": ""서울특별시 용산구 청파동3가 29-14 4층"", ""roadAddress"": ""서울특별시 용산구 청파로45길 19 4층"", ""mapx"": 1269693870, ""mapy"": 375442769, ""dong"": ""아현동"", ""category_keyword"": ""보드게임카페""}",2026-09-14T03:22:54.948233+00:00
44343bef-3180-5c71-8172-e6753d741c80,홈즈앤루팡 보드게임카페 이대점,"스포츠,오락>보드카페",서울특별시 서대문구 대현동 56-122 지하 1층 2층,서울특별시 서대문구 이화여대길 53 지하 1층 2층,37.5590856,126.9454684,http://holmeslupin.co.kr/,,,,"['모임', '데이트']",아현동,,,local,,"{""title"": ""홈즈앤루팡 <b>보드게임카페</b> 이대점"", ""link"": ""http://holmeslupin.co.kr/"", ""category"": ""스포츠,오락>보드카페"", ""description"": NaN, ""telephone"": NaN, ""address"": ""서울특별시 서대문구 대현동 56-122 지하 1층 2층"", ""roadAddress"": ""서울특별시 서대문구 이화여대길 53 지하 1층 2층"", ""mapx"": 1269454684, ""mapy"": 375590856, ""dong"": ""아현동"", ""category_keyword"": ""보드게임카페""}",2026-09-14T03:22:54.948287+00:00
7208915f-803d-5a8c-b5a0-7f3d01be2e07,커티스,"음식점>카페,디저트",서울특별시 용산구 청파동3가 105-30 1층,서울특별시 용산구 청파로43다길 9 1층,37.5432356,126.9693619,,,,,"['감성적', '사진맛집']",아현동,,,local,,"{""title"": ""커티스"", ""link"": NaN, ""category"": ""음식점>카페,디저트"", ""description"": NaN, ""telephone"": NaN, ""address"": ""서울특별시 용산구 청파동3가 105-30 1층"", ""roadAddress"": ""서울특별시 용산구 청파로43다길 9 1층"", ""mapx"": 1269693619, ""mapy"": 375432356, ""dong"": ""아현동"", ""category_keyword"": ""보드게임카페""}",2026-09-14T03:22:54.948341+00:00
de7db1ee-708f-5378-843d-343951a617a9,신촌 파티룸 오아시스,"서비스,산업>장소대여",서울특별시 서대문구 대현동 34-50 지층,서울특별시 서대문구 이화여대길 88-16 지층,37.5594475,126.9442762,,,,,['모임'],아현동,,,local,,"{""title"": ""신촌 파티룸 오아시스"", ""link"": NaN, ""category"": ""서비스,산업>장소대여"", ""description"": NaN, ""telephone"": NaN, ""address"": ""서울특별시 서대문구 대현동 34-50 지층"", ""roadAddress"": ""서울특별시 서대문구 이화여대길 88-16 지층"", ""mapx"": 1269442762, ""mapy"": 375594475, ""dong"": ""아현동"", ""category_keyword"": ""보드게임카페""}",2026-09-14T03:22:54.948395+00:00
144075e3-2498-5341-8f9d-73b428812b05,라팔당구장,"스포츠,오락>당구장",서울특별시 마포구 아현동 437-3 지층 2-1호,서울특별시 마포구 마포대로 196 지층 2-1호,37.5513508,126.9561973,,,,,"['모임', '시끌벅적함']",아현동,,,local,,"{""title"": ""라팔<b>당구장</b>"", ""link"": NaN, ""category"": ""스포츠,오락>당구장"", ""description"": NaN, ""telephone"": NaN, ""address"": ""서울특별시 마포구 아현동 437-3 지층 2-1호"", ""roadAddress"": ""서울특별시 마포구 마포대로 196 지층 2-1호"", ""mapx"": 1269561973, ""mapy"": 375513508, ""dong"": ""아현동"", ""category_keyword"": ""당구장""}",2026-09-14T03:22:54.948450+00:00
9b762c57-651c-5364-a31d-57bab7ade237,벌툰 몽유도원 이대점,"스포츠,오락>만화방",서울특별시 서대문구 대현동 56-2 4층,서울특별시 서대문구 이화여대길 59 4층,37.5589854,126.9451747,,,,,"['혼밥', '조용함']",아현동,,,local,,"{""title"": ""벌툰 몽유도원 이대점"", ""link"": NaN, ""category"": ""스포츠,오락>만화방"", ""description"": NaN, ""telephone"": NaN, ""address"": ""서울특별시 서대문구 대현동 56-2 4층"", ""roadAddress"": ""서울특별시 서대문구 이화여대길 59 4층"", ""mapx"": 1269451747, ""mapy"": 375589854, ""dong"": ""아현동"", ""category_keyword"": ""만화카페""}",2026-09-14T03:22:54.948505+00:00
38716f57-2e94-5a66-ab99-21344c2cd876,문화카페산장,오락시설>만화방,"서울특별시 용산구 갈월동 93-25 2,3층","서울특별시 용산구 한강대로81길 22 2,3층",37.5425704,126.9715269,https://www.instagram.com/cafe_cabin,,,,"['혼밥', '조용함']",아현동,,,local,,"{""title"": ""문화<b>카페</b>산장"", ""link"": ""https://www.instagram.com/cafe_cabin"", ""category"": ""오락시설>만화방"", ""description"": NaN, ""telephone"": NaN, ""address"": ""서울특별시 용산구 갈월동 93-25 2,3층"", ""roadAddress"": ""서울특별시 용산구 한강대로81길 22 2,3층"", ""mapx"": 1269715269, ""mapy"": 375425704, ""dong"": ""아현동"", ""category_keyword"": ""만화카페""}",2026-09-14T03:22:54.948560+00:00
d72c5753-cf98-524b-ac68-70953d9708de,벌툰 파리지앵 마포점,"스포츠,오락>만화방",서울특별시 마포구 도화동 36 고려아카데미텔2 3층,서울특별시 마포구 마포대로 52 고려아카데미텔2 3층,37.5403379,126.9476643,,,,,"['혼밥', '조용함']",아현동,,,local,,"{""title"": ""벌툰 파리지앵 마포점"", ""link"": NaN, ""category"": ""스포츠,오락>만화방"", ""description"": NaN, ""telephone"": NaN, ""address"": ""서울특별시 마포구 도화동 36 고려아카데미텔2 3층"", ""roadAddress"": ""서울특별시 마포구 마포대로 52 고려아카데미텔2 3층"", ""mapx"": 1269476643, ""mapy"": 375403379, ""dong"": ""아현동"", ""category_keyword"": ""만화카페""}",2026-09-14T03:22:54.948616+00:00
974c4287-f4b4-515d-82c8-eb76249ba21a,허니마운틴 마포공덕점,"키즈카페,실내놀이터",서울특별시 마포구 아현동 733 효성인텔리안 지하 106호,서울특별시 마포구 마포대로 208 효성인텔리안 지하 106호,37.5524901,126.956854,https://www.instagram.com/honey.mountain_mapo,,,,['가족동반'],아현동,,,local,,"{""title"": ""허니마운틴 마포공덕점"", ""link"": ""https://www.instagram.com/honey.mountain_mapo"", ""category"": ""키즈카페,실내놀이터"", ""description"": NaN, ""telephone"": NaN, ""address"": ""서울특별시 마포구 아현동 733 효성인텔리안 지하 106호"", ""roadAddress"": ""서울특별시 마포구 마포대로 208 효성인텔리안 지하 106호"", ""mapx"": 1269568540, ""mapy"": 375524901, ""dong"": ""아현동"", ""category_keyword"": ""키즈카페""}",2026-09-14T03:22:54.948669+00:00
773a5e05-915c-55f0-a15f-dea572d7683e,애플노래방,"스포츠,오락>노래방",서울특별시 마포구 아현동 604-2,서울특별시 마포구 마포대로 214,37.5528559,126.95718,,,,,"['모임', '시끌벅적함']",아현동,,,local,,"{""title"": ""애플<b>노래방</b>"", ""link"": NaN, ""category"": ""스포츠,오락>노래방"", ""description"": NaN, ""telephone"": NaN, ""address"": ""서울특별시 마포구 아현동 604-2"", ""roadAddress"": ""서울특별시 마포구 마포대로 214"", ""mapx"": 1269571800, ""mapy"": 375528559, ""dong"": ""아현동"", ""category_keyword"": ""노래방""}",2026-09-14T03:22:54.948730+00:00
aee6bbdd-cdc8-574c-bf24-c08dcae5254e,레드포스PC아레나 신촌점,"스포츠,오락>PC방",서울특별시 서대문구 창천동 20-26 지하1층,서울특별시 서대문구 신촌로 127 지하1층,37.5564875,126.9399802,,,,,"['혼밥', '모임']",아현동,,,local,,"{""title"": ""레드포스PC아레나 신촌점"", ""link"": NaN, ""category"": ""스포츠,오락>PC방"", ""description"": NaN, ""telephone"": NaN, ""address"": ""서울특별시 서대문구 창천동 20-26 지하1층"", ""roadAddress"": ""서울특별시 서대문구 신촌로 127 지하1층"", ""mapx"": 1269399802, ""mapy"": 375564875, ""dong"": ""아현동"", ""category_keyword"": ""PC방""}",2026-09-14T03:22:54.949340+00:00
9821fc57-aa42-509a-9cb5-f2a83c7e59e3,옵티멈존PC카페 공덕점,"스포츠,오락>PC방","서울특별시 마포구 도화동 571 지하1층 (, 나눔빌딩)","서울특별시 마포구 도화길 43 지하1층 (도화동, 나눔빌딩)",37.5416821,126.9503212,https://ozpccafe.com/,,,,"['혼밥', '모임']",아현동,,,local,,"{""title"": ""옵티멈존PC카페 공덕점"", ""link"": ""https://ozpccafe.com/"", ""category"": ""스포츠,오락>PC방"", ""description"": NaN, ""telephone"": NaN, ""address"": ""서울특별시 마포구 도화동 571 지하1층 (, 나눔빌딩)"", ""roadAddress"": ""서울특별시 마포구 도화길 43 지하1층 (도화동, 나눔빌딩)"", ""mapx"": 1269503212, ""mapy"": 375416821, ""dong"": ""아현동"", ""category_keyword"": ""PC방""}",2026-09-14T03:22:54.949428+00:00
9222a22a-3fba-5d54-bc98-8e030ab45e29,타워PC카페,"스포츠,오락>PC방",서울특별시 서대문구 충정로3가 464 1층 타워PC카페,서울특별시 서대문구 서소문로 21 1층 타워PC카페,37.5597836,126.9640448,https://blog.naver.com/ozpccafe,,,,"['혼밥', '모임']",아현동,,,local,,"{""title"": ""타워PC카페"", ""link"": ""https://blog.naver.com/ozpccafe"", ""category"": ""스포츠,오락>PC방"", ""description"": NaN, ""telephone"": NaN, ""address"": ""서울특별시 서대문구 충정로3가 464 1층 타워PC카페"", ""roadAddress"": ""서울특별시 서대문구 서소문로 21 1층 타워PC카페"", ""mapx"": 1269640448, ""mapy"": 375597836, ""dong"": ""아현동"", ""category_keyword"": ""PC방""}",2026-09-14T03:22:54.949487+00:00
e73cc4e0-1ee9-57c7-be5c-7909bf9b4a63,제노pc방,"스포츠,오락>PC방",서울특별시 용산구 갈월동 98-1,서울특별시 용산구 한강대로77길 11,37.5417845,126.9720707,,,,,"['혼밥', '모임']",아현동,,,local,,"{""title"": ""제노<b>pc방</b>"", ""link"": NaN, ""category"": ""스포츠,오락>PC방"", ""description"": NaN, ""telephone"": NaN, ""address"": ""서울특별시 용산구 갈월동 98-1"", ""roadAddress"": ""서울특별시 용산구 한강대로77길 11"", ""mapx"": 1269720707, ""mapy"": 375417845, ""dong"": ""아현동"", ""category_keyword"": ""PC방""}",2026-09-14T03:22:54.949543+00:00
06097bb9-9642-5f02-a03a-25d0272c13a5,스타벅스 애오개역점,"카페,디저트>카페",서울특별시 마포구 아현동 738 마포트라팰리스II (),서울특별시 마포구 마포대로 201 마포트라팰리스II (아현동),37.5521195,126.9556666,http://www.starbucks.co.kr/,,,,"['감성적', '사진맛집']",아현동,,,local,,"{""title"": ""스타벅스 애오개역점"", ""link"": ""http://www.starbucks.co.kr/"", ""category"": ""카페,디저트>카페"", ""description"": NaN, ""telephone"": NaN, ""address"": ""서울특별시 마포구 아현동 738 마포트라팰리스II ()"", ""roadAddress"": ""서울특별시 마포구 마포대로 201 마포트라팰리스II (아현동)"", ""mapx"": 1269556666, ""mapy"": 375521195, ""dong"": ""아현동"", ""category_keyword"": ""카페""}",2026-09-14T03:22:54.949597+00:00
2062dddd-bb1a-590e-a9dd-66d4d2d772b3,스타벅스 마포경찰서후문점,"카페,디저트>카페",서울특별시 마포구 아현동 618-19,서울특별시 마포구 마포대로 173-14 (아현동),37.5508,126.953432,http://www.starbucks.co.kr/,,,,"['감성적', '사진맛집']",아현동,,,local,,"{""title"": ""스타벅스 마포경찰서후문점"", ""link"": ""http://www.starbucks.co.kr/"", ""category"": ""카페,디저트>카페"", ""description"": NaN, ""telephone"": NaN, ""address"": ""서울특별시 마포구 아현동 618-19"", ""roadAddress"": ""서울특별시 마포구 마포대로 173-14 (아현동)"", ""mapx"": 1269534320, ""mapy"": 375508000, ""dong"": ""아현동"", ""category_keyword"": ""카페""}",2026-09-14T03:22:54.949656+00:00
f4141a1d-d391-526d-b5a2-e86d71c69c84,타호커피 아현점,"음식점>카페,디저트",서울특별시 마포구 아현동 330-6 1층,서울특별시 마포구 신촌로 260-1 1층,37.5571316,126.9546477,https://www.instagram.com/tahoecoffee_official,,,,['조용함'],아현동,,,local,,"{""title"": ""타호커피 아현점"", ""link"": ""https://www.instagram.com/tahoecoffee_official"", ""category"": ""음식점>카페,디저트"", ""description"": NaN, ""telephone"": NaN, ""address"": ""서울특별시 마포구 아현동 330-6 1층"", ""roadAddress"": ""서울특별시 마포구 신촌로 260-1 1층"", ""mapx"": 1269546477, ""mapy"": 375571316, ""dong"": ""아현동"", ""category_keyword"": ""카페""}",2026-09-14T03:22:54.949709+00:00
9286d3e9-ed4d-5fe0-97f3-813a135a4b54,파리바게뜨 애오개점,"카페,디저트>베이커리",서울특별시 마포구 아현동 787 1층,서울특별시 마포구 마포대로 183-28 (아현동) 1층,37.5514594,126.9538748,https://www.paris.co.kr/,,,,"['감성적', '사진맛집']",아현동,,,local,,"{""title"": ""파리바게뜨 애오개점"", ""link"": ""https://www.paris.co.kr/"", ""category"": ""카페,디저트>베이커리"", ""description"": NaN, ""telephone"": NaN, ""address"": ""서울특별시 마포구 아현동 787 1층"", ""roadAddress"": ""서울특별시 마포구 마포대로 183-28 (아현동) 1층"", ""mapx"": 1269538748, ""mapy"": 375514594, ""dong"": ""아현동"", ""category_keyword"": ""카페""}",2026-09-14T03:22:54.949761+00:00
f8b535ba-9f0b-5d62-b065-16b96ccdf78c,메가MGC커피 애오개점,"카페,디저트>카페",서울특별시 마포구 아현동 777,서울특별시 마포구 마포대로 195,37.5516148,126.9535133,,,,,"['감성적', '사진맛집']",아현동,,,local,,"{""title"": ""메가MGC커피 애오개점"", ""link"": NaN, ""category"": ""카페,디저트>카페"", ""description"": NaN, ""telephone"": NaN, ""address"": ""서울특별시 마포구 아현동 777"", ""roadAddress"": ""서울특별시 마포구 마포대로 195"", ""mapx"": 1269535133, ""mapy"": 375516148, ""dong"": ""아현동"", ""category_keyword"": ""카페""}",2026-09-14T03:22:54.949813+00:00
2b5fa7f9-2121-5b6e-b68a-64a0dc05c3f3,황금콩밭,한식>두부요리,서울특별시 마포구 아현동 424-11,서울특별시 마포구 마포대로16길 9,37.5509597,126.9567133,https://app.catchtable.co.kr/ct/shop/goldcong?from=share&type=VISIT_RESERVATION,,,,"['혼밥', '가족동반']",아현동,,,local,,"{""title"": ""황금콩밭"", ""link"": ""https://app.catchtable.co.kr/ct/shop/goldcong?from=share&type=VISIT_RESERVATION"", ""category"": ""한식>두부요리"", ""description"": NaN, ""telephone"": NaN, ""address"": ""서울특별시 마포구 아현동 424-11"", ""roadAddress"": ""서울특별시 마포구 마포대로16길 9"", ""mapx"": 1269567133, ""mapy"": 375509597, ""dong"": ""아현동"", ""category_keyword"": ""맛집""}",2026-09-14T03:22:54.949865+00:00
ed0fd1ef-e9ce-5459-84e7-5741a41ece4d,오공김밥 애오개점,음식점>분식,서울특별시 마포구 아현동 777 마포레미안 푸르지오상가4동 101호,서울특별시 마포구 마포대로 195 마포레미안 푸르지오상가4동 101호,37.5511956,126.9532665,https://www.instagram.com/50gimbab,,,,['혼밥'],아현동,,,local,,"{""title"": ""오공김밥 애오개점"", ""link"": ""https://www.instagram.com/50gimbab"", ""category"": ""음식점>분식"", ""description"": NaN, ""telephone"": NaN, ""address"": ""서울특별시 마포구 아현동 777 마포레미안 푸르지오상가4동 101호"", ""roadAddress"": ""서울특별시 마포구 마포대로 195 마포레미안 푸르지오상가4동 101호"", ""mapx"": 1269532665, ""mapy"": 375511956, ""dong"": ""아현동"", ""category_keyword"": ""맛집""}",2026-09-14T03:22:54.949921+00:00
8a6f2191-a7b8-5286-a9d4-3965f91af4e2,곱창파는고깃집 공덕본점,"한식>육류,고기요리",서울특별시 마포구 아현동 618-19 마포센텀슬로우스퀘어 401호,서울특별시 마포구 마포대로 173-14 마포센텀슬로우스퀘어 401호,37.5510075,126.9536224,https://app.catchtable.co.kr/ct/shop/gpg201709?from=share&type=WAITING,,,,['데이트'],아현동,,,local,,"{""title"": ""곱창파는고깃집 공덕본점"", ""link"": ""https://app.catchtable.co.kr/ct/shop/gpg201709?from=share&type=WAITING"", ""category"": ""한식>육류,고기요리"", ""description"": NaN, ""telephone"": NaN, ""address"": ""서울특별시 마포구 아현동 618-19 마포센텀슬로우스퀘어 401호"", ""roadAddress"": ""서울특별시 마포구 마포대로 173-14 마포센텀슬로우스퀘어 401호"", ""mapx"": 1269536224, ""mapy"": 375510075, ""dong"": ""아현동"", ""category_keyword"": ""맛집""}",2026-09-14T03:22:54.949973+00:00
aac95302-3107-5d6b-91a6-baacf97fa754,늘푸른식당,술집>요리주점,서울특별시 마포구 아현동 327-1 1층 늘푸른식당,서울특별시 마포구 굴레방로9길 3 1층 늘푸른식당,37.5568894,126.9555238,,,,,"['모임', '시끌벅적함']",아현동,,,local,,"{""title"": ""늘푸른식당"", ""link"": NaN, ""category"": ""술집>요리주점"", ""description"": NaN, ""telephone"": NaN, ""address"": ""서울특별시 마포구 아현동 327-1 1층 늘푸른식당"", ""roadAddress"": ""서울특별시 마포구 굴레방로9길 3 1층 늘푸른식당"", ""mapx"": 1269555238, ""mapy"": 375568894, ""dong"": ""아현동"", ""category_keyword"": ""술집""}",2026-09-14T03:22:54.950023+00:00
4df40ad7-9cb5-5fd8-b30c-1caa55ad0c05,오또꼬,술집>이자카야,서울특별시 마포구 아현동 437-3,서울특별시 마포구 마포대로 196,37.5513462,126.9561961,,,,,"['모임', '시끌벅적함']",아현동,,,local,,"{""title"": ""오또꼬"", ""link"": NaN, ""category"": ""술집>이자카야"", ""description"": NaN, ""telephone"": NaN, ""address"": ""서울특별시 마포구 아현동 437-3"", ""roadAddress"": ""서울특별시 마포구 마포대로 196"", ""mapx"": 1269561961, ""mapy"": 375513462, ""dong"": ""아현동"", ""category_keyword"": ""술집""}",2026-09-14T03:22:54.950074+00:00
d62793f6-8135-566c-bded-a412ab151fbb,요행,술집>요리주점,서울특별시 마포구 아현동 330-13 지하 1층,서울특별시 마포구 굴레방로9길 8 지하 1층,37.5569191,126.9552913,http://www.facebook.com/vinolargo.m.p,,,,['혼밥'],아현동,,,local,,"{""title"": ""요행"", ""link"": ""http://www.facebook.com/vinolargo.m.p"", ""category"": ""술집>요리주점"", ""description"": NaN, ""telephone"": NaN, ""address"": ""서울특별시 마포구 아현동 330-13 지하 1층"", ""roadAddress"": ""서울특별시 마포구 굴레방로9길 8 지하 1층"", ""mapx"": 1269552913, ""mapy"": 375569191, ""dong"": ""아현동"", ""category_keyword"": ""술집""}",2026-09-14T03:22:54.950125+00:00
462432a8-d703-5b4f-a8dd-068ee87a3f60,은진이네,술집>포장마차,서울특별시 마포구 아현동 437-3 1층 106호,서울특별시 마포구 마포대로 196 1층 106호,37.5513508,126.9561973,http://coconutz.kr/8423,,,,"['모임', '시끌벅적함']",아현동,,,local,,"{""title"": ""은진이네"", ""link"": ""http://coconutz.kr/8423"", ""category"": ""술집>포장마차"", ""description"": NaN, ""telephone"": NaN, ""address"": ""서울특별시 마포구 아현동 437-3 1층 106호"", ""roadAddress"": ""서울특별시 마포구 마포대로 196 1층 106호"", ""mapx"": 1269561973, ""mapy"": 375513508, ""dong"": ""아현동"", ""category_keyword"": ""술집""}",2026-09-14T03:22:54.950177+00:00
7b8a722c-d3b7-507f-875f-7c8a976aa3f0,경이네회포차,술집>포장마차,서울특별시 마포구 아현동 346-44,서울특별시 마포구 굴레방로9길 44,37.5567678,126.953162,,,,,"['모임', '시끌벅적함']",아현동,,,local,,"{""title"": ""경이네회포차"", ""link"": NaN, ""category"": ""술집>포장마차"", ""description"": NaN, ""telephone"": NaN, ""address"": ""서울특별시 마포구 아현동 346-44"", ""roadAddress"": ""서울특별시 마포구 굴레방로9길 44"", ""mapx"": 1269531620, ""mapy"": 375567678, ""dong"": ""아현동"", ""category_keyword"": ""술집""}",2026-09-14T03:22:54.950227+00:00
f662284c-ce15-511d-a3d1-bea8914ca5f5,지코인 코인노래방 &amp; 포톤네컷 마포공덕점,오락시설>노래방,서울특별시 마포구 도화동 179-6 3층,서울특별시 마포구 도화길 29-1 3층,37.5409561,126.9492298,,,,,"['모임', '시끌벅적함']",도화동,,,local,,"{""title"": ""지코인 코인노래방 &amp; 포톤네컷 마포공덕점"", ""link"": NaN, ""category"": ""오락시설>노래방"", ""description"": NaN, ""telephone"": NaN, ""address"": ""서울특별시 마포구 도화동 179-6 3층"", ""roadAddress"": ""서울특별시 마포구 도화길 29-1 3층"", ""mapx"": 1269492298, ""mapy"": 375409561, ""dong"": ""도화동"", ""category_keyword"": ""오락실""}",2026-09-14T03:22:54.950280+00:00
dc93a152-38a0-59ff-ad48-08aa0151f979,럭키캐치 공덕역점,"스포츠,오락>오락실",서울특별시 마포구 도화동 25-5 1층,서울특별시 마포구 새창로 15-1 1층,37.5422176,126.9518112,,,,,"['모임', '시끌벅적함', '사진맛집']",도화동,,,local,,"{""title"": ""럭키캐치 공덕역점"", ""link"": NaN, ""category"": ""스포츠,오락>오락실"", ""description"": NaN, ""telephone"": NaN, ""address"": ""서울특별시 마포구 도화동 25-5 1층"", ""roadAddress"": ""서울특별시 마포구 새창로 15-1 1층"", ""mapx"": 1269518112, ""mapy"": 375422176, ""dong"": ""도화동"", ""category_keyword"": ""오락실""}",2026-09-14T03:22:54.950331+00:00
704235df-ab7f-57ac-8684-b28c62e4ea5f,코노혜자노래방,오락시설>노래방,서울특별시 마포구 도화동 203-2 지하1층,서울특별시 마포구 삼개로 15-10 지하1층,37.5390384,126.9479059,,,,,"['모임', '시끌벅적함']",도화동,,,local,,"{""title"": ""코노혜자노래방"", ""link"": NaN, ""category"": ""오락시설>노래방"", ""description"": NaN, ""telephone"": NaN, ""address"": ""서울특별시 마포구 도화동 203-2 지하1층"", ""roadAddress"": ""서울특별시 마포구 삼개로 15-10 지하1층"", ""mapx"": 1269479059, ""mapy"": 375390384, ""dong"": ""도화동"", ""category_keyword"": ""오락실""}",2026-09-14T03:22:54.950381+00:00
90cd47e8-dbfc-5abe-821e-76b2a0264294,버블팝 마포공덕점,"스포츠,오락>오락실",서울특별시 마포구 도화동 571,서울특별시 마포구 도화길 43 나눔빌딩,37.5417113,126.9503824,,,,,"['모임', '시끌벅적함', '사진맛집']",도화동,,,local,,"{""title"": ""버블팝 마포공덕점"", ""link"": NaN, ""category"": ""스포츠,오락>오락실"", ""description"": NaN, ""telephone"": NaN, ""address"": ""서울특별시 마포구 도화동 571"", ""roadAddress"": ""서울특별시 마포구 도화길 43 나눔빌딩"", ""mapx"": 1269503824, ""mapy"": 375417113, ""dong"": ""도화동"", ""category_keyword"": ""오락실""}",2026-09-14T03:22:54.950432+00:00
6158c30e-18fb-5f09-87a6-0ed80e1902d3,비트포비아 아이파크몰점,방탈출카페,서울특별시 용산구 한강로3가 40-999,서울특별시 용산구 한강대로23길 55,37.5297718,126.9647415,,,,,"['데이트', '모임']",도화동,,,local,,"{""title"": ""비트포비아 아이파크몰점"", ""link"": NaN, ""category"": ""방탈출카페"", ""description"": NaN, ""telephone"": NaN, ""address"": ""서울특별시 용산구 한강로3가 40-999"", ""roadAddress"": ""서울특별시 용산구 한강대로23길 55"", ""mapx"": 1269647415, ""mapy"": 375297718, ""dong"": ""도화동"", ""category_keyword"": ""방탈출""}",2026-09-14T03:22:54.950485+00:00
302ae97f-2fe0-5b84-8f1b-3d2d5fe7ec7d,미션브레이크 용산,방탈출카페,서울특별시 용산구 한강로3가 40-999 아이파크몰 7층,서울특별시 용산구 한강대로23길 55 아이파크몰 7층,37.5297718,126.9647415,https://m.cgv.co.kr/WebApp/SpecialV4/PlayZoneDetail.aspx?idx=19,,,,"['데이트', '모임']",도화동,,,local,,"{""title"": ""미션브레이크 용산"", ""link"": ""https://m.cgv.co.kr/WebApp/SpecialV4/PlayZoneDetail.aspx?idx=19"", ""category"": ""방탈출카페"", ""description"": NaN, ""telephone"": NaN, ""address"": ""서울특별시 용산구 한강로3가 40-999 아이파크몰 7층"", ""roadAddress"": ""서울특별시 용산구 한강대로23길 55 아이파크몰 7층"", ""mapx"": 1269647415, ""mapy"": 375297718, ""dong"": ""도화동"", ""category_keyword"": ""방탈출""}",2026-09-14T03:22:54.950536+00:00
98816c4f-cef9-55c0-a110-e630e3a17743,보드게임카페 레드버튼 마포점,"스포츠,오락>보드카페",서울특별시 마포구 도화동 201-39 3층,서울특별시 마포구 삼개로 11 3층,37.539372,126.9477437,https://www.instagram.com/redbutton_mapo?igsh=cXg3dnI0aTc4NzI1,,,,"['모임', '데이트']",도화동,,,local,,"{""title"": ""<b>보드게임카페</b> 레드버튼 마포점"", ""link"": ""https://www.instagram.com/redbutton_mapo?igsh=cXg3dnI0aTc4NzI1"", ""category"": ""스포츠,오락>보드카페"", ""description"": NaN, ""telephone"": NaN, ""address"": ""서울특별시 마포구 도화동 201-39 3층"", ""roadAddress"": ""서울특별시 마포구 삼개로 11 3층"", ""mapx"": 1269477437, ""mapy"": 375393720, ""dong"": ""도화동"", ""category_keyword"": ""보드게임카페""}",2026-09-14T03:22:54.950588+00:00
d0efda3d-fea2-5d64-b9ad-1f426f807c01,아수라발발타,"스포츠,오락>보드카페",서울특별시 마포구 도화동 290-10,서울특별시 마포구 마포대로4나길 7,37.5385778,126.9464556,,,,,"['모임', '데이트']",도화동,,,local,,"{""title"": ""아수라발발타"", ""link"": NaN, ""category"": ""스포츠,오락>보드카페"", ""description"": NaN, ""telephone"": NaN, ""address"": ""서울특별시 마포구 도화동 290-10"", ""roadAddress"": ""서울특별시 마포구 마포대로4나길 7"", ""mapx"": 1269464556, ""mapy"": 375385778, ""dong"": ""도화동"", ""category_keyword"": ""보드게임카페""}",2026-09-14T03:22:54.950639+00:00
e2d67f29-4fb8-5540-a282-ce29d29704a0,밸류보드카페,"스포츠,오락>보드카페",서울특별시 마포구 도화동 1-12 보광빌딩 4층,서울특별시 마포구 새창로 40 보광빌딩 4층,37.5412477,126.9540485,,,,,"['모임', '데이트']",도화동,,,local,,"{""title"": ""밸류<b>보드</b><b>카페</b>"", ""link"": NaN, ""category"": ""스포츠,오락>보드카페"", ""description"": NaN, ""telephone"": NaN, ""address"": ""서울특별시 마포구 도화동 1-12 보광빌딩 4층"", ""roadAddress"": ""서울특별시 마포구 새창로 40 보광빌딩 4층"", ""mapx"": 1269540485, ""mapy"": 375412477, ""dong"": ""도화동"", ""category_keyword"": ""보드게임카페""}",2026-09-14T03:22:54.950693+00:00
7b6e9bd0-ef19-5891-aaf2-e16369444b60,마포당구클럽,"스포츠,오락>당구장",서울특별시 마포구 도화동 173 삼창빌딩 지하2층,서울특별시 마포구 마포대로 63-8 삼창빌딩 지하2층,37.5421987,126.9478646,https://www.instagram.com/billiard_mapo?igsh=NDVpcm5qOXhqbmJ6&utm_source=qr,,,,"['모임', '시끌벅적함']",도화동,,,local,,"{""title"": ""마포당구클럽"", ""link"": ""https://www.instagram.com/billiard_mapo?igsh=NDVpcm5qOXhqbmJ6&utm_source=qr"", ""category"": ""스포츠,오락>당구장"", ""description"": NaN, ""telephone"": NaN, ""address"": ""서울특별시 마포구 도화동 173 삼창빌딩 지하2층"", ""roadAddress"": ""서울특별시 마포구 마포대로 63-8 삼창빌딩 지하2층"", ""mapx"": 1269478646, ""mapy"": 375421987, ""dong"": ""도화동"", ""category_keyword"": ""당구장""}",2026-09-14T03:22:54.950747+00:00
d9236e61-cc1c-5706-9982-74ddbb5d3742,허슬러2000,"스포츠,오락>당구장",서울특별시 마포구 도화동 51-1,서울특별시 마포구 마포대로 49,37.5408105,126.9468415,,,,,"['모임', '시끌벅적함']",도화동,,,local,,"{""title"": ""허슬러2000"", ""link"": NaN, ""category"": ""스포츠,오락>당구장"", ""description"": NaN, ""telephone"": NaN, ""address"": ""서울특별시 마포구 도화동 51-1"", ""roadAddress"": ""서울특별시 마포구 마포대로 49"", ""mapx"": 1269468415, ""mapy"": 375408105, ""dong"": ""도화동"", ""category_keyword"": ""당구장""}",2026-09-14T03:22:54.950799+00:00
a0edc3f8-f2b5-5429-85e4-74e0bfeb83c2,삼성당구장,"스포츠,오락>당구장",서울특별시 마포구 도화동 550 삼성프라자 지하 1층,서울특별시 마포구 도화길 32 삼성프라자 지하 1층,37.5408691,126.9494885,,,,,"['모임', '시끌벅적함']",도화동,,,local,,"{""title"": ""삼성<b>당구장</b>"", ""link"": NaN, ""category"": ""스포츠,오락>당구장"", ""description"": NaN, ""telephone"": NaN, ""address"": ""서울특별시 마포구 도화동 550 삼성프라자 지하 1층"", ""roadAddress"": ""서울특별시 마포구 도화길 32 삼성프라자 지하 1층"", ""mapx"": 1269494885, ""mapy"": 375408691, ""dong"": ""도화동"", ""category_keyword"": ""당구장""}",2026-09-14T03:22:54.950849+00:00
14ca2af2-c1f6-5031-9676-0dd17cb59e08,비어&amp;당구장,"스포츠,오락>당구장",서울특별시 마포구 마포동 136-1 지하 101호,서울특별시 마포구 마포대로 12 지하 101호,37.5378481,126.9444248,http://www.instagram.com/mapo_beerdangu,,,,"['모임', '시끌벅적함']",도화동,,,local,,"{""title"": ""비어&amp;<b>당구장</b>"", ""link"": ""http://www.instagram.com/mapo_beerdangu"", ""category"": ""스포츠,오락>당구장"", ""description"": NaN, ""telephone"": NaN, ""address"": ""서울특별시 마포구 마포동 136-1 지하 101호"", ""roadAddress"": ""서울특별시 마포구 마포대로 12 지하 101호"", ""mapx"": 1269444248, ""mapy"": 375378481, ""dong"": ""도화동"", ""category_keyword"": ""당구장""}",2026-09-14T03:22:54.950916+00:00
abd0851d-688a-5bc8-b072-122a953419a6,서울형키즈카페 마포구도화동점,"키즈카페,실내놀이터",서울특별시 마포구 도화동 357-8 건물 1층,서울특별시 마포구 도화4길 53 건물 1층,37.539529,126.951913,https://umppa.seoul.go.kr/icare/indexP.do,,,,['가족동반'],도화동,,,local,,"{""title"": ""서울형<b>키즈카페</b> <b>마포구도화동</b>점"", ""link"": ""https://umppa.seoul.go.kr/icare/indexP.do"", ""category"": ""키즈카페,실내놀이터"", ""description"": NaN, ""telephone"": NaN, ""address"": ""서울특별시 마포구 도화동 357-8 건물 1층"", ""roadAddress"": ""서울특별시 마포구 도화4길 53 건물 1층"", ""mapx"": 1269519130, ""mapy"": 375395290, ""dong"": ""도화동"", ""category_keyword"": ""키즈카페""}",2026-09-14T03:22:54.951330+00:00
7593fc51-260d-55a6-a6d1-5192b2edae45,영희노래방,"스포츠,오락>노래방",서울특별시 마포구 도화동 182-7,서울특별시 마포구 도화길 42-1,37.541555,126.95046,,,,,"['모임', '시끌벅적함']",도화동,,,local,,"{""title"": ""영희<b>노래방</b>"", ""link"": NaN, ""category"": ""스포츠,오락>노래방"", ""description"": NaN, ""telephone"": NaN, ""address"": ""서울특별시 마포구 도화동 182-7"", ""roadAddress"": ""서울특별시 마포구 도화길 42-1"", ""mapx"": 1269504600, ""mapy"": 375415550, ""dong"": ""도화동"", ""category_keyword"": ""노래방""}",2026-09-14T03:22:54.951439+00:00
dcb19ad6-d5cd-5f08-a858-d59c1eb7120d,고래고래노래방,"스포츠,오락>노래방",서울특별시 마포구 도화동 183-13,서울특별시 마포구 새창로 14,37.542051,126.951574,,,,,"['모임', '시끌벅적함']",도화동,,,local,,"{""title"": ""고래고래<b>노래방</b>"", ""link"": NaN, ""category"": ""스포츠,오락>노래방"", ""description"": NaN, ""telephone"": NaN, ""address"": ""서울특별시 마포구 도화동 183-13"", ""roadAddress"": ""서울특별시 마포구 새창로 14"", ""mapx"": 1269515740, ""mapy"": 375420510, ""dong"": ""도화동"", ""category_keyword"": ""노래방""}",2026-09-14T03:22:54.951510+00:00
5de2cf47-1eab-52b0-8f1d-0b2cdcc1ec96,비젼노래연습장,"스포츠,오락>노래방",서울특별시 마포구 도화동 182-9 지층,서울특별시 마포구 도화길 44 지층,37.5416219,126.9505618,,,,,"['모임', '시끌벅적함']",도화동,,,local,,"{""title"": ""비젼노래연습장"", ""link"": NaN, ""category"": ""스포츠,오락>노래방"", ""description"": NaN, ""telephone"": NaN, ""address"": ""서울특별시 마포구 도화동 182-9 지층"", ""roadAddress"": ""서울특별시 마포구 도화길 44 지층"", ""mapx"": 1269505618, ""mapy"": 375416219, ""dong"": ""도화동"", ""category_keyword"": ""노래방""}",2026-09-14T03:22:54.951570+00:00
aea2acec-82ac-574e-a6ef-e27e471802da,친구야노래하자,"스포츠,오락>노래방",서울특별시 마포구 도화동 6-51,서울특별시 마포구 도화길 26,37.5404753,126.9488973,,,,,"['모임', '시끌벅적함']",도화동,,,local,,"{""title"": ""친구야노래하자"", ""link"": NaN, ""category"": ""스포츠,오락>노래방"", ""description"": NaN, ""telephone"": NaN, ""address"": ""서울특별시 마포구 도화동 6-51"", ""roadAddress"": ""서울특별시 마포구 도화길 26"", ""mapx"": 1269488973, ""mapy"": 375404753, ""dong"": ""도화동"", ""category_keyword"": ""노래방""}",2026-09-14T03:22:54.951627+00:00
23fc4523-5fa9-5b56-899d-6f65ee7154ba,레벨업 PC CAFE,"스포츠,오락>PC방",서울특별시 마포구 도화동 541 지하1층,서울특별시 마포구 마포대로 38 지하1층,37.5394269,126.9466621,,,,,"['혼밥', '모임']",도화동,,,local,,"{""title"": ""레벨업 PC CAFE"", ""link"": NaN, ""category"": ""스포츠,오락>PC방"", ""description"": NaN, ""telephone"": NaN, ""address"": ""서울특별시 마포구 도화동 541 지하1층"", ""roadAddress"": ""서울특별시 마포구 마포대로 38 지하1층"", ""mapx"": 1269466621, ""mapy"": 375394269, ""dong"": ""도화동"", ""category_keyword"": ""PC방""}",2026-09-14T03:22:54.951686+00:00
6c773e07-adb8-52e3-b90a-3ff20facbb8c,메가아이스테이션 마포점,"스포츠,오락>PC방",서울특별시 마포구 마포동 192,서울특별시 마포구 마포대로4나길 12,37.5384754,126.9461478,,,,,"['혼밥', '모임']",도화동,,,local,,"{""title"": ""메가아이스테이션 마포점"", ""link"": NaN, ""category"": ""스포츠,오락>PC방"", ""description"": NaN, ""telephone"": NaN, ""address"": ""서울특별시 마포구 마포동 192"", ""roadAddress"": ""서울특별시 마포구 마포대로4나길 12"", ""mapx"": 1269461478, ""mapy"": 375384754, ""dong"": ""도화동"", ""category_keyword"": ""PC방""}",2026-09-14T03:22:54.951740+00:00
27fe8b3c-df6b-5f9e-91d0-9da3d339e3b8,사트너아이티,"컴퓨터프로그래밍,정보서비스업>인터넷솔루션",서울특별시 마포구 마포동 35-1 2층 201호,서울특별시 마포구 마포대로 15 2층 201호,37.5386551,126.9439726,http://www.superpbang.kr/,,,,[],도화동,,,local,,"{""title"": ""사트너아이티"", ""link"": ""http://www.superpbang.kr/"", ""category"": ""컴퓨터프로그래밍,정보서비스업>인터넷솔루션"", ""description"": NaN, ""telephone"": NaN, ""address"": ""서울특별시 마포구 마포동 35-1 2층 201호"", ""roadAddress"": ""서울특별시 마포구 마포대로 15 2층 201호"", ""mapx"": 1269439726, ""mapy"": 375386551, ""dong"": ""도화동"", ""category_keyword"": ""PC방""}",2026-09-14T03:22:54.951791+00:00
56886698-6f09-550e-aa78-37249a3c4305,아이지인터내셔널,"쇼핑,유통>컴퓨터,모니터",서울특별시 마포구 도화동 353,서울특별시 마포구 도화4길 73,37.5391457,126.9516006,http://www.pcbangclub.co.kr/,,,,[],도화동,,,local,,"{""title"": ""아이지인터내셔널"", ""link"": ""http://www.pcbangclub.co.kr/"", ""category"": ""쇼핑,유통>컴퓨터,모니터"", ""description"": NaN, ""telephone"": NaN, ""address"": ""서울특별시 마포구 도화동 353"", ""roadAddress"": ""서울특별시 마포구 도화4길 73"", ""mapx"": 1269516006, ""mapy"": 375391457, ""dong"": ""도화동"", ""category_keyword"": ""PC방""}",2026-09-14T03:22:54.951845+00:00
426fc5da-7620-5cdc-90b6-9bc25aeeb562,친정숲 불한증막,"생활,편의>목욕탕,사우나",서울특별시 마포구 창전동 437 삼성프라자 상가동 지하 1층,서울특별시 마포구 서강로 97 삼성프라자 상가동 지하 1층,37.5519368,126.9323556,,,,,"['가족동반', '조용함']",도화동,,,local,,"{""title"": ""친정숲 불한증막"", ""link"": NaN, ""category"": ""생활,편의>목욕탕,사우나"", ""description"": NaN, ""telephone"": NaN, ""address"": ""서울특별시 마포구 창전동 437 삼성프라자 상가동 지하 1층"", ""roadAddress"": ""서울특별시 마포구 서강로 97 삼성프라자 상가동 지하 1층"", ""mapx"": 1269323556, ""mapy"": 375519368, ""dong"": ""도화동"", ""category_keyword"": ""찜질방""}",2026-09-14T03:22:54.951897+00:00
0321eedb-4753-580e-986d-fac7d7c9f790,프릳츠 도화점,"음식점>카페,디저트",서울특별시 마포구 도화동 179-9,서울특별시 마포구 새창로2길 17,37.5410245,126.9490444,http://www.fritz.co.kr/,,,,['감성적'],도화동,,,local,,"{""title"": ""프릳츠 도화점"", ""link"": ""http://www.fritz.co.kr/"", ""category"": ""음식점>카페,디저트"", ""description"": NaN, ""telephone"": NaN, ""address"": ""서울특별시 마포구 도화동 179-9"", ""roadAddress"": ""서울특별시 마포구 새창로2길 17"", ""mapx"": 1269490444, ""mapy"": 375410245, ""dong"": ""도화동"", ""category_keyword"": ""카페""}",2026-09-14T03:22:54.951948+00:00
63507453-4042-55a1-9964-e5c532f9675c,스타벅스 마포일진빌딩점,"카페,디저트>카페",서울특별시 마포구 도화동 50-1 일진빌딩 1층 (),서울특별시 마포구 마포대로 45 일진빌딩 1층 (도화동),37.5403049,126.9463468,http://www.starbucks.co.kr/,,,,"['감성적', '사진맛집']",도화동,,,local,,"{""title"": ""스타벅스 마포일진빌딩점"", ""link"": ""http://www.starbucks.co.kr/"", ""category"": ""카페,디저트>카페"", ""description"": NaN, ""telephone"": NaN, ""address"": ""서울특별시 마포구 도화동 50-1 일진빌딩 1층 ()"", ""roadAddress"": ""서울특별시 마포구 마포대로 45 일진빌딩 1층 (도화동)"", ""mapx"": 1269463468, ""mapy"": 375403049, ""dong"": ""도화동"", ""category_keyword"": ""카페""}",2026-09-14T03:22:54.952018+00:00
1013a08d-b908-5f15-8e67-4c7c4a3e07a0,뚜레쥬르 공덕해링턴점,"카페,디저트>베이커리",서울특별시 마포구 도화동 25-66,,37.5426934,126.9520269,https://www.tlj.co.kr,,,,"['감성적', '사진맛집']",도화동,,,local,,"{""title"": ""뚜레쥬르 공덕해링턴점"", ""link"": ""https://www.tlj.co.kr"", ""category"": ""카페,디저트>베이커리"", ""description"": NaN, ""telephone"": NaN, ""address"": ""서울특별시 마포구 도화동 25-66"", ""roadAddress"": NaN, ""mapx"": 1269520269, ""mapy"": 375426934, ""dong"": ""도화동"", ""category_keyword"": ""카페""}",2026-09-14T03:22:54.952080+00:00
f07e570b-eddd-55bb-9f55-a40fc0a153ba,스타벅스 공덕오거리점,"카페,디저트>카페",서울특별시 마포구 도화동 22 창강빌딩,서울특별시 마포구 마포대로 86 (도화동) 창강빌딩,37.5428,126.9506397,http://www.starbucks.co.kr/,,,,"['감성적', '사진맛집']",도화동,,,local,,"{""title"": ""스타벅스 공덕오거리점"", ""link"": ""http://www.starbucks.co.kr/"", ""category"": ""카페,디저트>카페"", ""description"": NaN, ""telephone"": NaN, ""address"": ""서울특별시 마포구 도화동 22 창강빌딩"", ""roadAddress"": ""서울특별시 마포구 마포대로 86 (도화동) 창강빌딩"", ""mapx"": 1269506397, ""mapy"": 375428000, ""dong"": ""도화동"", ""category_keyword"": ""카페""}",2026-09-14T03:22:54.952132+00:00
2e536792-ebb2-5998-928f-33a45fdda58e,빽다방 마포복사꽃공원점,"카페,디저트>테이크아웃커피",서울특별시 마포구 도화동 290-15,서울특별시 마포구 마포대로4길 16,37.5387781,126.9464544,http://www.theborn.co.kr/tb/brand_no12.asp,,,,"['감성적', '사진맛집']",도화동,,,local,,"{""title"": ""빽다방 마포복사꽃공원점"", ""link"": ""http://www.theborn.co.kr/tb/brand_no12.asp"", ""category"": ""카페,디저트>테이크아웃커피"", ""description"": NaN, ""telephone"": NaN, ""address"": ""서울특별시 마포구 도화동 290-15"", ""roadAddress"": ""서울특별시 마포구 마포대로4길 16"", ""mapx"": 1269464544, ""mapy"": 375387781, ""dong"": ""도화동"", ""category_keyword"": ""카페""}",2026-09-14T03:22:54.952185+00:00
0206da83-5d12-5a98-9973-2e9744821e89,곱 마포직영점,"한식>곱창,막창,양",서울특별시 마포구 도화동 179-11,서울특별시 마포구 도화길 31-1,37.5410047,126.9493851,https://www.instagram.com/gop.mapo/,,,,['모임'],도화동,,,local,,"{""title"": ""곱 마포직영점"", ""link"": ""https://www.instagram.com/gop.mapo/"", ""category"": ""한식>곱창,막창,양"", ""description"": NaN, ""telephone"": NaN, ""address"": ""서울특별시 마포구 도화동 179-11"", ""roadAddress"": ""서울특별시 마포구 도화길 31-1"", ""mapx"": 1269493851, ""mapy"": 375410047, ""dong"": ""도화동"", ""category_keyword"": ""맛집""}",2026-09-14T03:22:54.952245+00:00
bf933857-43b9-5a44-86b8-379bb663e6d8,도화곱창,"한식>곱창,막창,양",서울특별시 마포구 도화동 179-7 1층,서울특별시 마포구 새창로2길 13 1층,37.5413816,126.9494134,http://www.instagram.com/DohwaGopchang,,,,['감성적'],도화동,,,local,,"{""title"": ""도화곱창"", ""link"": ""http://www.instagram.com/DohwaGopchang"", ""category"": ""한식>곱창,막창,양"", ""description"": NaN, ""telephone"": NaN, ""address"": ""서울특별시 마포구 도화동 179-7 1층"", ""roadAddress"": ""서울특별시 마포구 새창로2길 13 1층"", ""mapx"": 1269494134, ""mapy"": 375413816, ""dong"": ""도화동"", ""category_keyword"": ""맛집""}",2026-09-14T03:22:54.952300+00:00
ccfbef21-dac5-510f-b1cc-c71fb1c7f10e,프리미엄 규카츠 규도 마포공덕 본점,음식점>한식,서울특별시 마포구 도화동 555 오벨리스크 APT 상가 지하1층 138호,서울특별시 마포구 마포대로 33 오벨리스크 APT 상가 지하1층 138호,37.539913,126.9454561,https://www.instagram.com/g.y.u.d.o,,,,"['혼밥', '조용함', '사진맛집']",도화동,,,local,,"{""title"": ""프리미엄 규카츠 규도 마포공덕 본점"", ""link"": ""https://www.instagram.com/g.y.u.d.o"", ""category"": ""음식점>한식"", ""description"": NaN, ""telephone"": NaN, ""address"": ""서울특별시 마포구 도화동 555 오벨리스크 APT 상가 지하1층 138호"", ""roadAddress"": ""서울특별시 마포구 마포대로 33 오벨리스크 APT 상가 지하1층 138호"", ""mapx"": 1269454561, ""mapy"": 375399130, ""dong"": ""도화동"", ""category_keyword"": ""맛집""}",2026-09-14T03:22:54.952353+00:00
83c701ba-4008-5564-9af0-638ae04d042e,맥도날드 공덕점,양식>햄버거,서울특별시 마포구 도화동 559 마포트라팰리스 1층,서울특별시 마포구 마포대로 55-1 마포트라팰리스 1층,37.5410909,126.9470909,https://www.mcdonalds.co.kr/,,,,"['데이트', '혼밥']",도화동,,,local,,"{""title"": ""맥도날드 공덕점"", ""link"": ""https://www.mcdonalds.co.kr/"", ""category"": ""양식>햄버거"", ""description"": NaN, ""telephone"": NaN, ""address"": ""서울특별시 마포구 도화동 559 마포트라팰리스 1층"", ""roadAddress"": ""서울특별시 마포구 마포대로 55-1 마포트라팰리스 1층"", ""mapx"": 1269470909, ""mapy"": 375410909, ""dong"": ""도화동"", ""category_keyword"": ""맛집""}",2026-09-14T03:22:54.952404+00:00
8d8a84f9-cb02-55fd-9ea7-2355e1e7fee7,우월소곱창 마포직영점,"한식>곱창,막창,양","서울특별시 마포구 도화동 556 1층 111, 112, 113호","서울특별시 마포구 마포대로 73 1층 111, 112, 113호",37.5422382,126.9489664,http://pf.kakao.com/_uWUaG,,,,['모임'],도화동,,,local,,"{""title"": ""우월소곱창 마포직영점"", ""link"": ""http://pf.kakao.com/_uWUaG"", ""category"": ""한식>곱창,막창,양"", ""description"": NaN, ""telephone"": NaN, ""address"": ""서울특별시 마포구 도화동 556 1층 111, 112, 113호"", ""roadAddress"": ""서울특별시 마포구 마포대로 73 1층 111, 112, 113호"", ""mapx"": 1269489664, ""mapy"": 375422382, ""dong"": ""도화동"", ""category_keyword"": ""술집""}",2026-09-14T03:22:54.952456+00:00
3fc4ecfc-72df-5063-8941-ec6ac97b4d44,삼덕통닭 마포점,"음식점>치킨,닭강정","서울특별시 마포구 도화동 559 1층 110, 111호","서울특별시 마포구 마포대로 53 1층 110, 111호",37.5414263,126.9475618,https://www.instagram.com/samduck_official/,,,,['모임'],도화동,,,local,,"{""title"": ""삼덕통닭 마포점"", ""link"": ""https://www.instagram.com/samduck_official/"", ""category"": ""음식점>치킨,닭강정"", ""description"": NaN, ""telephone"": NaN, ""address"": ""서울특별시 마포구 도화동 559 1층 110, 111호"", ""roadAddress"": ""서울특별시 마포구 마포대로 53 1층 110, 111호"", ""mapx"": 1269475618, ""mapy"": 375414263, ""dong"": ""도화동"", ""category_keyword"": ""술집""}",2026-09-14T03:22:54.952509+00:00
fa206b29-087c-5ced-9f0a-932b74c04939,김막회,한식>생선회,서울특별시 마포구 도화동 336-2 1층,서울특별시 마포구 도화길 20-1 1층,37.5403095,126.9483427,https://app.catchtable.co.kr/ct/shop/kimmakhoei,,,,['감성적'],도화동,,,local,,"{""title"": ""김막회"", ""link"": ""https://app.catchtable.co.kr/ct/shop/kimmakhoei"", ""category"": ""한식>생선회"", ""description"": NaN, ""telephone"": NaN, ""address"": ""서울특별시 마포구 도화동 336-2 1층"", ""roadAddress"": ""서울특별시 마포구 도화길 20-1 1층"", ""mapx"": 1269483427, ""mapy"": 375403095, ""dong"": ""도화동"", ""category_keyword"": ""술집""}",2026-09-14T03:22:54.952559+00:00
16f99202-1187-5e09-bb5c-fb9bb44b765b,옥된장 공덕점,음식점>한식,서울특별시 마포구 도화동 25-13 효성해링턴스퀘어 B동 1층 16호,서울특별시 마포구 마포대로 92 효성해링턴스퀘어 B동 1층 16호,37.5424229,126.9523628,https://www.instagram.com/okdj_top,,,,[],도화동,,,local,,"{""title"": ""옥된장 공덕점"", ""link"": ""https://www.instagram.com/okdj_top"", ""category"": ""음식점>한식"", ""description"": NaN, ""telephone"": NaN, ""address"": ""서울특별시 마포구 도화동 25-13 효성해링턴스퀘어 B동 1층 16호"", ""roadAddress"": ""서울특별시 마포구 마포대로 92 효성해링턴스퀘어 B동 1층 16호"", ""mapx"": 1269523628, ""mapy"": 375424229, ""dong"": ""도화동"", ""category_keyword"": ""술집""}",2026-09-14T03:22:54.952611+00:00
293541b9-8e38-5e6d-ba51-0cdef34dfea0,이춘복참치 공덕점,"음식점>한식>해물,생선요리>생선회",서울특별시 마포구 도화동 25-13 B동 2층 1호 효성해링턴 스퀘어,서울특별시 마포구 마포대로 92 B동 2층 1호 효성해링턴 스퀘어,37.5426112,126.952065,http://lcbtuna.co.kr/,,,,['모임'],도화동,,,local,,"{""title"": ""이춘복참치 공덕점"", ""link"": ""http://lcbtuna.co.kr/"", ""category"": ""음식점>한식>해물,생선요리>생선회"", ""description"": NaN, ""telephone"": NaN, ""address"": ""서울특별시 마포구 도화동 25-13 B동 2층 1호 효성해링턴 스퀘어"", ""roadAddress"": ""서울특별시 마포구 마포대로 92 B동 2층 1호 효성해링턴 스퀘어"", ""mapx"": 1269520650, ""mapy"": 375426112, ""dong"": ""도화동"", ""category_keyword"": ""술집""}",2026-09-14T03:22:54.952663+00:00
82ce9185-d9a1-590c-927a-affa69bd1518,지코인 코인노래방 서강대점,오락시설>노래방,서울특별시 마포구 신수동 81-59 3층 지코인노래연습장,서울특별시 마포구 서강로16길 69 3층 지코인노래연습장,37.5514071,126.9372114,,,,,"['모임', '시끌벅적함']",신수동,,,local,,"{""title"": ""지코인 코인노래방 서강대점"", ""link"": NaN, ""category"": ""오락시설>노래방"", ""description"": NaN, ""telephone"": NaN, ""address"": ""서울특별시 마포구 신수동 81-59 3층 지코인노래연습장"", ""roadAddress"": ""서울특별시 마포구 서강로16길 69 3층 지코인노래연습장"", ""mapx"": 1269372114, ""mapy"": 375514071, ""dong"": ""신수동"", ""category_keyword"": ""오락실""}",2026-09-14T03:22:54.952713+00:00
f8bd0810-9530-5b98-9ead-7c31b4d24099,서강코인노래연습장,오락시설>노래방,서울특별시 마포구 신수동 22-22,서울특별시 마포구 백범로 74,37.5486248,126.9398565,,,,,"['모임', '시끌벅적함']",신수동,,,local,,"{""title"": ""서강코인노래연습장"", ""link"": NaN, ""category"": ""오락시설>노래방"", ""description"": NaN, ""telephone"": NaN, ""address"": ""서울특별시 마포구 신수동 22-22"", ""roadAddress"": ""서울특별시 마포구 백범로 74"", ""mapx"": 1269398565, ""mapy"": 375486248, ""dong"": ""신수동"", ""category_keyword"": ""오락실""}",2026-09-14T03:22:54.952766+00:00
c8f8d1b7-4be5-50db-9498-97ba19d0913e,엑스이스케이프 홍대놀이터점,방탈출카페,서울특별시 마포구 서교동 358-123 홍대프라자 3층 엑스이스케이프 홍대놀이터점,서울특별시 마포구 와우산로21길 20-5 홍대프라자 3층 엑스이스케이프 홍대놀이터점,37.552648,126.9227186,https://xescape.com,,,,"['데이트', '모임']",신수동,,,local,,"{""title"": ""엑스이스케이프 홍대놀이터점"", ""link"": ""https://xescape.com"", ""category"": ""방탈출카페"", ""description"": NaN, ""telephone"": NaN, ""address"": ""서울특별시 마포구 서교동 358-123 홍대프라자 3층 엑스이스케이프 홍대놀이터점"", ""roadAddress"": ""서울특별시 마포구 와우산로21길 20-5 홍대프라자 3층 엑스이스케이프 홍대놀이터점"", ""mapx"": 1269227186, ""mapy"": 375526480, ""dong"": ""신수동"", ""category_keyword"": ""방탈출""}",2026-09-14T03:22:54.952816+00:00
723152e3-0c22-5621-971b-919c39969774,둥지닭볶음탕 홍대점,음식점>한식,서울특별시 마포구 서교동 332-8 둥지닭볶음탕 홍대점,서울특별시 마포구 와우산로29마길 16 둥지닭볶음탕 홍대점,37.5554944,126.9264934,http://instagram.com/dungdark_1025,,,,[],신수동,,,local,,"{""title"": ""둥지닭볶음탕 홍대점"", ""link"": ""http://instagram.com/dungdark_1025"", ""category"": ""음식점>한식"", ""description"": NaN, ""telephone"": NaN, ""address"": ""서울특별시 마포구 서교동 332-8 둥지닭볶음탕 홍대점"", ""roadAddress"": ""서울특별시 마포구 와우산로29마길 16 둥지닭볶음탕 홍대점"", ""mapx"": 1269264934, ""mapy"": 375554944, ""dong"": ""신수동"", ""category_keyword"": ""방탈출""}",2026-09-14T03:22:54.952867+00:00
450328ca-7906-5c78-a852-23704adf3e1f,브레이크아웃이스케이프,방탈출카페,서울특별시 마포구 서교동 338-48 3층~4층,서울특별시 마포구 와우산로 102 3층~4층,37.5529296,126.9248594,https://hongdae.breakoutescapegame.com/ko/,,,,"['데이트', '모임']",신수동,,,local,,"{""title"": ""브레이크아웃이스케이프"", ""link"": ""https://hongdae.breakoutescapegame.com/ko/"", ""category"": ""방탈출카페"", ""description"": NaN, ""telephone"": NaN, ""address"": ""서울특별시 마포구 서교동 338-48 3층~4층"", ""roadAddress"": ""서울특별시 마포구 와우산로 102 3층~4층"", ""mapx"": 1269248594, ""mapy"": 375529296, ""dong"": ""신수동"", ""category_keyword"": ""방탈출""}",2026-09-14T03:22:54.952917+00:00
438d04db-97ed-5d73-a41e-75adb220abf7,큐브이스케이프 홍대점,방탈출카페,서울특별시 마포구 서교동 355-15 무광빌딩 4층,서울특별시 마포구 양화로16길 15 무광빌딩 4층,37.5534368,126.9206197,http://www.cubeescape.co.kr/,,,,"['데이트', '모임']",신수동,,,local,,"{""title"": ""큐브이스케이프 홍대점"", ""link"": ""http://www.cubeescape.co.kr/"", ""category"": ""방탈출카페"", ""description"": NaN, ""telephone"": NaN, ""address"": ""서울특별시 마포구 서교동 355-15 무광빌딩 4층"", ""roadAddress"": ""서울특별시 마포구 양화로16길 15 무광빌딩 4층"", ""mapx"": 1269206197, ""mapy"": 375534368, ""dong"": ""신수동"", ""category_keyword"": ""방탈출""}",2026-09-14T03:22:54.952982+00:00
6ffc993e-2f72-5c3f-a250-49aee013f86f,키이스케이프 홍대,방탈출카페,서울특별시 마포구 서교동 408-27 라꼼마빌딩 지하1층,서울특별시 마포구 어울마당로 44-1 라꼼마빌딩 지하1층,37.5489507,126.9209115,https://hongdae-keyescape.vercel.app/,,,,"['데이트', '모임']",신수동,,,local,,"{""title"": ""키이스케이프 홍대"", ""link"": ""https://hongdae-keyescape.vercel.app/"", ""category"": ""방탈출카페"", ""description"": NaN, ""telephone"": NaN, ""address"": ""서울특별시 마포구 서교동 408-27 라꼼마빌딩 지하1층"", ""roadAddress"": ""서울특별시 마포구 어울마당로 44-1 라꼼마빌딩 지하1층"", ""mapx"": 1269209115, ""mapy"": 375489507, ""dong"": ""신수동"", ""category_keyword"": ""방탈출""}",2026-09-14T03:22:54.953050+00:00
d031b180-400f-5bd3-a977-d6beb17aac66,카툰플러스 만화카페,오락시설>만화방,서울특별시 마포구 서교동 357-5 B1 극장 전층,서울특별시 마포구 양화로16길 29 B1 극장 전층,37.5531991,126.9211864,https://noti.tabling.co.kr/link/details?restaurant_idx=12125,,,,"['혼밥', '조용함']",신수동,,,local,,"{""title"": ""카툰플러스 만화<b>카페</b>"", ""link"": ""https://noti.tabling.co.kr/link/details?restaurant_idx=12125"", ""category"": ""오락시설>만화방"", ""description"": NaN, ""telephone"": NaN, ""address"": ""서울특별시 마포구 서교동 357-5 B1 극장 전층"", ""roadAddress"": ""서울특별시 마포구 양화로16길 29 B1 극장 전층"", ""mapx"": 1269211864, ""mapy"": 375531991, ""dong"": ""신수동"", ""category_keyword"": ""보드게임카페""}",2026-09-14T03:22:54.953105+00:00
f121e5e2-16ce-59e6-b22b-539fcc010215,홈즈앤루팡 보드게임카페 홍대점,"스포츠,오락>보드카페",서울특별시 마포구 서교동 356-3 5층,서울특별시 마포구 홍익로3길 8 5층,37.554176,126.9221472,http://holmeslupin.co.kr/bbs/content.php?co_id=main,,,,"['모임', '데이트']",신수동,,,local,,"{""title"": ""홈즈앤루팡 <b>보드게임카페</b> 홍대점"", ""link"": ""http://holmeslupin.co.kr/bbs/content.php?co_id=main"", ""category"": ""스포츠,오락>보드카페"", ""description"": NaN, ""telephone"": NaN, ""address"": ""서울특별시 마포구 서교동 356-3 5층"", ""roadAddress"": ""서울특별시 마포구 홍익로3길 8 5층"", ""mapx"": 1269221472, ""mapy"": 375541760, ""dong"": ""신수동"", ""category_keyword"": ""보드게임카페""}",2026-09-14T03:22:54.953158+00:00
9dd11687-4c42-53e6-8ae5-5e328dc7e586,보드게임카페 더조커 홍대점,"스포츠,오락>보드카페",서울특별시 마포구 서교동 366-24 2층 보드게임카페 더조커 홍대점,서울특별시 마포구 잔다리로2길 19 2층 보드게임카페 더조커 홍대점,37.5517301,126.920971,https://blog.naver.com/wnsgur6314/224257737807,,,,"['모임', '데이트']",신수동,,,local,,"{""title"": ""<b>보드게임카페</b> 더조커 홍대점"", ""link"": ""https://blog.naver.com/wnsgur6314/224257737807"", ""category"": ""스포츠,오락>보드카페"", ""description"": NaN, ""telephone"": NaN, ""address"": ""서울특별시 마포구 서교동 366-24 2층 보드게임카페 더조커 홍대점"", ""roadAddress"": ""서울특별시 마포구 잔다리로2길 19 2층 보드게임카페 더조커 홍대점"", ""mapx"": 1269209710, ""mapy"": 375517301, ""dong"": ""신수동"", ""category_keyword"": ""보드게임카페""}",2026-09-14T03:22:54.953212+00:00
99901908-55b5-5c68-873f-e32b0cc19751,더홀릭보드게임카페 홍대점,"스포츠,오락>보드카페",서울특별시 마포구 서교동 364-26 4층,서울특별시 마포구 와우산로21길 31 4층,37.5522078,126.9221246,https://www.instagram.com/theholic.boardgame/,,,,"['모임', '데이트']",신수동,,,local,,"{""title"": ""더홀릭<b>보드게임카페</b> 홍대점"", ""link"": ""https://www.instagram.com/theholic.boardgame/"", ""category"": ""스포츠,오락>보드카페"", ""description"": NaN, ""telephone"": NaN, ""address"": ""서울특별시 마포구 서교동 364-26 4층"", ""roadAddress"": ""서울특별시 마포구 와우산로21길 31 4층"", ""mapx"": 1269221246, ""mapy"": 375522078, ""dong"": ""신수동"", ""category_keyword"": ""보드게임카페""}",2026-09-14T03:22:54.953267+00:00
adaf16f9-4a24-58f4-a00a-87115ed65b0b,마루당구클럽,"스포츠,오락>당구장","서울특별시 마포구 신수동 47-17 4층(, 우리빌딩)","서울특별시 마포구 독막로 230 4층(신수동, 우리빌딩)",37.5469667,126.9390128,,,,,"['모임', '시끌벅적함']",신수동,,,local,,"{""title"": ""마루당구클럽"", ""link"": NaN, ""category"": ""스포츠,오락>당구장"", ""description"": NaN, ""telephone"": NaN, ""address"": ""서울특별시 마포구 신수동 47-17 4층(, 우리빌딩)"", ""roadAddress"": ""서울특별시 마포구 독막로 230 4층(신수동, 우리빌딩)"", ""mapx"": 1269390128, ""mapy"": 375469667, ""dong"": ""신수동"", ""category_keyword"": ""당구장""}",2026-09-14T03:22:54.953322+00:00
7e3cc816-d9e2-5e85-9d24-11ab51562ccc,서강당구장,"스포츠,오락>당구장",서울특별시 마포구 신수동 63-8 지층,서울특별시 마포구 백범로 29 지층,37.5521189,126.9377226,,,,,"['모임', '시끌벅적함']",신수동,,,local,,"{""title"": ""서강<b>당구장</b>"", ""link"": NaN, ""category"": ""스포츠,오락>당구장"", ""description"": NaN, ""telephone"": NaN, ""address"": ""서울특별시 마포구 신수동 63-8 지층"", ""roadAddress"": ""서울특별시 마포구 백범로 29 지층"", ""mapx"": 1269377226, ""mapy"": 375521189, ""dong"": ""신수동"", ""category_keyword"": ""당구장""}",2026-09-14T03:22:54.953375+00:00
7e900d0a-e210-5bab-bb89-022166fac9c9,성화,"스포츠,오락>당구장",서울특별시 마포구 구수동 68-24 2층,서울특별시 마포구 토정로 190 2층,37.5452668,126.9320306,,,,,"['모임', '시끌벅적함']",신수동,,,local,,"{""title"": ""성화"", ""link"": NaN, ""category"": ""스포츠,오락>당구장"", ""description"": NaN, ""telephone"": NaN, ""address"": ""서울특별시 마포구 구수동 68-24 2층"", ""roadAddress"": ""서울특별시 마포구 토정로 190 2층"", ""mapx"": 1269320306, ""mapy"": 375452668, ""dong"": ""신수동"", ""category_keyword"": ""당구장""}",2026-09-14T03:22:54.953426+00:00
d230ffbf-f2ad-5546-b6c8-a6feaa3d1f84,놀숲 프리미엄 홍대점,"스포츠,오락>만화방",서울특별시 마포구 서교동 364-26 A동 2층,서울특별시 마포구 와우산로21길 31 A동 2층,37.5522078,126.9221246,https://www.instagram.com/nolsoop_hongdae,,,,"['혼밥', '조용함']",신수동,,,local,,"{""title"": ""놀숲 프리미엄 홍대점"", ""link"": ""https://www.instagram.com/nolsoop_hongdae"", ""category"": ""스포츠,오락>만화방"", ""description"": NaN, ""telephone"": NaN, ""address"": ""서울특별시 마포구 서교동 364-26 A동 2층"", ""roadAddress"": ""서울특별시 마포구 와우산로21길 31 A동 2층"", ""mapx"": 1269221246, ""mapy"": 375522078, ""dong"": ""신수동"", ""category_keyword"": ""만화카페""}",2026-09-14T03:22:54.953527+00:00
4e621a70-1095-56e5-aa5d-3bb8bdb20f41,아키바코믹스,오락시설>만화방,서울특별시 마포구 서교동 343-11 1층,서울특별시 마포구 와우산로23길 8 1층,37.5534271,126.9246705,https://x.com/akibacomics1110?s=21,,,,"['혼밥', '조용함']",신수동,,,local,,"{""title"": ""아키바코믹스"", ""link"": ""https://x.com/akibacomics1110?s=21"", ""category"": ""오락시설>만화방"", ""description"": NaN, ""telephone"": NaN, ""address"": ""서울특별시 마포구 서교동 343-11 1층"", ""roadAddress"": ""서울특별시 마포구 와우산로23길 8 1층"", ""mapx"": 1269246705, ""mapy"": 375534271, ""dong"": ""신수동"", ""category_keyword"": ""만화카페""}",2026-09-14T03:22:54.953578+00:00
7cc7667d-304c-5009-ac36-4c5279eeccec,피넛키즈룸,"키즈카페,실내놀이터",서울특별시 마포구 신수동 35-8 4층,서울특별시 마포구 백범로10길 26 4층,37.5482359,126.9397607,https://www.instagram.com/peanut_kidsroom,,,,['가족동반'],신수동,,,local,,"{""title"": ""피넛키즈룸"", ""link"": ""https://www.instagram.com/peanut_kidsroom"", ""category"": ""키즈카페,실내놀이터"", ""description"": NaN, ""telephone"": NaN, ""address"": ""서울특별시 마포구 신수동 35-8 4층"", ""roadAddress"": ""서울특별시 마포구 백범로10길 26 4층"", ""mapx"": 1269397607, ""mapy"": 375482359, ""dong"": ""신수동"", ""category_keyword"": ""키즈카페""}",2026-09-14T03:22:54.953633+00:00
f491fcd9-ce78-5585-a5f1-c8b9bc378246,거인의정원,"키즈카페,실내놀이터",서울특별시 마포구 현석동 1-9 E동 1층,서울특별시 마포구 토정로 206 E동 1층,37.5449812,126.9336213,https://www.instagram.com/gt__garden,,,,['가족동반'],신수동,,,local,,"{""title"": ""거인의정원"", ""link"": ""https://www.instagram.com/gt__garden"", ""category"": ""키즈카페,실내놀이터"", ""description"": NaN, ""telephone"": NaN, ""address"": ""서울특별시 마포구 현석동 1-9 E동 1층"", ""roadAddress"": ""서울특별시 마포구 토정로 206 E동 1층"", ""mapx"": 1269336213, ""mapy"": 375449812, ""dong"": ""신수동"", ""category_keyword"": ""키즈카페""}",2026-09-14T03:22:54.953683+00:00
31f10e80-59f6-5405-8759-687062105bce,더블플레이치킨 홍대2호점,"음식점>치킨,닭강정",서울특별시 마포구 동교동 201-6 지하1층,서울특별시 마포구 동교로 187 지하1층,37.5572033,126.9219844,https://www.instagram.com/doubleplay_chicken/,,,,"['모임', '혼밥']",신수동,,,local,,"{""title"": ""더블플레이치킨 홍대2호점"", ""link"": ""https://www.instagram.com/doubleplay_chicken/"", ""category"": ""음식점>치킨,닭강정"", ""description"": NaN, ""telephone"": NaN, ""address"": ""서울특별시 마포구 동교동 201-6 지하1층"", ""roadAddress"": ""서울특별시 마포구 동교로 187 지하1층"", ""mapx"": 1269219844, ""mapy"": 375572033, ""dong"": ""신수동"", ""category_keyword"": ""스크린야구""}",2026-09-14T03:22:54.953735+00:00
2020eea6-b629-57b1-a6fb-ace1e39f5cf1,스트라이크존 홍대역구장,스포츠시설>스크린야구장,서울특별시 마포구 서교동 344-6 지하1층,서울특별시 마포구 와우산로23길 9 지하1층,37.5533231,126.9244962,https://map.naver.com/local/siteview.nhn?code=874431932,,,,['모임'],신수동,,,local,,"{""title"": ""스트라이크존 홍대역구장"", ""link"": ""https://map.naver.com/local/siteview.nhn?code=874431932"", ""category"": ""스포츠시설>스크린야구장"", ""description"": NaN, ""telephone"": NaN, ""address"": ""서울특별시 마포구 서교동 344-6 지하1층"", ""roadAddress"": ""서울특별시 마포구 와우산로23길 9 지하1층"", ""mapx"": 1269244962, ""mapy"": 375533231, ""dong"": ""신수동"", ""category_keyword"": ""스크린야구""}",2026-09-14T03:22:54.953785+00:00
d1203d05-ad32-5aa7-9ae7-a672304b2d86,가야노래타운,"스포츠,오락>노래방",서울특별시 마포구 구수동 57-3 지하,서울특별시 마포구 창전로 38 지하,37.5457591,126.9321818,,,,,"['모임', '시끌벅적함']",신수동,,,local,,"{""title"": ""가야노래타운"", ""link"": NaN, ""category"": ""스포츠,오락>노래방"", ""description"": NaN, ""telephone"": NaN, ""address"": ""서울특별시 마포구 구수동 57-3 지하"", ""roadAddress"": ""서울특별시 마포구 창전로 38 지하"", ""mapx"": 1269321818, ""mapy"": 375457591, ""dong"": ""신수동"", ""category_keyword"": ""노래방""}",2026-09-14T03:22:54.953891+00:00
26f1a26f-2630-5d4b-a0fd-4a12d14c49bd,팡팡노래연습장,"스포츠,오락>노래방",서울특별시 마포구 신수동 181-2,서울특별시 마포구 독막로 210,37.5471347,126.9369656,,,,,"['모임', '시끌벅적함']",신수동,,,local,,"{""title"": ""팡팡노래연습장"", ""link"": NaN, ""category"": ""스포츠,오락>노래방"", ""description"": NaN, ""telephone"": NaN, ""address"": ""서울특별시 마포구 신수동 181-2"", ""roadAddress"": ""서울특별시 마포구 독막로 210"", ""mapx"": 1269369656, ""mapy"": 375471347, ""dong"": ""신수동"", ""category_keyword"": ""노래방""}",2026-09-14T03:22:54.953943+00:00
5284bf51-f1b3-5449-bec2-4e31c315b70c,썸데이노래방,"스포츠,오락>노래방",서울특별시 마포구 구수동 68-24,서울특별시 마포구 토정로 190,37.545264,126.932043,,,,,"['모임', '시끌벅적함']",신수동,,,local,,"{""title"": ""썸데이<b>노래방</b>"", ""link"": NaN, ""category"": ""스포츠,오락>노래방"", ""description"": NaN, ""telephone"": NaN, ""address"": ""서울특별시 마포구 구수동 68-24"", ""roadAddress"": ""서울특별시 마포구 토정로 190"", ""mapx"": 1269320430, ""mapy"": 375452640, ""dong"": ""신수동"", ""category_keyword"": ""노래방""}",2026-09-14T03:22:54.953997+00:00
536bd374-bb83-5ff5-a256-db9581c13c2a,레드포스PC아레나 서강대점,"스포츠,오락>PC방",서울특별시 마포구 신수동 81-136 1층,서울특별시 마포구 백범로 28 1층,37.5520574,126.9369859,,,,,"['혼밥', '모임']",신수동,,,local,,"{""title"": ""레드포스PC아레나 서강대점"", ""link"": NaN, ""category"": ""스포츠,오락>PC방"", ""description"": NaN, ""telephone"": NaN, ""address"": ""서울특별시 마포구 신수동 81-136 1층"", ""roadAddress"": ""서울특별시 마포구 백범로 28 1층"", ""mapx"": 1269369859, ""mapy"": 375520574, ""dong"": ""신수동"", ""category_keyword"": ""PC방""}",2026-09-14T03:22:54.954049+00:00
1ac9cb5e-31f3-5514-bbde-4bd6b1ed925c,코지PC카페,"스포츠,오락>PC방",서울특별시 마포구 신수동 81-59 지하1층,서울특별시 마포구 서강로16길 69 지하1층,37.5513622,126.9372031,,,,,"['혼밥', '모임']",신수동,,,local,,"{""title"": ""코지PC카페"", ""link"": NaN, ""category"": ""스포츠,오락>PC방"", ""description"": NaN, ""telephone"": NaN, ""address"": ""서울특별시 마포구 신수동 81-59 지하1층"", ""roadAddress"": ""서울특별시 마포구 서강로16길 69 지하1층"", ""mapx"": 1269372031, ""mapy"": 375513622, ""dong"": ""신수동"", ""category_keyword"": ""PC방""}",2026-09-14T03:22:54.954099+00:00
0b5dba5d-d6bf-5cab-a9ce-de6756596889,홍대24시불가마사우나,"생활,편의>찜질방",서울특별시 서대문구 창천동 510-2 쓰리알유시티 상가 B2층,서울특별시 서대문구 신촌로 1 쓰리알유시티 상가 B2층,37.5588454,126.92737,https://www.instagram.com/hongdae_sauna24,,,,"['가족동반', '조용함']",신수동,,,local,,"{""title"": ""홍대24시불가마사우나"", ""link"": ""https://www.instagram.com/hongdae_sauna24"", ""category"": ""생활,편의>찜질방"", ""description"": NaN, ""telephone"": NaN, ""address"": ""서울특별시 서대문구 창천동 510-2 쓰리알유시티 상가 B2층"", ""roadAddress"": ""서울특별시 서대문구 신촌로 1 쓰리알유시티 상가 B2층"", ""mapx"": 1269273700, ""mapy"": 375588454, ""dong"": ""신수동"", ""category_keyword"": ""찜질방""}",2026-09-14T03:22:54.954152+00:00
7a35be25-6c9d-587d-b9e5-7a231c15c48b,24시남성사우나,"생활,편의>목욕,찜질",서울특별시 마포구 서교동 355-15 지하1층 101호,서울특별시 마포구 양화로16길 15 지하1층 101호,37.5535033,126.9205782,,,,,"['가족동반', '조용함']",신수동,,,local,,"{""title"": ""24시남성사우나"", ""link"": NaN, ""category"": ""생활,편의>목욕,찜질"", ""description"": NaN, ""telephone"": NaN, ""address"": ""서울특별시 마포구 서교동 355-15 지하1층 101호"", ""roadAddress"": ""서울특별시 마포구 양화로16길 15 지하1층 101호"", ""mapx"": 1269205782, ""mapy"": 375535033, ""dong"": ""신수동"", ""category_keyword"": ""찜질방""}",2026-09-14T03:22:54.954204+00:00
a146ba81-ace5-52d4-983d-c1f852e3a7c6,더클라임 클라이밍 연남점,"스포츠,오락>암벽등반",서울특별시 마포구 동교동 167-2 3층,서울특별시 마포구 양화로 186 3층,37.5576685,126.9258931,http://theclimb.co.kr/,,,,"['데이트', '모임']",신수동,,,local,,"{""title"": ""더클라임 <b>클라이밍</b> 연남점"", ""link"": ""http://theclimb.co.kr/"", ""category"": ""스포츠,오락>암벽등반"", ""description"": NaN, ""telephone"": NaN, ""address"": ""서울특별시 마포구 동교동 167-2 3층"", ""roadAddress"": ""서울특별시 마포구 양화로 186 3층"", ""mapx"": 1269258931, ""mapy"": 375576685, ""dong"": ""신수동"", ""category_keyword"": ""클라이밍""}",2026-09-14T03:22:54.954258+00:00
4eb89761-9ea8-5256-9c33-171477fdad2f,포닐,"카페,디저트>베이커리",서울특별시 마포구 신수동 93-211 C동 1층,서울특별시 마포구 광성로 41-3 C동 1층,37.5500414,126.9374655,https://www.instagram.com/fournil_seoul,,,,"['웨이팅있음', '데이트']",신수동,,,local,,"{""title"": ""포닐"", ""link"": ""https://www.instagram.com/fournil_seoul"", ""category"": ""카페,디저트>베이커리"", ""description"": NaN, ""telephone"": NaN, ""address"": ""서울특별시 마포구 신수동 93-211 C동 1층"", ""roadAddress"": ""서울특별시 마포구 광성로 41-3 C동 1층"", ""mapx"": 1269374655, ""mapy"": 375500414, ""dong"": ""신수동"", ""category_keyword"": ""카페""}",2026-09-14T03:22:54.954310+00:00
e74a022f-fa01-58e3-9ce7-d16e8e13fdec,스타벅스 서강대점,"카페,디저트>카페",서울특별시 마포구 신수동 63-14,서울특별시 마포구 백범로 23 (신수동),37.5524584,126.9378262,http://www.starbucks.co.kr/,,,,"['감성적', '사진맛집']",신수동,,,local,,"{""title"": ""스타벅스 서강대점"", ""link"": ""http://www.starbucks.co.kr/"", ""category"": ""카페,디저트>카페"", ""description"": NaN, ""telephone"": NaN, ""address"": ""서울특별시 마포구 신수동 63-14"", ""roadAddress"": ""서울특별시 마포구 백범로 23 (신수동)"", ""mapx"": 1269378262, ""mapy"": 375524584, ""dong"": ""신수동"", ""category_keyword"": ""카페""}",2026-09-14T03:22:54.954361+00:00
2d5e17f4-51bb-56b3-bcf7-b29d7bb02157,파리바게뜨 광흥창역점,"카페,디저트>베이커리",서울특별시 마포구 구수동 55 6호선 광흥창역 4번출구 뒤쪽 20M,서울특별시 마포구 독막로 172 6호선 광흥창역 4번출구 뒤쪽 20M,37.5471731,126.9327801,https://www.paris.co.kr/,,,,"['감성적', '사진맛집']",신수동,,,local,,"{""title"": ""파리바게뜨 광흥창역점"", ""link"": ""https://www.paris.co.kr/"", ""category"": ""카페,디저트>베이커리"", ""description"": NaN, ""telephone"": NaN, ""address"": ""서울특별시 마포구 구수동 55 6호선 광흥창역 4번출구 뒤쪽 20M"", ""roadAddress"": ""서울특별시 마포구 독막로 172 6호선 광흥창역 4번출구 뒤쪽 20M"", ""mapx"": 1269327801, ""mapy"": 375471731, ""dong"": ""신수동"", ""category_keyword"": ""카페""}",2026-09-14T03:22:54.954414+00:00
c1ab3270-caf6-5a93-b569-b9e245ebe71c,비로소커피,"음식점>카페,디저트",서울특별시 마포구 신수동 85-19,서울특별시 마포구 광성로6길 42,37.5481361,126.9392308,https://smartstore.naver.com/birosocompany,,,,"['감성적', '사진맛집']",신수동,,,local,,"{""title"": ""비로소커피"", ""link"": ""https://smartstore.naver.com/birosocompany"", ""category"": ""음식점>카페,디저트"", ""description"": NaN, ""telephone"": NaN, ""address"": ""서울특별시 마포구 신수동 85-19"", ""roadAddress"": ""서울특별시 마포구 광성로6길 42"", ""mapx"": 1269392308, ""mapy"": 375481361, ""dong"": ""신수동"", ""category_keyword"": ""카페""}",2026-09-14T03:22:54.954465+00:00
da84c95c-d056-56e7-b936-f9b2ea0652c3,파리바게뜨 서강신수점,"카페,디저트>베이커리",서울특별시 마포구 신수동 88-56 서강대학교 정문 건너편,서울특별시 마포구 광성로 44 서강대학교 정문 건너편,37.5495631,126.9378772,https://www.paris.co.kr/,,,,"['감성적', '사진맛집']",신수동,,,local,,"{""title"": ""파리바게뜨 서강신수점"", ""link"": ""https://www.paris.co.kr/"", ""category"": ""카페,디저트>베이커리"", ""description"": NaN, ""telephone"": NaN, ""address"": ""서울특별시 마포구 신수동 88-56 서강대학교 정문 건너편"", ""roadAddress"": ""서울특별시 마포구 광성로 44 서강대학교 정문 건너편"", ""mapx"": 1269378772, ""mapy"": 375495631, ""dong"": ""신수동"", ""category_keyword"": ""카페""}",2026-09-14T03:22:54.954516+00:00
92b34e46-313b-54eb-82b4-4ae5e290393d,김숙성 대흥본점,한식>돼지고기구이,서울특별시 마포구 신수동 85-3 1층,서울특별시 마포구 광성로6길 14 1층,37.5492017,126.9383674,https://catchtable.co.kr/withyou21_2,,,,"['데이트', '모임']",신수동,,,local,,"{""title"": ""김숙성 대흥본점"", ""link"": ""https://catchtable.co.kr/withyou21_2"", ""category"": ""한식>돼지고기구이"", ""description"": NaN, ""telephone"": NaN, ""address"": ""서울특별시 마포구 신수동 85-3 1층"", ""roadAddress"": ""서울특별시 마포구 광성로6길 14 1층"", ""mapx"": 1269383674, ""mapy"": 375492017, ""dong"": ""신수동"", ""category_keyword"": ""맛집""}",2026-09-14T03:22:54.954566+00:00
107233a5-216e-566f-819f-5bf88990a077,핵밥 서강대점,음식점>일식>덮밥,서울특별시 마포구 신수동 81-54 1층,서울특별시 마포구 백범로 30 1층,37.5519139,126.9372492,https://www.hecbob.com/,,,,['혼밥'],신수동,,,local,,"{""title"": ""핵밥 서강대점"", ""link"": ""https://www.hecbob.com/"", ""category"": ""음식점>일식>덮밥"", ""description"": NaN, ""telephone"": NaN, ""address"": ""서울특별시 마포구 신수동 81-54 1층"", ""roadAddress"": ""서울특별시 마포구 백범로 30 1층"", ""mapx"": 1269372492, ""mapy"": 375519139, ""dong"": ""신수동"", ""category_keyword"": ""맛집""}",2026-09-14T03:22:54.954617+00:00
cca29ef1-2258-5382-a845-840988c41736,우이락 서강대점,음식점>한식,서울특별시 마포구 신수동 91-567 지하1층,서울특별시 마포구 광성로 36 지하1층,37.5496991,126.9369643,https://www.instagram.com/wooyirak,,,,['모임'],신수동,,,local,,"{""title"": ""우이락 서강대점"", ""link"": ""https://www.instagram.com/wooyirak"", ""category"": ""음식점>한식"", ""description"": NaN, ""telephone"": NaN, ""address"": ""서울특별시 마포구 신수동 91-567 지하1층"", ""roadAddress"": ""서울특별시 마포구 광성로 36 지하1층"", ""mapx"": 1269369643, ""mapy"": 375496991, ""dong"": ""신수동"", ""category_keyword"": ""맛집""}",2026-09-14T03:22:54.954668+00:00
5bc59a98-75e9-5bd6-8f66-9a40e8901975,리정원 대흥점,"한식>육류,고기요리",서울특별시 마포구 신수동 36-3 1층,서울특별시 마포구 백범로10길 30 1층,37.5480965,126.9399314,,,,,"['모임', '가족동반']",신수동,,,local,,"{""title"": ""리정원 대흥점"", ""link"": NaN, ""category"": ""한식>육류,고기요리"", ""description"": NaN, ""telephone"": NaN, ""address"": ""서울특별시 마포구 신수동 36-3 1층"", ""roadAddress"": ""서울특별시 마포구 백범로10길 30 1층"", ""mapx"": 1269399314, ""mapy"": 375480965, ""dong"": ""신수동"", ""category_keyword"": ""맛집""}",2026-09-14T03:22:54.954719+00:00
7284e2dc-3b72-547b-b992-bcd7b101072c,물고기집,술집>이자카야,서울특별시 마포구 신수동 35-8 1층,서울특별시 마포구 백범로10길 26 1층,37.5482359,126.9397607,https://www.instagram.com/fishhouse0407,,,,"['모임', '시끌벅적함']",신수동,,,local,,"{""title"": ""물고기집"", ""link"": ""https://www.instagram.com/fishhouse0407"", ""category"": ""술집>이자카야"", ""description"": NaN, ""telephone"": NaN, ""address"": ""서울특별시 마포구 신수동 35-8 1층"", ""roadAddress"": ""서울특별시 마포구 백범로10길 26 1층"", ""mapx"": 1269397607, ""mapy"": 375482359, ""dong"": ""신수동"", ""category_keyword"": ""술집""}",2026-09-14T03:22:54.954769+00:00
0d158551-faf4-50dc-af01-dd4d32d5d609,철길부산집 서강대점,술집>요리주점,서울특별시 마포구 신수동 85-15,서울특별시 마포구 광성로6길 34,37.5483752,126.9390058,https://www.instagram.com/busan_jib,,,,"['데이트', '조용함', '감성적']",신수동,,,local,,"{""title"": ""철길부산집 서강대점"", ""link"": ""https://www.instagram.com/busan_jib"", ""category"": ""술집>요리주점"", ""description"": NaN, ""telephone"": NaN, ""address"": ""서울특별시 마포구 신수동 85-15"", ""roadAddress"": ""서울특별시 마포구 광성로6길 34"", ""mapx"": 1269390058, ""mapy"": 375483752, ""dong"": ""신수동"", ""category_keyword"": ""술집""}",2026-09-14T03:22:54.954830+00:00
40ad908f-2807-58aa-88e0-8c30689c5eae,하숙바,술집>바(BAR),서울특별시 마포구 신수동 81-64,서울특별시 마포구 백범로 40-2,37.5510284,126.9375162,http://www.instagram.com/hasook_bar,,,,"['모임', '시끌벅적함']",신수동,,,local,,"{""title"": ""하숙바"", ""link"": ""http://www.instagram.com/hasook_bar"", ""category"": ""술집>바(BAR)"", ""description"": NaN, ""telephone"": NaN, ""address"": ""서울특별시 마포구 신수동 81-64"", ""roadAddress"": ""서울특별시 마포구 백범로 40-2"", ""mapx"": 1269375162, ""mapy"": 375510284, ""dong"": ""신수동"", ""category_keyword"": ""술집""}",2026-09-14T03:22:54.954888+00:00
0e70b977-5cf7-56f4-9cdd-f93acb533976,투다리 신수점,"술집>오뎅,꼬치",서울특별시 마포구 신수동 93-214 1층,서울특별시 마포구 광성로 37 1층,37.5499342,126.9373853,https://www.instagram.com/tudari_sinsu,,,,['모임'],신수동,,,local,,"{""title"": ""투다리 신수점"", ""link"": ""https://www.instagram.com/tudari_sinsu"", ""category"": ""술집>오뎅,꼬치"", ""description"": NaN, ""telephone"": NaN, ""address"": ""서울특별시 마포구 신수동 93-214 1층"", ""roadAddress"": ""서울특별시 마포구 광성로 37 1층"", ""mapx"": 1269373853, ""mapy"": 375499342, ""dong"": ""신수동"", ""category_keyword"": ""술집""}",2026-09-14T03:22:54.954941+00:00
b25db3bb-cb6c-5fd0-ba9c-1c110fba81ed,악쓰는하마코인노래연습장 신촌점,오락시설>노래방,"서울특별시 서대문구 창천동 31-45 2층, 3층, 4층","서울특별시 서대문구 연세로 19 2층, 3층, 4층",37.5574335,126.9367329,,,,,"['모임', '시끌벅적함']",대흥동,,,local,,"{""title"": ""악쓰는하마코인노래연습장 신촌점"", ""link"": NaN, ""category"": ""오락시설>노래방"", ""description"": NaN, ""telephone"": NaN, ""address"": ""서울특별시 서대문구 창천동 31-45 2층, 3층, 4층"", ""roadAddress"": ""서울특별시 서대문구 연세로 19 2층, 3층, 4층"", ""mapx"": 1269367329, ""mapy"": 375574335, ""dong"": ""대흥동"", ""category_keyword"": ""오락실""}",2026-09-14T03:22:54.955023+00:00
8abb0f23-7756-59b6-b42b-beab9db1045d,어썸코인노래연습장 신촌3호점,오락시설>노래방,서울특별시 서대문구 창천동 52-49 지하 1층,서울특별시 서대문구 연세로7안길 1 지하 1층,37.5577788,126.9362516,https://blog.naver.com/awesomecoin,,,,"['모임', '시끌벅적함']",대흥동,,,local,,"{""title"": ""어썸코인노래연습장 신촌3호점"", ""link"": ""https://blog.naver.com/awesomecoin"", ""category"": ""오락시설>노래방"", ""description"": NaN, ""telephone"": NaN, ""address"": ""서울특별시 서대문구 창천동 52-49 지하 1층"", ""roadAddress"": ""서울특별시 서대문구 연세로7안길 1 지하 1층"", ""mapx"": 1269362516, ""mapy"": 375577788, ""dong"": ""대흥동"", ""category_keyword"": ""오락실""}",2026-09-14T03:22:54.955092+00:00
576d1ce7-fba9-586f-9e82-42b3ccb4c6d7,어썸코인노래연습장 신촌2호점,오락시설>노래방,서울특별시 서대문구 창천동 33-20 혜인빌딩 지하1층,서울특별시 서대문구 연세로 29 혜인빌딩 지하1층,37.5582084,126.9367761,https://blog.naver.com/awesomecoin,,,,"['모임', '시끌벅적함']",대흥동,,,local,,"{""title"": ""어썸코인노래연습장 신촌2호점"", ""link"": ""https://blog.naver.com/awesomecoin"", ""category"": ""오락시설>노래방"", ""description"": NaN, ""telephone"": NaN, ""address"": ""서울특별시 서대문구 창천동 33-20 혜인빌딩 지하1층"", ""roadAddress"": ""서울특별시 서대문구 연세로 29 혜인빌딩 지하1층"", ""mapx"": 1269367761, ""mapy"": 375582084, ""dong"": ""대흥동"", ""category_keyword"": ""오락실""}",2026-09-14T03:22:54.955154+00:00
3e955ed2-f92e-54f7-9b15-bad1ef2bcda0,스카이락볼링장,"스포츠,오락>볼링장",서울특별시 서대문구 창천동 72-12 테라운드빌딩 8층,서울특별시 서대문구 신촌로 73 테라운드빌딩 8층,37.5563075,126.934527,,,,,"['모임', '가족동반']",대흥동,,,local,,"{""title"": ""스카이락<b>볼링장</b>"", ""link"": NaN, ""category"": ""스포츠,오락>볼링장"", ""description"": NaN, ""telephone"": NaN, ""address"": ""서울특별시 서대문구 창천동 72-12 테라운드빌딩 8층"", ""roadAddress"": ""서울특별시 서대문구 신촌로 73 테라운드빌딩 8층"", ""mapx"": 1269345270, ""mapy"": 375563075, ""dong"": ""대흥동"", ""category_keyword"": ""볼링장""}",2026-09-14T03:22:54.955211+00:00
5e6e5b49-39cb-5c8c-8063-0c0689b5acd3,비트포비아 홍대던전3,방탈출카페,서울특별시 마포구 서교동 336-1 3층,서울특별시 마포구 와우산로29길 21 3층,37.5549254,126.9285773,http://www.xdungeon.net,,,,"['데이트', '모임']",대흥동,,,local,,"{""title"": ""비트포비아 홍대던전3"", ""link"": ""http://www.xdungeon.net"", ""category"": ""방탈출카페"", ""description"": NaN, ""telephone"": NaN, ""address"": ""서울특별시 마포구 서교동 336-1 3층"", ""roadAddress"": ""서울특별시 마포구 와우산로29길 21 3층"", ""mapx"": 1269285773, ""mapy"": 375549254, ""dong"": ""대흥동"", ""category_keyword"": ""방탈출""}",2026-09-14T03:22:54.955263+00:00
9cbd2c14-50a4-5196-91a0-3ac24f3121e2,룸익스케이프 올리브점,방탈출카페,서울특별시 서대문구 창천동 52-46 지하 1층,서울특별시 서대문구 연세로9길 25 지하 1층,37.5584618,126.9354227,http://ex-cape.com,,,,"['데이트', '모임']",대흥동,,,local,,"{""title"": ""룸익스케이프 올리브점"", ""link"": ""http://ex-cape.com"", ""category"": ""방탈출카페"", ""description"": NaN, ""telephone"": NaN, ""address"": ""서울특별시 서대문구 창천동 52-46 지하 1층"", ""roadAddress"": ""서울특별시 서대문구 연세로9길 25 지하 1층"", ""mapx"": 1269354227, ""mapy"": 375584618, ""dong"": ""대흥동"", ""category_keyword"": ""방탈출""}",2026-09-14T03:22:54.955315+00:00
5467521b-0545-5e9c-8472-2ff0d6cd22f8,홈즈앤루팡 보드게임카페 신촌점,"스포츠,오락>보드카페",서울특별시 서대문구 창천동 18-21 지하1층,서울특별시 서대문구 연세로 12 지하1층,37.5565899,126.9370872,http://holmeslupin.co.kr/bbs/content.php?co_id=main,,,,"['모임', '데이트']",대흥동,,,local,,"{""title"": ""홈즈앤루팡 <b>보드게임카페</b> 신촌점"", ""link"": ""http://holmeslupin.co.kr/bbs/content.php?co_id=main"", ""category"": ""스포츠,오락>보드카페"", ""description"": NaN, ""telephone"": NaN, ""address"": ""서울특별시 서대문구 창천동 18-21 지하1층"", ""roadAddress"": ""서울특별시 서대문구 연세로 12 지하1층"", ""mapx"": 1269370872, ""mapy"": 375565899, ""dong"": ""대흥동"", ""category_keyword"": ""보드게임카페""}",2026-09-14T03:22:54.955367+00:00
035efb81-3c74-5e66-a457-06eee05730bc,대흥 당구장,"스포츠,오락>당구장",서울특별시 마포구 대흥동 276-1 지하1층 대흥당구장,서울특별시 마포구 백범로 88 지하1층 대흥당구장,37.547941,126.941095,https://blog.naver.com/rvf40000,,,,"['모임', '시끌벅적함']",대흥동,,,local,,"{""title"": ""대흥 <b>당구장</b>"", ""link"": ""https://blog.naver.com/rvf40000"", ""category"": ""스포츠,오락>당구장"", ""description"": NaN, ""telephone"": NaN, ""address"": ""서울특별시 마포구 대흥동 276-1 지하1층 대흥당구장"", ""roadAddress"": ""서울특별시 마포구 백범로 88 지하1층 대흥당구장"", ""mapx"": 1269410950, ""mapy"": 375479410, ""dong"": ""대흥동"", ""category_keyword"": ""당구장""}",2026-09-14T03:22:54.955418+00:00
f0a420f8-79be-532f-915a-a3957ad0a7ca,태영당구클럽,"스포츠,오락>당구장",서울특별시 마포구 대흥동 660 태영아파트 내 태영종합상가 지하1층,서울특별시 마포구 독막로 266 태영아파트 내 태영종합상가 지하1층,37.5456122,126.9428529,,,,,"['모임', '시끌벅적함']",대흥동,,,local,,"{""title"": ""태영당구클럽"", ""link"": NaN, ""category"": ""스포츠,오락>당구장"", ""description"": NaN, ""telephone"": NaN, ""address"": ""서울특별시 마포구 대흥동 660 태영아파트 내 태영종합상가 지하1층"", ""roadAddress"": ""서울특별시 마포구 독막로 266 태영아파트 내 태영종합상가 지하1층"", ""mapx"": 1269428529, ""mapy"": 375456122, ""dong"": ""대흥동"", ""category_keyword"": ""당구장""}",2026-09-14T03:22:54.955469+00:00
26987fb4-2f19-53ac-b4d3-cd6e6e9350a1,웅지당구클럽,"스포츠,오락>당구장",서울특별시 마포구 대흥동 3-35 웅지빌딩,서울특별시 마포구 대흥로 180 웅지빌딩,37.5550135,126.9461322,,,,,"['모임', '시끌벅적함']",대흥동,,,local,,"{""title"": ""웅지당구클럽"", ""link"": NaN, ""category"": ""스포츠,오락>당구장"", ""description"": NaN, ""telephone"": NaN, ""address"": ""서울특별시 마포구 대흥동 3-35 웅지빌딩"", ""roadAddress"": ""서울특별시 마포구 대흥로 180 웅지빌딩"", ""mapx"": 1269461322, ""mapy"": 375550135, ""dong"": ""대흥동"", ""category_keyword"": ""당구장""}",2026-09-14T03:22:54.955521+00:00
6e950789-ab2a-5008-82ad-f5c22042bdd4,딩굴딩굴 알타미라,오락시설>만화방,서울특별시 마포구 서교동 336-1 지하1층,서울특별시 마포구 와우산로29길 21 지하1층,37.5549254,126.9285773,https://www.instagram.com/ding.gool_ding.gool/,,,,"['혼밥', '조용함']",대흥동,,,local,,"{""title"": ""딩굴딩굴 알타미라"", ""link"": ""https://www.instagram.com/ding.gool_ding.gool/"", ""category"": ""오락시설>만화방"", ""description"": NaN, ""telephone"": NaN, ""address"": ""서울특별시 마포구 서교동 336-1 지하1층"", ""roadAddress"": ""서울특별시 마포구 와우산로29길 21 지하1층"", ""mapx"": 1269285773, ""mapy"": 375549254, ""dong"": ""대흥동"", ""category_keyword"": ""만화카페""}",2026-09-14T03:22:54.955573+00:00
62f04299-9770-588c-b399-296852836638,하이펀,"키즈카페,실내놀이터",서울특별시 마포구 대흥동 12-27 이대역푸르지오시티 213호,서울특별시 마포구 신촌로 170 이대역푸르지오시티 213호,37.5563496,126.9443515,https://www.instagram.com/hi_fun_kids,,,,['가족동반'],대흥동,,,local,,"{""title"": ""하이펀"", ""link"": ""https://www.instagram.com/hi_fun_kids"", ""category"": ""키즈카페,실내놀이터"", ""description"": NaN, ""telephone"": NaN, ""address"": ""서울특별시 마포구 대흥동 12-27 이대역푸르지오시티 213호"", ""roadAddress"": ""서울특별시 마포구 신촌로 170 이대역푸르지오시티 213호"", ""mapx"": 1269443515, ""mapy"": 375563496, ""dong"": ""대흥동"", ""category_keyword"": ""키즈카페""}",2026-09-14T03:22:54.955625+00:00
0a0c8db8-9312-580e-b31c-d768b7fd5996,꿀잼키즈룸 마포점,"키즈카페,실내놀이터",서울특별시 마포구 대흥동 18-4 4층 405호,서울특별시 마포구 고산18길 13 4층 405호,37.5538206,126.9455166,,,,,['가족동반'],대흥동,,,local,,"{""title"": ""꿀잼키즈룸 마포점"", ""link"": NaN, ""category"": ""키즈카페,실내놀이터"", ""description"": NaN, ""telephone"": NaN, ""address"": ""서울특별시 마포구 대흥동 18-4 4층 405호"", ""roadAddress"": ""서울특별시 마포구 고산18길 13 4층 405호"", ""mapx"": 1269455166, ""mapy"": 375538206, ""dong"": ""대흥동"", ""category_keyword"": ""키즈카페""}",2026-09-14T03:22:54.955678+00:00
341a10fc-1e3e-5de9-800d-ced1a1feabaf,아이키친 마포점,"키즈카페,실내놀이터",서울특별시 마포구 대흥동 548 지층,서울특별시 마포구 토정로31길 57-9 지층,37.5435303,126.9440155,https://www.instagram.com/ikitchen_mapo,,,,['가족동반'],대흥동,,,local,,"{""title"": ""아이키친 마포점"", ""link"": ""https://www.instagram.com/ikitchen_mapo"", ""category"": ""키즈카페,실내놀이터"", ""description"": NaN, ""telephone"": NaN, ""address"": ""서울특별시 마포구 대흥동 548 지층"", ""roadAddress"": ""서울특별시 마포구 토정로31길 57-9 지층"", ""mapx"": 1269440155, ""mapy"": 375435303, ""dong"": ""대흥동"", ""category_keyword"": ""키즈카페""}",2026-09-14T03:22:54.955732+00:00
fad167bb-74f9-5e4b-99f4-46d08149701b,팔도강산노래연습장,"스포츠,오락>노래방",서울특별시 마포구 대흥동 298,서울특별시 마포구 대흥로 83,37.5475479,126.94134,,,,,"['모임', '시끌벅적함']",대흥동,,,local,,"{""title"": ""팔도강산노래연습장"", ""link"": NaN, ""category"": ""스포츠,오락>노래방"", ""description"": NaN, ""telephone"": NaN, ""address"": ""서울특별시 마포구 대흥동 298"", ""roadAddress"": ""서울특별시 마포구 대흥로 83"", ""mapx"": 1269413400, ""mapy"": 375475479, ""dong"": ""대흥동"", ""category_keyword"": ""노래방""}",2026-09-14T03:22:54.955782+00:00
8cc4dca0-4154-505d-8b87-f8c7b3f68381,태영콘서트노래방,"스포츠,오락>노래방",서울특별시 마포구 대흥동 660 태영아파트,서울특별시 마포구 독막로 266 대흥동태영아파트,37.5446572,126.9416854,,,,,"['모임', '시끌벅적함']",대흥동,,,local,,"{""title"": ""태영콘서트<b>노래방</b>"", ""link"": NaN, ""category"": ""스포츠,오락>노래방"", ""description"": NaN, ""telephone"": NaN, ""address"": ""서울특별시 마포구 대흥동 660 태영아파트"", ""roadAddress"": ""서울특별시 마포구 독막로 266 대흥동태영아파트"", ""mapx"": 1269416854, ""mapy"": 375446572, ""dong"": ""대흥동"", ""category_keyword"": ""노래방""}",2026-09-14T03:22:54.955833+00:00
6848ab6e-7a68-5e6c-b9d8-74f18a65acc1,둘둘노래연습장,"스포츠,오락>노래방",서울특별시 마포구 대흥동 2-22,서울특별시 마포구 숭문길 209,37.5557615,126.9464575,,,,,"['모임', '시끌벅적함']",대흥동,,,local,,"{""title"": ""둘둘노래연습장"", ""link"": NaN, ""category"": ""스포츠,오락>노래방"", ""description"": NaN, ""telephone"": NaN, ""address"": ""서울특별시 마포구 대흥동 2-22"", ""roadAddress"": ""서울특별시 마포구 숭문길 209"", ""mapx"": 1269464575, ""mapy"": 375557615, ""dong"": ""대흥동"", ""category_keyword"": ""노래방""}",2026-09-14T03:22:54.955883+00:00
9a0d55d6-fa94-591b-90bc-fd69267daf57,롤스터 &amp; 앤유 PC방,"스포츠,오락>PC방",서울특별시 서대문구 창천동 18-29 VERTIGO 지하2층,서울특별시 서대문구 연세로 8-1 VERTIGO 지하2층,37.5563312,126.9372977,,,,,"['혼밥', '모임']",대흥동,,,local,,"{""title"": ""롤스터 &amp; 앤유 <b>PC방</b>"", ""link"": NaN, ""category"": ""스포츠,오락>PC방"", ""description"": NaN, ""telephone"": NaN, ""address"": ""서울특별시 서대문구 창천동 18-29 VERTIGO 지하2층"", ""roadAddress"": ""서울특별시 서대문구 연세로 8-1 VERTIGO 지하2층"", ""mapx"": 1269372977, ""mapy"": 375563312, ""dong"": ""대흥동"", ""category_keyword"": ""PC방""}",2026-09-14T03:22:54.955934+00:00
dec680dc-8fab-5e08-b493-44e1b60099cf,아이센스리그PC방 신촌본점,"스포츠,오락>PC방",서울특별시 마포구 노고산동 57-12 B2층 아이센스리그PC방 신촌본점,서울특별시 마포구 신촌로 88 B2층 아이센스리그PC방 신촌본점,37.5553733,126.9353913,,,,,"['혼밥', '모임']",대흥동,,,local,,"{""title"": ""아이센스리그<b>PC방</b> 신촌본점"", ""link"": NaN, ""category"": ""스포츠,오락>PC방"", ""description"": NaN, ""telephone"": NaN, ""address"": ""서울특별시 마포구 노고산동 57-12 B2층 아이센스리그PC방 신촌본점"", ""roadAddress"": ""서울특별시 마포구 신촌로 88 B2층 아이센스리그PC방 신촌본점"", ""mapx"": 1269353913, ""mapy"": 375553733, ""dong"": ""대흥동"", ""category_keyword"": ""PC방""}",2026-09-14T03:22:54.955988+00:00
b46c88aa-7474-57ec-af2b-cfc8f371b5ef,옵티멈존PC카페 신촌역점,"스포츠,오락>PC방",서울특별시 서대문구 창천동 31-80 지하1층,서울특별시 서대문구 명물길 23 지하1층,37.5580719,126.9378779,,,,,"['혼밥', '모임']",대흥동,,,local,,"{""title"": ""옵티멈존PC카페 신촌역점"", ""link"": NaN, ""category"": ""스포츠,오락>PC방"", ""description"": NaN, ""telephone"": NaN, ""address"": ""서울특별시 서대문구 창천동 31-80 지하1층"", ""roadAddress"": ""서울특별시 서대문구 명물길 23 지하1층"", ""mapx"": 1269378779, ""mapy"": 375580719, ""dong"": ""대흥동"", ""category_keyword"": ""PC방""}",2026-09-14T03:22:54.956040+00:00
92cc7f0d-a888-5b0c-9d3a-38556c1d5e76,스타벅스 서강대흥역점,"카페,디저트>카페",서울특별시 마포구 대흥동 119 89-5 (),서울특별시 마포구 백범로 89-4 89-5 (대흥동),37.5482327,126.9415587,http://www.starbucks.co.kr/,,,,"['감성적', '사진맛집']",대흥동,,,local,,"{""title"": ""스타벅스 서강대흥역점"", ""link"": ""http://www.starbucks.co.kr/"", ""category"": ""카페,디저트>카페"", ""description"": NaN, ""telephone"": NaN, ""address"": ""서울특별시 마포구 대흥동 119 89-5 ()"", ""roadAddress"": ""서울특별시 마포구 백범로 89-4 89-5 (대흥동)"", ""mapx"": 1269415587, ""mapy"": 375482327, ""dong"": ""대흥동"", ""category_keyword"": ""카페""}",2026-09-14T03:22:54.956091+00:00
d776838b-7c4e-5e5b-98ed-c8f5f3a62916,메가MGC커피 대흥역점,"카페,디저트>카페",서울특별시 마포구 대흥동 260,서울특별시 마포구 백범로 102,37.5474267,126.9425128,,,,,"['감성적', '사진맛집']",대흥동,,,local,,"{""title"": ""메가MGC커피 대흥역점"", ""link"": NaN, ""category"": ""카페,디저트>카페"", ""description"": NaN, ""telephone"": NaN, ""address"": ""서울특별시 마포구 대흥동 260"", ""roadAddress"": ""서울특별시 마포구 백범로 102"", ""mapx"": 1269425128, ""mapy"": 375474267, ""dong"": ""대흥동"", ""category_keyword"": ""카페""}",2026-09-14T03:22:54.956142+00:00
cd573cd8-ae07-5aac-9ed6-23301338ee22,누오바이탈리아,"카페,디저트>베이커리",서울특별시 마포구 대흥동 325-78,서울특별시 마포구 독막로 241,37.5469136,126.9407432,https://www.instagram.com/nuovaitalia.kr,,,,"['감성적', '사진맛집']",대흥동,,,local,,"{""title"": ""누오바이탈리아"", ""link"": ""https://www.instagram.com/nuovaitalia.kr"", ""category"": ""카페,디저트>베이커리"", ""description"": NaN, ""telephone"": NaN, ""address"": ""서울특별시 마포구 대흥동 325-78"", ""roadAddress"": ""서울특별시 마포구 독막로 241"", ""mapx"": 1269407432, ""mapy"": 375469136, ""dong"": ""대흥동"", ""category_keyword"": ""카페""}",2026-09-14T03:22:54.956194+00:00
10d69770-e131-51a0-9b52-c806d172fdb2,과자방,"음식점>카페,디저트",서울특별시 마포구 대흥동 774 1층 과자방,서울특별시 마포구 큰우물로 16 1층 과자방,37.5444368,126.9410566,https://smartstore.naver.com/cookieroom1204,,,,"['감성적', '사진맛집']",대흥동,,,local,,"{""title"": ""과자방"", ""link"": ""https://smartstore.naver.com/cookieroom1204"", ""category"": ""음식점>카페,디저트"", ""description"": NaN, ""telephone"": NaN, ""address"": ""서울특별시 마포구 대흥동 774 1층 과자방"", ""roadAddress"": ""서울특별시 마포구 큰우물로 16 1층 과자방"", ""mapx"": 1269410566, ""mapy"": 375444368, ""dong"": ""대흥동"", ""category_keyword"": ""카페""}",2026-09-14T03:22:54.956244+00:00
136b4d52-9676-582b-98bd-de8e594986a9,메가MGC커피 마포아트센터점,"카페,디저트>카페",서울특별시 마포구 대흥동 30-3 1층,서울특별시 마포구 대흥로20길 28 1층,37.5498965,126.9455362,,,,,"['감성적', '사진맛집']",대흥동,,,local,,"{""title"": ""메가MGC커피 마포아트센터점"", ""link"": NaN, ""category"": ""카페,디저트>카페"", ""description"": NaN, ""telephone"": NaN, ""address"": ""서울특별시 마포구 대흥동 30-3 1층"", ""roadAddress"": ""서울특별시 마포구 대흥로20길 28 1층"", ""mapx"": 1269455362, ""mapy"": 375498965, ""dong"": ""대흥동"", ""category_keyword"": ""카페""}",2026-09-14T03:22:54.956295+00:00
00d2311e-7683-53cd-94f2-c247b30555b4,오르노 마포본점,음식점>양식,"서울특별시 마포구 대흥동 440-2 1층, 2층","서울특별시 마포구 백범로20길 26 1층, 2층",37.5458445,126.9440801,https://www.instagram.com/horno_seoul/,,,,"['데이트', '감성적']",대흥동,,,local,,"{""title"": ""오르노 마포본점"", ""link"": ""https://www.instagram.com/horno_seoul/"", ""category"": ""음식점>양식"", ""description"": NaN, ""telephone"": NaN, ""address"": ""서울특별시 마포구 대흥동 440-2 1층, 2층"", ""roadAddress"": ""서울특별시 마포구 백범로20길 26 1층, 2층"", ""mapx"": 1269440801, ""mapy"": 375458445, ""dong"": ""대흥동"", ""category_keyword"": ""맛집""}",2026-09-14T03:22:54.956347+00:00
80dbea62-2c6c-5d29-bba3-50ecf9d5eda7,조선초가한끼 마포점,음식점>한식,서울특별시 마포구 대흥동 802 대흥 세양아파트 상가 1층,서울특별시 마포구 독막로 288 대흥 세양아파트 상가 1층,37.5441983,126.9450432,,,,,[],대흥동,,,local,,"{""title"": ""조선초가한끼 마포점"", ""link"": NaN, ""category"": ""음식점>한식"", ""description"": NaN, ""telephone"": NaN, ""address"": ""서울특별시 마포구 대흥동 802 대흥 세양아파트 상가 1층"", ""roadAddress"": ""서울특별시 마포구 독막로 288 대흥 세양아파트 상가 1층"", ""mapx"": 1269450432, ""mapy"": 375441983, ""dong"": ""대흥동"", ""category_keyword"": ""맛집""}",2026-09-14T03:22:54.956398+00:00
a8507e12-a238-5d86-8d87-35ab6de9a113,스키당 대흥점,음식점>일식>일식당,서울특별시 마포구 대흥동 241-26 2층,서울특별시 마포구 백범로20길 12 2층,37.5464144,126.9439295,https://app.catchtable.co.kr/ct/shop/sukidang,,,,['데이트'],대흥동,,,local,,"{""title"": ""스키당 대흥점"", ""link"": ""https://app.catchtable.co.kr/ct/shop/sukidang"", ""category"": ""음식점>일식>일식당"", ""description"": NaN, ""telephone"": NaN, ""address"": ""서울특별시 마포구 대흥동 241-26 2층"", ""roadAddress"": ""서울특별시 마포구 백범로20길 12 2층"", ""mapx"": 1269439295, ""mapy"": 375464144, ""dong"": ""대흥동"", ""category_keyword"": ""맛집""}",2026-09-14T03:22:54.956450+00:00
31a87480-2875-5bb5-98af-3f1f795fcd41,비엔로,음식점>베트남음식,서울특별시 마포구 대흥동 245-12 지1층,서울특별시 마포구 백범로16안길 5 지1층,37.5466679,126.9424257,https://www.instagram.com/vienlo_2025?igsh=MnR2cjc5M2t3ODJx,,,,['데이트'],대흥동,,,local,,"{""title"": ""비엔로"", ""link"": ""https://www.instagram.com/vienlo_2025?igsh=MnR2cjc5M2t3ODJx"", ""category"": ""음식점>베트남음식"", ""description"": NaN, ""telephone"": NaN, ""address"": ""서울특별시 마포구 대흥동 245-12 지1층"", ""roadAddress"": ""서울특별시 마포구 백범로16안길 5 지1층"", ""mapx"": 1269424257, ""mapy"": 375466679, ""dong"": ""대흥동"", ""category_keyword"": ""맛집""}",2026-09-14T03:22:54.956501+00:00
4866693b-b30b-53c5-bff4-4e6af3e53e40,앤티도트,술집>바(BAR),서울특별시 마포구 대흥동 255-2 2층,서울특별시 마포구 대흥로 80-15 2층,37.54701,126.9421255,http://instagram.com/antidote.seoul,,,,['데이트'],대흥동,,,local,,"{""title"": ""앤티도트"", ""link"": ""http://instagram.com/antidote.seoul"", ""category"": ""술집>바(BAR)"", ""description"": NaN, ""telephone"": NaN, ""address"": ""서울특별시 마포구 대흥동 255-2 2층"", ""roadAddress"": ""서울특별시 마포구 대흥로 80-15 2층"", ""mapx"": 1269421255, ""mapy"": 375470100, ""dong"": ""대흥동"", ""category_keyword"": ""술집""}",2026-09-14T03:22:54.956555+00:00
019767a2-4963-5355-8661-af18eb93abde,육회바른연어 대흥역점,술집>요리주점,서울특별시 마포구 대흥동 803 상가동 103호,서울특별시 마포구 대흥로 79 상가동 103호,37.5474078,126.9412579,https://yby.co.kr,,,,"['모임', '시끌벅적함']",대흥동,,,local,,"{""title"": ""육회바른연어 대흥역점"", ""link"": ""https://yby.co.kr"", ""category"": ""술집>요리주점"", ""description"": NaN, ""telephone"": NaN, ""address"": ""서울특별시 마포구 대흥동 803 상가동 103호"", ""roadAddress"": ""서울특별시 마포구 대흥로 79 상가동 103호"", ""mapx"": 1269412579, ""mapy"": 375474078, ""dong"": ""대흥동"", ""category_keyword"": ""술집""}",2026-09-14T03:22:54.956609+00:00
42ef62c6-f0c2-53ca-af2b-b3895b20025e,파크사이드,술집>와인,"서울특별시 마포구 대흥동 241-40 1.5층, 2층, 루프탑","서울특별시 마포구 백범로16안길 31 1.5층, 2층, 루프탑",37.5463157,126.9437807,https://www.instagram.com/parkside_cafe.wine/,,,,"['데이트', '감성적']",대흥동,,,local,,"{""title"": ""파크사이드"", ""link"": ""https://www.instagram.com/parkside_cafe.wine/"", ""category"": ""술집>와인"", ""description"": NaN, ""telephone"": NaN, ""address"": ""서울특별시 마포구 대흥동 241-40 1.5층, 2층, 루프탑"", ""roadAddress"": ""서울특별시 마포구 백범로16안길 31 1.5층, 2층, 루프탑"", ""mapx"": 1269437807, ""mapy"": 375463157, ""dong"": ""대흥동"", ""category_keyword"": ""술집""}",2026-09-14T03:22:54.956660+00:00
9dc0925f-22e7-5053-a2e3-d9727c9950b7,룸익스케이프 인디고블루점,방탈출카페,서울특별시 서대문구 창천동 57-33 지하1층,서울특별시 서대문구 연세로5가길 21 지하1층,37.5571939,126.9353965,https://www.instagram.com/roomexcape_indigo?igsi=M2w3bWx0dWw3Ym56&utm_source=qr,,,,"['데이트', '모임']",염리동,,,local,,"{""title"": ""룸익스케이프 인디고블루점"", ""link"": ""https://www.instagram.com/roomexcape_indigo?igsi=M2w3bWx0dWw3Ym56&utm_source=qr"", ""category"": ""방탈출카페"", ""description"": NaN, ""telephone"": NaN, ""address"": ""서울특별시 서대문구 창천동 57-33 지하1층"", ""roadAddress"": ""서울특별시 서대문구 연세로5가길 21 지하1층"", ""mapx"": 1269353965, ""mapy"": 375571939, ""dong"": ""염리동"", ""category_keyword"": ""방탈출""}",2026-09-14T03:22:54.956712+00:00
bbe1cde8-f7f8-59be-9d1d-c03dd5f9c21d,승승당구클럽,"스포츠,오락>당구장",서울특별시 마포구 염리동 173-29 하나프라자 3층,서울특별시 마포구 토정로37길 41 하나프라자 3층,37.5427081,126.9467169,,,,,"['모임', '시끌벅적함']",염리동,,,local,,"{""title"": ""승승당구클럽"", ""link"": NaN, ""category"": ""스포츠,오락>당구장"", ""description"": NaN, ""telephone"": NaN, ""address"": ""서울특별시 마포구 염리동 173-29 하나프라자 3층"", ""roadAddress"": ""서울특별시 마포구 토정로37길 41 하나프라자 3층"", ""mapx"": 1269467169, ""mapy"": 375427081, ""dong"": ""염리동"", ""category_keyword"": ""당구장""}",2026-09-14T03:22:54.956764+00:00
8a78fc57-1568-5998-8df2-944ac1beac77,염리당구장,"스포츠,오락>당구장",서울특별시 마포구 염리동 148-9,서울특별시 마포구 백범로 135,37.5462495,126.9461082,,,,,"['모임', '시끌벅적함']",염리동,,,local,,"{""title"": ""염리<b>당구장</b>"", ""link"": NaN, ""category"": ""스포츠,오락>당구장"", ""description"": NaN, ""telephone"": NaN, ""address"": ""서울특별시 마포구 염리동 148-9"", ""roadAddress"": ""서울특별시 마포구 백범로 135"", ""mapx"": 1269461082, ""mapy"": 375462495, ""dong"": ""염리동"", ""category_keyword"": ""당구장""}",2026-09-14T03:22:54.956816+00:00
3ed05abe-52cb-59fa-ba64-c11d5e28adae,서울형키즈카페 마포구 쌍룡산근린공원점,"키즈카페,실내놀이터",서울특별시 마포구 염리동 532-5,서울특별시 마포구 대흥로24바길 55,37.5526934,126.9497226,,,,,['가족동반'],염리동,,,local,,"{""title"": ""서울형<b>키즈카페</b> <b>마포구</b> 쌍룡산근린공원점"", ""link"": NaN, ""category"": ""키즈카페,실내놀이터"", ""description"": NaN, ""telephone"": NaN, ""address"": ""서울특별시 마포구 염리동 532-5"", ""roadAddress"": ""서울특별시 마포구 대흥로24바길 55"", ""mapx"": 1269497226, ""mapy"": 375526934, ""dong"": ""염리동"", ""category_keyword"": ""키즈카페""}",2026-09-14T03:22:54.956874+00:00
05df506c-a2ad-5720-9ab1-e7509efe6109,아워스팟 한서초점,"교육,학문>영,유아,아동",서울특별시 마포구 염리동 532 D동 상가 104호,서울특별시 마포구 대흥로24길 24 D동 상가 104호,37.5540078,126.9467642,https://www.instagram.com/ourspot.kr/,,,,[],염리동,,,local,,"{""title"": ""아워스팟 한서초점"", ""link"": ""https://www.instagram.com/ourspot.kr/"", ""category"": ""교육,학문>영,유아,아동"", ""description"": NaN, ""telephone"": NaN, ""address"": ""서울특별시 마포구 염리동 532 D동 상가 104호"", ""roadAddress"": ""서울특별시 마포구 대흥로24길 24 D동 상가 104호"", ""mapx"": 1269467642, ""mapy"": 375540078, ""dong"": ""염리동"", ""category_keyword"": ""키즈카페""}",2026-09-14T03:22:54.956929+00:00
37bd0bdb-56bc-5bc5-ad0a-654fb9458981,옥소리노래방,"스포츠,오락>노래방",서울특별시 마포구 염리동 159-8,서울특별시 마포구 백범로26길 8,37.5455782,126.9460307,,,,,"['모임', '시끌벅적함']",염리동,,,local,,"{""title"": ""옥소리<b>노래방</b>"", ""link"": NaN, ""category"": ""스포츠,오락>노래방"", ""description"": NaN, ""telephone"": NaN, ""address"": ""서울특별시 마포구 염리동 159-8"", ""roadAddress"": ""서울특별시 마포구 백범로26길 8"", ""mapx"": 1269460307, ""mapy"": 375455782, ""dong"": ""염리동"", ""category_keyword"": ""노래방""}",2026-09-14T03:22:54.956995+00:00
6135b926-03f5-5a40-a7ef-e7cba4493563,수노래연습장,"스포츠,오락>노래방",서울특별시 마포구 염리동 8-78 지하1층,서울특별시 마포구 숭문길 226 지하1층,37.5564041,126.9467212,,,,,"['모임', '시끌벅적함']",염리동,,,local,,"{""title"": ""수노래연습장"", ""link"": NaN, ""category"": ""스포츠,오락>노래방"", ""description"": NaN, ""telephone"": NaN, ""address"": ""서울특별시 마포구 염리동 8-78 지하1층"", ""roadAddress"": ""서울특별시 마포구 숭문길 226 지하1층"", ""mapx"": 1269467212, ""mapy"": 375564041, ""dong"": ""염리동"", ""category_keyword"": ""노래방""}",2026-09-14T03:22:54.957055+00:00
f5affcee-eb27-58ee-a5a4-84986612d7ad,와이티티노래연습장,"스포츠,오락>노래방",서울특별시 마포구 염리동 155-12,서울특별시 마포구 백범로 122,37.54656,126.9444629,,,,,"['모임', '시끌벅적함']",염리동,,,local,,"{""title"": ""와이티티노래연습장"", ""link"": NaN, ""category"": ""스포츠,오락>노래방"", ""description"": NaN, ""telephone"": NaN, ""address"": ""서울특별시 마포구 염리동 155-12"", ""roadAddress"": ""서울특별시 마포구 백범로 122"", ""mapx"": 1269444629, ""mapy"": 375465600, ""dong"": ""염리동"", ""category_keyword"": ""노래방""}",2026-09-14T03:22:54.957108+00:00
4d707e5e-3554-5708-89cc-383a36dd4e4e,열린노래방,"스포츠,오락>노래방",서울특별시 마포구 염리동 8-65,서울특별시 마포구 대흥로30길 17,37.5564518,126.9470308,,,,,"['모임', '시끌벅적함']",염리동,,,local,,"{""title"": ""열린<b>노래방</b>"", ""link"": NaN, ""category"": ""스포츠,오락>노래방"", ""description"": NaN, ""telephone"": NaN, ""address"": ""서울특별시 마포구 염리동 8-65"", ""roadAddress"": ""서울특별시 마포구 대흥로30길 17"", ""mapx"": 1269470308, ""mapy"": 375564518, ""dong"": ""염리동"", ""category_keyword"": ""노래방""}",2026-09-14T03:22:54.957160+00:00
d78ad0e1-473a-56a3-961a-e00ffad0a336,노래방 파티룸 내가산다,"서비스,산업>장소대여",서울특별시 마포구 염리동 148-42 지하1층,서울특별시 마포구 숭문2길 4 지하1층,37.5468033,126.9456627,,,,,['모임'],염리동,,,local,,"{""title"": ""<b>노래방</b> 파티룸 내가산다"", ""link"": NaN, ""category"": ""서비스,산업>장소대여"", ""description"": NaN, ""telephone"": NaN, ""address"": ""서울특별시 마포구 염리동 148-42 지하1층"", ""roadAddress"": ""서울특별시 마포구 숭문2길 4 지하1층"", ""mapx"": 1269456627, ""mapy"": 375468033, ""dong"": ""염리동"", ""category_keyword"": ""노래방""}",2026-09-14T03:22:54.957213+00:00
e1a697c0-1b4a-5cb3-84ad-0176882c83ab,스타벅스 마포염리점,"카페,디저트>카페",서울특별시 마포구 염리동 168-9,서울특별시 마포구 독막로 311 (염리동),37.543876,126.94768,http://www.starbucks.co.kr/,,,,"['감성적', '사진맛집']",염리동,,,local,,"{""title"": ""스타벅스 마포염리점"", ""link"": ""http://www.starbucks.co.kr/"", ""category"": ""카페,디저트>카페"", ""description"": NaN, ""telephone"": NaN, ""address"": ""서울특별시 마포구 염리동 168-9"", ""roadAddress"": ""서울특별시 마포구 독막로 311 (염리동)"", ""mapx"": 1269476800, ""mapy"": 375438760, ""dong"": ""염리동"", ""category_keyword"": ""카페""}",2026-09-14T03:22:54.957265+00:00
e5adcb3e-9cf1-55a9-a801-ff4ce6e88bf7,할리스 공덕경의선숲길점,"카페,디저트>카페",서울특별시 마포구 염리동 164-1,서울특별시 마포구 백범로28길 22,37.5446702,126.9466726,http://www.hollys.co.kr/,,,,"['감성적', '사진맛집']",염리동,,,local,,"{""title"": ""할리스 공덕경의선숲길점"", ""link"": ""http://www.hollys.co.kr/"", ""category"": ""카페,디저트>카페"", ""description"": NaN, ""telephone"": NaN, ""address"": ""서울특별시 마포구 염리동 164-1"", ""roadAddress"": ""서울특별시 마포구 백범로28길 22"", ""mapx"": 1269466726, ""mapy"": 375446702, ""dong"": ""염리동"", ""category_keyword"": ""카페""}",2026-09-14T03:22:54.957321+00:00
4f9ce0a8-a6bb-5423-b8a2-92fbedf43b5a,녹기 전에,"카페,디저트>아이스크림",서울특별시 마포구 염리동 148-22,서울특별시 마포구 백범로 127-24,37.5466708,126.9455469,https://beforeitmelts.notion.site/b261c537bf9a4fa79a94c3b8a79fa573,,,,"['사진맛집', '데이트', '감성적']",염리동,,,local,,"{""title"": ""녹기 전에"", ""link"": ""https://beforeitmelts.notion.site/b261c537bf9a4fa79a94c3b8a79fa573"", ""category"": ""카페,디저트>아이스크림"", ""description"": NaN, ""telephone"": NaN, ""address"": ""서울특별시 마포구 염리동 148-22"", ""roadAddress"": ""서울특별시 마포구 백범로 127-24"", ""mapx"": 1269455469, ""mapy"": 375466708, ""dong"": ""염리동"", ""category_keyword"": ""카페""}",2026-09-14T03:22:54.957399+00:00
cf48331b-819d-57a5-8a1b-c683610b136b,메가MGC커피 마포용강점,"카페,디저트>카페",서울특별시 마포구 염리동 174-18 1층,서울특별시 마포구 큰우물로 49 1층,37.542614,126.9440495,,,,,"['감성적', '사진맛집']",염리동,,,local,,"{""title"": ""메가MGC커피 마포용강점"", ""link"": NaN, ""category"": ""카페,디저트>카페"", ""description"": NaN, ""telephone"": NaN, ""address"": ""서울특별시 마포구 염리동 174-18 1층"", ""roadAddress"": ""서울특별시 마포구 큰우물로 49 1층"", ""mapx"": 1269440495, ""mapy"": 375426140, ""dong"": ""염리동"", ""category_keyword"": ""카페""}",2026-09-14T03:22:54.957458+00:00
673ae5bc-cbb8-53c4-b6b3-4ea4e1087e79,컴포즈커피 마포염리초점,"카페,디저트>카페",서울특별시 마포구 염리동 173-29 하나프라자 1층,서울특별시 마포구 토정로37길 41 하나프라자 1층,37.5427697,126.9468861,,,,,"['감성적', '사진맛집']",염리동,,,local,,"{""title"": ""컴포즈커피 마포염리초점"", ""link"": NaN, ""category"": ""카페,디저트>카페"", ""description"": NaN, ""telephone"": NaN, ""address"": ""서울특별시 마포구 염리동 173-29 하나프라자 1층"", ""roadAddress"": ""서울특별시 마포구 토정로37길 41 하나프라자 1층"", ""mapx"": 1269468861, ""mapy"": 375427697, ""dong"": ""염리동"", ""category_keyword"": ""카페""}",2026-09-14T03:22:54.957510+00:00
e9f66a1d-898d-5ff6-995b-f1f93ed8cb27,을밀대 평양냉면,한식>냉면,서울특별시 마포구 염리동 147-6,서울특별시 마포구 숭문길 24,37.5474904,126.9455004,,,,,['혼밥'],염리동,,,local,,"{""title"": ""을밀대 평양냉면"", ""link"": NaN, ""category"": ""한식>냉면"", ""description"": NaN, ""telephone"": NaN, ""address"": ""서울특별시 마포구 염리동 147-6"", ""roadAddress"": ""서울특별시 마포구 숭문길 24"", ""mapx"": 1269455004, ""mapy"": 375474904, ""dong"": ""염리동"", ""category_keyword"": ""맛집""}",2026-09-14T03:22:54.957563+00:00
82e96dfc-381e-5194-974f-2881c85fd755,고기꾼김춘배 공덕직영점,"한식>육류,고기요리",서울특별시 마포구 염리동 161-5 1층 101호,서울특별시 마포구 독막로 291-5 1층 101호,37.5450925,126.9458202,https://www.instagram.com/kimchunbae_gongdeok_,,,,"['모임', '가족동반']",염리동,,,local,,"{""title"": ""고기꾼김춘배 공덕직영점"", ""link"": ""https://www.instagram.com/kimchunbae_gongdeok_"", ""category"": ""한식>육류,고기요리"", ""description"": NaN, ""telephone"": NaN, ""address"": ""서울특별시 마포구 염리동 161-5 1층 101호"", ""roadAddress"": ""서울특별시 마포구 독막로 291-5 1층 101호"", ""mapx"": 1269458202, ""mapy"": 375450925, ""dong"": ""염리동"", ""category_keyword"": ""맛집""}",2026-09-14T03:22:54.957618+00:00
2e4e4002-39fd-5749-9dae-bccd31e2cf20,사철 공덕본점,술집>요리주점,서울특별시 마포구 염리동 159-8 1층 사철,서울특별시 마포구 백범로26길 8 1층 사철,37.5455611,126.9459991,https://booking.naver.com/booking/6/bizes/766767,,,,"['모임', '시끌벅적함']",염리동,,,local,,"{""title"": ""사철 공덕본점"", ""link"": ""https://booking.naver.com/booking/6/bizes/766767"", ""category"": ""술집>요리주점"", ""description"": NaN, ""telephone"": NaN, ""address"": ""서울특별시 마포구 염리동 159-8 1층 사철"", ""roadAddress"": ""서울특별시 마포구 백범로26길 8 1층 사철"", ""mapx"": 1269459991, ""mapy"": 375455611, ""dong"": ""염리동"", ""category_keyword"": ""맛집""}",2026-09-14T03:22:54.957674+00:00
31e25df2-c89c-5e8c-92df-01ddd68a6bb2,야키토리 쇼몽,술집>요리주점,서울특별시 마포구 염리동 161-5 1층,서울특별시 마포구 독막로 291-5 1층,37.5451558,126.9457149,https://www.instagram.com/yakitori_shomon/,,,,"['데이트', '조용함']",염리동,,,local,,"{""title"": ""야키토리 쇼몽"", ""link"": ""https://www.instagram.com/yakitori_shomon/"", ""category"": ""술집>요리주점"", ""description"": NaN, ""telephone"": NaN, ""address"": ""서울특별시 마포구 염리동 161-5 1층"", ""roadAddress"": ""서울특별시 마포구 독막로 291-5 1층"", ""mapx"": 1269457149, ""mapy"": 375451558, ""dong"": ""염리동"", ""category_keyword"": ""맛집""}",2026-09-14T03:22:54.957727+00:00
d1778e36-c1ae-55f0-a788-b96230e16ca4,솜솜,술집>요리주점,서울특별시 마포구 염리동 159-7 1층,서울특별시 마포구 백범로26길 6 1층,37.5456102,126.9460685,,,,,"['감성적', '데이트']",염리동,,,local,,"{""title"": ""솜솜"", ""link"": NaN, ""category"": ""술집>요리주점"", ""description"": NaN, ""telephone"": NaN, ""address"": ""서울특별시 마포구 염리동 159-7 1층"", ""roadAddress"": ""서울특별시 마포구 백범로26길 6 1층"", ""mapx"": 1269460685, ""mapy"": 375456102, ""dong"": ""염리동"", ""category_keyword"": ""술집""}",2026-09-14T03:22:54.957781+00:00
9e48dbb4-8b66-5ede-8772-8b7b551deb9d,오롯,술집>이자카야,서울특별시 마포구 염리동 157-13 1층,서울특별시 마포구 백범로24길 5-5 1층,37.5458181,126.9453214,http://www.instagram.com/oroat,,,,['예약필수'],염리동,,,local,,"{""title"": ""오롯"", ""link"": ""http://www.instagram.com/oroat"", ""category"": ""술집>이자카야"", ""description"": NaN, ""telephone"": NaN, ""address"": ""서울특별시 마포구 염리동 157-13 1층"", ""roadAddress"": ""서울특별시 마포구 백범로24길 5-5 1층"", ""mapx"": 1269453214, ""mapy"": 375458181, ""dong"": ""염리동"", ""category_keyword"": ""술집""}",2026-09-14T03:22:54.957834+00:00
1be255af-14f0-5f84-8922-195e9862c1e5,파평윤씨,술집>요리주점,서울특별시 마포구 염리동 157-21 1층,서울특별시 마포구 백범로24길 11-3 1층,37.5459147,126.9450881,https://app.catchtable.co.kr/ct/shop/papteongyunssi,,,,"['데이트', '감성적']",염리동,,,local,,"{""title"": ""파평윤씨"", ""link"": ""https://app.catchtable.co.kr/ct/shop/papteongyunssi"", ""category"": ""술집>요리주점"", ""description"": NaN, ""telephone"": NaN, ""address"": ""서울특별시 마포구 염리동 157-21 1층"", ""roadAddress"": ""서울특별시 마포구 백범로24길 11-3 1층"", ""mapx"": 1269450881, ""mapy"": 375459147, ""dong"": ""염리동"", ""category_keyword"": ""술집""}",2026-09-14T03:22:54.957888+00:00
7e77edf8-bb0e-598d-b371-5f7f4cb423b1,캐칭덕 상수역점,"스포츠,오락>오락실",서울특별시 마포구 상수동 310-1,서울특별시 마포구 독막로 85,37.5478938,126.9227022,,,,,"['모임', '시끌벅적함', '사진맛집']",서강동,,,local,,"{""title"": ""캐칭덕 상수역점"", ""link"": NaN, ""category"": ""스포츠,오락>오락실"", ""description"": NaN, ""telephone"": NaN, ""address"": ""서울특별시 마포구 상수동 310-1"", ""roadAddress"": ""서울특별시 마포구 독막로 85"", ""mapx"": 1269227022, ""mapy"": 375478938, ""dong"": ""서강동"", ""category_keyword"": ""오락실""}",2026-09-14T03:22:54.957939+00:00
c5872343-af98-5bf6-b08d-4a3b66a4210d,픽존,"스포츠,오락>오락실",서울특별시 마포구 상수동 316-13,서울특별시 마포구 독막로 67-14,37.5484327,126.920705,,,,,"['모임', '시끌벅적함', '사진맛집']",서강동,,,local,,"{""title"": ""픽존"", ""link"": NaN, ""category"": ""스포츠,오락>오락실"", ""description"": NaN, ""telephone"": NaN, ""address"": ""서울특별시 마포구 상수동 316-13"", ""roadAddress"": ""서울특별시 마포구 독막로 67-14"", ""mapx"": 1269207050, ""mapy"": 375484327, ""dong"": ""서강동"", ""category_keyword"": ""오락실""}",2026-09-14T03:22:54.957991+00:00
97da473d-6276-5530-8202-52083f98b985,태화볼링장,"스포츠,오락>볼링장","서울특별시 마포구 서교동 343-2 태화프라자 지하 1, 2층","서울특별시 마포구 와우산로 111 태화프라자 지하 1, 2층",37.5534693,126.9257018,http://www.taehwa.garamcs.com/,,,,"['모임', '가족동반']",서강동,,,local,,"{""title"": ""태화<b>볼링장</b>"", ""link"": ""http://www.taehwa.garamcs.com/"", ""category"": ""스포츠,오락>볼링장"", ""description"": NaN, ""telephone"": NaN, ""address"": ""서울특별시 마포구 서교동 343-2 태화프라자 지하 1, 2층"", ""roadAddress"": ""서울특별시 마포구 와우산로 111 태화프라자 지하 1, 2층"", ""mapx"": 1269257018, ""mapy"": 375534693, ""dong"": ""서강동"", ""category_keyword"": ""볼링장""}",2026-09-14T03:22:54.958047+00:00
ec724734-f482-5366-b591-8afbbf2c1b07,홍대볼링장,"스포츠,오락>볼링장",서울특별시 마포구 동교동 165-8 308호,서울특별시 마포구 양화로 156 308호,37.5560114,126.9235018,,,,,"['모임', '가족동반']",서강동,,,local,,"{""title"": ""홍대<b>볼링장</b>"", ""link"": NaN, ""category"": ""스포츠,오락>볼링장"", ""description"": NaN, ""telephone"": NaN, ""address"": ""서울특별시 마포구 동교동 165-8 308호"", ""roadAddress"": ""서울특별시 마포구 양화로 156 308호"", ""mapx"": 1269235018, ""mapy"": 375560114, ""dong"": ""서강동"", ""category_keyword"": ""볼링장""}",2026-09-14T03:22:54.958101+00:00
67407401-24c1-589c-81fb-bf5010da986b,코드케이 홍대점,방탈출카페,서울특별시 마포구 상수동 86-22 3층 코드케이 홍대점,서울특별시 마포구 와우산로 64 3층 코드케이 홍대점,37.5502076,126.9232577,http://www.code-k.co.kr,,,,"['데이트', '모임']",서강동,,,local,,"{""title"": ""코드케이 홍대점"", ""link"": ""http://www.code-k.co.kr"", ""category"": ""방탈출카페"", ""description"": NaN, ""telephone"": NaN, ""address"": ""서울특별시 마포구 상수동 86-22 3층 코드케이 홍대점"", ""roadAddress"": ""서울특별시 마포구 와우산로 64 3층 코드케이 홍대점"", ""mapx"": 1269232577, ""mapy"": 375502076, ""dong"": ""서강동"", ""category_keyword"": ""방탈출""}",2026-09-14T03:22:54.958156+00:00
31c21239-e0be-54f8-bf44-6898d0bddf24,방탈출 토끼굴,방탈출카페,서울특별시 마포구 창전동 6-137 B1층,서울특별시 마포구 와우산로 122 B1층,37.5531653,126.9268971,https://www.rabbitholeescape.co.kr,,,,"['데이트', '모임']",서강동,,,local,,"{""title"": ""<b>방탈출</b> 토끼굴"", ""link"": ""https://www.rabbitholeescape.co.kr"", ""category"": ""방탈출카페"", ""description"": NaN, ""telephone"": NaN, ""address"": ""서울특별시 마포구 창전동 6-137 B1층"", ""roadAddress"": ""서울특별시 마포구 와우산로 122 B1층"", ""mapx"": 1269268971, ""mapy"": 375531653, ""dong"": ""서강동"", ""category_keyword"": ""방탈출""}",2026-09-14T03:22:54.958216+00:00
5a0c49da-2320-535b-9f75-a53c10703e68,단밤하우스 파티룸 홍대점,"서비스,산업>장소대여",서울특별시 마포구 상수동 93-109 301호,서울특별시 마포구 독막로15길 16 301호,37.5484385,126.9221601,,,,,['모임'],서강동,,,local,,"{""title"": ""단밤하우스 파티룸 홍대점"", ""link"": NaN, ""category"": ""서비스,산업>장소대여"", ""description"": NaN, ""telephone"": NaN, ""address"": ""서울특별시 마포구 상수동 93-109 301호"", ""roadAddress"": ""서울특별시 마포구 독막로15길 16 301호"", ""mapx"": 1269221601, ""mapy"": 375484385, ""dong"": ""서강동"", ""category_keyword"": ""보드게임카페""}",2026-09-14T03:22:54.958271+00:00
33754f0b-4d8b-517b-9b7a-8f83db3710c9,니즈빌리어즈 홍대점,"스포츠,오락>당구장",서울특별시 마포구 상수동 93-45 지하2층 니즈 빌리어즈,서울특별시 마포구 와우산로 48 지하2층 니즈 빌리어즈,37.5485283,126.9234152,,,,,"['모임', '시끌벅적함']",서강동,,,local,,"{""title"": ""니즈빌리어즈 홍대점"", ""link"": NaN, ""category"": ""스포츠,오락>당구장"", ""description"": NaN, ""telephone"": NaN, ""address"": ""서울특별시 마포구 상수동 93-45 지하2층 니즈 빌리어즈"", ""roadAddress"": ""서울특별시 마포구 와우산로 48 지하2층 니즈 빌리어즈"", ""mapx"": 1269234152, ""mapy"": 375485283, ""dong"": ""서강동"", ""category_keyword"": ""당구장""}",2026-09-14T03:22:54.958326+00:00
51b60c7a-4f4a-5853-98b1-f6f6fc972335,홍대당구클럽큐,"스포츠,오락>당구장",서울특별시 마포구 창전동 439 상가동 지하1층 B01-102호,서울특별시 마포구 서강로9길 45 상가동 지하1층 B01-102호,37.5541595,126.930785,,,,,"['모임', '시끌벅적함']",서강동,,,local,,"{""title"": ""홍대당구클럽큐"", ""link"": NaN, ""category"": ""스포츠,오락>당구장"", ""description"": NaN, ""telephone"": NaN, ""address"": ""서울특별시 마포구 창전동 439 상가동 지하1층 B01-102호"", ""roadAddress"": ""서울특별시 마포구 서강로9길 45 상가동 지하1층 B01-102호"", ""mapx"": 1269307850, ""mapy"": 375541595, ""dong"": ""서강동"", ""category_keyword"": ""당구장""}",2026-09-14T03:22:54.958387+00:00
fa6c1365-28e3-5aae-868c-efd69cbc0811,만화살롱 유어마나,"카페,디저트>북카페",서울특별시 마포구 상수동 346-1 B1,서울특별시 마포구 와우산로 13 B1,37.5456652,126.9227784,http://www.your-mana.com,,,,"['조용함', '혼밥']",서강동,,,local,,"{""title"": ""<b>만화</b>살롱 유어마나"", ""link"": ""http://www.your-mana.com"", ""category"": ""카페,디저트>북카페"", ""description"": NaN, ""telephone"": NaN, ""address"": ""서울특별시 마포구 상수동 346-1 B1"", ""roadAddress"": ""서울특별시 마포구 와우산로 13 B1"", ""mapx"": 1269227784, ""mapy"": 375456652, ""dong"": ""서강동"", ""category_keyword"": ""만화카페""}",2026-09-14T03:22:54.958445+00:00
bee31df0-78db-537b-a4d4-05331544976b,오늘애니,"쇼핑,유통>서점","서울특별시 마포구 상수동 143-31 1층, 2층, 3층","서울특별시 마포구 와우산로10길 3 1층, 2층, 3층",37.5480854,126.9231556,https://www.instagram.com/onulani,,,,['조용함'],서강동,,,local,,"{""title"": ""오늘애니"", ""link"": ""https://www.instagram.com/onulani"", ""category"": ""쇼핑,유통>서점"", ""description"": NaN, ""telephone"": NaN, ""address"": ""서울특별시 마포구 상수동 143-31 1층, 2층, 3층"", ""roadAddress"": ""서울특별시 마포구 와우산로10길 3 1층, 2층, 3층"", ""mapx"": 1269231556, ""mapy"": 375480854, ""dong"": ""서강동"", ""category_keyword"": ""만화카페""}",2026-09-14T03:22:54.958500+00:00
bdd1bf97-aff7-52a4-98aa-224c66b6321f,메리스포레스트 키즈풀 마포창전숲,"서비스,산업>장소대여",서울특별시 마포구 창전동 5-137 송우빌딩 7층,서울특별시 마포구 서강로9길 56 송우빌딩 7층,37.554608,126.9307403,https://www.instagram.com/marys.forest_changjeon/?igshid=YmMyMTA2M2Y%3D,,,,['모임'],서강동,,,local,,"{""title"": ""메리스포레스트 키즈풀 마포창전숲"", ""link"": ""https://www.instagram.com/marys.forest_changjeon/?igshid=YmMyMTA2M2Y%3D"", ""category"": ""서비스,산업>장소대여"", ""description"": NaN, ""telephone"": NaN, ""address"": ""서울특별시 마포구 창전동 5-137 송우빌딩 7층"", ""roadAddress"": ""서울특별시 마포구 서강로9길 56 송우빌딩 7층"", ""mapx"": 1269307403, ""mapy"": 375546080, ""dong"": ""서강동"", ""category_keyword"": ""키즈카페""}",2026-09-14T03:22:54.958554+00:00
37dde34a-fec5-5947-8b6b-6db2aba86fe1,서울형키즈카페 마포구서강동1호점,"키즈카페,실내놀이터",서울특별시 마포구 상수동 397 2층,서울특별시 마포구 토정로 148-14 2층,37.5450775,126.9270308,,,,,['가족동반'],서강동,,,local,,"{""title"": ""서울형<b>키즈카페</b> <b>마포구서강동</b>1호점"", ""link"": NaN, ""category"": ""키즈카페,실내놀이터"", ""description"": NaN, ""telephone"": NaN, ""address"": ""서울특별시 마포구 상수동 397 2층"", ""roadAddress"": ""서울특별시 마포구 토정로 148-14 2층"", ""mapx"": 1269270308, ""mapy"": 375450775, ""dong"": ""서강동"", ""category_keyword"": ""키즈카페""}",2026-09-14T03:22:54.958612+00:00
4ea766f5-c10e-51f5-8548-0a0337432b3a,홍대파티룸 아크로셰,"서비스,산업>장소대여",서울특별시 마포구 상수동 310-9 3층,서울특별시 마포구 와우산로 39-11 3층,37.5481381,126.9223721,http://pf.kakao.com/_CxjJzX,,,,['모임'],서강동,,,local,,"{""title"": ""홍대파티룸 아크로셰"", ""link"": ""http://pf.kakao.com/_CxjJzX"", ""category"": ""서비스,산업>장소대여"", ""description"": NaN, ""telephone"": NaN, ""address"": ""서울특별시 마포구 상수동 310-9 3층"", ""roadAddress"": ""서울특별시 마포구 와우산로 39-11 3층"", ""mapx"": 1269223721, ""mapy"": 375481381, ""dong"": ""서강동"", ""category_keyword"": ""노래방""}",2026-09-14T03:22:54.958672+00:00
9c768ebc-53f0-5399-a582-ce41ebe868cd,홍대파티룸히든스테이,"서비스,산업>장소대여",서울특별시 마포구 당인동 25-30 지층,서울특별시 마포구 와우산로3길 48 지층,37.545694,126.9203696,https://blog.naver.com/hiddenstay,,,,['모임'],서강동,,,local,,"{""title"": ""홍대파티룸히든스테이"", ""link"": ""https://blog.naver.com/hiddenstay"", ""category"": ""서비스,산업>장소대여"", ""description"": NaN, ""telephone"": NaN, ""address"": ""서울특별시 마포구 당인동 25-30 지층"", ""roadAddress"": ""서울특별시 마포구 와우산로3길 48 지층"", ""mapx"": 1269203696, ""mapy"": 375456940, ""dong"": ""서강동"", ""category_keyword"": ""노래방""}",2026-09-14T03:22:54.958729+00:00
edaf020b-448d-5a26-8c5c-f7d62786b27b,스타노래연습장 상수점,"스포츠,오락>노래방",서울특별시 마포구 상수동 324-7,서울특별시 마포구 독막로 82,37.5475884,126.9224744,,,,,"['모임', '시끌벅적함']",서강동,,,local,,"{""title"": ""스타노래연습장 상수점"", ""link"": NaN, ""category"": ""스포츠,오락>노래방"", ""description"": NaN, ""telephone"": NaN, ""address"": ""서울특별시 마포구 상수동 324-7"", ""roadAddress"": ""서울특별시 마포구 독막로 82"", ""mapx"": 1269224744, ""mapy"": 375475884, ""dong"": ""서강동"", ""category_keyword"": ""노래방""}",2026-09-14T03:22:54.958784+00:00
2d9bab7f-f892-56ff-a1fc-54fea8c09622,제로백PC 광흥창점,"스포츠,오락>PC방",서울특별시 마포구 창전동 444 지하1층 비01호,서울특별시 마포구 독막로 147-7 지하1층 비01호,37.5481022,126.9300272,,,,,"['혼밥', '모임']",서강동,,,local,,"{""title"": ""제로백PC 광흥창점"", ""link"": NaN, ""category"": ""스포츠,오락>PC방"", ""description"": NaN, ""telephone"": NaN, ""address"": ""서울특별시 마포구 창전동 444 지하1층 비01호"", ""roadAddress"": ""서울특별시 마포구 독막로 147-7 지하1층 비01호"", ""mapx"": 1269300272, ""mapy"": 375481022, ""dong"": ""서강동"", ""category_keyword"": ""PC방""}",2026-09-14T03:22:54.958838+00:00
126fba21-9a77-5948-a72c-3b31386ed0d0,쓰리팝피시방,"스포츠,오락>PC방",서울특별시 마포구 상수동 93-93,서울특별시 마포구 와우산로 47,37.548713,126.9228084,,,,,"['혼밥', '모임']",서강동,,,local,,"{""title"": ""쓰리팝피시방"", ""link"": NaN, ""category"": ""스포츠,오락>PC방"", ""description"": NaN, ""telephone"": NaN, ""address"": ""서울특별시 마포구 상수동 93-93"", ""roadAddress"": ""서울특별시 마포구 와우산로 47"", ""mapx"": 1269228084, ""mapy"": 375487130, ""dong"": ""서강동"", ""category_keyword"": ""PC방""}",2026-09-14T03:22:54.958892+00:00
d267afa0-4392-54cc-a51e-094e3a727631,라인업PC방,"스포츠,오락>PC방",서울특별시 마포구 당인동 12-1,서울특별시 마포구 어울마당로 26,37.5474342,126.9199108,,,,,"['혼밥', '모임']",서강동,,,local,,"{""title"": ""라인업<b>PC방</b>"", ""link"": NaN, ""category"": ""스포츠,오락>PC방"", ""description"": NaN, ""telephone"": NaN, ""address"": ""서울특별시 마포구 당인동 12-1"", ""roadAddress"": ""서울특별시 마포구 어울마당로 26"", ""mapx"": 1269199108, ""mapy"": 375474342, ""dong"": ""서강동"", ""category_keyword"": ""PC방""}",2026-09-14T03:22:54.958946+00:00
a0fc250a-4ab2-5747-b280-aec6b4064699,제로백PC방,"스포츠,오락>PC방",서울특별시 마포구 창전동 444 서강쌍용예가,서울특별시 마포구 독막로 147-7 서강쌍용예가,37.5480114,126.9300013,,,,,"['혼밥', '모임']",서강동,,,local,,"{""title"": ""제로백<b>PC방</b>"", ""link"": NaN, ""category"": ""스포츠,오락>PC방"", ""description"": NaN, ""telephone"": NaN, ""address"": ""서울특별시 마포구 창전동 444 서강쌍용예가"", ""roadAddress"": ""서울특별시 마포구 독막로 147-7 서강쌍용예가"", ""mapx"": 1269300013, ""mapy"": 375480114, ""dong"": ""서강동"", ""category_keyword"": ""PC방""}",2026-09-14T03:22:54.959009+00:00
7c93432e-040d-55bd-99de-8cec11be7664,블루존피시방 창전점,"스포츠,오락>PC방",서울특별시 마포구 창전동 2-3,서울특별시 마포구 서강로 111-1,37.5532081,126.9332602,,,,,"['혼밥', '모임']",서강동,,,local,,"{""title"": ""블루존피시방 창전점"", ""link"": NaN, ""category"": ""스포츠,오락>PC방"", ""description"": NaN, ""telephone"": NaN, ""address"": ""서울특별시 마포구 창전동 2-3"", ""roadAddress"": ""서울특별시 마포구 서강로 111-1"", ""mapx"": 1269332602, ""mapy"": 375532081, ""dong"": ""서강동"", ""category_keyword"": ""PC방""}",2026-09-14T03:22:54.959064+00:00
02bd4df4-dd69-5322-8848-ea0726eb4a46,베니케이크,"음식점>카페,디저트",서울특별시 마포구 상수동 311-6 1층 베니케이크,서울특별시 마포구 독막로15길 17 1층 베니케이크,37.5485432,126.9219619,https://www.instagram.com/benny.cake,,,,"['감성적', '사진맛집']",서강동,,,local,,"{""title"": ""베니케이크"", ""link"": ""https://www.instagram.com/benny.cake"", ""category"": ""음식점>카페,디저트"", ""description"": NaN, ""telephone"": NaN, ""address"": ""서울특별시 마포구 상수동 311-6 1층 베니케이크"", ""roadAddress"": ""서울특별시 마포구 독막로15길 17 1층 베니케이크"", ""mapx"": 1269219619, ""mapy"": 375485432, ""dong"": ""서강동"", ""category_keyword"": ""카페""}",2026-09-14T03:22:54.959123+00:00
1f922d49-6c40-5032-9f6f-47565d4f4d73,메이드카페 집사카페 카와이 홍대점,"음식점>카페,디저트",서울특별시 마포구 상수동 86-35 2층,서울특별시 마포구 와우산로14길 4 2층,37.5500505,126.9233766,https://www.instagram.com/kawaii_maidcafe_butlercafe?igsh=MXdvdGNpbGF5eTNtbw==,,,,"['감성적', '사진맛집']",서강동,,,local,,"{""title"": ""메이드<b>카페</b> 집사<b>카페</b> 카와이 홍대점"", ""link"": ""https://www.instagram.com/kawaii_maidcafe_butlercafe?igsh=MXdvdGNpbGF5eTNtbw=="", ""category"": ""음식점>카페,디저트"", ""description"": NaN, ""telephone"": NaN, ""address"": ""서울특별시 마포구 상수동 86-35 2층"", ""roadAddress"": ""서울특별시 마포구 와우산로14길 4 2층"", ""mapx"": 1269233766, ""mapy"": 375500505, ""dong"": ""서강동"", ""category_keyword"": ""카페""}",2026-09-14T03:22:54.959183+00:00
18850e59-ff7e-520b-a8ff-6e95ddf29224,프랑제리 피어 신촌점,"카페,디저트>베이커리",서울특별시 마포구 창전동 450 이랜드 PEER 신촌 로비층,서울특별시 마포구 서강로 75-16 이랜드 PEER 신촌 로비층,37.5501269,126.9317881,https://www.instagram.com/frangerie_official,,,,"['감성적', '사진맛집']",서강동,,,local,,"{""title"": ""프랑제리 피어 신촌점"", ""link"": ""https://www.instagram.com/frangerie_official"", ""category"": ""카페,디저트>베이커리"", ""description"": NaN, ""telephone"": NaN, ""address"": ""서울특별시 마포구 창전동 450 이랜드 PEER 신촌 로비층"", ""roadAddress"": ""서울특별시 마포구 서강로 75-16 이랜드 PEER 신촌 로비층"", ""mapx"": 1269317881, ""mapy"": 375501269, ""dong"": ""서강동"", ""category_keyword"": ""카페""}",2026-09-14T03:22:54.959240+00:00
06fe89d1-e9b4-535e-ac1f-742dbca4838f,테이블에이,"여행,명소>동물원","서울특별시 마포구 창전동 6 지하1층,1층,2층,3층,4층, 5층","서울특별시 마포구 와우산로 146 지하1층,1층,2층,3층,4층, 5층",37.5540831,126.9294869,https://www.instagram.com/tablea_zoo,,,,"['가족동반', '사진맛집']",서강동,,,local,,"{""title"": ""테이블에이"", ""link"": ""https://www.instagram.com/tablea_zoo"", ""category"": ""여행,명소>동물원"", ""description"": NaN, ""telephone"": NaN, ""address"": ""서울특별시 마포구 창전동 6 지하1층,1층,2층,3층,4층, 5층"", ""roadAddress"": ""서울특별시 마포구 와우산로 146 지하1층,1층,2층,3층,4층, 5층"", ""mapx"": 1269294869, ""mapy"": 375540831, ""dong"": ""서강동"", ""category_keyword"": ""카페""}",2026-09-14T03:22:54.959296+00:00
70fcaeee-b2bf-5adf-8397-f1409c322a87,스타벅스 홍대삼거리점,"카페,디저트>카페",서울특별시 마포구 상수동 86-22,서울특별시 마포구 와우산로 64 (상수동),37.5502656,126.9232087,http://www.starbucks.co.kr/,,,,"['감성적', '사진맛집']",서강동,,,local,,"{""title"": ""스타벅스 홍대삼거리점"", ""link"": ""http://www.starbucks.co.kr/"", ""category"": ""카페,디저트>카페"", ""description"": NaN, ""telephone"": NaN, ""address"": ""서울특별시 마포구 상수동 86-22"", ""roadAddress"": ""서울특별시 마포구 와우산로 64 (상수동)"", ""mapx"": 1269232087, ""mapy"": 375502656, ""dong"": ""서강동"", ""category_keyword"": ""카페""}",2026-09-14T03:22:54.959355+00:00
5b2a046d-043c-5b96-b749-b511c7a878e4,라멘트럭 상수본점,음식점>일식>일본식라면,서울특별시 마포구 상수동 324-10 1층 라멘트럭,서울특별시 마포구 독막로14길 31 1층 라멘트럭,37.5474679,126.9226481,https://www.facebook.com/ramentruck,,,,['혼밥'],서강동,,,local,,"{""title"": ""라멘트럭 상수본점"", ""link"": ""https://www.facebook.com/ramentruck"", ""category"": ""음식점>일식>일본식라면"", ""description"": NaN, ""telephone"": NaN, ""address"": ""서울특별시 마포구 상수동 324-10 1층 라멘트럭"", ""roadAddress"": ""서울특별시 마포구 독막로14길 31 1층 라멘트럭"", ""mapx"": 1269226481, ""mapy"": 375474679, ""dong"": ""서강동"", ""category_keyword"": ""맛집""}",2026-09-14T03:22:54.959408+00:00
4bfd960e-f942-586d-a3e6-61e46ecbd7bc,칸다소바,음식점>일식>일본식라면,서울특별시 마포구 상수동 91-3,서울특별시 마포구 와우산로 51-6,37.5492716,126.9227124,https://litt.ly/kandasoba,,,,['혼밥'],서강동,,,local,,"{""title"": ""칸다소바"", ""link"": ""https://litt.ly/kandasoba"", ""category"": ""음식점>일식>일본식라면"", ""description"": NaN, ""telephone"": NaN, ""address"": ""서울특별시 마포구 상수동 91-3"", ""roadAddress"": ""서울특별시 마포구 와우산로 51-6"", ""mapx"": 1269227124, ""mapy"": 375492716, ""dong"": ""서강동"", ""category_keyword"": ""맛집""}",2026-09-14T03:22:54.959462+00:00
28e988c5-b507-5054-ad6e-c4974d5f6630,꽃피는고기,"한식>육류,고기요리",서울특별시 마포구 상수동 314-11 1층,서울특별시 마포구 와우산로13길 49-3 1층,37.5485342,126.9210255,,,,,"['모임', '가족동반']",서강동,,,local,,"{""title"": ""꽃피는고기"", ""link"": NaN, ""category"": ""한식>육류,고기요리"", ""description"": NaN, ""telephone"": NaN, ""address"": ""서울특별시 마포구 상수동 314-11 1층"", ""roadAddress"": ""서울특별시 마포구 와우산로13길 49-3 1층"", ""mapx"": 1269210255, ""mapy"": 375485342, ""dong"": ""서강동"", ""category_keyword"": ""맛집""}",2026-09-14T03:22:54.959515+00:00
79de581e-c9b4-59f6-a007-4a9bd56e50c8,후라토식당 상수직영점,음식점>일식>일식당,서울특별시 마포구 상수동 313-2,서울특별시 마포구 독막로15길 3-14,37.5485775,126.9213747,https://www.furato.co.kr/,,,,['데이트'],서강동,,,local,,"{""title"": ""후라토식당 상수직영점"", ""link"": ""https://www.furato.co.kr/"", ""category"": ""음식점>일식>일식당"", ""description"": NaN, ""telephone"": NaN, ""address"": ""서울특별시 마포구 상수동 313-2"", ""roadAddress"": ""서울특별시 마포구 독막로15길 3-14"", ""mapx"": 1269213747, ""mapy"": 375485775, ""dong"": ""서강동"", ""category_keyword"": ""술집""}",2026-09-14T03:22:54.959628+00:00
b2d0e147-7ac3-5ce3-b8f6-6814169e0c2a,후쿠란 상수본점,음식점>일식>일식당,"서울특별시 마포구 상수동 333-28 1층, 2층 후쿠란 상수본점","서울특별시 마포구 와우산로3안길 2 1층, 2층 후쿠란 상수본점",37.5463462,126.9227106,https://app.catchtable.co.kr/ct/shop/hukuran_dining?from=share&type=DINING,,,,['데이트'],서강동,,,local,,"{""title"": ""후쿠란 상수본점"", ""link"": ""https://app.catchtable.co.kr/ct/shop/hukuran_dining?from=share&type=DINING"", ""category"": ""음식점>일식>일식당"", ""description"": NaN, ""telephone"": NaN, ""address"": ""서울특별시 마포구 상수동 333-28 1층, 2층 후쿠란 상수본점"", ""roadAddress"": ""서울특별시 마포구 와우산로3안길 2 1층, 2층 후쿠란 상수본점"", ""mapx"": 1269227106, ""mapy"": 375463462, ""dong"": ""서강동"", ""category_keyword"": ""술집""}",2026-09-14T03:22:54.959684+00:00
874c9436-2eba-5cb5-8092-83132231cea4,산울림1992,술집>요리주점,서울특별시 마포구 창전동 5-138 산울림1992,서울특별시 마포구 서강로9길 60 산울림1992,37.5546943,126.9305177,http://pf.kakao.com/_sMPDT,,,,"['모임', '시끌벅적함']",서강동,,,local,,"{""title"": ""산울림1992"", ""link"": ""http://pf.kakao.com/_sMPDT"", ""category"": ""술집>요리주점"", ""description"": NaN, ""telephone"": NaN, ""address"": ""서울특별시 마포구 창전동 5-138 산울림1992"", ""roadAddress"": ""서울특별시 마포구 서강로9길 60 산울림1992"", ""mapx"": 1269305177, ""mapy"": 375546943, ""dong"": ""서강동"", ""category_keyword"": ""술집""}",2026-09-14T03:22:54.959742+00:00
c9a518d7-2ec8-52b8-ab07-28218a44de70,그문화다방,술집>요리주점,서울특별시 마포구 당인동 28-9 1층,서울특별시 마포구 와우산로3길 49 1층,37.5455259,126.920324,https://www.instagram.com/gmh_dabang/,,,,"['모임', '시끌벅적함']",서강동,,,local,,"{""title"": ""그문화다방"", ""link"": ""https://www.instagram.com/gmh_dabang/"", ""category"": ""술집>요리주점"", ""description"": NaN, ""telephone"": NaN, ""address"": ""서울특별시 마포구 당인동 28-9 1층"", ""roadAddress"": ""서울특별시 마포구 와우산로3길 49 1층"", ""mapx"": 1269203240, ""mapy"": 375455259, ""dong"": ""서강동"", ""category_keyword"": ""술집""}",2026-09-14T03:22:54.959796+00:00
b3948a62-3fa9-593e-83de-dc420d61acc1,상수주택,술집>요리주점,서울특별시 마포구 상수동 311-1 2층 상수주택,서울특별시 마포구 독막로15길 19 2층 상수주택,37.5486521,126.9219486,https://www.instagram.com/sangsu311_1,,,,"['모임', '시끌벅적함']",서강동,,,local,,"{""title"": ""상수주택"", ""link"": ""https://www.instagram.com/sangsu311_1"", ""category"": ""술집>요리주점"", ""description"": NaN, ""telephone"": NaN, ""address"": ""서울특별시 마포구 상수동 311-1 2층 상수주택"", ""roadAddress"": ""서울특별시 마포구 독막로15길 19 2층 상수주택"", ""mapx"": 1269219486, ""mapy"": 375486521, ""dong"": ""서강동"", ""category_keyword"": ""술집""}",2026-09-14T03:22:54.959852+00:00
8f17a026-3e31-54a8-9395-9195c1595e0e,뉴코인싱어 노래연습장,오락시설>노래방,서울특별시 마포구 서교동 331-17 지하1층,서울특별시 마포구 어울마당로 140 지하1층,37.5561633,126.9256636,,,,,"['모임', '시끌벅적함']",서교동,,,local,,"{""title"": ""뉴코인싱어 노래연습장"", ""link"": NaN, ""category"": ""오락시설>노래방"", ""description"": NaN, ""telephone"": NaN, ""address"": ""서울특별시 마포구 서교동 331-17 지하1층"", ""roadAddress"": ""서울특별시 마포구 어울마당로 140 지하1층"", ""mapx"": 1269256636, ""mapy"": 375561633, ""dong"": ""서교동"", ""category_keyword"": ""오락실""}",2026-09-14T03:22:54.959913+00:00
18db68c0-3dbf-5aa5-91c6-a4b381b44bb3,짱오락실 홍대점,"스포츠,오락>오락실",서울특별시 마포구 서교동 367-38,서울특별시 마포구 어울마당로 69,37.5512508,126.9211385,,,,,"['모임', '시끌벅적함', '사진맛집']",서교동,,,local,,"{""title"": ""짱<b>오락실</b> 홍대점"", ""link"": NaN, ""category"": ""스포츠,오락>오락실"", ""description"": NaN, ""telephone"": NaN, ""address"": ""서울특별시 마포구 서교동 367-38"", ""roadAddress"": ""서울특별시 마포구 어울마당로 69"", ""mapx"": 1269211385, ""mapy"": 375512508, ""dong"": ""서교동"", ""category_keyword"": ""오락실""}",2026-09-14T03:22:54.960004+00:00
ca5983c3-ade6-5f83-aabb-1b9939008da3,어썸코인노래연습장,오락시설>노래방,서울특별시 마포구 서교동 358-30,서울특별시 마포구 와우산로21길 4,37.5526847,126.9237136,https://blog.naver.com/awesomecoin,,,,"['모임', '시끌벅적함']",서교동,,,local,,"{""title"": ""어썸코인노래연습장"", ""link"": ""https://blog.naver.com/awesomecoin"", ""category"": ""오락시설>노래방"", ""description"": NaN, ""telephone"": NaN, ""address"": ""서울특별시 마포구 서교동 358-30"", ""roadAddress"": ""서울특별시 마포구 와우산로21길 4"", ""mapx"": 1269237136, ""mapy"": 375526847, ""dong"": ""서교동"", ""category_keyword"": ""오락실""}",2026-09-14T03:22:54.960082+00:00
0389aead-945f-552b-86da-6c722e30631e,악쓰는하마 홍대2점,오락시설>노래방,서울특별시 마포구 서교동 407-22,서울특별시 마포구 어울마당로 62,37.5505754,126.9213699,,,,,"['모임', '시끌벅적함']",서교동,,,local,,"{""title"": ""악쓰는하마 홍대2점"", ""link"": NaN, ""category"": ""오락시설>노래방"", ""description"": NaN, ""telephone"": NaN, ""address"": ""서울특별시 마포구 서교동 407-22"", ""roadAddress"": ""서울특별시 마포구 어울마당로 62"", ""mapx"": 1269213699, ""mapy"": 375505754, ""dong"": ""서교동"", ""category_keyword"": ""오락실""}",2026-09-14T03:22:54.960146+00:00
577dd975-cb9a-5e86-b13f-243ab9c264cf,게임토피아,"스포츠,오락>오락실",서울특별시 마포구 서교동 408-22,서울특별시 마포구 어울마당로 46-1,37.5491874,126.9209271,,,,,"['모임', '시끌벅적함', '사진맛집']",서교동,,,local,,"{""title"": ""게임토피아"", ""link"": NaN, ""category"": ""스포츠,오락>오락실"", ""description"": NaN, ""telephone"": NaN, ""address"": ""서울특별시 마포구 서교동 408-22"", ""roadAddress"": ""서울특별시 마포구 어울마당로 46-1"", ""mapx"": 1269209271, ""mapy"": 375491874, ""dong"": ""서교동"", ""category_keyword"": ""오락실""}",2026-09-14T03:22:54.960217+00:00
8e38adca-79e5-534e-a462-632d0071a0dd,보드게임카페 레드버튼 홍대점,"스포츠,오락>보드카페",서울특별시 마포구 서교동 358-1 3층,서울특별시 마포구 홍익로 19 3층,37.5540788,126.9225311,http://www.redbutton.co.kr,,,,"['모임', '데이트', '힙함']",서교동,,,local,,"{""title"": ""<b>보드게임카페</b> 레드버튼 홍대점"", ""link"": ""http://www.redbutton.co.kr"", ""category"": ""스포츠,오락>보드카페"", ""description"": NaN, ""telephone"": NaN, ""address"": ""서울특별시 마포구 서교동 358-1 3층"", ""roadAddress"": ""서울특별시 마포구 홍익로 19 3층"", ""mapx"": 1269225311, ""mapy"": 375540788, ""dong"": ""서교동"", ""category_keyword"": ""보드게임카페""}",2026-09-14T03:22:54.960286+00:00
63278382-0ab9-5a4d-980d-aa588e54d15e,펍그린포켓볼당구클럽,"스포츠,오락>당구장",서울특별시 마포구 서교동 363-11 4층,서울특별시 마포구 잔다리로 12 4층,37.5509458,126.9218566,https://m.place.naver.com/place/38501374/photo?entry=ple,,,,"['모임', '시끌벅적함']",서교동,,,local,,"{""title"": ""펍그린포켓볼당구클럽"", ""link"": ""https://m.place.naver.com/place/38501374/photo?entry=ple"", ""category"": ""스포츠,오락>당구장"", ""description"": NaN, ""telephone"": NaN, ""address"": ""서울특별시 마포구 서교동 363-11 4층"", ""roadAddress"": ""서울특별시 마포구 잔다리로 12 4층"", ""mapx"": 1269218566, ""mapy"": 375509458, ""dong"": ""서교동"", ""category_keyword"": ""당구장""}",2026-09-14T03:22:54.960347+00:00
2f7a77cd-d488-5766-9133-9adc9d2e4e37,헤이당구장,"스포츠,오락>당구장",서울특별시 마포구 동교동 163-9 준봉빌딩,서울특별시 마포구 홍익로6길 10 준봉빌딩,37.5550027,126.9226763,,,,,"['모임', '시끌벅적함']",서교동,,,local,,"{""title"": ""헤이<b>당구장</b>"", ""link"": NaN, ""category"": ""스포츠,오락>당구장"", ""description"": NaN, ""telephone"": NaN, ""address"": ""서울특별시 마포구 동교동 163-9 준봉빌딩"", ""roadAddress"": ""서울특별시 마포구 홍익로6길 10 준봉빌딩"", ""mapx"": 1269226763, ""mapy"": 375550027, ""dong"": ""서교동"", ""category_keyword"": ""당구장""}",2026-09-14T03:22:54.960402+00:00
385320b9-c2c4-5296-91d5-e634d21535e0,빌리어즈HAPPY,"스포츠,오락>당구장",서울특별시 마포구 동교동 185-6 지하1층,서울특별시 마포구 신촌로12길 4 지하1층,37.556226,126.9324962,http://pf.kakao.com/_nJwbxb,,,,"['모임', '시끌벅적함']",서교동,,,local,,"{""title"": ""빌리어즈HAPPY"", ""link"": ""http://pf.kakao.com/_nJwbxb"", ""category"": ""스포츠,오락>당구장"", ""description"": NaN, ""telephone"": NaN, ""address"": ""서울특별시 마포구 동교동 185-6 지하1층"", ""roadAddress"": ""서울특별시 마포구 신촌로12길 4 지하1층"", ""mapx"": 1269324962, ""mapy"": 375562260, ""dong"": ""서교동"", ""category_keyword"": ""당구장""}",2026-09-14T03:22:54.960477+00:00
e534d080-1f5e-541e-bfa0-7be6732f4544,수당구클럽,"스포츠,오락>당구장",서울특별시 마포구 동교동 198-31 수당구클럽,서울특별시 마포구 동교로 219 수당구클럽,37.5596826,126.9235391,https://www.instagram.com/,,,,"['모임', '시끌벅적함']",서교동,,,local,,"{""title"": ""수당구클럽"", ""link"": ""https://www.instagram.com/"", ""category"": ""스포츠,오락>당구장"", ""description"": NaN, ""telephone"": NaN, ""address"": ""서울특별시 마포구 동교동 198-31 수당구클럽"", ""roadAddress"": ""서울특별시 마포구 동교로 219 수당구클럽"", ""mapx"": 1269235391, ""mapy"": 375596826, ""dong"": ""서교동"", ""category_keyword"": ""당구장""}",2026-09-14T03:22:54.960555+00:00
6cf44b7d-6c59-5c5b-9aca-016b13dd5d8a,VIP 당구클럽,"스포츠,오락>당구장",서울특별시 마포구 서교동 356-3,서울특별시 마포구 홍익로3길 8,37.5541334,126.922081,,,,,"['모임', '시끌벅적함']",서교동,,,local,,"{""title"": ""VIP 당구클럽"", ""link"": NaN, ""category"": ""스포츠,오락>당구장"", ""description"": NaN, ""telephone"": NaN, ""address"": ""서울특별시 마포구 서교동 356-3"", ""roadAddress"": ""서울특별시 마포구 홍익로3길 8"", ""mapx"": 1269220810, ""mapy"": 375541334, ""dong"": ""서교동"", ""category_keyword"": ""당구장""}",2026-09-14T03:22:54.960615+00:00
d670cec0-42d7-5ee4-9e7b-88dddb6127d2,애니툰,오락시설>만화방,서울특별시 마포구 서교동 369-4 6층,서울특별시 마포구 홍익로3길 44 6층,37.5526033,126.921428,,,,,"['혼밥', '조용함']",서교동,,,local,,"{""title"": ""애니툰"", ""link"": NaN, ""category"": ""오락시설>만화방"", ""description"": NaN, ""telephone"": NaN, ""address"": ""서울특별시 마포구 서교동 369-4 6층"", ""roadAddress"": ""서울특별시 마포구 홍익로3길 44 6층"", ""mapx"": 1269214280, ""mapy"": 375526033, ""dong"": ""서교동"", ""category_keyword"": ""만화카페""}",2026-09-14T03:22:54.960674+00:00
9c8f98d1-3d46-585f-962d-192279c72047,캣툰 홍대점,오락시설>만화방,서울특별시 마포구 서교동 364-17 5층,서울특별시 마포구 어울마당로 74 5층,37.5515621,126.9216244,https://www.instagram.com/cattoon_hongdae/,,,,"['혼밥', '조용함']",서교동,,,local,,"{""title"": ""캣툰 홍대점"", ""link"": ""https://www.instagram.com/cattoon_hongdae/"", ""category"": ""오락시설>만화방"", ""description"": NaN, ""telephone"": NaN, ""address"": ""서울특별시 마포구 서교동 364-17 5층"", ""roadAddress"": ""서울특별시 마포구 어울마당로 74 5층"", ""mapx"": 1269216244, ""mapy"": 375515621, ""dong"": ""서교동"", ""category_keyword"": ""만화카페""}",2026-09-14T03:22:54.960730+00:00
8b0950d0-5fe2-5517-a7a4-8c160f7c44a1,서울형키즈카페 마포구 서교동1호점,"키즈카페,실내놀이터",서울특별시 마포구 서교동 379-30 서현교회 교육관 2층,서울특별시 마포구 잔다리로7길 31 서현교회 교육관 2층,37.552487,126.916175,https://umppa.seoul.go.kr/icare/user/kidsCafe/BD_selectKidsCafeList.do,,,,"['가족동반', '힙함']",서교동,,,local,,"{""title"": ""서울형<b>키즈카페</b> <b>마포구 서교동</b>1호점"", ""link"": ""https://umppa.seoul.go.kr/icare/user/kidsCafe/BD_selectKidsCafeList.do"", ""category"": ""키즈카페,실내놀이터"", ""description"": NaN, ""telephone"": NaN, ""address"": ""서울특별시 마포구 서교동 379-30 서현교회 교육관 2층"", ""roadAddress"": ""서울특별시 마포구 잔다리로7길 31 서현교회 교육관 2층"", ""mapx"": 1269161750, ""mapy"": 375524870, ""dong"": ""서교동"", ""category_keyword"": ""키즈카페""}",2026-09-14T03:22:54.960785+00:00
05bc8963-6b4b-5488-a047-ea4fad28639d,홍대 노래타운 유앤미,술집>유흥주점,서울특별시 마포구 서교동 355-27 지하1층,서울특별시 마포구 홍익로5길 25 지하1층,37.5537852,126.9210056,https://www.instagram.com/youme_8797?igsh=MWdiM2F0MDVkODZ2MA%3D%3D&utm_source=qr,,,,"['모임', '시끌벅적함']",서교동,,,local,,"{""title"": ""홍대 노래타운 유앤미"", ""link"": ""https://www.instagram.com/youme_8797?igsh=MWdiM2F0MDVkODZ2MA%3D%3D&utm_source=qr"", ""category"": ""술집>유흥주점"", ""description"": NaN, ""telephone"": NaN, ""address"": ""서울특별시 마포구 서교동 355-27 지하1층"", ""roadAddress"": ""서울특별시 마포구 홍익로5길 25 지하1층"", ""mapx"": 1269210056, ""mapy"": 375537852, ""dong"": ""서교동"", ""category_keyword"": ""노래방""}",2026-09-14T03:22:54.960842+00:00
b5eb9eb3-8825-5df5-84cd-480ce4da131b,수노래연습장 럭셔리 홍대점,"스포츠,오락>노래방",서울특별시 마포구 서교동 367-39,서울특별시 마포구 어울마당로 67,37.5511038,126.921105,https://sunoraebang.com,,,,"['모임', '시끌벅적함']",서교동,,,local,,"{""title"": ""수노래연습장 럭셔리 홍대점"", ""link"": ""https://sunoraebang.com"", ""category"": ""스포츠,오락>노래방"", ""description"": NaN, ""telephone"": NaN, ""address"": ""서울특별시 마포구 서교동 367-39"", ""roadAddress"": ""서울특별시 마포구 어울마당로 67"", ""mapx"": 1269211050, ""mapy"": 375511038, ""dong"": ""서교동"", ""category_keyword"": ""노래방""}",2026-09-14T03:22:54.960901+00:00
9a39396e-f5e5-5a05-be36-da1b02e8377e,멀티플러스 홍대점,"스포츠,오락>멀티방",서울특별시 마포구 서교동 355-2 동신빌딩 5층,서울특별시 마포구 홍익로5길 13 동신빌딩 5층,37.5541825,126.9214967,https://booking.naver.com/booking/10/bizes/629275,,,,['모임'],서교동,,,local,,"{""title"": ""멀티플러스 홍대점"", ""link"": ""https://booking.naver.com/booking/10/bizes/629275"", ""category"": ""스포츠,오락>멀티방"", ""description"": NaN, ""telephone"": NaN, ""address"": ""서울특별시 마포구 서교동 355-2 동신빌딩 5층"", ""roadAddress"": ""서울특별시 마포구 홍익로5길 13 동신빌딩 5층"", ""mapx"": 1269214967, ""mapy"": 375541825, ""dong"": ""서교동"", ""category_keyword"": ""노래방""}",2026-09-14T03:22:54.960986+00:00
53499768-9d5a-53cf-bceb-29716e05f3f4,노래타운 파레스 홍대점,술집>요리주점,서울특별시 마포구 서교동 354-2 지하1층 파레스 노래타운,서울특별시 마포구 홍익로 29 지하1층 파레스 노래타운,37.5545282,126.9216635,https://www.instagram.com/p01043665799,,,,"['모임', '시끌벅적함']",서교동,,,local,,"{""title"": ""노래타운 파레스 홍대점"", ""link"": ""https://www.instagram.com/p01043665799"", ""category"": ""술집>요리주점"", ""description"": NaN, ""telephone"": NaN, ""address"": ""서울특별시 마포구 서교동 354-2 지하1층 파레스 노래타운"", ""roadAddress"": ""서울특별시 마포구 홍익로 29 지하1층 파레스 노래타운"", ""mapx"": 1269216635, ""mapy"": 375545282, ""dong"": ""서교동"", ""category_keyword"": ""노래방""}",2026-09-14T03:22:54.961056+00:00
7d9aa70d-235e-5edd-ab2b-3fdd90996ebc,베리굿 노래타운 홍대점,술집>요리주점,서울특별시 마포구 서교동 407-27 3층,서울특별시 마포구 잔다리로 5-1 3층,37.550509,126.9223121,https://www.instagram.com/very01099918797,,,,"['모임', '시끌벅적함']",서교동,,,local,,"{""title"": ""베리굿 노래타운 홍대점"", ""link"": ""https://www.instagram.com/very01099918797"", ""category"": ""술집>요리주점"", ""description"": NaN, ""telephone"": NaN, ""address"": ""서울특별시 마포구 서교동 407-27 3층"", ""roadAddress"": ""서울특별시 마포구 잔다리로 5-1 3층"", ""mapx"": 1269223121, ""mapy"": 375505090, ""dong"": ""서교동"", ""category_keyword"": ""노래방""}",2026-09-14T03:22:54.961116+00:00
f956a4e2-bea9-5ffc-b55c-7691a00a12d2,원신 PC 라운지,"스포츠,오락>PC방",서울특별시 마포구 동교동 167-2 LCTOWER 7F,서울특별시 마포구 양화로 186 LCTOWER 7F,37.5577354,126.9258475,http://gipclounge.com/,,,,"['혼밥', '모임']",서교동,,,local,,"{""title"": ""원신 PC 라운지"", ""link"": ""http://gipclounge.com/"", ""category"": ""스포츠,오락>PC방"", ""description"": NaN, ""telephone"": NaN, ""address"": ""서울특별시 마포구 동교동 167-2 LCTOWER 7F"", ""roadAddress"": ""서울특별시 마포구 양화로 186 LCTOWER 7F"", ""mapx"": 1269258475, ""mapy"": 375577354, ""dong"": ""서교동"", ""category_keyword"": ""PC방""}",2026-09-14T03:22:54.961177+00:00
9564f4de-4cd4-5e5d-811c-24a737e09f3c,티원베이스캠프,"스포츠,오락>PC방",서울특별시 마포구 동교동 160-4 지하1층,서울특별시 마포구 양화로 147 지하1층,37.556049,126.9220541,https://www.instagram.com/t1basecamp_hongdae,,,,"['혼밥', '모임']",서교동,,,local,,"{""title"": ""티원베이스캠프"", ""link"": ""https://www.instagram.com/t1basecamp_hongdae"", ""category"": ""스포츠,오락>PC방"", ""description"": NaN, ""telephone"": NaN, ""address"": ""서울특별시 마포구 동교동 160-4 지하1층"", ""roadAddress"": ""서울특별시 마포구 양화로 147 지하1층"", ""mapx"": 1269220541, ""mapy"": 375560490, ""dong"": ""서교동"", ""category_keyword"": ""PC방""}",2026-09-14T03:22:54.961236+00:00
3fe3d3b8-93c5-5a0c-9626-4b727bf40031,SNS PC방,"스포츠,오락>PC방",서울특별시 마포구 동교동 165-8 2층,서울특별시 마포구 양화로 156 2층,37.5560982,126.9234581,,,,,"['혼밥', '모임']",서교동,,,local,,"{""title"": ""SNS <b>PC방</b>"", ""link"": NaN, ""category"": ""스포츠,오락>PC방"", ""description"": NaN, ""telephone"": NaN, ""address"": ""서울특별시 마포구 동교동 165-8 2층"", ""roadAddress"": ""서울특별시 마포구 양화로 156 2층"", ""mapx"": 1269234581, ""mapy"": 375560982, ""dong"": ""서교동"", ""category_keyword"": ""PC방""}",2026-09-14T03:22:54.961294+00:00
6b21f89d-0c10-5ce3-a169-f5f01fe74c87,레벨업 PC 카페 홍대점,"스포츠,오락>PC방",서울특별시 마포구 동교동 162-6 탑라인타워 지하1층,서울특별시 마포구 양화로 148 탑라인타워 지하1층,37.5557203,126.9226999,,,,,"['혼밥', '모임']",서교동,,,local,,"{""title"": ""레벨업 PC 카페 홍대점"", ""link"": NaN, ""category"": ""스포츠,오락>PC방"", ""description"": NaN, ""telephone"": NaN, ""address"": ""서울특별시 마포구 동교동 162-6 탑라인타워 지하1층"", ""roadAddress"": ""서울특별시 마포구 양화로 148 탑라인타워 지하1층"", ""mapx"": 1269226999, ""mapy"": 375557203, ""dong"": ""서교동"", ""category_keyword"": ""PC방""}",2026-09-14T03:22:54.961350+00:00
c6000918-89f8-53d0-92c8-b6766eff508a,긱스타PC방,"스포츠,오락>PC방",서울특별시 마포구 서교동 362-2 서봉갤러리 지하 1층,서울특별시 마포구 와우산로 81 서봉갤러리 지하 1층,37.5516699,126.9232017,,,,,"['혼밥', '모임']",서교동,,,local,,"{""title"": ""긱스타<b>PC방</b>"", ""link"": NaN, ""category"": ""스포츠,오락>PC방"", ""description"": NaN, ""telephone"": NaN, ""address"": ""서울특별시 마포구 서교동 362-2 서봉갤러리 지하 1층"", ""roadAddress"": ""서울특별시 마포구 와우산로 81 서봉갤러리 지하 1층"", ""mapx"": 1269232017, ""mapy"": 375516699, ""dong"": ""서교동"", ""category_keyword"": ""PC방""}",2026-09-14T03:22:54.961404+00:00
a1e267f2-3f9d-58b1-91dd-25ff83d5c4cd,몽키즈클라이밍,"스포츠,오락>스포츠시설",서울특별시 마포구 서교동 448-14,서울특별시 마포구 월드컵북로5가길 8-15,37.5565979,126.9177812,http://mongkids.co.kr/,,,,[],서교동,,,local,,"{""title"": ""몽키즈<b>클라이밍</b>"", ""link"": ""http://mongkids.co.kr/"", ""category"": ""스포츠,오락>스포츠시설"", ""description"": NaN, ""telephone"": NaN, ""address"": ""서울특별시 마포구 서교동 448-14"", ""roadAddress"": ""서울특별시 마포구 월드컵북로5가길 8-15"", ""mapx"": 1269177812, ""mapy"": 375565979, ""dong"": ""서교동"", ""category_keyword"": ""클라이밍""}",2026-09-14T03:22:54.961461+00:00
ebc3dc7f-397d-5710-aa1d-d6c177a77dc8,대한스포츠클라이밍협회,"협회,단체>레저,스포츠",서울특별시 마포구 서교동 448-14 4층,서울특별시 마포구 월드컵북로5가길 8-15 4층,37.5565633,126.9178402,http://k-climbing.or.kr/,,,,[],서교동,,,local,,"{""title"": ""대한스포츠<b>클라이밍</b>협회"", ""link"": ""http://k-climbing.or.kr/"", ""category"": ""협회,단체>레저,스포츠"", ""description"": NaN, ""telephone"": NaN, ""address"": ""서울특별시 마포구 서교동 448-14 4층"", ""roadAddress"": ""서울특별시 마포구 월드컵북로5가길 8-15 4층"", ""mapx"": 1269178402, ""mapy"": 375565633, ""dong"": ""서교동"", ""category_keyword"": ""클라이밍""}",2026-09-14T03:22:54.961520+00:00
187bca79-2d23-57ff-8a59-122a983975ff,베이글랜드 홍대점,"음식점>카페,디저트",서울특별시 마포구 서교동 332-15 삼이빌딩 1층,서울특별시 마포구 와우산로29바길 19 삼이빌딩 1층,37.5554909,126.9259638,https://www.instagram.com/_bagelland/,,,,"['감성적', '사진맛집', '힙함']",서교동,,,local,,"{""title"": ""베이글랜드 홍대점"", ""link"": ""https://www.instagram.com/_bagelland/"", ""category"": ""음식점>카페,디저트"", ""description"": NaN, ""telephone"": NaN, ""address"": ""서울특별시 마포구 서교동 332-15 삼이빌딩 1층"", ""roadAddress"": ""서울특별시 마포구 와우산로29바길 19 삼이빌딩 1층"", ""mapx"": 1269259638, ""mapy"": 375554909, ""dong"": ""서교동"", ""category_keyword"": ""카페""}",2026-09-14T03:22:54.961581+00:00
f1c1f03d-2d6a-5a8d-9c2d-8a89f2edcffd,카페 공명 연남점,"음식점>카페,디저트",서울특별시 마포구 동교동 146-8 1층 카페 공명 연남,서울특별시 마포구 연희로 11 1층 카페 공명 연남,37.5600309,126.9264344,https://cafegm.kr/,,,,['데이트'],서교동,,,local,,"{""title"": ""<b>카페</b> 공명 연남점"", ""link"": ""https://cafegm.kr/"", ""category"": ""음식점>카페,디저트"", ""description"": NaN, ""telephone"": NaN, ""address"": ""서울특별시 마포구 동교동 146-8 1층 카페 공명 연남"", ""roadAddress"": ""서울특별시 마포구 연희로 11 1층 카페 공명 연남"", ""mapx"": 1269264344, ""mapy"": 375600309, ""dong"": ""서교동"", ""category_keyword"": ""카페""}",2026-09-14T03:22:54.961650+00:00
606dcdbc-b48f-5550-a706-4e6df1627be0,수상한베이글 홍대,"카페,디저트>카페",서울특별시 마포구 서교동 409-6,서울특별시 마포구 와우산로15길 22,37.5496284,126.9218429,https://www.instagram.com/susanghan_bagel,,,,['데이트'],서교동,,,local,,"{""title"": ""수상한베이글 홍대"", ""link"": ""https://www.instagram.com/susanghan_bagel"", ""category"": ""카페,디저트>카페"", ""description"": NaN, ""telephone"": NaN, ""address"": ""서울특별시 마포구 서교동 409-6"", ""roadAddress"": ""서울특별시 마포구 와우산로15길 22"", ""mapx"": 1269218429, ""mapy"": 375496284, ""dong"": ""서교동"", ""category_keyword"": ""카페""}",2026-09-14T03:22:54.961726+00:00
6ee3a34c-819a-5286-ac7d-9a1882a5f729,943 킹스크로스,"음식점>카페,디저트",서울특별시 마포구 서교동 369-1 B1층~4,서울특별시 마포구 양화로16길 24 B1층~4,37.5530051,126.9208167,https://blog.naver.com/943kingscross,,,,"['데이트', '감성적']",서교동,,,local,,"{""title"": ""943 킹스크로스"", ""link"": ""https://blog.naver.com/943kingscross"", ""category"": ""음식점>카페,디저트"", ""description"": NaN, ""telephone"": NaN, ""address"": ""서울특별시 마포구 서교동 369-1 B1층~4"", ""roadAddress"": ""서울특별시 마포구 양화로16길 24 B1층~4"", ""mapx"": 1269208167, ""mapy"": 375530051, ""dong"": ""서교동"", ""category_keyword"": ""카페""}",2026-09-14T03:22:54.961796+00:00
52a38450-42e4-5cb6-80d5-6dbf23b2158b,홍대 육지,"한식>육류,고기요리",서울특별시 마포구 서교동 396-45 1F,서울특별시 마포구 독막로3길 34 1F,37.5497425,126.9174273,https://www.instagram.com/plzloveyookji,,,,['웨이팅있음'],서교동,,,local,,"{""title"": ""홍대 육지"", ""link"": ""https://www.instagram.com/plzloveyookji"", ""category"": ""한식>육류,고기요리"", ""description"": NaN, ""telephone"": NaN, ""address"": ""서울특별시 마포구 서교동 396-45 1F"", ""roadAddress"": ""서울특별시 마포구 독막로3길 34 1F"", ""mapx"": 1269174273, ""mapy"": 375497425, ""dong"": ""서교동"", ""category_keyword"": ""맛집""}",2026-09-14T03:22:54.961858+00:00
62c29d0f-a1e8-5150-bbdc-25f7859c0e53,츠케루,음식점>일식>일본식라면,서울특별시 마포구 서교동 344-6 1층 102호,서울특별시 마포구 와우산로23길 9 1층 102호,37.5533814,126.9245307,http://instagram.com/tsukeru_tsukemen,,,,['웨이팅있음'],서교동,,,local,,"{""title"": ""츠케루"", ""link"": ""http://instagram.com/tsukeru_tsukemen"", ""category"": ""음식점>일식>일본식라면"", ""description"": NaN, ""telephone"": NaN, ""address"": ""서울특별시 마포구 서교동 344-6 1층 102호"", ""roadAddress"": ""서울특별시 마포구 와우산로23길 9 1층 102호"", ""mapx"": 1269245307, ""mapy"": 375533814, ""dong"": ""서교동"", ""category_keyword"": ""맛집""}",2026-09-14T03:22:54.961923+00:00
e618ce89-a8d7-5cbb-a08b-b451f9f45537,빌라 더 다이닝 홍대본점,음식점>양식,서울특별시 마포구 동교동 150-9 JnS.Bldg,서울특별시 마포구 동교로30길 16 JnS.Bldg,37.5601583,126.9249144,http://app.catchtable.co.kr/ct/shop/villathedining,,,,"['데이트', '힙함']",서교동,,,local,,"{""title"": ""빌라 더 다이닝 홍대본점"", ""link"": ""http://app.catchtable.co.kr/ct/shop/villathedining"", ""category"": ""음식점>양식"", ""description"": NaN, ""telephone"": NaN, ""address"": ""서울특별시 마포구 동교동 150-9 JnS.Bldg"", ""roadAddress"": ""서울특별시 마포구 동교로30길 16 JnS.Bldg"", ""mapx"": 1269249144, ""mapy"": 375601583, ""dong"": ""서교동"", ""category_keyword"": ""맛집""}",2026-09-14T03:22:54.962018+00:00
0edd38d2-95d5-5652-8d79-70414a4264c5,셔우드,음식점>피자,서울특별시 마포구 동교동 189-5 2층,서울특별시 마포구 와우산로37길 11 2층,37.5560664,126.930194,https://instagram.com/sherwood.seoul?igshid=YmMyMTA2M2Y=,,,,"['웨이팅있음', '예약필수']",서교동,,,local,,"{""title"": ""셔우드"", ""link"": ""https://instagram.com/sherwood.seoul?igshid=YmMyMTA2M2Y="", ""category"": ""음식점>피자"", ""description"": NaN, ""telephone"": NaN, ""address"": ""서울특별시 마포구 동교동 189-5 2층"", ""roadAddress"": ""서울특별시 마포구 와우산로37길 11 2층"", ""mapx"": 1269301940, ""mapy"": 375560664, ""dong"": ""서교동"", ""category_keyword"": ""맛집""}",2026-09-14T03:22:54.962107+00:00
18a0a755-77f2-50fc-911c-6730b527e5ab,신호등포차 홍대점,술집>요리주점,서울특별시 마포구 서교동 407-7 2층,서울특별시 마포구 잔다리로 3 2층,37.5505994,126.9226668,https://www.instagram.com/pocha_shinholight,,,,['감성적'],서교동,,,local,,"{""title"": ""신호등포차 홍대점"", ""link"": ""https://www.instagram.com/pocha_shinholight"", ""category"": ""술집>요리주점"", ""description"": NaN, ""telephone"": NaN, ""address"": ""서울특별시 마포구 서교동 407-7 2층"", ""roadAddress"": ""서울특별시 마포구 잔다리로 3 2층"", ""mapx"": 1269226668, ""mapy"": 375505994, ""dong"": ""서교동"", ""category_keyword"": ""술집""}",2026-09-14T03:22:54.962167+00:00
399e2ad9-d5ae-5831-96e0-41b3507c5483,더기와 합정점,음식점>한식,서울특별시 마포구 서교동 395-30 1층,서울특별시 마포구 독막로3길 25 1층,37.5495841,126.9169501,https://litt.ly/thegiwa_hapjeong?utm_source=naver&utm_medium=place&utm_campaign=네이버플레이스,,,,['힙함'],서교동,,,local,,"{""title"": ""더기와 합정점"", ""link"": ""https://litt.ly/thegiwa_hapjeong?utm_source=naver&utm_medium=place&utm_campaign=네이버플레이스"", ""category"": ""음식점>한식"", ""description"": NaN, ""telephone"": NaN, ""address"": ""서울특별시 마포구 서교동 395-30 1층"", ""roadAddress"": ""서울특별시 마포구 독막로3길 25 1층"", ""mapx"": 1269169501, ""mapy"": 375495841, ""dong"": ""서교동"", ""category_keyword"": ""술집""}",2026-09-14T03:22:54.962230+00:00
65ba34aa-7447-5cd8-af65-bce74ba718cd,7번방 홍대점,술집>요리주점,서울특별시 마포구 서교동 407-22,서울특별시 마포구 어울마당로 62,37.5506018,126.9214201,http://www.instagram.com/global7room_hd,,,,"['모임', '시끌벅적함']",서교동,,,local,,"{""title"": ""7번방 홍대점"", ""link"": ""http://www.instagram.com/global7room_hd"", ""category"": ""술집>요리주점"", ""description"": NaN, ""telephone"": NaN, ""address"": ""서울특별시 마포구 서교동 407-22"", ""roadAddress"": ""서울특별시 마포구 어울마당로 62"", ""mapx"": 1269214201, ""mapy"": 375506018, ""dong"": ""서교동"", ""category_keyword"": ""술집""}",2026-09-14T03:22:54.962294+00:00
29143361-bff5-56e7-9fe2-2cb86ebee036,하와이조개 홍대점,"음식점>한식>해물,생선요리>조개요리",서울특별시 마포구 서교동 364-2 태경빌딩 지하 1층,서울특별시 마포구 와우산로21길 19-8 태경빌딩 지하 1층,37.5520582,126.9225911,http://www.하와이조개.com,,,,"['데이트', '감성적']",서교동,,,local,,"{""title"": ""하와이조개 홍대점"", ""link"": ""http://www.하와이조개.com"", ""category"": ""음식점>한식>해물,생선요리>조개요리"", ""description"": NaN, ""telephone"": NaN, ""address"": ""서울특별시 마포구 서교동 364-2 태경빌딩 지하 1층"", ""roadAddress"": ""서울특별시 마포구 와우산로21길 19-8 태경빌딩 지하 1층"", ""mapx"": 1269225911, ""mapy"": 375520582, ""dong"": ""서교동"", ""category_keyword"": ""술집""}",2026-09-14T03:22:54.962352+00:00
5efcfab6-9e4a-56fd-bf94-8de3a1e07307,렉스코인노래연습장 합정역점,오락시설>노래방,서울특별시 마포구 합정동 413-5 일호빌딩 a동 지하1층,서울특별시 마포구 독막로 13 일호빌딩 a동 지하1층,37.5488837,126.9149881,,,,,"['모임', '시끌벅적함']",합정동,,,local,,"{""title"": ""렉스코인노래연습장 합정역점"", ""link"": NaN, ""category"": ""오락시설>노래방"", ""description"": NaN, ""telephone"": NaN, ""address"": ""서울특별시 마포구 합정동 413-5 일호빌딩 a동 지하1층"", ""roadAddress"": ""서울특별시 마포구 독막로 13 일호빌딩 a동 지하1층"", ""mapx"": 1269149881, ""mapy"": 375488837, ""dong"": ""합정동"", ""category_keyword"": ""오락실""}",2026-09-14T03:22:54.962411+00:00
4a653523-800b-5d69-8af2-4db715ea14ae,레드코인노래연습장,오락시설>노래방,서울특별시 마포구 합정동 411-5 지1층,서울특별시 마포구 양화로6길 76 지1층,37.5483794,126.918235,,,,,"['모임', '시끌벅적함']",합정동,,,local,,"{""title"": ""레드코인노래연습장"", ""link"": NaN, ""category"": ""오락시설>노래방"", ""description"": NaN, ""telephone"": NaN, ""address"": ""서울특별시 마포구 합정동 411-5 지1층"", ""roadAddress"": ""서울특별시 마포구 양화로6길 76 지1층"", ""mapx"": 1269182350, ""mapy"": 375483794, ""dong"": ""합정동"", ""category_keyword"": ""오락실""}",2026-09-14T03:22:54.962469+00:00
c2ccf96e-092d-5961-9d61-996a399788e4,마포구민체육센터,"스포츠,오락>구민체육센터",서울특별시 마포구 망원동 450-3,서울특별시 마포구 월드컵로25길 190,37.5568012,126.8970048,http://www.maposc.or.kr/,,,,['가족동반'],합정동,,,local,,"{""title"": ""<b>마포구</b>민체육센터"", ""link"": ""http://www.maposc.or.kr/"", ""category"": ""스포츠,오락>구민체육센터"", ""description"": NaN, ""telephone"": NaN, ""address"": ""서울특별시 마포구 망원동 450-3"", ""roadAddress"": ""서울특별시 마포구 월드컵로25길 190"", ""mapx"": 1268970048, ""mapy"": 375568012, ""dong"": ""합정동"", ""category_keyword"": ""볼링장""}",2026-09-14T03:22:54.962536+00:00
af9edea6-b0de-520a-b907-95d2dd18876e,오늘소풍 파티룸 합정점,"서비스,산업>장소대여",서울특별시 마포구 합정동 368-41 4층,서울특별시 마포구 토정로3안길 28 4층,37.5459029,126.9156369,,,,,['모임'],합정동,,,local,,"{""title"": ""오늘소풍 파티룸 합정점"", ""link"": NaN, ""category"": ""서비스,산업>장소대여"", ""description"": NaN, ""telephone"": NaN, ""address"": ""서울특별시 마포구 합정동 368-41 4층"", ""roadAddress"": ""서울특별시 마포구 토정로3안길 28 4층"", ""mapx"": 1269156369, ""mapy"": 375459029, ""dong"": ""합정동"", ""category_keyword"": ""보드게임카페""}",2026-09-14T03:22:54.962620+00:00
0e10640a-df5f-5f9f-b30b-abfaec132e0a,몽글,"서비스,산업>장소대여",서울특별시 마포구 합정동 373-4 6층 605호,서울특별시 마포구 독막로 10 6층 605호,37.5484856,126.9144802,https://www.spacecloud.kr/space/65873,,,,['모임'],합정동,,,local,,"{""title"": ""몽글"", ""link"": ""https://www.spacecloud.kr/space/65873"", ""category"": ""서비스,산업>장소대여"", ""description"": NaN, ""telephone"": NaN, ""address"": ""서울특별시 마포구 합정동 373-4 6층 605호"", ""roadAddress"": ""서울특별시 마포구 독막로 10 6층 605호"", ""mapx"": 1269144802, ""mapy"": 375484856, ""dong"": ""합정동"", ""category_keyword"": ""보드게임카페""}",2026-09-14T03:22:54.962688+00:00
81930ca6-cdac-5225-a028-5a9a478c17b7,리버당구장,"스포츠,오락>당구장",서울특별시 마포구 합정동 387-20 3층 리버당구장,서울특별시 마포구 양화로3길 15 3층 리버당구장,37.5496393,126.9114854,,,,,"['모임', '시끌벅적함']",합정동,,,local,,"{""title"": ""리버<b>당구장</b>"", ""link"": NaN, ""category"": ""스포츠,오락>당구장"", ""description"": NaN, ""telephone"": NaN, ""address"": ""서울특별시 마포구 합정동 387-20 3층 리버당구장"", ""roadAddress"": ""서울특별시 마포구 양화로3길 15 3층 리버당구장"", ""mapx"": 1269114854, ""mapy"": 375496393, ""dong"": ""합정동"", ""category_keyword"": ""당구장""}",2026-09-14T03:22:54.962745+00:00
0603aa53-7108-55e4-98be-7cda8b5886ff,합정당구클럽,"스포츠,오락>당구장",서울특별시 마포구 합정동 374-1,서울특별시 마포구 양화로 36,37.5485054,126.9133324,,,,,"['모임', '시끌벅적함']",합정동,,,local,,"{""title"": ""합정당구클럽"", ""link"": NaN, ""category"": ""스포츠,오락>당구장"", ""description"": NaN, ""telephone"": NaN, ""address"": ""서울특별시 마포구 합정동 374-1"", ""roadAddress"": ""서울특별시 마포구 양화로 36"", ""mapx"": 1269133324, ""mapy"": 375485054, ""dong"": ""합정동"", ""category_keyword"": ""당구장""}",2026-09-14T03:22:54.962800+00:00
4f100522-03ca-5fff-af5f-8a2424d85fdc,합정모나코당구장,"스포츠,오락>당구장",서울특별시 마포구 합정동 392-3 비동 지하,서울특별시 마포구 양화로1길 21 비동 지하,37.5495924,126.9104481,,,,,"['모임', '시끌벅적함']",합정동,,,local,,"{""title"": ""합정모나코<b>당구장</b>"", ""link"": NaN, ""category"": ""스포츠,오락>당구장"", ""description"": NaN, ""telephone"": NaN, ""address"": ""서울특별시 마포구 합정동 392-3 비동 지하"", ""roadAddress"": ""서울특별시 마포구 양화로1길 21 비동 지하"", ""mapx"": 1269104481, ""mapy"": 375495924, ""dong"": ""합정동"", ""category_keyword"": ""당구장""}",2026-09-14T03:22:54.962856+00:00
390802a2-d297-5b30-8ae7-9aad99e13fcf,벌툰 봉화당 망원역점,"스포츠,오락>만화방",서울특별시 마포구 망원동 377-2 3층 만화카페 벌툰,서울특별시 마포구 월드컵로 85 3층 만화카페 벌툰,37.5563363,126.9095425,https://www.instagram.com/beetoon_mangwon/,,,,"['혼밥', '조용함']",합정동,,,local,,"{""title"": ""벌툰 봉화당 망원역점"", ""link"": ""https://www.instagram.com/beetoon_mangwon/"", ""category"": ""스포츠,오락>만화방"", ""description"": NaN, ""telephone"": NaN, ""address"": ""서울특별시 마포구 망원동 377-2 3층 만화카페 벌툰"", ""roadAddress"": ""서울특별시 마포구 월드컵로 85 3층 만화카페 벌툰"", ""mapx"": 1269095425, ""mapy"": 375563363, ""dong"": ""합정동"", ""category_keyword"": ""만화카페""}",2026-09-14T03:22:54.962911+00:00
aa578059-d8fe-5c69-913d-e4aee06734df,윙키핑키,고양이카페,서울특별시 영등포구 양평동5가 55-1 2층,서울특별시 영등포구 양평로 148 2층,37.5393337,126.8918076,https://www.instagram.com/winkypinky_cat_house,,,,"['데이트', '사진맛집', '힙함']",합정동,,,local,,"{""title"": ""윙키핑키"", ""link"": ""https://www.instagram.com/winkypinky_cat_house"", ""category"": ""고양이카페"", ""description"": NaN, ""telephone"": NaN, ""address"": ""서울특별시 영등포구 양평동5가 55-1 2층"", ""roadAddress"": ""서울특별시 영등포구 양평로 148 2층"", ""mapx"": 1268918076, ""mapy"": 375393337, ""dong"": ""합정동"", ""category_keyword"": ""키즈카페""}",2026-09-14T03:22:54.962965+00:00
8cf1040a-726b-50a5-98d7-104fe80bd0d5,쁘띠몽드 마포중앙도서관점,"키즈카페,실내놀이터",서울특별시 마포구 성산동 275-3 마포중앙도서관 1층 쁘띠몽드,서울특별시 마포구 성산로 128 마포중앙도서관 1층 쁘띠몽드,37.5640197,126.9081832,http://instagram.com/petitmonde_mapo,,,,"['가족동반', '힙함']",합정동,,,local,,"{""title"": ""쁘띠몽드 마포중앙도서관점"", ""link"": ""http://instagram.com/petitmonde_mapo"", ""category"": ""키즈카페,실내놀이터"", ""description"": NaN, ""telephone"": NaN, ""address"": ""서울특별시 마포구 성산동 275-3 마포중앙도서관 1층 쁘띠몽드"", ""roadAddress"": ""서울특별시 마포구 성산로 128 마포중앙도서관 1층 쁘띠몽드"", ""mapx"": 1269081832, ""mapy"": 375640197, ""dong"": ""합정동"", ""category_keyword"": ""키즈카페""}",2026-09-14T03:22:54.963035+00:00
d3f42002-20af-5a93-8612-54fab1359780,점프업,"키즈카페,실내놀이터",서울특별시 마포구 성산동 275-3 마포중앙도서관 지하1층,서울특별시 마포구 성산로 128 마포중앙도서관 지하1층,37.564078,126.9083969,,,,,"['가족동반', '힙함']",합정동,,,local,,"{""title"": ""점프업"", ""link"": NaN, ""category"": ""키즈카페,실내놀이터"", ""description"": NaN, ""telephone"": NaN, ""address"": ""서울특별시 마포구 성산동 275-3 마포중앙도서관 지하1층"", ""roadAddress"": ""서울특별시 마포구 성산로 128 마포중앙도서관 지하1층"", ""mapx"": 1269083969, ""mapy"": 375640780, ""dong"": ""합정동"", ""category_keyword"": ""키즈카페""}",2026-09-14T03:22:54.963094+00:00
58d1acbe-bd1f-539d-8529-22746e87d224,방그리방방,"키즈카페,실내놀이터",서울특별시 마포구 망원동 435-1 지하1층 방그리방방,서울특별시 마포구 방울내로 67 지하1층 방그리방방,37.5600961,126.902749,https://www.instagram.com/banglibangbang,,,,"['가족동반', '힙함']",합정동,,,local,,"{""title"": ""방그리방방"", ""link"": ""https://www.instagram.com/banglibangbang"", ""category"": ""키즈카페,실내놀이터"", ""description"": NaN, ""telephone"": NaN, ""address"": ""서울특별시 마포구 망원동 435-1 지하1층 방그리방방"", ""roadAddress"": ""서울특별시 마포구 방울내로 67 지하1층 방그리방방"", ""mapx"": 1269027490, ""mapy"": 375600961, ""dong"": ""합정동"", ""category_keyword"": ""키즈카페""}",2026-09-14T03:22:54.963149+00:00
a61abab2-a9eb-5f05-b37d-23fcf92aec61,스트라이크존 서울 선유도구장,스포츠시설>스크린야구장,서울특별시 영등포구 양평동3가 101 아파트 내 상가 3층,서울특별시 영등포구 선유로 207 아파트 내 상가 3층,37.531383,126.8939043,http://strikezon.com/,,,,['모임'],합정동,,,local,,"{""title"": ""스트라이크존 서울 선유도구장"", ""link"": ""http://strikezon.com/"", ""category"": ""스포츠시설>스크린야구장"", ""description"": NaN, ""telephone"": NaN, ""address"": ""서울특별시 영등포구 양평동3가 101 아파트 내 상가 3층"", ""roadAddress"": ""서울특별시 영등포구 선유로 207 아파트 내 상가 3층"", ""mapx"": 1268939043, ""mapy"": 375313830, ""dong"": ""합정동"", ""category_keyword"": ""스크린야구""}",2026-09-14T03:22:54.963260+00:00
b2388a7a-8560-5ef9-9e81-41bee8780f07,쏘플파티룸 겜플렉스 홍대점,"서비스,산업>장소대여",서울특별시 마포구 합정동 355-11,서울특별시 마포구 독막로8길 19,37.5470326,126.9181357,https://ssople.com/#/map315089,,,,['모임'],합정동,,,local,,"{""title"": ""쏘플파티룸 겜플렉스 홍대점"", ""link"": ""https://ssople.com/#/map315089"", ""category"": ""서비스,산업>장소대여"", ""description"": NaN, ""telephone"": NaN, ""address"": ""서울특별시 마포구 합정동 355-11"", ""roadAddress"": ""서울특별시 마포구 독막로8길 19"", ""mapx"": 1269181357, ""mapy"": 375470326, ""dong"": ""합정동"", ""category_keyword"": ""노래방""}",2026-09-14T03:22:54.963311+00:00
8fd4902d-e1ae-51e8-8f02-e1978b429859,보리노래연습장,"스포츠,오락>노래방",서울특별시 마포구 합정동 387-3 지하1층,서울특별시 마포구 월드컵로3길 31 지하1층,37.5502078,126.9110467,,,,,"['모임', '시끌벅적함']",합정동,,,local,,"{""title"": ""보리노래연습장"", ""link"": NaN, ""category"": ""스포츠,오락>노래방"", ""description"": NaN, ""telephone"": NaN, ""address"": ""서울특별시 마포구 합정동 387-3 지하1층"", ""roadAddress"": ""서울특별시 마포구 월드컵로3길 31 지하1층"", ""mapx"": 1269110467, ""mapy"": 375502078, ""dong"": ""합정동"", ""category_keyword"": ""노래방""}",2026-09-14T03:22:54.963363+00:00
fda8d141-0a1f-54d2-94fa-3b788a212fe3,신바람노래방,"스포츠,오락>노래방",서울특별시 마포구 합정동 383-23,서울특별시 마포구 양화로3길 10,37.5494519,126.9117801,,,,,"['모임', '시끌벅적함']",합정동,,,local,,"{""title"": ""신바람<b>노래방</b>"", ""link"": NaN, ""category"": ""스포츠,오락>노래방"", ""description"": NaN, ""telephone"": NaN, ""address"": ""서울특별시 마포구 합정동 383-23"", ""roadAddress"": ""서울특별시 마포구 양화로3길 10"", ""mapx"": 1269117801, ""mapy"": 375494519, ""dong"": ""합정동"", ""category_keyword"": ""노래방""}",2026-09-14T03:22:54.963418+00:00
1cfd9850-c1bf-500e-a251-7bccb5e8c941,쓰리팝PC방,"스포츠,오락>PC방",서울특별시 마포구 합정동 383-20 지하1층 쓰리팝PC방,서울특별시 마포구 양화로3길 6 지하1층 쓰리팝PC방,37.5491636,126.9118696,,,,,"['혼밥', '모임']",합정동,,,local,,"{""title"": ""쓰리팝<b>PC방</b>"", ""link"": NaN, ""category"": ""스포츠,오락>PC방"", ""description"": NaN, ""telephone"": NaN, ""address"": ""서울특별시 마포구 합정동 383-20 지하1층 쓰리팝PC방"", ""roadAddress"": ""서울특별시 마포구 양화로3길 6 지하1층 쓰리팝PC방"", ""mapx"": 1269118696, ""mapy"": 375491636, ""dong"": ""합정동"", ""category_keyword"": ""PC방""}",2026-09-14T03:22:54.963475+00:00
3715b6fa-8b7f-5373-8520-133d61089a01,긱스타 PC CAFE,"스포츠,오락>PC방",서울특별시 마포구 합정동 472 딜라이트 스퀘어 1차 로비층 102~104호,서울특별시 마포구 월드컵로1길 14 딜라이트 스퀘어 1차 로비층 102~104호,37.5502147,126.9121419,,,,,"['혼밥', '모임']",합정동,,,local,,"{""title"": ""긱스타 PC CAFE"", ""link"": NaN, ""category"": ""스포츠,오락>PC방"", ""description"": NaN, ""telephone"": NaN, ""address"": ""서울특별시 마포구 합정동 472 딜라이트 스퀘어 1차 로비층 102~104호"", ""roadAddress"": ""서울특별시 마포구 월드컵로1길 14 딜라이트 스퀘어 1차 로비층 102~104호"", ""mapx"": 1269121419, ""mapy"": 375502147, ""dong"": ""합정동"", ""category_keyword"": ""PC방""}",2026-09-14T03:22:54.963534+00:00
9aa14668-af8d-5da5-b921-6d4f504f5a11,아우토반 합정점,"스포츠,오락>PC방",서울특별시 마포구 합정동 434-1,서울특별시 마포구 포은로 48,37.5518156,126.9070805,,,,,"['혼밥', '모임']",합정동,,,local,,"{""title"": ""아우토반 합정점"", ""link"": NaN, ""category"": ""스포츠,오락>PC방"", ""description"": NaN, ""telephone"": NaN, ""address"": ""서울특별시 마포구 합정동 434-1"", ""roadAddress"": ""서울특별시 마포구 포은로 48"", ""mapx"": 1269070805, ""mapy"": 375518156, ""dong"": ""합정동"", ""category_keyword"": ""PC방""}",2026-09-14T03:22:54.963588+00:00
065c8758-2ec3-59bf-87f7-3889b68b53d1,삼일사우나,"생활,편의>목욕탕,사우나",서울특별시 마포구 망원동 386-14,서울특별시 마포구 월드컵로 59,37.55441,126.91131,,,,,"['가족동반', '조용함']",합정동,,,local,,"{""title"": ""삼일사우나"", ""link"": NaN, ""category"": ""생활,편의>목욕탕,사우나"", ""description"": NaN, ""telephone"": NaN, ""address"": ""서울특별시 마포구 망원동 386-14"", ""roadAddress"": ""서울특별시 마포구 월드컵로 59"", ""mapx"": 1269113100, ""mapy"": 375544100, ""dong"": ""합정동"", ""category_keyword"": ""찜질방""}",2026-09-14T03:22:54.963646+00:00
a27a88a7-eb5a-5221-8cbb-9d12b2750c2f,메디스톤 망원점,"생활,편의>찜질방",서울특별시 마포구 망원동 424-29,서울특별시 마포구 월드컵로25길 52,37.5580363,126.9048884,,,,,"['가족동반', '조용함']",합정동,,,local,,"{""title"": ""메디스톤 망원점"", ""link"": NaN, ""category"": ""생활,편의>찜질방"", ""description"": NaN, ""telephone"": NaN, ""address"": ""서울특별시 마포구 망원동 424-29"", ""roadAddress"": ""서울특별시 마포구 월드컵로25길 52"", ""mapx"": 1269048884, ""mapy"": 375580363, ""dong"": ""합정동"", ""category_keyword"": ""찜질방""}",2026-09-14T03:22:54.963701+00:00
f457cc1f-a1dc-5dc5-b4fe-573230e35e73,진심을다한스파,"생활,편의>목욕,찜질",서울특별시 마포구 망원동 486-12 502호,서울특별시 마포구 포은로8길 29 502호,37.5567274,126.9063327,,,,,"['가족동반', '조용함']",합정동,,,local,,"{""title"": ""진심을다한스파"", ""link"": NaN, ""category"": ""생활,편의>목욕,찜질"", ""description"": NaN, ""telephone"": NaN, ""address"": ""서울특별시 마포구 망원동 486-12 502호"", ""roadAddress"": ""서울특별시 마포구 포은로8길 29 502호"", ""mapx"": 1269063327, ""mapy"": 375567274, ""dong"": ""합정동"", ""category_keyword"": ""찜질방""}",2026-09-14T03:22:54.963755+00:00
fa232a05-82bb-50f1-82b8-54435dc091ea,서울볼더스 선유,"스포츠,오락>암벽등반",서울특별시 영등포구 양평동6가 13-1 3층,서울특별시 영등포구 양평로28마길 7 3층,37.542178,126.8910239,https://www.instagram.com/seoulboulders_seonyu/,,,,"['데이트', '모임']",합정동,,,local,,"{""title"": ""서울볼더스 선유"", ""link"": ""https://www.instagram.com/seoulboulders_seonyu/"", ""category"": ""스포츠,오락>암벽등반"", ""description"": NaN, ""telephone"": NaN, ""address"": ""서울특별시 영등포구 양평동6가 13-1 3층"", ""roadAddress"": ""서울특별시 영등포구 양평로28마길 7 3층"", ""mapx"": 1268910239, ""mapy"": 375421780, ""dong"": ""합정동"", ""category_keyword"": ""클라이밍""}",2026-09-14T03:22:54.963807+00:00
9848ca40-b646-53bc-bdad-e56d4c55b691,홍대클라이밍센터,"스포츠,오락>암벽등반",서울특별시 마포구 성산동 630-10 순선빌딩 지하,서울특별시 마포구 동교로23길 105 순선빌딩 지하,37.5596798,126.9173483,https://www.facebook.com/www.hongdaeclimbing.co.kr,,,,"['데이트', '모임']",합정동,,,local,,"{""title"": ""홍대<b>클라이밍</b>센터"", ""link"": ""https://www.facebook.com/www.hongdaeclimbing.co.kr"", ""category"": ""스포츠,오락>암벽등반"", ""description"": NaN, ""telephone"": NaN, ""address"": ""서울특별시 마포구 성산동 630-10 순선빌딩 지하"", ""roadAddress"": ""서울특별시 마포구 동교로23길 105 순선빌딩 지하"", ""mapx"": 1269173483, ""mapy"": 375596798, ""dong"": ""합정동"", ""category_keyword"": ""클라이밍""}",2026-09-14T03:22:54.963863+00:00
77634908-23e7-52bb-8db0-340d9fcc49a2,서종국클라이밍,"스포츠,오락>암벽등반",서울특별시 영등포구 양평동4가 277-1,서울특별시 영등포구 선유로53길 6,37.5371824,126.8976803,http://cafe.daum.net/seojongkukclimbing,,,,"['데이트', '모임']",합정동,,,local,,"{""title"": ""서종국<b>클라이밍</b>"", ""link"": ""http://cafe.daum.net/seojongkukclimbing"", ""category"": ""스포츠,오락>암벽등반"", ""description"": NaN, ""telephone"": NaN, ""address"": ""서울특별시 영등포구 양평동4가 277-1"", ""roadAddress"": ""서울특별시 영등포구 선유로53길 6"", ""mapx"": 1268976803, ""mapy"": 375371824, ""dong"": ""합정동"", ""category_keyword"": ""클라이밍""}",2026-09-14T03:22:54.963920+00:00
93abaa4c-21a3-5092-8469-03b77e7e4f46,클라임러버,"쇼핑,유통>등산용품",서울특별시 영등포구 당산동6가 326-9 201호,서울특별시 영등포구 당산로49길 12 201호,37.535973,126.9019258,http://www.climblover.com,,,,[],합정동,,,local,,"{""title"": ""클라임러버"", ""link"": ""http://www.climblover.com"", ""category"": ""쇼핑,유통>등산용품"", ""description"": NaN, ""telephone"": NaN, ""address"": ""서울특별시 영등포구 당산동6가 326-9 201호"", ""roadAddress"": ""서울특별시 영등포구 당산로49길 12 201호"", ""mapx"": 1269019258, ""mapy"": 375359730, ""dong"": ""합정동"", ""category_keyword"": ""클라이밍""}",2026-09-14T03:22:54.963975+00:00
7f50d504-12d0-5e21-b2f5-8d5d962078e3,어반플랜트 합정,음식점>브런치,서울특별시 마포구 합정동 360-3 어반플랜트 합정,서울특별시 마포구 독막로6길 35 어반플랜트 합정,37.5464712,126.9170914,http://www.instagram.com/urbanplant_official/,,,,"['데이트', '사진맛집']",합정동,,,local,,"{""title"": ""어반플랜트 합정"", ""link"": ""http://www.instagram.com/urbanplant_official/"", ""category"": ""음식점>브런치"", ""description"": NaN, ""telephone"": NaN, ""address"": ""서울특별시 마포구 합정동 360-3 어반플랜트 합정"", ""roadAddress"": ""서울특별시 마포구 독막로6길 35 어반플랜트 합정"", ""mapx"": 1269170914, ""mapy"": 375464712, ""dong"": ""합정동"", ""category_keyword"": ""카페""}",2026-09-14T03:22:54.964031+00:00
050d7997-07b2-57c7-b0ef-f9165ac7d749,해머플레이스,"음식점>카페,디저트",서울특별시 마포구 합정동 355-7 1층,서울특별시 마포구 독막로8길 15-9 1층,37.5469253,126.918318,https://www.instagram.com/hammerplace,,,,['데이트'],합정동,,,local,,"{""title"": ""해머플레이스"", ""link"": ""https://www.instagram.com/hammerplace"", ""category"": ""음식점>카페,디저트"", ""description"": NaN, ""telephone"": NaN, ""address"": ""서울특별시 마포구 합정동 355-7 1층"", ""roadAddress"": ""서울특별시 마포구 독막로8길 15-9 1층"", ""mapx"": 1269183180, ""mapy"": 375469253, ""dong"": ""합정동"", ""category_keyword"": ""카페""}",2026-09-14T03:22:54.964108+00:00
787cb113-ba69-5690-bbe1-73feb1755425,스타벅스 합정점,"카페,디저트>카페","서울특별시 마포구 합정동 472 마포한강푸르지오 110, 111, 112-2","서울특별시 마포구 월드컵로1길 14 (합정동) 마포한강푸르지오 110, 111, 112-2",37.5499788,126.9125403,http://www.starbucks.co.kr/,,,,"['감성적', '사진맛집', '힙함']",합정동,,,local,,"{""title"": ""스타벅스 합정점"", ""link"": ""http://www.starbucks.co.kr/"", ""category"": ""카페,디저트>카페"", ""description"": NaN, ""telephone"": NaN, ""address"": ""서울특별시 마포구 합정동 472 마포한강푸르지오 110, 111, 112-2"", ""roadAddress"": ""서울특별시 마포구 월드컵로1길 14 (합정동) 마포한강푸르지오 110, 111, 112-2"", ""mapx"": 1269125403, ""mapy"": 375499788, ""dong"": ""합정동"", ""category_keyword"": ""카페""}",2026-09-14T03:22:54.964175+00:00
541c0e90-780e-5c44-8c0e-fe7a74c83ee7,투썸플레이스 합정역점,"카페,디저트>카페",서울특별시 마포구 합정동 414-3 2층,서울특별시 마포구 독막로 5 2층,37.5489611,126.9143241,https://mo.twosome.co.kr/mn/menuInfoList.do?grtCd=4&pMidCd=07,,,,"['감성적', '사진맛집', '힙함']",합정동,,,local,,"{""title"": ""투썸플레이스 합정역점"", ""link"": ""https://mo.twosome.co.kr/mn/menuInfoList.do?grtCd=4&pMidCd=07"", ""category"": ""카페,디저트>카페"", ""description"": NaN, ""telephone"": NaN, ""address"": ""서울특별시 마포구 합정동 414-3 2층"", ""roadAddress"": ""서울특별시 마포구 독막로 5 2층"", ""mapx"": 1269143241, ""mapy"": 375489611, ""dong"": ""합정동"", ""category_keyword"": ""카페""}",2026-09-14T03:22:54.964234+00:00
3c67d723-3960-5981-9070-9ddd168c9d35,앤트러사이트 합정점,"음식점>카페,디저트",서울특별시 마포구 합정동 357-6,서울특별시 마포구 토정로5길 10,37.5458323,126.9184372,https://www.instagram.com/anthracite_coffee_hapjeong/,,,,['힙함'],합정동,,,local,,"{""title"": ""앤트러사이트 합정점"", ""link"": ""https://www.instagram.com/anthracite_coffee_hapjeong/"", ""category"": ""음식점>카페,디저트"", ""description"": NaN, ""telephone"": NaN, ""address"": ""서울특별시 마포구 합정동 357-6"", ""roadAddress"": ""서울특별시 마포구 토정로5길 10"", ""mapx"": 1269184372, ""mapy"": 375458323, ""dong"": ""합정동"", ""category_keyword"": ""카페""}",2026-09-14T03:22:54.964289+00:00
4129017a-8f11-5739-9582-f52dee3c3a28,뉴욕아파트먼트,음식점>양식,서울특별시 마포구 합정동 473,서울특별시 마포구 월드컵로3길 14,37.5509062,126.9122609,,,,,['데이트'],합정동,,,local,,"{""title"": ""뉴욕아파트먼트"", ""link"": NaN, ""category"": ""음식점>양식"", ""description"": NaN, ""telephone"": NaN, ""address"": ""서울특별시 마포구 합정동 473"", ""roadAddress"": ""서울특별시 마포구 월드컵로3길 14"", ""mapx"": 1269122609, ""mapy"": 375509062, ""dong"": ""합정동"", ""category_keyword"": ""맛집""}",2026-09-14T03:22:54.964341+00:00
8e6122d5-f104-5462-a1e7-d796827561b0,금성회관 합정본점,"한식>육류,고기요리",서울특별시 마포구 합정동 411-2 1층,서울특별시 마포구 양화로6길 78 1층,37.5483547,126.9184193,http://www.gumseong.com/,,,,"['모임', '가족동반']",합정동,,,local,,"{""title"": ""금성회관 합정본점"", ""link"": ""http://www.gumseong.com/"", ""category"": ""한식>육류,고기요리"", ""description"": NaN, ""telephone"": NaN, ""address"": ""서울특별시 마포구 합정동 411-2 1층"", ""roadAddress"": ""서울특별시 마포구 양화로6길 78 1층"", ""mapx"": 1269184193, ""mapy"": 375483547, ""dong"": ""합정동"", ""category_keyword"": ""맛집""}",2026-09-14T03:22:54.964393+00:00
4e7b461e-fc6b-5077-961c-2b83dad5c7bf,빕스 합정점,음식점>패밀리레스토랑,서울특별시 마포구 합정동 472 딜라이트스퀘어 A동 1차 지하2층 vips,서울특별시 마포구 월드컵로1길 14 딜라이트스퀘어 A동 1차 지하2층 vips,37.5500768,126.9118116,http://www.ivips.co.kr,,,,"['가족동반', '힙함']",합정동,,,local,,"{""title"": ""빕스 합정점"", ""link"": ""http://www.ivips.co.kr"", ""category"": ""음식점>패밀리레스토랑"", ""description"": NaN, ""telephone"": NaN, ""address"": ""서울특별시 마포구 합정동 472 딜라이트스퀘어 A동 1차 지하2층 vips"", ""roadAddress"": ""서울특별시 마포구 월드컵로1길 14 딜라이트스퀘어 A동 1차 지하2층 vips"", ""mapx"": 1269118116, ""mapy"": 375500768, ""dong"": ""합정동"", ""category_keyword"": ""맛집""}",2026-09-14T03:22:54.964449+00:00
d0a41972-aab8-54df-bfa9-593111e8d009,오레노라멘 본점,음식점>일식>일본식라면,서울특별시 마포구 합정동 362-3 1층 오레노라멘,서울특별시 마포구 독막로8길 16 1층 오레노라멘,37.5472309,126.9178414,https://www.orenoramen.co.kr/,,,,"['혼밥', '힙함']",합정동,,,local,,"{""title"": ""오레노라멘 본점"", ""link"": ""https://www.orenoramen.co.kr/"", ""category"": ""음식점>일식>일본식라면"", ""description"": NaN, ""telephone"": NaN, ""address"": ""서울특별시 마포구 합정동 362-3 1층 오레노라멘"", ""roadAddress"": ""서울특별시 마포구 독막로8길 16 1층 오레노라멘"", ""mapx"": 1269178414, ""mapy"": 375472309, ""dong"": ""합정동"", ""category_keyword"": ""맛집""}",2026-09-14T03:22:54.964502+00:00
e971c271-508d-5859-91a8-8277f85aecde,교집합,술집>요리주점,서울특별시 마포구 합정동 364-28 상록수빌딩 지하1층,서울특별시 마포구 독막로 14 상록수빌딩 지하1층,37.5484269,126.914912,https://www.instagram.com/gyoziphop_,,,,"['감성적', '모임']",합정동,,,local,,"{""title"": ""교집합"", ""link"": ""https://www.instagram.com/gyoziphop_"", ""category"": ""술집>요리주점"", ""description"": NaN, ""telephone"": NaN, ""address"": ""서울특별시 마포구 합정동 364-28 상록수빌딩 지하1층"", ""roadAddress"": ""서울특별시 마포구 독막로 14 상록수빌딩 지하1층"", ""mapx"": 1269149120, ""mapy"": 375484269, ""dong"": ""합정동"", ""category_keyword"": ""술집""}",2026-09-14T03:22:54.964555+00:00
bcbd4352-942a-5645-bc90-8010713dca6b,호맥 합정점,"술집>맥주,호프",서울특별시 마포구 합정동 412-8 대웅빌딩 1층 호맥,서울특별시 마포구 독막로5길 5 대웅빌딩 1층 호맥,37.5484775,126.9179106,http://instagram.com/homac_hj,,,,['감성적'],합정동,,,local,,"{""title"": ""호맥 합정점"", ""link"": ""http://instagram.com/homac_hj"", ""category"": ""술집>맥주,호프"", ""description"": NaN, ""telephone"": NaN, ""address"": ""서울특별시 마포구 합정동 412-8 대웅빌딩 1층 호맥"", ""roadAddress"": ""서울특별시 마포구 독막로5길 5 대웅빌딩 1층 호맥"", ""mapx"": 1269179106, ""mapy"": 375484775, ""dong"": ""합정동"", ""category_keyword"": ""술집""}",2026-09-14T03:22:54.964608+00:00
6d55aa72-a232-5078-a207-35104674e335,동백가옥 합정점,술집>요리주점,서울특별시 마포구 합정동 413-16 1층 동백가옥 합정점,서울특별시 마포구 양화로6길 38 1층 동백가옥 합정점,37.5488525,126.9162338,https://www.instagram.com/dongbaekgaok_hapjeong,,,,"['모임', '시끌벅적함']",합정동,,,local,,"{""title"": ""동백가옥 합정점"", ""link"": ""https://www.instagram.com/dongbaekgaok_hapjeong"", ""category"": ""술집>요리주점"", ""description"": NaN, ""telephone"": NaN, ""address"": ""서울특별시 마포구 합정동 413-16 1층 동백가옥 합정점"", ""roadAddress"": ""서울특별시 마포구 양화로6길 38 1층 동백가옥 합정점"", ""mapx"": 1269162338, ""mapy"": 375488525, ""dong"": ""합정동"", ""category_keyword"": ""술집""}",2026-09-14T03:22:54.964660+00:00
9d137f3c-d98a-54c9-8d39-f478d945dc66,토끼다이닝 합정점,술집>요리주점,서울특별시 마포구 합정동 412-8 2층,서울특별시 마포구 독막로5길 5 2층,37.5484701,126.9178803,https://booking.naver.com/booking/6/bizes/929214/items/5141777?area=ple,,,,['데이트'],합정동,,,local,,"{""title"": ""토끼다이닝 합정점"", ""link"": ""https://booking.naver.com/booking/6/bizes/929214/items/5141777?area=ple"", ""category"": ""술집>요리주점"", ""description"": NaN, ""telephone"": NaN, ""address"": ""서울특별시 마포구 합정동 412-8 2층"", ""roadAddress"": ""서울특별시 마포구 독막로5길 5 2층"", ""mapx"": 1269178803, ""mapy"": 375484701, ""dong"": ""합정동"", ""category_keyword"": ""술집""}",2026-09-14T03:22:54.964712+00:00
ba52bd73-9027-5366-a3d4-b57ff0fbb93f,독타운피자,음식점>피자,서울특별시 마포구 합정동 412-31 2층,서울특별시 마포구 양화로6길 48 2층,37.5487054,126.9167886,https://www.instagram.com/6sony_booster?igsh=aWpkYTlreHM1ajI2,,,,['힙함'],합정동,,,local,,"{""title"": ""독타운피자"", ""link"": ""https://www.instagram.com/6sony_booster?igsh=aWpkYTlreHM1ajI2"", ""category"": ""음식점>피자"", ""description"": NaN, ""telephone"": NaN, ""address"": ""서울특별시 마포구 합정동 412-31 2층"", ""roadAddress"": ""서울특별시 마포구 양화로6길 48 2층"", ""mapx"": 1269167886, ""mapy"": 375487054, ""dong"": ""합정동"", ""category_keyword"": ""술집""}",2026-09-14T03:22:54.964766+00:00
7e793b69-bf93-5084-b016-83c13a38378a,맥코인노래연습장,오락시설>노래방,서울특별시 마포구 망원동 377-19 3층 맥코인노래연습장,서울특별시 마포구 월드컵로 81 3층 맥코인노래연습장,37.5560911,126.9097393,http://instagram.com/maccoin_1,,,,"['모임', '시끌벅적함']",망원동,,,local,,"{""title"": ""맥코인노래연습장"", ""link"": ""http://instagram.com/maccoin_1"", ""category"": ""오락시설>노래방"", ""description"": NaN, ""telephone"": NaN, ""address"": ""서울특별시 마포구 망원동 377-19 3층 맥코인노래연습장"", ""roadAddress"": ""서울특별시 마포구 월드컵로 81 3층 맥코인노래연습장"", ""mapx"": 1269097393, ""mapy"": 375560911, ""dong"": ""망원동"", ""category_keyword"": ""오락실""}",2026-09-14T03:22:54.964819+00:00
18deb8a2-40b2-57a2-bcd3-de2adfaee63e,퍼니랜드 망원점,"스포츠,오락>오락실",서울특별시 마포구 망원동 377-15 1층,서울특별시 마포구 월드컵로13길 12 1층,37.5557188,126.9095897,,,,,"['모임', '시끌벅적함', '사진맛집']",망원동,,,local,,"{""title"": ""퍼니랜드 망원점"", ""link"": NaN, ""category"": ""스포츠,오락>오락실"", ""description"": NaN, ""telephone"": NaN, ""address"": ""서울특별시 마포구 망원동 377-15 1층"", ""roadAddress"": ""서울특별시 마포구 월드컵로13길 12 1층"", ""mapx"": 1269095897, ""mapy"": 375557188, ""dong"": ""망원동"", ""category_keyword"": ""오락실""}",2026-09-14T03:22:54.964870+00:00
bf997681-d0b1-5ae9-a24c-d85600faf762,럭키캐치 망원점,"스포츠,오락>오락실",서울특별시 마포구 망원동 484-5 1층 101호,서울특별시 마포구 월드컵로 103 1층 101호,37.55765,126.9084225,,,,,"['모임', '시끌벅적함', '사진맛집']",망원동,,,local,,"{""title"": ""럭키캐치 망원점"", ""link"": NaN, ""category"": ""스포츠,오락>오락실"", ""description"": NaN, ""telephone"": NaN, ""address"": ""서울특별시 마포구 망원동 484-5 1층 101호"", ""roadAddress"": ""서울특별시 마포구 월드컵로 103 1층 101호"", ""mapx"": 1269084225, ""mapy"": 375576500, ""dong"": ""망원동"", ""category_keyword"": ""오락실""}",2026-09-14T03:22:54.964921+00:00
caa6415b-3d30-57d7-9239-273d44c17dbb,하이캐치,"스포츠,오락>오락실",서울특별시 마포구 망원동 400-18,서울특별시 마포구 포은로 88,37.5548657,126.9053305,,,,,"['모임', '시끌벅적함', '사진맛집']",망원동,,,local,,"{""title"": ""하이캐치"", ""link"": NaN, ""category"": ""스포츠,오락>오락실"", ""description"": NaN, ""telephone"": NaN, ""address"": ""서울특별시 마포구 망원동 400-18"", ""roadAddress"": ""서울특별시 마포구 포은로 88"", ""mapx"": 1269053305, ""mapy"": 375548657, ""dong"": ""망원동"", ""category_keyword"": ""오락실""}",2026-09-14T03:22:54.964972+00:00
36e79623-8b3e-5608-bf0f-a302cc0adfc1,놀이터집게손,"스포츠,오락>오락실",서울특별시 마포구 망원동 486-39,서울특별시 마포구 망원로 82,37.557437,126.9058937,,,,,"['모임', '시끌벅적함', '사진맛집']",망원동,,,local,,"{""title"": ""놀이터집게손"", ""link"": NaN, ""category"": ""스포츠,오락>오락실"", ""description"": NaN, ""telephone"": NaN, ""address"": ""서울특별시 마포구 망원동 486-39"", ""roadAddress"": ""서울특별시 마포구 망원로 82"", ""mapx"": 1269058937, ""mapy"": 375574370, ""dong"": ""망원동"", ""category_keyword"": ""오락실""}",2026-09-14T03:22:54.965036+00:00
59ca1e4c-2524-5cdb-adf0-a41976177062,엑스이스케이프 홍대상상마당점,방탈출카페,서울특별시 마포구 서교동 364-15 4층 엑스이스케이프 홍대상상마당점,서울특별시 마포구 어울마당로 70 4층 엑스이스케이프 홍대상상마당점,37.5513988,126.9215584,https://xescape.com,,,,"['데이트', '모임', '힙함']",망원동,,,local,,"{""title"": ""엑스이스케이프 홍대상상마당점"", ""link"": ""https://xescape.com"", ""category"": ""방탈출카페"", ""description"": NaN, ""telephone"": NaN, ""address"": ""서울특별시 마포구 서교동 364-15 4층 엑스이스케이프 홍대상상마당점"", ""roadAddress"": ""서울특별시 마포구 어울마당로 70 4층 엑스이스케이프 홍대상상마당점"", ""mapx"": 1269215584, ""mapy"": 375513988, ""dong"": ""망원동"", ""category_keyword"": ""방탈출""}",2026-09-14T03:22:54.965091+00:00
95307556-a96d-542c-889c-2a42b6df7155,딥띵커 방탈출카페,방탈출카페,서울특별시 마포구 서교동 395-17 4층,서울특별시 마포구 잔다리로 23 4층,37.5507441,126.9202179,https://deepthinker.co.kr,,,,"['데이트', '모임', '힙함']",망원동,,,local,,"{""title"": ""딥띵커 <b>방탈출</b>카페"", ""link"": ""https://deepthinker.co.kr"", ""category"": ""방탈출카페"", ""description"": NaN, ""telephone"": NaN, ""address"": ""서울특별시 마포구 서교동 395-17 4층"", ""roadAddress"": ""서울특별시 마포구 잔다리로 23 4층"", ""mapx"": 1269202179, ""mapy"": 375507441, ""dong"": ""망원동"", ""category_keyword"": ""방탈출""}",2026-09-14T03:22:54.965144+00:00
30b5dc34-5c97-561e-a604-07d298c61f6c,HIDE AND SEEK The Origin 홍대,방탈출카페,서울특별시 마포구 동교동 203-57 SANTOH빌딩 지하1층,서울특별시 마포구 월드컵북로6길 24-7 SANTOH빌딩 지하1층,37.5581663,126.9202549,https://play.fuzzyline.io/?room=1,,,,"['데이트', '모임', '힙함']",망원동,,,local,,"{""title"": ""HIDE AND SEEK The Origin 홍대"", ""link"": ""https://play.fuzzyline.io/?room=1"", ""category"": ""방탈출카페"", ""description"": NaN, ""telephone"": NaN, ""address"": ""서울특별시 마포구 동교동 203-57 SANTOH빌딩 지하1층"", ""roadAddress"": ""서울특별시 마포구 월드컵북로6길 24-7 SANTOH빌딩 지하1층"", ""mapx"": 1269202549, ""mapy"": 375581663, ""dong"": ""망원동"", ""category_keyword"": ""방탈출""}",2026-09-14T03:22:54.965198+00:00
bc57ec38-2e1b-5ffc-9a10-24a5164a7746,우리들의 아지트 망원역점,"스포츠,오락>보드카페",서울특별시 마포구 망원동 485-28 3층,서울특별시 마포구 월드컵로23길 20 3층,37.5569797,126.9077139,https://blog.naver.com/roarnia,,,,"['모임', '데이트', '힙함']",망원동,,,local,,"{""title"": ""우리들의 아지트 망원역점"", ""link"": ""https://blog.naver.com/roarnia"", ""category"": ""스포츠,오락>보드카페"", ""description"": NaN, ""telephone"": NaN, ""address"": ""서울특별시 마포구 망원동 485-28 3층"", ""roadAddress"": ""서울특별시 마포구 월드컵로23길 20 3층"", ""mapx"": 1269077139, ""mapy"": 375569797, ""dong"": ""망원동"", ""category_keyword"": ""보드게임카페""}",2026-09-14T03:22:54.965250+00:00
8751b88e-3eca-52a4-af40-e8b07972a900,종점당구장,"스포츠,오락>당구장",서울특별시 마포구 망원동 475-42,서울특별시 마포구 방울내로 66,37.559947,126.902919,,,,,"['모임', '시끌벅적함']",망원동,,,local,,"{""title"": ""종점<b>당구장</b>"", ""link"": NaN, ""category"": ""스포츠,오락>당구장"", ""description"": NaN, ""telephone"": NaN, ""address"": ""서울특별시 마포구 망원동 475-42"", ""roadAddress"": ""서울특별시 마포구 방울내로 66"", ""mapx"": 1269029190, ""mapy"": 375599470, ""dong"": ""망원동"", ""category_keyword"": ""당구장""}",2026-09-14T03:22:54.965304+00:00
db174de1-26f0-507b-9bff-64be5e52f40f,영당구클럽,"스포츠,오락>당구장",서울특별시 마포구 망원동 485-37,서울특별시 마포구 망원로 96,37.5576911,126.9073974,,,,,"['모임', '시끌벅적함']",망원동,,,local,,"{""title"": ""영당구클럽"", ""link"": NaN, ""category"": ""스포츠,오락>당구장"", ""description"": NaN, ""telephone"": NaN, ""address"": ""서울특별시 마포구 망원동 485-37"", ""roadAddress"": ""서울특별시 마포구 망원로 96"", ""mapx"": 1269073974, ""mapy"": 375576911, ""dong"": ""망원동"", ""category_keyword"": ""당구장""}",2026-09-14T03:22:54.965355+00:00
ba8668df-f22c-5a69-9336-7ea86e25359b,코끼리당구장,"스포츠,오락>당구장",서울특별시 마포구 망원동 477-2,서울특별시 마포구 월드컵로 149,37.5609533,126.9053115,,,,,"['모임', '시끌벅적함']",망원동,,,local,,"{""title"": ""코끼리<b>당구장</b>"", ""link"": NaN, ""category"": ""스포츠,오락>당구장"", ""description"": NaN, ""telephone"": NaN, ""address"": ""서울특별시 마포구 망원동 477-2"", ""roadAddress"": ""서울특별시 마포구 월드컵로 149"", ""mapx"": 1269053115, ""mapy"": 375609533, ""dong"": ""망원동"", ""category_keyword"": ""당구장""}",2026-09-14T03:22:54.965406+00:00
18faceed-6d5d-5e83-a445-4e60fcccfeaf,하이 빌리어즈,"스포츠,오락>당구장",서울특별시 마포구 망원동 474-3 지하1층,서울특별시 마포구 월드컵로 155 지하1층,37.5613166,126.9050425,,,,,"['모임', '시끌벅적함']",망원동,,,local,,"{""title"": ""하이 빌리어즈"", ""link"": NaN, ""category"": ""스포츠,오락>당구장"", ""description"": NaN, ""telephone"": NaN, ""address"": ""서울특별시 마포구 망원동 474-3 지하1층"", ""roadAddress"": ""서울특별시 마포구 월드컵로 155 지하1층"", ""mapx"": 1269050425, ""mapy"": 375613166, ""dong"": ""망원동"", ""category_keyword"": ""당구장""}",2026-09-14T03:22:54.965457+00:00
0b02bbe8-1c93-5d72-a1ea-5a6409179ce2,에이스 당구장,"스포츠,오락>당구장",서울특별시 마포구 망원동 378-10 2층,서울특별시 마포구 동교로9길 34 2층,37.5554122,126.9099565,,,,,"['모임', '시끌벅적함']",망원동,,,local,,"{""title"": ""에이스 <b>당구장</b>"", ""link"": NaN, ""category"": ""스포츠,오락>당구장"", ""description"": NaN, ""telephone"": NaN, ""address"": ""서울특별시 마포구 망원동 378-10 2층"", ""roadAddress"": ""서울특별시 마포구 동교로9길 34 2층"", ""mapx"": 1269099565, ""mapy"": 375554122, ""dong"": ""망원동"", ""category_keyword"": ""당구장""}",2026-09-14T03:22:54.965511+00:00
00f89a62-9859-5fb2-ac8b-91a361806a70,까페 빈틈 M,"음식점>카페,디저트",서울특별시 마포구 망원동 423-18,서울특별시 마포구 망원로7길 3-6,37.5577481,126.905292,,,,,"['감성적', '사진맛집', '힙함']",망원동,,,local,,"{""title"": ""까페 빈틈 M"", ""link"": NaN, ""category"": ""음식점>카페,디저트"", ""description"": NaN, ""telephone"": NaN, ""address"": ""서울특별시 마포구 망원동 423-18"", ""roadAddress"": ""서울특별시 마포구 망원로7길 3-6"", ""mapx"": 1269052920, ""mapy"": 375577481, ""dong"": ""망원동"", ""category_keyword"": ""만화카페""}",2026-09-14T03:22:54.965563+00:00
13fd9d8e-1de7-5346-96cf-7d4fd88daa9b,연인노래방파티룸 망원동,"스포츠,오락>노래방",서울특별시 마포구 망원동 378-3 지하1층,서울특별시 마포구 월드컵로 73 지하1층,37.555424,126.9103653,https://www.instagram.com/yeonin_party,,,,"['모임', '시끌벅적함']",망원동,,,local,,"{""title"": ""연인<b>노래방</b>파티룸 <b>망원동</b>"", ""link"": ""https://www.instagram.com/yeonin_party"", ""category"": ""스포츠,오락>노래방"", ""description"": NaN, ""telephone"": NaN, ""address"": ""서울특별시 마포구 망원동 378-3 지하1층"", ""roadAddress"": ""서울특별시 마포구 월드컵로 73 지하1층"", ""mapx"": 1269103653, ""mapy"": 375554240, ""dong"": ""망원동"", ""category_keyword"": ""노래방""}",2026-09-14T03:22:54.965617+00:00
c57f751b-da96-5125-a8dd-e9e826b44756,고고노래연습장,"스포츠,오락>노래방",서울특별시 마포구 망원동 379-3 지하1층,서울특별시 마포구 월드컵로13길 13 지하1층,37.5555903,126.9094799,,,,,"['모임', '시끌벅적함']",망원동,,,local,,"{""title"": ""고고노래연습장"", ""link"": NaN, ""category"": ""스포츠,오락>노래방"", ""description"": NaN, ""telephone"": NaN, ""address"": ""서울특별시 마포구 망원동 379-3 지하1층"", ""roadAddress"": ""서울특별시 마포구 월드컵로13길 13 지하1층"", ""mapx"": 1269094799, ""mapy"": 375555903, ""dong"": ""망원동"", ""category_keyword"": ""노래방""}",2026-09-14T03:22:54.965670+00:00
42b64e61-f1a2-5343-a74e-71406f36f0dd,엔돌핀노래방,"스포츠,오락>노래방",서울특별시 마포구 망원동 386-2 양경회관 지하1층,서울특별시 마포구 월드컵로 65 양경회관 지하1층,37.5548649,126.9108602,,,,,"['모임', '시끌벅적함']",망원동,,,local,,"{""title"": ""엔돌핀<b>노래방</b>"", ""link"": NaN, ""category"": ""스포츠,오락>노래방"", ""description"": NaN, ""telephone"": NaN, ""address"": ""서울특별시 마포구 망원동 386-2 양경회관 지하1층"", ""roadAddress"": ""서울특별시 마포구 월드컵로 65 양경회관 지하1층"", ""mapx"": 1269108602, ""mapy"": 375548649, ""dong"": ""망원동"", ""category_keyword"": ""노래방""}",2026-09-14T03:22:54.965722+00:00
b551a5b0-41d6-5430-9567-2b365c71919a,토마토노래방,"스포츠,오락>노래방",서울특별시 마포구 망원동 418-1 3층,서울특별시 마포구 망원로 24 3층,37.5561156,126.8994627,,,,,"['모임', '시끌벅적함']",망원동,,,local,,"{""title"": ""토마토<b>노래방</b>"", ""link"": NaN, ""category"": ""스포츠,오락>노래방"", ""description"": NaN, ""telephone"": NaN, ""address"": ""서울특별시 마포구 망원동 418-1 3층"", ""roadAddress"": ""서울특별시 마포구 망원로 24 3층"", ""mapx"": 1268994627, ""mapy"": 375561156, ""dong"": ""망원동"", ""category_keyword"": ""노래방""}",2026-09-14T03:22:54.965774+00:00
2a5fa4eb-d118-5b80-b230-ff42c9a91196,제로백 망원점,"스포츠,오락>PC방",서울특별시 마포구 망원동 418-1 지하 1층호,서울특별시 마포구 망원로 24 지하 1층호,37.5560853,126.8994727,,,,,"['혼밥', '모임']",망원동,,,local,,"{""title"": ""제로백 망원점"", ""link"": NaN, ""category"": ""스포츠,오락>PC방"", ""description"": NaN, ""telephone"": NaN, ""address"": ""서울특별시 마포구 망원동 418-1 지하 1층호"", ""roadAddress"": ""서울특별시 마포구 망원로 24 지하 1층호"", ""mapx"": 1268994727, ""mapy"": 375560853, ""dong"": ""망원동"", ""category_keyword"": ""PC방""}",2026-09-14T03:22:54.965830+00:00
398bdd8b-7554-5b0b-b2f1-e97b9732f885,큐스테이지 피씨카페,"스포츠,오락>PC방",서울특별시 마포구 망원동 482-9 지층 큐스테이지 피씨카페,서울특별시 마포구 월드컵로 111 지층 큐스테이지 피씨카페,37.5581853,126.9078399,https://quasarzone.com/,,,,"['혼밥', '모임']",망원동,,,local,,"{""title"": ""큐스테이지 피씨카페"", ""link"": ""https://quasarzone.com/"", ""category"": ""스포츠,오락>PC방"", ""description"": NaN, ""telephone"": NaN, ""address"": ""서울특별시 마포구 망원동 482-9 지층 큐스테이지 피씨카페"", ""roadAddress"": ""서울특별시 마포구 월드컵로 111 지층 큐스테이지 피씨카페"", ""mapx"": 1269078399, ""mapy"": 375581853, ""dong"": ""망원동"", ""category_keyword"": ""PC방""}",2026-09-14T03:22:54.965883+00:00
3f8f18bd-3cd0-5128-9d20-577ba02e1949,쓰리팝코어피씨방,"스포츠,오락>PC방",서울특별시 마포구 망원동 377-2 지하1층,서울특별시 마포구 월드컵로 85 지하1층,37.5563363,126.9095425,,,,,"['혼밥', '모임']",망원동,,,local,,"{""title"": ""쓰리팝코어피씨방"", ""link"": NaN, ""category"": ""스포츠,오락>PC방"", ""description"": NaN, ""telephone"": NaN, ""address"": ""서울특별시 마포구 망원동 377-2 지하1층"", ""roadAddress"": ""서울특별시 마포구 월드컵로 85 지하1층"", ""mapx"": 1269095425, ""mapy"": 375563363, ""dong"": ""망원동"", ""category_keyword"": ""PC방""}",2026-09-14T03:22:54.965935+00:00
5500fee1-ad77-5d7c-86f8-d09c3d68dc8f,제우스PC방 망원우체국사거리점,"스포츠,오락>PC방",서울특별시 마포구 망원동 482-3 2층,서울특별시 마포구 망원로 97 2층,37.5580932,126.9075109,,,,,"['혼밥', '모임']",망원동,,,local,,"{""title"": ""제우스<b>PC방</b> 망원우체국사거리점"", ""link"": NaN, ""category"": ""스포츠,오락>PC방"", ""description"": NaN, ""telephone"": NaN, ""address"": ""서울특별시 마포구 망원동 482-3 2층"", ""roadAddress"": ""서울특별시 마포구 망원로 97 2층"", ""mapx"": 1269075109, ""mapy"": 375580932, ""dong"": ""망원동"", ""category_keyword"": ""PC방""}",2026-09-14T03:22:54.965985+00:00
91b1329d-13f7-58d4-b7af-deeea05e3021,제우스PC 마포구청역점,"스포츠,오락>PC방",서울특별시 마포구 망원동 474-3 가은빌딩 지하1층,서울특별시 마포구 월드컵로 155 가은빌딩 지하1층,37.5613848,126.9049244,,,,,"['혼밥', '모임']",망원동,,,local,,"{""title"": ""제우스PC <b>마포구</b>청역점"", ""link"": NaN, ""category"": ""스포츠,오락>PC방"", ""description"": NaN, ""telephone"": NaN, ""address"": ""서울특별시 마포구 망원동 474-3 가은빌딩 지하1층"", ""roadAddress"": ""서울특별시 마포구 월드컵로 155 가은빌딩 지하1층"", ""mapx"": 1269049244, ""mapy"": 375613848, ""dong"": ""망원동"", ""category_keyword"": ""PC방""}",2026-09-14T03:22:54.966036+00:00
fa62a2b3-721f-55f4-8d2a-d8b7ba2564b0,서울특별시산악문화체험센터,"스포츠,오락>스포츠시설",서울특별시 마포구 상암동 481-231 서울특별시 산악문화체험센터,서울특별시 마포구 하늘공원로 112 서울특별시 산악문화체험센터,37.5692764,126.8799527,https://seoulmccenter.kr,,,,[],망원동,,,local,,"{""title"": ""서울특별시산악문화체험센터"", ""link"": ""https://seoulmccenter.kr"", ""category"": ""스포츠,오락>스포츠시설"", ""description"": NaN, ""telephone"": NaN, ""address"": ""서울특별시 마포구 상암동 481-231 서울특별시 산악문화체험센터"", ""roadAddress"": ""서울특별시 마포구 하늘공원로 112 서울특별시 산악문화체험센터"", ""mapx"": 1268799527, ""mapy"": 375692764, ""dong"": ""망원동"", ""category_keyword"": ""클라이밍""}",2026-09-14T03:22:54.966090+00:00
b6756f3d-90ae-50fd-834a-eb0ccdfc0189,어글리베이커리,"카페,디저트>베이커리",서울특별시 마포구 망원동 400-1 1층 어글리 베이커리,서울특별시 마포구 월드컵로13길 73 1층 어글리 베이커리,37.5550335,126.9060383,http://www.instagram.com/uglybakery,,,,['웨이팅있음'],망원동,,,local,,"{""title"": ""어글리베이커리"", ""link"": ""http://www.instagram.com/uglybakery"", ""category"": ""카페,디저트>베이커리"", ""description"": NaN, ""telephone"": NaN, ""address"": ""서울특별시 마포구 망원동 400-1 1층 어글리 베이커리"", ""roadAddress"": ""서울특별시 마포구 월드컵로13길 73 1층 어글리 베이커리"", ""mapx"": 1269060383, ""mapy"": 375550335, ""dong"": ""망원동"", ""category_keyword"": ""카페""}",2026-09-14T03:22:54.966142+00:00
59ba3fc5-9628-510a-be53-48fd326a7cfa,카페나하 본점,음식점>일식>일식당,서울특별시 마포구 망원동 398-2 2층,서울특별시 마포구 희우정로16길 32 2층,37.5545496,126.9037796,https://app.catchtable.co.kr/ct/shop/cafe_naha,,,,['혼밥'],망원동,,,local,,"{""title"": ""<b>카페</b>나하 본점"", ""link"": ""https://app.catchtable.co.kr/ct/shop/cafe_naha"", ""category"": ""음식점>일식>일식당"", ""description"": NaN, ""telephone"": NaN, ""address"": ""서울특별시 마포구 망원동 398-2 2층"", ""roadAddress"": ""서울특별시 마포구 희우정로16길 32 2층"", ""mapx"": 1269037796, ""mapy"": 375545496, ""dong"": ""망원동"", ""category_keyword"": ""카페""}",2026-09-14T03:22:54.966195+00:00
42949cb5-be91-555d-a0c9-3e2837a24344,티노마드,"음식점>카페,디저트",서울특별시 마포구 망원동 414-83 2층,서울특별시 마포구 포은로 112 2층,37.5569906,126.9046853,http://www.instagram.com/t.nomad_kr,,,,"['조용함', '데이트', '예약필수']",망원동,,,local,,"{""title"": ""티노마드"", ""link"": ""http://www.instagram.com/t.nomad_kr"", ""category"": ""음식점>카페,디저트"", ""description"": NaN, ""telephone"": NaN, ""address"": ""서울특별시 마포구 망원동 414-83 2층"", ""roadAddress"": ""서울특별시 마포구 포은로 112 2층"", ""mapx"": 1269046853, ""mapy"": 375569906, ""dong"": ""망원동"", ""category_keyword"": ""카페""}",2026-09-14T03:22:54.966247+00:00
f0420eee-2bfc-5130-8b03-f461d0e004b9,망원수제고로케,"카페,디저트>베이커리",서울특별시 마포구 망원동 414-44,서울특별시 마포구 망원로 80,37.5573929,126.9056739,,,,,"['감성적', '사진맛집', '힙함']",망원동,,,local,,"{""title"": ""망원수제고로케"", ""link"": NaN, ""category"": ""카페,디저트>베이커리"", ""description"": NaN, ""telephone"": NaN, ""address"": ""서울특별시 마포구 망원동 414-44"", ""roadAddress"": ""서울특별시 마포구 망원로 80"", ""mapx"": 1269056739, ""mapy"": 375573929, ""dong"": ""망원동"", ""category_keyword"": ""카페""}",2026-09-14T03:22:54.966298+00:00
8766c251-2101-573a-a6bf-a9e8e0c3c765,스타벅스 망원한강공원점,"카페,디저트>카페",서울특별시 마포구 망원동 205-5,서울특별시 마포구 마포나루길 435 (망원동),37.5536122,126.8958256,http://www.starbucks.co.kr/,,,,"['감성적', '사진맛집', '힙함']",망원동,,,local,,"{""title"": ""스타벅스 망원한강공원점"", ""link"": ""http://www.starbucks.co.kr/"", ""category"": ""카페,디저트>카페"", ""description"": NaN, ""telephone"": NaN, ""address"": ""서울특별시 마포구 망원동 205-5"", ""roadAddress"": ""서울특별시 마포구 마포나루길 435 (망원동)"", ""mapx"": 1268958256, ""mapy"": 375536122, ""dong"": ""망원동"", ""category_keyword"": ""카페""}",2026-09-14T03:22:54.966350+00:00
227132ff-e07a-5b10-a2d4-be921de5e674,우이락 망원본점,음식점>한식,서울특별시 마포구 망원동 411-21 우이락 망원본점,서울특별시 마포구 포은로8길 22 우이락 망원본점,37.5564437,126.9059919,https://wooyirak.com/main,,,,['가족동반'],망원동,,,local,,"{""title"": ""우이락 망원본점"", ""link"": ""https://wooyirak.com/main"", ""category"": ""음식점>한식"", ""description"": NaN, ""telephone"": NaN, ""address"": ""서울특별시 마포구 망원동 411-21 우이락 망원본점"", ""roadAddress"": ""서울특별시 마포구 포은로8길 22 우이락 망원본점"", ""mapx"": 1269059919, ""mapy"": 375564437, ""dong"": ""망원동"", ""category_keyword"": ""맛집""}",2026-09-14T03:22:54.966406+00:00
11413571-3470-59bd-b260-e15073ffde6f,오시 망원본점,음식점>일식>일식당,서울특별시 마포구 망원동 57-119 지 1층 오시 망원본점,서울특별시 마포구 월드컵로17길 48 지 1층 오시 망원본점,37.5552402,126.9077398,https://www.instagram.com/oshi_official.kr/,,,,"['데이트', '힙함']",망원동,,,local,,"{""title"": ""오시 망원본점"", ""link"": ""https://www.instagram.com/oshi_official.kr/"", ""category"": ""음식점>일식>일식당"", ""description"": NaN, ""telephone"": NaN, ""address"": ""서울특별시 마포구 망원동 57-119 지 1층 오시 망원본점"", ""roadAddress"": ""서울특별시 마포구 월드컵로17길 48 지 1층 오시 망원본점"", ""mapx"": 1269077398, ""mapy"": 375552402, ""dong"": ""망원동"", ""category_keyword"": ""맛집""}",2026-09-14T03:22:54.966489+00:00
77adacf1-0141-558c-936b-404a365abe0a,맥도날드 망원점,양식>햄버거,서울특별시 마포구 망원동 377-19,서울특별시 마포구 월드컵로 81,37.5560917,126.9097966,https://www.mcdonalds.co.kr/,,,,"['데이트', '혼밥']",망원동,,,local,,"{""title"": ""맥도날드 망원점"", ""link"": ""https://www.mcdonalds.co.kr/"", ""category"": ""양식>햄버거"", ""description"": NaN, ""telephone"": NaN, ""address"": ""서울특별시 마포구 망원동 377-19"", ""roadAddress"": ""서울특별시 마포구 월드컵로 81"", ""mapx"": 1269097966, ""mapy"": 375560917, ""dong"": ""망원동"", ""category_keyword"": ""맛집""}",2026-09-14T03:22:54.966563+00:00
3d9e08f7-1b4c-5713-8ba5-36f05d3e2364,스키야 망원,음식점>일식>샤브샤브,서울특별시 마포구 망원동 400-1 지하1층,서울특별시 마포구 월드컵로13길 73 지하1층,37.5550613,126.906033,,,,,['데이트'],망원동,,,local,,"{""title"": ""스키야 망원"", ""link"": NaN, ""category"": ""음식점>일식>샤브샤브"", ""description"": NaN, ""telephone"": NaN, ""address"": ""서울특별시 마포구 망원동 400-1 지하1층"", ""roadAddress"": ""서울특별시 마포구 월드컵로13길 73 지하1층"", ""mapx"": 1269060330, ""mapy"": 375550613, ""dong"": ""망원동"", ""category_keyword"": ""술집""}",2026-09-14T03:22:54.966672+00:00
1faa0faf-4c46-5d08-9552-9b3efcedc108,로바타 우직,술집>이자카야,서울특별시 마포구 망원동 400-19 1층,서울특별시 마포구 포은로 86-1 1층,37.5547743,126.9053604,https://catchtable.co.kr/robata_ujik,,,,['감성적'],망원동,,,local,,"{""title"": ""로바타 우직"", ""link"": ""https://catchtable.co.kr/robata_ujik"", ""category"": ""술집>이자카야"", ""description"": NaN, ""telephone"": NaN, ""address"": ""서울특별시 마포구 망원동 400-19 1층"", ""roadAddress"": ""서울특별시 마포구 포은로 86-1 1층"", ""mapx"": 1269053604, ""mapy"": 375547743, ""dong"": ""망원동"", ""category_keyword"": ""술집""}",2026-09-14T03:22:54.966724+00:00
7b9d91b6-dc54-5e03-9024-82507c449322,옌징바 망원,술집>요리주점,서울특별시 마포구 망원동 416-14 지층,서울특별시 마포구 망원로4길 3 지층,37.5565057,126.9018972,https://www.instagram.com/yanji_ngbar_,,,,['감성적'],망원동,,,local,,"{""title"": ""옌징바 망원"", ""link"": ""https://www.instagram.com/yanji_ngbar_"", ""category"": ""술집>요리주점"", ""description"": NaN, ""telephone"": NaN, ""address"": ""서울특별시 마포구 망원동 416-14 지층"", ""roadAddress"": ""서울특별시 마포구 망원로4길 3 지층"", ""mapx"": 1269018972, ""mapy"": 375565057, ""dong"": ""망원동"", ""category_keyword"": ""술집""}",2026-09-14T03:22:54.966775+00:00
5439e2a0-62af-5eca-b1e4-ae4ef1c30083,골든싱어코인노래연습장 연남점,오락시설>노래방,서울특별시 마포구 연남동 259-4 지하 1층,서울특별시 마포구 동교로 233 지하 1층,37.5608961,126.9240373,,,,,"['모임', '시끌벅적함']",연남동,,,local,,"{""title"": ""골든싱어코인노래연습장 연남점"", ""link"": NaN, ""category"": ""오락시설>노래방"", ""description"": NaN, ""telephone"": NaN, ""address"": ""서울특별시 마포구 연남동 259-4 지하 1층"", ""roadAddress"": ""서울특별시 마포구 동교로 233 지하 1층"", ""mapx"": 1269240373, ""mapy"": 375608961, ""dong"": ""연남동"", ""category_keyword"": ""오락실""}",2026-09-14T03:22:54.966827+00:00
9598c554-e61a-520b-ab4b-3a0b86ef140a,렉스코인노래연습장 연남점,오락시설>노래방,서울특별시 마포구 연남동 229-34 지층,서울특별시 마포구 동교로 259 지층,37.5630381,126.9249163,,,,,"['모임', '시끌벅적함']",연남동,,,local,,"{""title"": ""렉스코인노래연습장 연남점"", ""link"": NaN, ""category"": ""오락시설>노래방"", ""description"": NaN, ""telephone"": NaN, ""address"": ""서울특별시 마포구 연남동 229-34 지층"", ""roadAddress"": ""서울특별시 마포구 동교로 259 지층"", ""mapx"": 1269249163, ""mapy"": 375630381, ""dong"": ""연남동"", ""category_keyword"": ""오락실""}",2026-09-14T03:22:54.966878+00:00
8594e0de-be18-52b1-be0e-ff614acc79b1,대빵인형뽑기 연남점,"스포츠,오락>오락실",서울특별시 마포구 연남동 260-29,서울특별시 마포구 동교로 238-1 호원빌딩,37.5611449,126.9244152,,,,,"['모임', '시끌벅적함', '사진맛집']",연남동,,,local,,"{""title"": ""대빵인형뽑기 연남점"", ""link"": NaN, ""category"": ""스포츠,오락>오락실"", ""description"": NaN, ""telephone"": NaN, ""address"": ""서울특별시 마포구 연남동 260-29"", ""roadAddress"": ""서울특별시 마포구 동교로 238-1 호원빌딩"", ""mapx"": 1269244152, ""mapy"": 375611449, ""dong"": ""연남동"", ""category_keyword"": ""오락실""}",2026-09-14T03:22:54.966934+00:00
0e26e911-8bd6-5ec6-8fc6-2311a7c55398,찌꼬뽀꼬 연남2호점,"스포츠,오락>오락실",서울특별시 마포구 연남동 260-27 1층 찌꼬뽀꼬 연남2호점,서울특별시 마포구 동교로 242 1층 찌꼬뽀꼬 연남2호점,37.5613839,126.9244195,https://ggiccoppocco.com/,,,,"['모임', '시끌벅적함', '사진맛집']",연남동,,,local,,"{""title"": ""찌꼬뽀꼬 연남2호점"", ""link"": ""https://ggiccoppocco.com/"", ""category"": ""스포츠,오락>오락실"", ""description"": NaN, ""telephone"": NaN, ""address"": ""서울특별시 마포구 연남동 260-27 1층 찌꼬뽀꼬 연남2호점"", ""roadAddress"": ""서울특별시 마포구 동교로 242 1층 찌꼬뽀꼬 연남2호점"", ""mapx"": 1269244195, ""mapy"": 375613839, ""dong"": ""연남동"", ""category_keyword"": ""오락실""}",2026-09-14T03:22:54.966995+00:00
63ebc54f-41e5-59de-911e-2528d0afacae,코인홀릭 홍대연남점,오락시설>노래방,"서울특별시 마포구 연남동 259-5 3층, 4층","서울특별시 마포구 동교로 235-1 3층, 4층",37.5610898,126.9241147,https://holic24.com,,,,"['모임', '시끌벅적함']",연남동,,,local,,"{""title"": ""코인홀릭 홍대연남점"", ""link"": ""https://holic24.com"", ""category"": ""오락시설>노래방"", ""description"": NaN, ""telephone"": NaN, ""address"": ""서울특별시 마포구 연남동 259-5 3층, 4층"", ""roadAddress"": ""서울특별시 마포구 동교로 235-1 3층, 4층"", ""mapx"": 1269241147, ""mapy"": 375610898, ""dong"": ""연남동"", ""category_keyword"": ""오락실""}",2026-09-14T03:22:54.967053+00:00
c3203333-60d3-5168-93c6-87ee8b22314b,뉴원일볼링센터,"스포츠,오락>볼링장",서울특별시 서대문구 남가좌동 270-4 대화빌딩,서울특별시 서대문구 수색로 48 대화빌딩,37.5705174,126.9136449,,,,,"['모임', '가족동반']",연남동,,,local,,"{""title"": ""뉴원일볼링센터"", ""link"": NaN, ""category"": ""스포츠,오락>볼링장"", ""description"": NaN, ""telephone"": NaN, ""address"": ""서울특별시 서대문구 남가좌동 270-4 대화빌딩"", ""roadAddress"": ""서울특별시 서대문구 수색로 48 대화빌딩"", ""mapx"": 1269136449, ""mapy"": 375705174, ""dong"": ""연남동"", ""category_keyword"": ""볼링장""}",2026-09-14T03:22:54.967106+00:00
ec331204-9d75-515f-88a7-dafb8065d028,플레이아레나,"스포츠,오락>보드카페",서울특별시 마포구 연남동 381-5 2층,서울특별시 마포구 동교로34길 21 2층,37.5608665,126.9255644,https://www.instagram.com/playarenatcg/,,,,"['모임', '데이트', '힙함']",연남동,,,local,,"{""title"": ""플레이아레나"", ""link"": ""https://www.instagram.com/playarenatcg/"", ""category"": ""스포츠,오락>보드카페"", ""description"": NaN, ""telephone"": NaN, ""address"": ""서울특별시 마포구 연남동 381-5 2층"", ""roadAddress"": ""서울특별시 마포구 동교로34길 21 2층"", ""mapx"": 1269255644, ""mapy"": 375608665, ""dong"": ""연남동"", ""category_keyword"": ""방탈출""}",2026-09-14T03:22:54.967158+00:00
6de69e9e-4b4f-5b65-81ee-18e2ec4441cb,미스터리게임즈,방탈출카페,서울특별시 마포구 연남동 373-17 3층,서울특별시 마포구 연남로 4-1 3층,37.5603872,126.9236486,https://www.instagram.com/myst._.games,,,,"['데이트', '모임', '힙함']",연남동,,,local,,"{""title"": ""미스터리게임즈"", ""link"": ""https://www.instagram.com/myst._.games"", ""category"": ""방탈출카페"", ""description"": NaN, ""telephone"": NaN, ""address"": ""서울특별시 마포구 연남동 373-17 3층"", ""roadAddress"": ""서울특별시 마포구 연남로 4-1 3층"", ""mapx"": 1269236486, ""mapy"": 375603872, ""dong"": ""연남동"", ""category_keyword"": ""방탈출""}",2026-09-14T03:22:54.967210+00:00
fbfa8a73-10a7-5758-a60d-28e337c8d4ed,옐로우미플,"스포츠,오락>보드카페",서울특별시 마포구 연남동 383-38 3층 전체,서울특별시 마포구 연희로1길 45 3층 전체,37.5610467,126.9259668,http://instagram.com/cafe_yellowmeeple,,,,"['모임', '데이트', '힙함']",연남동,,,local,,"{""title"": ""옐로우미플"", ""link"": ""http://instagram.com/cafe_yellowmeeple"", ""category"": ""스포츠,오락>보드카페"", ""description"": NaN, ""telephone"": NaN, ""address"": ""서울특별시 마포구 연남동 383-38 3층 전체"", ""roadAddress"": ""서울특별시 마포구 연희로1길 45 3층 전체"", ""mapx"": 1269259668, ""mapy"": 375610467, ""dong"": ""연남동"", ""category_keyword"": ""보드게임카페""}",2026-09-14T03:22:54.967260+00:00
26583c6d-dd58-5ded-9b02-40397e73d9cc,홈즈앤루팡24 오티티 보드게임 플러스 연남점,"스포츠,오락>보드카페","서울특별시 마포구 연남동 390-75 2층,3층,4층","서울특별시 마포구 동교로38안길 24 2층,3층,4층",37.5621494,126.9252118,http://pf.kakao.com/_jAWxgn,,,,"['모임', '데이트', '힙함']",연남동,,,local,,"{""title"": ""홈즈앤루팡24 오티티 <b>보드게임</b> 플러스 연남점"", ""link"": ""http://pf.kakao.com/_jAWxgn"", ""category"": ""스포츠,오락>보드카페"", ""description"": NaN, ""telephone"": NaN, ""address"": ""서울특별시 마포구 연남동 390-75 2층,3층,4층"", ""roadAddress"": ""서울특별시 마포구 동교로38안길 24 2층,3층,4층"", ""mapx"": 1269252118, ""mapy"": 375621494, ""dong"": ""연남동"", ""category_keyword"": ""보드게임카페""}",2026-09-14T03:22:54.967313+00:00
c79ab5a2-5588-509a-8b7b-6bbb903765d8,옐로우스타게임즈 보드게임샵,"쇼핑,유통>장난감","서울특별시 마포구 연남동 373-10 4층, 5층","서울특별시 마포구 동교로 227-11 4층, 5층",37.5607759,126.9235147,https://blog.naver.com/yellow-meeple,,,,['가족동반'],연남동,,,local,,"{""title"": ""옐로우스타<b>게임</b>즈 <b>보드게임</b>샵"", ""link"": ""https://blog.naver.com/yellow-meeple"", ""category"": ""쇼핑,유통>장난감"", ""description"": NaN, ""telephone"": NaN, ""address"": ""서울특별시 마포구 연남동 373-10 4층, 5층"", ""roadAddress"": ""서울특별시 마포구 동교로 227-11 4층, 5층"", ""mapx"": 1269235147, ""mapy"": 375607759, ""dong"": ""연남동"", ""category_keyword"": ""보드게임카페""}",2026-09-14T03:22:54.967367+00:00
4bb62388-5403-526d-bd22-b861afbbf6f8,수영당구클럽,"스포츠,오락>당구장",서울특별시 마포구 연남동 226-14 2층,서울특별시 마포구 연희로 39 2층,37.5623946,126.9272582,,,,,"['모임', '시끌벅적함']",연남동,,,local,,"{""title"": ""수영당구클럽"", ""link"": NaN, ""category"": ""스포츠,오락>당구장"", ""description"": NaN, ""telephone"": NaN, ""address"": ""서울특별시 마포구 연남동 226-14 2층"", ""roadAddress"": ""서울특별시 마포구 연희로 39 2층"", ""mapx"": 1269272582, ""mapy"": 375623946, ""dong"": ""연남동"", ""category_keyword"": ""당구장""}",2026-09-14T03:22:54.967418+00:00
da5eb7a3-4182-5d29-9f01-cfda8e779d6b,플레이타임,"키즈카페,실내놀이터",서울특별시 서대문구 창천동 30-33,서울특별시 서대문구 신촌로 83,37.5560845,126.9358309,,,,,"['가족동반', '힙함']",연남동,,,local,,"{""title"": ""플레이타임"", ""link"": NaN, ""category"": ""키즈카페,실내놀이터"", ""description"": NaN, ""telephone"": NaN, ""address"": ""서울특별시 서대문구 창천동 30-33"", ""roadAddress"": ""서울특별시 서대문구 신촌로 83"", ""mapx"": 1269358309, ""mapy"": 375560845, ""dong"": ""연남동"", ""category_keyword"": ""키즈카페""}",2026-09-14T03:22:54.967472+00:00
d71b6bf1-f108-5013-a304-1b474a734124,우노골프키즈룸,"서비스,산업>장소대여",서울특별시 마포구 성산동 165-38 지하 1층,서울특별시 마포구 월드컵북로 197 지하 1층,37.5683918,126.9067494,https://www.instagram.com/unoparty_?utm_source=ig_web_button_share_sheet&igsh=ZDNlZDc0MzIxNw==,,,,['모임'],연남동,,,local,,"{""title"": ""우노골프키즈룸"", ""link"": ""https://www.instagram.com/unoparty_?utm_source=ig_web_button_share_sheet&igsh=ZDNlZDc0MzIxNw=="", ""category"": ""서비스,산업>장소대여"", ""description"": NaN, ""telephone"": NaN, ""address"": ""서울특별시 마포구 성산동 165-38 지하 1층"", ""roadAddress"": ""서울특별시 마포구 월드컵북로 197 지하 1층"", ""mapx"": 1269067494, ""mapy"": 375683918, ""dong"": ""연남동"", ""category_keyword"": ""키즈카페""}",2026-09-14T03:22:54.967524+00:00
a29ada03-8f31-59bc-a388-c00b0697581c,디너프 연남,"서비스,산업>장소대여",서울특별시 마포구 연남동 385-3 3층 루프탑,서울특별시 마포구 동교로46길 27 3층 루프탑,37.5622774,126.9262932,https://www.instagram.com/dinnuff2025,,,,['모임'],연남동,,,local,,"{""title"": ""디너프 연남"", ""link"": ""https://www.instagram.com/dinnuff2025"", ""category"": ""서비스,산업>장소대여"", ""description"": NaN, ""telephone"": NaN, ""address"": ""서울특별시 마포구 연남동 385-3 3층 루프탑"", ""roadAddress"": ""서울특별시 마포구 동교로46길 27 3층 루프탑"", ""mapx"": 1269262932, ""mapy"": 375622774, ""dong"": ""연남동"", ""category_keyword"": ""노래방""}",2026-09-14T03:22:54.967576+00:00
79838150-effe-57c1-a93a-bdb639471dd6,모넨트,"서비스,산업>장소대여",서울특별시 마포구 연남동 226-29 4층 402호,서울특별시 마포구 성미산로 195 4층 402호,37.5627252,126.926857,https://www.instagram.com/monent__.__,,,,['모임'],연남동,,,local,,"{""title"": ""모넨트"", ""link"": ""https://www.instagram.com/monent__.__"", ""category"": ""서비스,산업>장소대여"", ""description"": NaN, ""telephone"": NaN, ""address"": ""서울특별시 마포구 연남동 226-29 4층 402호"", ""roadAddress"": ""서울특별시 마포구 성미산로 195 4층 402호"", ""mapx"": 1269268570, ""mapy"": 375627252, ""dong"": ""연남동"", ""category_keyword"": ""노래방""}",2026-09-14T03:22:54.967628+00:00
8a34fa02-8778-57f0-8d7d-6f3f2b226788,연남노래연습장,"스포츠,오락>노래방",서울특별시 마포구 연남동 228-47,서울특별시 마포구 동교로 248-2,37.5621038,126.9245026,,,,,"['모임', '시끌벅적함']",연남동,,,local,,"{""title"": ""연남노래연습장"", ""link"": NaN, ""category"": ""스포츠,오락>노래방"", ""description"": NaN, ""telephone"": NaN, ""address"": ""서울특별시 마포구 연남동 228-47"", ""roadAddress"": ""서울특별시 마포구 동교로 248-2"", ""mapx"": 1269245026, ""mapy"": 375621038, ""dong"": ""연남동"", ""category_keyword"": ""노래방""}",2026-09-14T03:22:54.967678+00:00
3869dac4-67f3-5456-ade8-3139492b5c5d,M노래연습장,"스포츠,오락>노래방",서울특별시 마포구 연남동 228-20 2층,서울특별시 마포구 동교로 266 2층,37.5631548,126.9254706,,,,,"['모임', '시끌벅적함']",연남동,,,local,,"{""title"": ""M노래연습장"", ""link"": NaN, ""category"": ""스포츠,오락>노래방"", ""description"": NaN, ""telephone"": NaN, ""address"": ""서울특별시 마포구 연남동 228-20 2층"", ""roadAddress"": ""서울특별시 마포구 동교로 266 2층"", ""mapx"": 1269254706, ""mapy"": 375631548, ""dong"": ""연남동"", ""category_keyword"": ""노래방""}",2026-09-14T03:22:54.967729+00:00
84c79ce3-fe95-5de5-aadf-f071688ee518,샘피시방,"스포츠,오락>PC방",서울특별시 마포구 연남동 226-14,서울특별시 마포구 연희로 39,37.56241,126.9271585,,,,,"['혼밥', '모임']",연남동,,,local,,"{""title"": ""샘피시방"", ""link"": NaN, ""category"": ""스포츠,오락>PC방"", ""description"": NaN, ""telephone"": NaN, ""address"": ""서울특별시 마포구 연남동 226-14"", ""roadAddress"": ""서울특별시 마포구 연희로 39"", ""mapx"": 1269271585, ""mapy"": 375624100, ""dong"": ""연남동"", ""category_keyword"": ""PC방""}",2026-09-14T03:22:54.967780+00:00
01be56b9-7ceb-5fa3-b163-89b64fd82d7a,오성건강랜드,"생활,편의>찜질방",서울특별시 서대문구 남가좌동 105-1 창덕에버빌,서울특별시 서대문구 모래내로 143 창덕에버빌,37.569477,126.917444,,,,,"['가족동반', '조용함']",연남동,,,local,,"{""title"": ""오성건강랜드"", ""link"": NaN, ""category"": ""생활,편의>찜질방"", ""description"": NaN, ""telephone"": NaN, ""address"": ""서울특별시 서대문구 남가좌동 105-1 창덕에버빌"", ""roadAddress"": ""서울특별시 서대문구 모래내로 143 창덕에버빌"", ""mapx"": 1269174440, ""mapy"": 375694770, ""dong"": ""연남동"", ""category_keyword"": ""찜질방""}",2026-09-14T03:22:54.967834+00:00
abd4572f-0ea0-55a8-a868-c48994d70afc,랜디스도넛 연남점,"음식점>카페,디저트>도넛",서울특별시 마포구 연남동 258-3,서울특별시 마포구 동교로 247,37.5620628,126.9242188,https://www.instagram.com/randysdonuts1952kr/,,,,['웨이팅있음'],연남동,,,local,,"{""title"": ""랜디스도넛 연남점"", ""link"": ""https://www.instagram.com/randysdonuts1952kr/"", ""category"": ""음식점>카페,디저트>도넛"", ""description"": NaN, ""telephone"": NaN, ""address"": ""서울특별시 마포구 연남동 258-3"", ""roadAddress"": ""서울특별시 마포구 동교로 247"", ""mapx"": 1269242188, ""mapy"": 375620628, ""dong"": ""연남동"", ""category_keyword"": ""카페""}",2026-09-14T03:22:54.967885+00:00
4aad784d-10ee-5883-b8f1-6c484e8253f7,우마이당고 연남 이치,"음식점>카페,디저트",서울특별시 마포구 연남동 382-29 1층 우마이당고,서울특별시 마포구 동교로38길 34 1층 우마이당고,37.5614555,126.9256081,https://www.instagram.com/umai_dango_?igsh=MTBhZ2dveDJqMHpzZw==,,,,"['웨이팅있음', '데이트', '시끌벅적함']",연남동,,,local,,"{""title"": ""우마이당고 연남 이치"", ""link"": ""https://www.instagram.com/umai_dango_?igsh=MTBhZ2dveDJqMHpzZw=="", ""category"": ""음식점>카페,디저트"", ""description"": NaN, ""telephone"": NaN, ""address"": ""서울특별시 마포구 연남동 382-29 1층 우마이당고"", ""roadAddress"": ""서울특별시 마포구 동교로38길 34 1층 우마이당고"", ""mapx"": 1269256081, ""mapy"": 375614555, ""dong"": ""연남동"", ""category_keyword"": ""카페""}",2026-09-14T03:22:54.967937+00:00
3a429d29-457a-55f6-800a-1a778fe7be7a,코리코카페 연남점,"음식점>카페,디저트",서울특별시 마포구 연남동 223-96 대원미디어 연남점,서울특별시 마포구 성미산로 165-7 대원미디어 연남점,37.565067,126.9247638,https://www.instagram.com/cafe_koriko/,,,,"['감성적', '예약필수']",연남동,,,local,,"{""title"": ""코리코<b>카페</b> 연남점"", ""link"": ""https://www.instagram.com/cafe_koriko/"", ""category"": ""음식점>카페,디저트"", ""description"": NaN, ""telephone"": NaN, ""address"": ""서울특별시 마포구 연남동 223-96 대원미디어 연남점"", ""roadAddress"": ""서울특별시 마포구 성미산로 165-7 대원미디어 연남점"", ""mapx"": 1269247638, ""mapy"": 375650670, ""dong"": ""연남동"", ""category_keyword"": ""카페""}",2026-09-14T03:22:54.967990+00:00
ee8b3ed2-6f0e-5150-87ff-50727bcd11ed,버터앤쉘터 연남점,"음식점>카페,디저트",서울특별시 마포구 연남동 239-39 102호,서울특별시 마포구 성미산로 170 102호,37.5641717,126.9245885,https://butterandshelter.com/,,,,['모임'],연남동,,,local,,"{""title"": ""버터앤쉘터 연남점"", ""link"": ""https://butterandshelter.com/"", ""category"": ""음식점>카페,디저트"", ""description"": NaN, ""telephone"": NaN, ""address"": ""서울특별시 마포구 연남동 239-39 102호"", ""roadAddress"": ""서울특별시 마포구 성미산로 170 102호"", ""mapx"": 1269245885, ""mapy"": 375641717, ""dong"": ""연남동"", ""category_keyword"": ""카페""}",2026-09-14T03:22:54.968040+00:00
c80529f8-d49e-5112-8454-da85ec876236,코코로카라,"카페,디저트>베이커리",서울특별시 마포구 연남동 568-15,서울특별시 마포구 연남로1길 41,37.5598025,126.9209445,http://kokorokara.store,,,,['감성적'],연남동,,,local,,"{""title"": ""코코로카라"", ""link"": ""http://kokorokara.store"", ""category"": ""카페,디저트>베이커리"", ""description"": NaN, ""telephone"": NaN, ""address"": ""서울특별시 마포구 연남동 568-15"", ""roadAddress"": ""서울특별시 마포구 연남로1길 41"", ""mapx"": 1269209445, ""mapy"": 375598025, ""dong"": ""연남동"", ""category_keyword"": ""카페""}",2026-09-14T03:22:54.968093+00:00
2ede6509-97b3-5bea-b0b5-9d5cb1be4159,미쁘동 연남본점,음식점>일식>일식당,서울특별시 마포구 연남동 384-7 2층,서울특별시 마포구 동교로38길 33-21 2층,37.5621119,126.9262048,https://www.mibbedong.com/,,,,['데이트'],연남동,,,local,,"{""title"": ""미쁘동 연남본점"", ""link"": ""https://www.mibbedong.com/"", ""category"": ""음식점>일식>일식당"", ""description"": NaN, ""telephone"": NaN, ""address"": ""서울특별시 마포구 연남동 384-7 2층"", ""roadAddress"": ""서울특별시 마포구 동교로38길 33-21 2층"", ""mapx"": 1269262048, ""mapy"": 375621119, ""dong"": ""연남동"", ""category_keyword"": ""맛집""}",2026-09-14T03:22:54.968143+00:00
1c682a20-b125-508a-af13-b48c10f0768c,연남동 베르데,"음식점>멕시코,남미음식",서울특별시 마포구 연남동 387-13 1층,서울특별시 마포구 동교로 262-6 1층,37.5628233,126.9254674,https://www.threads.net/@mexicangrill_verde,,,,"['데이트', '감성적']",연남동,,,local,,"{""title"": ""<b>연남동</b> 베르데"", ""link"": ""https://www.threads.net/@mexicangrill_verde"", ""category"": ""음식점>멕시코,남미음식"", ""description"": NaN, ""telephone"": NaN, ""address"": ""서울특별시 마포구 연남동 387-13 1층"", ""roadAddress"": ""서울특별시 마포구 동교로 262-6 1층"", ""mapx"": 1269254674, ""mapy"": 375628233, ""dong"": ""연남동"", ""category_keyword"": ""맛집""}",2026-09-14T03:22:54.968195+00:00
37851c6b-ea94-59b2-b162-01a9e14a3e5c,연하동 연남본점,음식점>일식>일식당,서울특별시 마포구 연남동 373-15,서울특별시 마포구 연남로 6,37.560499,126.923536,https://www.instagram.com/yeonhadong,,,,"['데이트', '힙함']",연남동,,,local,,"{""title"": ""연하동 연남본점"", ""link"": ""https://www.instagram.com/yeonhadong"", ""category"": ""음식점>일식>일식당"", ""description"": NaN, ""telephone"": NaN, ""address"": ""서울특별시 마포구 연남동 373-15"", ""roadAddress"": ""서울특별시 마포구 연남로 6"", ""mapx"": 1269235360, ""mapy"": 375604990, ""dong"": ""연남동"", ""category_keyword"": ""맛집""}",2026-09-14T03:22:54.968246+00:00
e431ecb3-f2a4-5e10-8378-b5b6a6b0fa49,카쿠시타,술집>이자카야,서울특별시 마포구 연남동 390-30 지하1층,서울특별시 마포구 동교로38길 33-15 지하1층,37.5618788,126.9261158,http://www.instagram.com/kakusita_izakaya,,,,['데이트'],연남동,,,local,,"{""title"": ""카쿠시타"", ""link"": ""http://www.instagram.com/kakusita_izakaya"", ""category"": ""술집>이자카야"", ""description"": NaN, ""telephone"": NaN, ""address"": ""서울특별시 마포구 연남동 390-30 지하1층"", ""roadAddress"": ""서울특별시 마포구 동교로38길 33-15 지하1층"", ""mapx"": 1269261158, ""mapy"": 375618788, ""dong"": ""연남동"", ""category_keyword"": ""술집""}",2026-09-14T03:22:54.968299+00:00
95751228-cf4b-5ca1-993c-7c81e901cacc,미쁘동 연남2호점,음식점>일식>일식당,"서울특별시 마포구 연남동 384-8 지1층, 1층","서울특별시 마포구 동교로38길 33-20 지1층, 1층",37.5620883,126.9263137,https://www.mibbedong.com/,,,,['웨이팅있음'],연남동,,,local,,"{""title"": ""미쁘동 연남2호점"", ""link"": ""https://www.mibbedong.com/"", ""category"": ""음식점>일식>일식당"", ""description"": NaN, ""telephone"": NaN, ""address"": ""서울특별시 마포구 연남동 384-8 지1층, 1층"", ""roadAddress"": ""서울특별시 마포구 동교로38길 33-20 지1층, 1층"", ""mapx"": 1269263137, ""mapy"": 375620883, ""dong"": ""연남동"", ""category_keyword"": ""술집""}",2026-09-14T03:22:54.968350+00:00
43323b27-c9bc-53fb-aa74-c1cc984bdf03,평화연남,"한식>곱창,막창,양",서울특별시 마포구 연남동 228-41,서울특별시 마포구 동교로 254-1,37.5625103,126.9247428,https://www.instagram.com/pyeonghwa_yeonnam_official,,,,['모임'],연남동,,,local,,"{""title"": ""평화연남"", ""link"": ""https://www.instagram.com/pyeonghwa_yeonnam_official"", ""category"": ""한식>곱창,막창,양"", ""description"": NaN, ""telephone"": NaN, ""address"": ""서울특별시 마포구 연남동 228-41"", ""roadAddress"": ""서울특별시 마포구 동교로 254-1"", ""mapx"": 1269247428, ""mapy"": 375625103, ""dong"": ""연남동"", ""category_keyword"": ""술집""}",2026-09-14T03:22:54.968401+00:00
5440c4e0-8ed3-59f4-9340-2f6124049fa4,야키토리 고꼬연남,술집>이자카야,서울특별시 마포구 연남동 257-7 1층 101호,서울특별시 마포구 성미산로26길 41 1층 101호,37.5621871,126.9234902,https://www.instagram.com/yakitori_gokko_yn,,,,"['조용함', '감성적']",연남동,,,local,,"{""title"": ""야키토리 고꼬연남"", ""link"": ""https://www.instagram.com/yakitori_gokko_yn"", ""category"": ""술집>이자카야"", ""description"": NaN, ""telephone"": NaN, ""address"": ""서울특별시 마포구 연남동 257-7 1층 101호"", ""roadAddress"": ""서울특별시 마포구 성미산로26길 41 1층 101호"", ""mapx"": 1269234902, ""mapy"": 375621871, ""dong"": ""연남동"", ""category_keyword"": ""술집""}",2026-09-14T03:22:54.968453+00:00
95b7729e-d461-5d0a-9537-d0685b7d80ef,삐딱 연남점,술집>요리주점,서울특별시 마포구 연남동 260-48 1층,서울특별시 마포구 동교로34길 6 1층,37.560961,126.9246903,https://app.catchtable.co.kr/ct/shop/bbiddak_yeonnam?from=share&type=WAITING,,,,"['감성적', '데이트']",연남동,,,local,,"{""title"": ""삐딱 연남점"", ""link"": ""https://app.catchtable.co.kr/ct/shop/bbiddak_yeonnam?from=share&type=WAITING"", ""category"": ""술집>요리주점"", ""description"": NaN, ""telephone"": NaN, ""address"": ""서울특별시 마포구 연남동 260-48 1층"", ""roadAddress"": ""서울특별시 마포구 동교로34길 6 1층"", ""mapx"": 1269246903, ""mapy"": 375609610, ""dong"": ""연남동"", ""category_keyword"": ""술집""}",2026-09-14T03:22:54.968509+00:00
19655457-4c68-5ca7-8e51-3bacd4b133d4,짱오락실 상암동 메가박스점,"스포츠,오락>오락실",서울특별시 마포구 성산동 515-3,,37.5690362,126.8979207,https://blog.naver.com/co-zzang,,,,"['모임', '시끌벅적함', '사진맛집']",성산동,,,local,,"{""title"": ""짱<b>오락실</b> 상암동 메가박스점"", ""link"": ""https://blog.naver.com/co-zzang"", ""category"": ""스포츠,오락>오락실"", ""description"": NaN, ""telephone"": NaN, ""address"": ""서울특별시 마포구 성산동 515-3"", ""roadAddress"": NaN, ""mapx"": 1268979207, ""mapy"": 375690362, ""dong"": ""성산동"", ""category_keyword"": ""오락실""}",2026-09-14T03:22:54.968563+00:00
f1885a19-dcef-5000-b0ed-54ea060fa9c4,OX코인노래연습장 마포구청점,오락시설>노래방,서울특별시 마포구 성산동 592-2 2층,서울특별시 마포구 월드컵로34길 6 2층,37.5646443,126.9031513,http://pf.kakao.com/_aUlxob,,,,"['모임', '시끌벅적함']",성산동,,,local,,"{""title"": ""OX코인노래연습장 <b>마포구</b>청점"", ""link"": ""http://pf.kakao.com/_aUlxob"", ""category"": ""오락시설>노래방"", ""description"": NaN, ""telephone"": NaN, ""address"": ""서울특별시 마포구 성산동 592-2 2층"", ""roadAddress"": ""서울특별시 마포구 월드컵로34길 6 2층"", ""mapx"": 1269031513, ""mapy"": 375646443, ""dong"": ""성산동"", ""category_keyword"": ""오락실""}",2026-09-14T03:22:54.968617+00:00
d3a0bdb9-96df-5178-9fcc-d418ed294922,충암볼링장,"스포츠,오락>볼링장",서울특별시 서대문구 남가좌동 1-2,서울특별시 서대문구 명지대길 103,37.58462,126.9228294,,,,,"['모임', '가족동반']",성산동,,,local,,"{""title"": ""충암<b>볼링장</b>"", ""link"": NaN, ""category"": ""스포츠,오락>볼링장"", ""description"": NaN, ""telephone"": NaN, ""address"": ""서울특별시 서대문구 남가좌동 1-2"", ""roadAddress"": ""서울특별시 서대문구 명지대길 103"", ""mapx"": 1269228294, ""mapy"": 375846200, ""dong"": ""성산동"", ""category_keyword"": ""볼링장""}",2026-09-14T03:22:54.968671+00:00
72263763-0a3b-5cb6-960b-ad40daf63153,한큐당구장,"스포츠,오락>당구장",서울특별시 마포구 성산동 593-5 지하1층 B01호,서울특별시 마포구 모래내로3길 11 지하1층 B01호,37.564945,126.9045512,,,,,"['모임', '시끌벅적함']",성산동,,,local,,"{""title"": ""한큐<b>당구장</b>"", ""link"": NaN, ""category"": ""스포츠,오락>당구장"", ""description"": NaN, ""telephone"": NaN, ""address"": ""서울특별시 마포구 성산동 593-5 지하1층 B01호"", ""roadAddress"": ""서울특별시 마포구 모래내로3길 11 지하1층 B01호"", ""mapx"": 1269045512, ""mapy"": 375649450, ""dong"": ""성산동"", ""category_keyword"": ""당구장""}",2026-09-14T03:22:54.968722+00:00
8307b123-42f1-5de6-afb2-ca315259a539,근영당구장,"스포츠,오락>당구장",서울특별시 마포구 성산동 157-3 602호,서울특별시 마포구 월드컵북로 207 602호,37.5688012,126.9056503,,,,,"['모임', '시끌벅적함']",성산동,,,local,,"{""title"": ""근영<b>당구장</b>"", ""link"": NaN, ""category"": ""스포츠,오락>당구장"", ""description"": NaN, ""telephone"": NaN, ""address"": ""서울특별시 마포구 성산동 157-3 602호"", ""roadAddress"": ""서울특별시 마포구 월드컵북로 207 602호"", ""mapx"": 1269056503, ""mapy"": 375688012, ""dong"": ""성산동"", ""category_keyword"": ""당구장""}",2026-09-14T03:22:54.968774+00:00
122fda8a-b8f9-5fe6-ba3c-8be58f96ae59,스킬당구장,"스포츠,오락>당구장",서울특별시 마포구 성산동 292-2 4층,서울특별시 마포구 성미산로 4 4층,37.558037,126.9088959,,,,,"['모임', '시끌벅적함']",성산동,,,local,,"{""title"": ""스킬<b>당구장</b>"", ""link"": NaN, ""category"": ""스포츠,오락>당구장"", ""description"": NaN, ""telephone"": NaN, ""address"": ""서울특별시 마포구 성산동 292-2 4층"", ""roadAddress"": ""서울특별시 마포구 성미산로 4 4층"", ""mapx"": 1269088959, ""mapy"": 375580370, ""dong"": ""성산동"", ""category_keyword"": ""당구장""}",2026-09-14T03:22:54.968825+00:00
e3c647fb-87f6-53d3-bf4a-650b41ce11aa,마포구성산당구장아카데미,"스포츠,오락>당구장",서울특별시 마포구 성산동 533-1 2층,서울특별시 마포구 월드컵로 235 2층,37.5651985,126.8985079,https://maposportal.or.kr/,,,,"['모임', '시끌벅적함']",성산동,,,local,,"{""title"": ""<b>마포구</b>성산<b>당구장</b>아카데미"", ""link"": ""https://maposportal.or.kr/"", ""category"": ""스포츠,오락>당구장"", ""description"": NaN, ""telephone"": NaN, ""address"": ""서울특별시 마포구 성산동 533-1 2층"", ""roadAddress"": ""서울특별시 마포구 월드컵로 235 2층"", ""mapx"": 1268985079, ""mapy"": 375651985, ""dong"": ""성산동"", ""category_keyword"": ""당구장""}",2026-09-14T03:22:54.968881+00:00
e1007057-e417-57bb-ab33-25c14a672e46,퀸당구장,"스포츠,오락>당구장",서울특별시 마포구 성산동 592-4 2층 퀸당구장,서울특별시 마포구 모래내로1길 3 2층 퀸당구장,37.5645578,126.9038944,,,,,"['모임', '시끌벅적함']",성산동,,,local,,"{""title"": ""퀸<b>당구장</b>"", ""link"": NaN, ""category"": ""스포츠,오락>당구장"", ""description"": NaN, ""telephone"": NaN, ""address"": ""서울특별시 마포구 성산동 592-4 2층 퀸당구장"", ""roadAddress"": ""서울특별시 마포구 모래내로1길 3 2층 퀸당구장"", ""mapx"": 1269038944, ""mapy"": 375645578, ""dong"": ""성산동"", ""category_keyword"": ""당구장""}",2026-09-14T03:22:54.968934+00:00
779aab46-0ced-510e-a86b-5908c6ce423c,고브이알,소프트웨어개발>가상현실,서울특별시 마포구 상암동 1605 연구개발타워 1105-11호,서울특별시 마포구 월드컵북로 396 연구개발타워 1105-11호,37.5793419,126.889819,http://govr.kr/,,,,[],성산동,,,local,,"{""title"": ""고브이알"", ""link"": ""http://govr.kr/"", ""category"": ""소프트웨어개발>가상현실"", ""description"": NaN, ""telephone"": NaN, ""address"": ""서울특별시 마포구 상암동 1605 연구개발타워 1105-11호"", ""roadAddress"": ""서울특별시 마포구 월드컵북로 396 연구개발타워 1105-11호"", ""mapx"": 1268898190, ""mapy"": 375793419, ""dong"": ""성산동"", ""category_keyword"": ""VR체험""}",2026-09-14T03:22:54.968990+00:00
49668795-c6f3-5704-89e6-eb6ac30f9d11,점핑하우스,"키즈카페,실내놀이터",서울특별시 마포구 성산동 160-4 경언빌딩 지하1층 점핑하우스,서울특별시 마포구 월드컵로36길 50 경언빌딩 지하1층 점핑하우스,37.5682935,126.905676,,,,,['가족동반'],성산동,,,local,,"{""title"": ""점핑하우스"", ""link"": NaN, ""category"": ""키즈카페,실내놀이터"", ""description"": NaN, ""telephone"": NaN, ""address"": ""서울특별시 마포구 성산동 160-4 경언빌딩 지하1층 점핑하우스"", ""roadAddress"": ""서울특별시 마포구 월드컵로36길 50 경언빌딩 지하1층 점핑하우스"", ""mapx"": 1269056760, ""mapy"": 375682935, ""dong"": ""성산동"", ""category_keyword"": ""키즈카페""}",2026-09-14T03:22:54.969059+00:00
42312889-d0f6-57f3-9bee-1b9e58d90fe1,세븐스타 코인노래연습장 마포구청역점,오락시설>노래방,서울특별시 마포구 성산동 591-4 대명비첸시티오피스텔 202호,서울특별시 마포구 월드컵로 196 대명비첸시티오피스텔 202호,37.5647322,126.9026425,,,,,"['모임', '시끌벅적함']",성산동,,,local,,"{""title"": ""세븐스타 코인노래연습장 <b>마포구</b>청역점"", ""link"": NaN, ""category"": ""오락시설>노래방"", ""description"": NaN, ""telephone"": NaN, ""address"": ""서울특별시 마포구 성산동 591-4 대명비첸시티오피스텔 202호"", ""roadAddress"": ""서울특별시 마포구 월드컵로 196 대명비첸시티오피스텔 202호"", ""mapx"": 1269026425, ""mapy"": 375647322, ""dong"": ""성산동"", ""category_keyword"": ""노래방""}",2026-09-14T03:22:54.969115+00:00
651116f3-1819-5c9b-9a9d-4d3e2fadb0e1,탑노래방,"스포츠,오락>노래방",서울특별시 마포구 성산동 251-12,서울특별시 마포구 성미산로 5,37.5583131,126.9089009,,,,,"['모임', '시끌벅적함']",성산동,,,local,,"{""title"": ""탑<b>노래방</b>"", ""link"": NaN, ""category"": ""스포츠,오락>노래방"", ""description"": NaN, ""telephone"": NaN, ""address"": ""서울특별시 마포구 성산동 251-12"", ""roadAddress"": ""서울특별시 마포구 성미산로 5"", ""mapx"": 1269089009, ""mapy"": 375583131, ""dong"": ""성산동"", ""category_keyword"": ""노래방""}",2026-09-14T03:22:54.969169+00:00
a854ccc5-f70e-5422-aafd-3bc46d2256c6,2차는노래연습장,"스포츠,오락>노래방",서울특별시 마포구 성산동 266-16 지하 1층,서울특별시 마포구 월드컵로30길 5 지하 1층,37.5614161,126.9057602,,,,,"['모임', '시끌벅적함']",성산동,,,local,,"{""title"": ""2차는노래연습장"", ""link"": NaN, ""category"": ""스포츠,오락>노래방"", ""description"": NaN, ""telephone"": NaN, ""address"": ""서울특별시 마포구 성산동 266-16 지하 1층"", ""roadAddress"": ""서울특별시 마포구 월드컵로30길 5 지하 1층"", ""mapx"": 1269057602, ""mapy"": 375614161, ""dong"": ""성산동"", ""category_keyword"": ""노래방""}",2026-09-14T03:22:54.969221+00:00
42dd7f96-c982-5135-aef8-4bfb8931ae98,하모니노래방,"스포츠,오락>노래방",서울특별시 마포구 성산동 200-1,서울특별시 마포구 월드컵북로 190,37.5683406,126.9078561,,,,,"['모임', '시끌벅적함']",성산동,,,local,,"{""title"": ""하모니<b>노래방</b>"", ""link"": NaN, ""category"": ""스포츠,오락>노래방"", ""description"": NaN, ""telephone"": NaN, ""address"": ""서울특별시 마포구 성산동 200-1"", ""roadAddress"": ""서울특별시 마포구 월드컵북로 190"", ""mapx"": 1269078561, ""mapy"": 375683406, ""dong"": ""성산동"", ""category_keyword"": ""노래방""}",2026-09-14T03:22:54.969274+00:00
7533a686-ec78-507b-8639-92c852611f16,라이또PC방 마포성산점,"스포츠,오락>PC방",서울특별시 마포구 성산동 593-10 태림센 트윈상암 지하1층 비101호,서울특별시 마포구 모래내로3길 3 태림센 트윈상암 지하1층 비101호,37.5644913,126.9054847,,,,,"['혼밥', '모임']",성산동,,,local,,"{""title"": ""라이또<b>PC방</b> 마포성산점"", ""link"": NaN, ""category"": ""스포츠,오락>PC방"", ""description"": NaN, ""telephone"": NaN, ""address"": ""서울특별시 마포구 성산동 593-10 태림센 트윈상암 지하1층 비101호"", ""roadAddress"": ""서울특별시 마포구 모래내로3길 3 태림센 트윈상암 지하1층 비101호"", ""mapx"": 1269054847, ""mapy"": 375644913, ""dong"": ""성산동"", ""category_keyword"": ""PC방""}",2026-09-14T03:22:54.969325+00:00
c2d96177-2d29-58ee-a0c1-a486ef2c2bd0,탑플레이스 PC방,"스포츠,오락>PC방",서울특별시 마포구 성산동 20-12,서울특별시 마포구 월드컵북로16길 27,37.5631684,126.9158497,,,,,"['혼밥', '모임']",성산동,,,local,,"{""title"": ""탑플레이스 <b>PC방</b>"", ""link"": NaN, ""category"": ""스포츠,오락>PC방"", ""description"": NaN, ""telephone"": NaN, ""address"": ""서울특별시 마포구 성산동 20-12"", ""roadAddress"": ""서울특별시 마포구 월드컵북로16길 27"", ""mapx"": 1269158497, ""mapy"": 375631684, ""dong"": ""성산동"", ""category_keyword"": ""PC방""}",2026-09-14T03:22:54.969381+00:00
efdb8bf8-b0e9-5ef4-879d-bb33a3c40c6a,제우스PC 성산점,"스포츠,오락>PC방",서울특별시 마포구 성산동 601 지하1층,서울특별시 마포구 월드컵북로30길 13 지하1층,37.5686066,126.9083506,,,,,"['혼밥', '모임']",성산동,,,local,,"{""title"": ""제우스PC 성산점"", ""link"": NaN, ""category"": ""스포츠,오락>PC방"", ""description"": NaN, ""telephone"": NaN, ""address"": ""서울특별시 마포구 성산동 601 지하1층"", ""roadAddress"": ""서울특별시 마포구 월드컵북로30길 13 지하1층"", ""mapx"": 1269083506, ""mapy"": 375686066, ""dong"": ""성산동"", ""category_keyword"": ""PC방""}",2026-09-14T03:22:54.969434+00:00
d0c3b845-985c-5bf2-9ec1-6f792a6ee8b0,아이넷퍼펙트,"스포츠,오락>PC방",서울특별시 마포구 성산동 251-31,서울특별시 마포구 성미산로 11,37.5584327,126.909406,http://inetperfect.com,,,,"['혼밥', '모임']",성산동,,,local,,"{""title"": ""아이넷퍼펙트"", ""link"": ""http://inetperfect.com"", ""category"": ""스포츠,오락>PC방"", ""description"": NaN, ""telephone"": NaN, ""address"": ""서울특별시 마포구 성산동 251-31"", ""roadAddress"": ""서울특별시 마포구 성미산로 11"", ""mapx"": 1269094060, ""mapy"": 375584327, ""dong"": ""성산동"", ""category_keyword"": ""PC방""}",2026-09-14T03:22:54.969486+00:00
70ab1789-c966-58f3-8f39-fe2b51d4da96,마나피시존,"스포츠,오락>PC방",서울특별시 마포구 성산동 292-2 석원빌딩 2층,서울특별시 마포구 성미산로 4 석원빌딩 2층,37.55804,126.90891,,,,,"['혼밥', '모임']",성산동,,,local,,"{""title"": ""마나피시존"", ""link"": NaN, ""category"": ""스포츠,오락>PC방"", ""description"": NaN, ""telephone"": NaN, ""address"": ""서울특별시 마포구 성산동 292-2 석원빌딩 2층"", ""roadAddress"": ""서울특별시 마포구 성미산로 4 석원빌딩 2층"", ""mapx"": 1269089100, ""mapy"": 375580400, ""dong"": ""성산동"", ""category_keyword"": ""PC방""}",2026-09-14T03:22:54.969542+00:00
3613284a-f6a6-506a-a44d-6bc815baf191,월드컵스파랜드24,"생활,편의>찜질방",서울특별시 마포구 성산동 515,서울특별시 마포구 월드컵로 240,37.5673149,126.8976667,,,,,"['가족동반', '조용함']",성산동,,,local,,"{""title"": ""월드컵스파랜드24"", ""link"": NaN, ""category"": ""생활,편의>찜질방"", ""description"": NaN, ""telephone"": NaN, ""address"": ""서울특별시 마포구 성산동 515"", ""roadAddress"": ""서울특별시 마포구 월드컵로 240"", ""mapx"": 1268976667, ""mapy"": 375673149, ""dong"": ""성산동"", ""category_keyword"": ""찜질방""}",2026-09-14T03:22:54.969594+00:00
0afc79d5-a004-5b0d-b9e2-6a62afe9c67a,리치몬드 과자점 성산본점,"카페,디저트>베이커리",서울특별시 마포구 성산동 114-5,서울특별시 마포구 월드컵북로 86,37.5613259,126.9156754,https://www.instagram.com/richemont_patisserie/,,,,['주차가능'],성산동,,,local,,"{""title"": ""리치몬드 과자점 성산본점"", ""link"": ""https://www.instagram.com/richemont_patisserie/"", ""category"": ""카페,디저트>베이커리"", ""description"": NaN, ""telephone"": NaN, ""address"": ""서울특별시 마포구 성산동 114-5"", ""roadAddress"": ""서울특별시 마포구 월드컵북로 86"", ""mapx"": 1269156754, ""mapy"": 375613259, ""dong"": ""성산동"", ""category_keyword"": ""카페""}",2026-09-14T03:22:54.969646+00:00
00bfddee-1149-50a3-a662-68394b2aae2c,배스킨라빈스 마포구청역,"카페,디저트>아이스크림",서울특별시 마포구 성산동 266-13,서울특별시 마포구 월드컵로 150,37.5613546,126.9056334,https://blog.naver.com/brgirl31/,,,,"['사진맛집', '데이트', '감성적']",성산동,,,local,,"{""title"": ""배스킨라빈스 <b>마포구</b>청역"", ""link"": ""https://blog.naver.com/brgirl31/"", ""category"": ""카페,디저트>아이스크림"", ""description"": NaN, ""telephone"": NaN, ""address"": ""서울특별시 마포구 성산동 266-13"", ""roadAddress"": ""서울특별시 마포구 월드컵로 150"", ""mapx"": 1269056334, ""mapy"": 375613546, ""dong"": ""성산동"", ""category_keyword"": ""카페""}",2026-09-14T03:22:54.969699+00:00
4a7c2f81-33b2-55ed-a96b-97c2742e80c5,캘리포니아도넛클럽 성산 직영점,"카페,디저트>도넛",서울특별시 마포구 성산동 17-13 1층 간판없는 통유리 매장,서울특별시 마포구 월드컵북로16길 30 1층 간판없는 통유리 매장,37.5629488,126.9159232,https://www.instagram.com/californiadonutclub?igsh=Nm42b3pzcGd0Mm92,,,,['감성적'],성산동,,,local,,"{""title"": ""캘리포니아도넛클럽 성산 직영점"", ""link"": ""https://www.instagram.com/californiadonutclub?igsh=Nm42b3pzcGd0Mm92"", ""category"": ""카페,디저트>도넛"", ""description"": NaN, ""telephone"": NaN, ""address"": ""서울특별시 마포구 성산동 17-13 1층 간판없는 통유리 매장"", ""roadAddress"": ""서울특별시 마포구 월드컵북로16길 30 1층 간판없는 통유리 매장"", ""mapx"": 1269159232, ""mapy"": 375629488, ""dong"": ""성산동"", ""category_keyword"": ""카페""}",2026-09-14T03:22:54.969753+00:00
b6c2c39a-64b1-5189-b9e3-415d9e881636,투썸플레이스 마포구청점,"카페,디저트>카페",서울특별시 마포구 성산동 590-1 1층,서울특별시 마포구 월드컵로36길 14 1층,37.565894,126.9028563,,,,,"['감성적', '사진맛집']",성산동,,,local,,"{""title"": ""투썸플레이스 <b>마포구</b>청점"", ""link"": NaN, ""category"": ""카페,디저트>카페"", ""description"": NaN, ""telephone"": NaN, ""address"": ""서울특별시 마포구 성산동 590-1 1층"", ""roadAddress"": ""서울특별시 마포구 월드컵로36길 14 1층"", ""mapx"": 1269028563, ""mapy"": 375658940, ""dong"": ""성산동"", ""category_keyword"": ""카페""}",2026-09-14T03:22:54.969805+00:00
c0f862af-18c0-5230-b965-33e120eb2f64,이디야커피 상암홈플러스점,"카페,디저트>카페",서울특별시 마포구 성산동 515 2층 이디야커피,서울특별시 마포구 월드컵로 240 2층 이디야커피,37.567675,126.8985092,https://blog.naver.com/ediya-coffee,,,,"['감성적', '사진맛집']",성산동,,,local,,"{""title"": ""이디야커피 상암홈플러스점"", ""link"": ""https://blog.naver.com/ediya-coffee"", ""category"": ""카페,디저트>카페"", ""description"": NaN, ""telephone"": NaN, ""address"": ""서울특별시 마포구 성산동 515 2층 이디야커피"", ""roadAddress"": ""서울특별시 마포구 월드컵로 240 2층 이디야커피"", ""mapx"": 1268985092, ""mapy"": 375676750, ""dong"": ""성산동"", ""category_keyword"": ""카페""}",2026-09-14T03:22:54.969857+00:00
2210d06a-9d41-5dd6-a1b3-e17c76b13758,찌개의정석 마포성산동점,"한식>백반,가정식",서울특별시 마포구 성산동 54-1,서울특별시 마포구 월드컵북로23길 9,37.5645025,126.9117889,,,,,['혼밥'],성산동,,,local,,"{""title"": ""찌개의정석 마포<b>성산동</b>점"", ""link"": NaN, ""category"": ""한식>백반,가정식"", ""description"": NaN, ""telephone"": NaN, ""address"": ""서울특별시 마포구 성산동 54-1"", ""roadAddress"": ""서울특별시 마포구 월드컵북로23길 9"", ""mapx"": 1269117889, ""mapy"": 375645025, ""dong"": ""성산동"", ""category_keyword"": ""맛집""}",2026-09-14T03:22:54.969908+00:00
48327162-6b72-5e45-8ee2-d8967c6527cf,피자 스피릿,음식점>피자,서울특별시 마포구 성산동 260-2 금수빌딩 1층 피자스피릿,서울특별시 마포구 월드컵로 134 금수빌딩 1층 피자스피릿,37.5600087,126.9068458,,,,,"['모임', '가족동반']",성산동,,,local,,"{""title"": ""피자 스피릿"", ""link"": NaN, ""category"": ""음식점>피자"", ""description"": NaN, ""telephone"": NaN, ""address"": ""서울특별시 마포구 성산동 260-2 금수빌딩 1층 피자스피릿"", ""roadAddress"": ""서울특별시 마포구 월드컵로 134 금수빌딩 1층 피자스피릿"", ""mapx"": 1269068458, ""mapy"": 375600087, ""dong"": ""성산동"", ""category_keyword"": ""맛집""}",2026-09-14T03:22:54.969959+00:00
1fc0a222-94fc-5658-af21-9602c7745672,우리바다수산,한식>생선회,서울특별시 마포구 성산동 649-5,서울특별시 마포구 월드컵로 102,37.5577265,126.9089111,,,,,"['모임', '가족동반']",성산동,,,local,,"{""title"": ""우리바다수산"", ""link"": NaN, ""category"": ""한식>생선회"", ""description"": NaN, ""telephone"": NaN, ""address"": ""서울특별시 마포구 성산동 649-5"", ""roadAddress"": ""서울특별시 마포구 월드컵로 102"", ""mapx"": 1269089111, ""mapy"": 375577265, ""dong"": ""성산동"", ""category_keyword"": ""맛집""}",2026-09-14T03:22:54.970029+00:00
c30397df-661d-5233-8202-d5e56a95ecd5,노브랜드버거 메가박스상암점,음식점>양식>햄버거,서울특별시 마포구 성산동 515 메가박스 1층,서울특별시 마포구 월드컵로 240 메가박스 1층,37.5682553,126.8972733,https://www.shinsegaefood.com/nobrandburger/index.sf,,,,['데이트'],성산동,,,local,,"{""title"": ""노브랜드버거 메가박스상암점"", ""link"": ""https://www.shinsegaefood.com/nobrandburger/index.sf"", ""category"": ""음식점>양식>햄버거"", ""description"": NaN, ""telephone"": NaN, ""address"": ""서울특별시 마포구 성산동 515 메가박스 1층"", ""roadAddress"": ""서울특별시 마포구 월드컵로 240 메가박스 1층"", ""mapx"": 1268972733, ""mapy"": 375682553, ""dong"": ""성산동"", ""category_keyword"": ""맛집""}",2026-09-14T03:22:54.970092+00:00
c02e8e9e-782e-5973-8187-275c86bc7adb,베이직프라이드치킨,"술집>맥주,호프",서울특별시 마포구 성산동 260-8 1층,서울특별시 마포구 월드컵로 140 1층,37.5605027,126.906463,https://베이직프라이드치킨.com,,,,"['모임', '시끌벅적함']",성산동,,,local,,"{""title"": ""베이직프라이드치킨"", ""link"": ""https://베이직프라이드치킨.com"", ""category"": ""술집>맥주,호프"", ""description"": NaN, ""telephone"": NaN, ""address"": ""서울특별시 마포구 성산동 260-8 1층"", ""roadAddress"": ""서울특별시 마포구 월드컵로 140 1층"", ""mapx"": 1269064630, ""mapy"": 375605027, ""dong"": ""성산동"", ""category_keyword"": ""술집""}",2026-09-14T03:22:54.970148+00:00
4815083d-9efb-5170-95a6-0f99571c893c,춘향골남원추어탕 마포구청점,한식>추어탕,서울특별시 마포구 성산동 590-2 삼라마이다스 109~111호,서울특별시 마포구 월드컵로36길 18 삼라마이다스 109~111호,37.5663106,126.903511,http://chunhyanggol.com/,,,,['혼밥'],성산동,,,local,,"{""title"": ""춘향골남원추어탕 <b>마포구</b>청점"", ""link"": ""http://chunhyanggol.com/"", ""category"": ""한식>추어탕"", ""description"": NaN, ""telephone"": NaN, ""address"": ""서울특별시 마포구 성산동 590-2 삼라마이다스 109~111호"", ""roadAddress"": ""서울특별시 마포구 월드컵로36길 18 삼라마이다스 109~111호"", ""mapx"": 1269035110, ""mapy"": 375663106, ""dong"": ""성산동"", ""category_keyword"": ""술집""}",2026-09-14T03:22:54.970204+00:00
3cd48357-19f1-534f-9732-67e42f2db5af,살롱 드 상상,술집>와인,서울특별시 마포구 성산동 103-20 더위빌딩 1층 살롱드상상,서울특별시 마포구 월드컵북로15길 20 더위빌딩 1층 살롱드상상,37.5629459,126.9130097,https://app.catchtable.co.kr/ct/shop/sangsang_salon,,,,"['데이트', '감성적']",성산동,,,local,,"{""title"": ""살롱 드 상상"", ""link"": ""https://app.catchtable.co.kr/ct/shop/sangsang_salon"", ""category"": ""술집>와인"", ""description"": NaN, ""telephone"": NaN, ""address"": ""서울특별시 마포구 성산동 103-20 더위빌딩 1층 살롱드상상"", ""roadAddress"": ""서울특별시 마포구 월드컵북로15길 20 더위빌딩 1층 살롱드상상"", ""mapx"": 1269130097, ""mapy"": 375629459, ""dong"": ""성산동"", ""category_keyword"": ""술집""}",2026-09-14T03:22:54.970263+00:00
3b7766db-3164-5a47-9f49-e0cf86d7d5cb,섭스,술집>바(BAR),서울특별시 마포구 성산동 3-24 주차장 안쪽 녹색문 (지하),서울특별시 마포구 연남로11길 52 주차장 안쪽 녹색문 (지하),37.5653227,126.9160741,https://blog.naver.com/seobs_bar,,,,"['감성적', '데이트']",성산동,,,local,,"{""title"": ""섭스"", ""link"": ""https://blog.naver.com/seobs_bar"", ""category"": ""술집>바(BAR)"", ""description"": NaN, ""telephone"": NaN, ""address"": ""서울특별시 마포구 성산동 3-24 주차장 안쪽 녹색문 (지하)"", ""roadAddress"": ""서울특별시 마포구 연남로11길 52 주차장 안쪽 녹색문 (지하)"", ""mapx"": 1269160741, ""mapy"": 375653227, ""dong"": ""성산동"", ""category_keyword"": ""술집""}",2026-09-14T03:22:54.970316+00:00
56e1c706-acbb-51c8-b0d2-8ae335abd457,금별맥주 마포구청점,"술집>맥주,호프",서울특별시 마포구 성산동 592-2 2층 금별맥주,서울특별시 마포구 월드컵로34길 6 2층 금별맥주,37.5646091,126.9030134,,,,,['감성적'],성산동,,,local,,"{""title"": ""금별맥주 <b>마포구</b>청점"", ""link"": NaN, ""category"": ""술집>맥주,호프"", ""description"": NaN, ""telephone"": NaN, ""address"": ""서울특별시 마포구 성산동 592-2 2층 금별맥주"", ""roadAddress"": ""서울특별시 마포구 월드컵로34길 6 2층 금별맥주"", ""mapx"": 1269030134, ""mapy"": 375646091, ""dong"": ""성산동"", ""category_keyword"": ""술집""}",2026-09-14T03:22:54.970369+00:00
cd24605a-05b1-5b5d-aefa-161095afaf58,럭키코인동전노래연습장,오락시설>노래방,서울특별시 마포구 상암동 35-1,서울특별시 마포구 월드컵북로44길 49,37.5768334,126.8947454,,,,,"['모임', '시끌벅적함']",상암동,,,local,,"{""title"": ""럭키코인동전노래연습장"", ""link"": NaN, ""category"": ""오락시설>노래방"", ""description"": NaN, ""telephone"": NaN, ""address"": ""서울특별시 마포구 상암동 35-1"", ""roadAddress"": ""서울특별시 마포구 월드컵북로44길 49"", ""mapx"": 1268947454, ""mapy"": 375768334, ""dong"": ""상암동"", ""category_keyword"": ""오락실""}",2026-09-14T03:22:54.970420+00:00
f723be60-4493-58e8-9c5d-5366f8696a93,뽀뽑기,"스포츠,오락>오락실",서울특별시 마포구 상암동 14-7,서울특별시 마포구 매봉산로2길 34,37.5777154,126.8954674,,,,,"['모임', '시끌벅적함', '사진맛집']",상암동,,,local,,"{""title"": ""뽀뽑기"", ""link"": NaN, ""category"": ""스포츠,오락>오락실"", ""description"": NaN, ""telephone"": NaN, ""address"": ""서울특별시 마포구 상암동 14-7"", ""roadAddress"": ""서울특별시 마포구 매봉산로2길 34"", ""mapx"": 1268954674, ""mapy"": 375777154, ""dong"": ""상암동"", ""category_keyword"": ""오락실""}",2026-09-14T03:22:54.970470+00:00
0a913827-c853-5cff-ac73-3c37c74fa513,쿠보 DMC점,"스포츠,오락>오락실",서울특별시 마포구 상암동 5-6 1층,서울특별시 마포구 매봉산로2길 27 1층,37.578006,126.8954024,,,,,"['모임', '시끌벅적함', '사진맛집']",상암동,,,local,,"{""title"": ""쿠보 DMC점"", ""link"": NaN, ""category"": ""스포츠,오락>오락실"", ""description"": NaN, ""telephone"": NaN, ""address"": ""서울특별시 마포구 상암동 5-6 1층"", ""roadAddress"": ""서울특별시 마포구 매봉산로2길 27 1층"", ""mapx"": 1268954024, ""mapy"": 375780060, ""dong"": ""상암동"", ""category_keyword"": ""오락실""}",2026-09-14T03:22:54.970520+00:00
edb8d3fd-f2fb-593f-a916-c12319937649,도전볼링장,"스포츠,오락>볼링장",서울특별시 강서구 염창동 310 아네스트염창 지하 1층 도전볼링장,서울특별시 강서구 공항대로 593 아네스트염창 지하 1층 도전볼링장,37.5481453,126.8715382,http://www.instagram.com/dojeon_bowling,,,,"['모임', '가족동반']",상암동,,,local,,"{""title"": ""도전<b>볼링장</b>"", ""link"": ""http://www.instagram.com/dojeon_bowling"", ""category"": ""스포츠,오락>볼링장"", ""description"": NaN, ""telephone"": NaN, ""address"": ""서울특별시 강서구 염창동 310 아네스트염창 지하 1층 도전볼링장"", ""roadAddress"": ""서울특별시 강서구 공항대로 593 아네스트염창 지하 1층 도전볼링장"", ""mapx"": 1268715382, ""mapy"": 375481453, ""dong"": ""상암동"", ""category_keyword"": ""볼링장""}",2026-09-14T03:22:54.970572+00:00
5de0eda8-91f0-538f-9765-373d7f836e28,몬스터볼,"스포츠,오락>볼링장",서울특별시 강서구 등촌동 700 플러스존빌딩 지하1층,서울특별시 강서구 공항대로41길 34 플러스존빌딩 지하1층,37.5593002,126.8457076,https://www.instagram.com/monsterbowling_gs?igsh=MWlhZ3VtMjg1dDh6bQ%3D%3D&utm_source=qr,,,,"['모임', '가족동반']",상암동,,,local,,"{""title"": ""몬스터볼"", ""link"": ""https://www.instagram.com/monsterbowling_gs?igsh=MWlhZ3VtMjg1dDh6bQ%3D%3D&utm_source=qr"", ""category"": ""스포츠,오락>볼링장"", ""description"": NaN, ""telephone"": NaN, ""address"": ""서울특별시 강서구 등촌동 700 플러스존빌딩 지하1층"", ""roadAddress"": ""서울특별시 강서구 공항대로41길 34 플러스존빌딩 지하1층"", ""mapx"": 1268457076, ""mapy"": 375593002, ""dong"": ""상암동"", ""category_keyword"": ""볼링장""}",2026-09-14T03:22:54.970625+00:00
4239c3bd-001f-5bbd-a92e-b5315bbc901f,주영볼링센터,"스포츠,오락>볼링장",서울특별시 강서구 가양동 1480-8 주영빌딩,서울특별시 강서구 양천로 461 주영빌딩,37.5629763,126.8521952,,,,,"['모임', '가족동반']",상암동,,,local,,"{""title"": ""주영볼링센터"", ""link"": NaN, ""category"": ""스포츠,오락>볼링장"", ""description"": NaN, ""telephone"": NaN, ""address"": ""서울특별시 강서구 가양동 1480-8 주영빌딩"", ""roadAddress"": ""서울특별시 강서구 양천로 461 주영빌딩"", ""mapx"": 1268521952, ""mapy"": 375629763, ""dong"": ""상암동"", ""category_keyword"": ""볼링장""}",2026-09-14T03:22:54.970677+00:00
37f97de0-f8ff-5821-bc49-f6cce1cf83a0,포커스볼링센터,"스포츠,오락>볼링장",서울특별시 강서구 염창동 263-2 태진가람상가(아파트) 지하1층,서울특별시 강서구 양천로 706 태진가람상가(아파트) 지하1층,37.5495583,126.8742,https://www.instagram.com/focusbowling,,,,"['모임', '가족동반']",상암동,,,local,,"{""title"": ""포커스볼링센터"", ""link"": ""https://www.instagram.com/focusbowling"", ""category"": ""스포츠,오락>볼링장"", ""description"": NaN, ""telephone"": NaN, ""address"": ""서울특별시 강서구 염창동 263-2 태진가람상가(아파트) 지하1층"", ""roadAddress"": ""서울특별시 강서구 양천로 706 태진가람상가(아파트) 지하1층"", ""mapx"": 1268742000, ""mapy"": 375495583, ""dong"": ""상암동"", ""category_keyword"": ""볼링장""}",2026-09-14T03:22:54.970728+00:00
5130be5f-fedc-5772-9b97-e46a40a4187b,식스박스,전문디자인>시각디자인,경기도 고양시 덕양구 화전동 646-6 중소기업벤처센터 212호,경기도 고양시 덕양구 항공대학로 76-5 중소기업벤처센터 212호,37.5979,126.8651773,https://www.6sixbox.com/,,,,[],상암동,,,local,,"{""title"": ""식스박스"", ""link"": ""https://www.6sixbox.com/"", ""category"": ""전문디자인>시각디자인"", ""description"": NaN, ""telephone"": NaN, ""address"": ""경기도 고양시 덕양구 화전동 646-6 중소기업벤처센터 212호"", ""roadAddress"": ""경기도 고양시 덕양구 항공대학로 76-5 중소기업벤처센터 212호"", ""mapx"": 1268651773, ""mapy"": 375979000, ""dong"": ""상암동"", ""category_keyword"": ""방탈출""}",2026-09-14T03:22:54.970779+00:00
ff2a580f-7e5e-5532-a762-c7dafdeec5ea,보드게임카페 레드버튼 망원역점,"스포츠,오락>보드카페",서울특별시 마포구 서교동 475-13 지하1층,서울특별시 마포구 월드컵로 74 지하1층,37.5558144,126.9106262,https://www.instagram.com/official_redbutton/,,,,"['모임', '데이트']",상암동,,,local,,"{""title"": ""<b>보드게임카페</b> 레드버튼 망원역점"", ""link"": ""https://www.instagram.com/official_redbutton/"", ""category"": ""스포츠,오락>보드카페"", ""description"": NaN, ""telephone"": NaN, ""address"": ""서울특별시 마포구 서교동 475-13 지하1층"", ""roadAddress"": ""서울특별시 마포구 월드컵로 74 지하1층"", ""mapx"": 1269106262, ""mapy"": 375558144, ""dong"": ""상암동"", ""category_keyword"": ""보드게임카페""}",2026-09-14T03:22:54.970831+00:00
71359421-08df-555d-913a-8a34bf2f5247,포퀸스보드게임카페 등촌점,"스포츠,오락>보드카페",서울특별시 강서구 등촌동 648-11 한울에이치벨리움 B-1 포퀸스 보드카페 등촌점,서울특별시 강서구 공항대로59가길 10 한울에이치벨리움 B-1 포퀸스 보드카페 등촌점,37.5519582,126.8643083,https://blog.naver.com/4queensdc,,,,"['모임', '데이트']",상암동,,,local,,"{""title"": ""포퀸스<b>보드게임카페</b> 등촌점"", ""link"": ""https://blog.naver.com/4queensdc"", ""category"": ""스포츠,오락>보드카페"", ""description"": NaN, ""telephone"": NaN, ""address"": ""서울특별시 강서구 등촌동 648-11 한울에이치벨리움 B-1 포퀸스 보드카페 등촌점"", ""roadAddress"": ""서울특별시 강서구 공항대로59가길 10 한울에이치벨리움 B-1 포퀸스 보드카페 등촌점"", ""mapx"": 1268643083, ""mapy"": 375519582, ""dong"": ""상암동"", ""category_keyword"": ""보드게임카페""}",2026-09-14T03:22:54.970885+00:00
b64867d5-0423-5f75-88e1-a2f99a92f673,나우보드게임카페,"스포츠,오락>보드카페",서울특별시 서대문구 북가좌동 304-37 2층,서울특별시 서대문구 거북골로 184 2층,37.5775558,126.9104185,https://blog.naver.com/now_boardgamecafe,,,,"['모임', '데이트']",상암동,,,local,,"{""title"": ""나우<b>보드게임카페</b>"", ""link"": ""https://blog.naver.com/now_boardgamecafe"", ""category"": ""스포츠,오락>보드카페"", ""description"": NaN, ""telephone"": NaN, ""address"": ""서울특별시 서대문구 북가좌동 304-37 2층"", ""roadAddress"": ""서울특별시 서대문구 거북골로 184 2층"", ""mapx"": 1269104185, ""mapy"": 375775558, ""dong"": ""상암동"", ""category_keyword"": ""보드게임카페""}",2026-09-14T03:22:54.970938+00:00
4438eb9b-168f-53e3-82c8-eb9631f73c14,레인보우 당구장,"스포츠,오락>당구장",서울특별시 마포구 상암동 1499,서울특별시 마포구 성암로13길 44,37.5762582,126.8972819,,,,,"['모임', '시끌벅적함']",상암동,,,local,,"{""title"": ""레인보우 <b>당구장</b>"", ""link"": NaN, ""category"": ""스포츠,오락>당구장"", ""description"": NaN, ""telephone"": NaN, ""address"": ""서울특별시 마포구 상암동 1499"", ""roadAddress"": ""서울특별시 마포구 성암로13길 44"", ""mapx"": 1268972819, ""mapy"": 375762582, ""dong"": ""상암동"", ""category_keyword"": ""당구장""}",2026-09-14T03:22:54.970989+00:00
ff7ac575-e627-5d2d-baa1-698a4b6ecc3c,토토당구장,"스포츠,오락>당구장",서울특별시 마포구 상암동 15-29,서울특별시 마포구 월드컵북로48길 19,37.5771313,126.894729,,,,,"['모임', '시끌벅적함']",상암동,,,local,,"{""title"": ""토토<b>당구장</b>"", ""link"": NaN, ""category"": ""스포츠,오락>당구장"", ""description"": NaN, ""telephone"": NaN, ""address"": ""서울특별시 마포구 상암동 15-29"", ""roadAddress"": ""서울특별시 마포구 월드컵북로48길 19"", ""mapx"": 1268947290, ""mapy"": 375771313, ""dong"": ""상암동"", ""category_keyword"": ""당구장""}",2026-09-14T03:22:54.971052+00:00
fe1f6dd6-68ca-5f48-a311-d0c596212cd7,369당구클럽,"스포츠,오락>당구장",서울특별시 마포구 상암동 35-7 지하1층,서울특별시 마포구 월드컵북로44길 39 지하1층,37.5764694,126.8949895,,,,,"['모임', '시끌벅적함']",상암동,,,local,,"{""title"": ""369당구클럽"", ""link"": NaN, ""category"": ""스포츠,오락>당구장"", ""description"": NaN, ""telephone"": NaN, ""address"": ""서울특별시 마포구 상암동 35-7 지하1층"", ""roadAddress"": ""서울특별시 마포구 월드컵북로44길 39 지하1층"", ""mapx"": 1268949895, ""mapy"": 375764694, ""dong"": ""상암동"", ""category_keyword"": ""당구장""}",2026-09-14T03:22:54.971107+00:00
ba095d00-2d24-5350-b615-2deaaec2f336,밀당 당구클럽,"스포츠,오락>당구장",서울특별시 마포구 상암동 4-2 효인빌딩3층,서울특별시 마포구 매봉산로2길 15 효인빌딩3층,37.5785265,126.8949775,,,,,"['모임', '시끌벅적함']",상암동,,,local,,"{""title"": ""밀당 당구클럽"", ""link"": NaN, ""category"": ""스포츠,오락>당구장"", ""description"": NaN, ""telephone"": NaN, ""address"": ""서울특별시 마포구 상암동 4-2 효인빌딩3층"", ""roadAddress"": ""서울특별시 마포구 매봉산로2길 15 효인빌딩3층"", ""mapx"": 1268949775, ""mapy"": 375785265, ""dong"": ""상암동"", ""category_keyword"": ""당구장""}",2026-09-14T03:22:54.971157+00:00
741db458-9f4f-5023-9d0e-15176f1b665f,만화속세상,오락시설>만화방,서울특별시 양천구 목동 602-11,서울특별시 양천구 목동중앙북로7길 6,37.5483153,126.8672793,,,,,"['혼밥', '조용함']",상암동,,,local,,"{""title"": ""<b>만화</b>속세상"", ""link"": NaN, ""category"": ""오락시설>만화방"", ""description"": NaN, ""telephone"": NaN, ""address"": ""서울특별시 양천구 목동 602-11"", ""roadAddress"": ""서울특별시 양천구 목동중앙북로7길 6"", ""mapx"": 1268672793, ""mapy"": 375483153, ""dong"": ""상암동"", ""category_keyword"": ""만화카페""}",2026-09-14T03:22:54.971211+00:00
848b65df-add9-5447-bbe1-e25f4bda5356,어깨동무스토리움,"여행,명소>박물관",서울특별시 마포구 상암동 1762,서울특별시 마포구 월드컵로 386,37.5749728,126.8866957,https://ekdmstoryum.org/index.php,,,,"['조용함', '가족동반']",상암동,,,local,,"{""title"": ""어깨동무스토리움"", ""link"": ""https://ekdmstoryum.org/index.php"", ""category"": ""여행,명소>박물관"", ""description"": NaN, ""telephone"": NaN, ""address"": ""서울특별시 마포구 상암동 1762"", ""roadAddress"": ""서울특별시 마포구 월드컵로 386"", ""mapx"": 1268866957, ""mapy"": 375749728, ""dong"": ""상암동"", ""category_keyword"": ""키즈카페""}",2026-09-14T03:22:54.971265+00:00
9ba39aed-a1ba-5f99-9de3-862e2652852f,서울형키즈카페 마포구상암점,"키즈카페,실내놀이터",서울특별시 마포구 상암동 1686,서울특별시 마포구 상암산로1길 71,37.5805628,126.8836867,https://icare.seoul.go.kr/icare/index.do,,,,['가족동반'],상암동,,,local,,"{""title"": ""서울형<b>키즈카페</b> <b>마포구</b>상암점"", ""link"": ""https://icare.seoul.go.kr/icare/index.do"", ""category"": ""키즈카페,실내놀이터"", ""description"": NaN, ""telephone"": NaN, ""address"": ""서울특별시 마포구 상암동 1686"", ""roadAddress"": ""서울특별시 마포구 상암산로1길 71"", ""mapx"": 1268836867, ""mapy"": 375805628, ""dong"": ""상암동"", ""category_keyword"": ""키즈카페""}",2026-09-14T03:22:54.971319+00:00
32865a36-4431-5b9e-826b-d4985e832cdf,베베마망키즈,"서비스,산업>장소대여",서울특별시 마포구 상암동 1580 지하1층 B101호 (A동 방향),서울특별시 마포구 성암로 330 지하1층 B101호 (A동 방향),37.584738,126.8858564,https://www.instagram.com/bebemamankids,,,,['모임'],상암동,,,local,,"{""title"": ""베베마망키즈"", ""link"": ""https://www.instagram.com/bebemamankids"", ""category"": ""서비스,산업>장소대여"", ""description"": NaN, ""telephone"": NaN, ""address"": ""서울특별시 마포구 상암동 1580 지하1층 B101호 (A동 방향)"", ""roadAddress"": ""서울특별시 마포구 성암로 330 지하1층 B101호 (A동 방향)"", ""mapx"": 1268858564, ""mapy"": 375847380, ""dong"": ""상암동"", ""category_keyword"": ""키즈카페""}",2026-09-14T03:22:54.971372+00:00
78b0e1da-b8b2-5734-9d79-9fd848b4a816,고양풀스윙배팅센터,"스포츠,오락>스포츠시설",경기도 고양시 덕양구 화전동 234-7,경기도 고양시 덕양구 중앙로78번안길 119,37.6002637,126.8752443,https://blog.naver.com/fullswing1121,,,,[],상암동,,,local,,"{""title"": ""고양풀스윙배팅센터"", ""link"": ""https://blog.naver.com/fullswing1121"", ""category"": ""스포츠,오락>스포츠시설"", ""description"": NaN, ""telephone"": NaN, ""address"": ""경기도 고양시 덕양구 화전동 234-7"", ""roadAddress"": ""경기도 고양시 덕양구 중앙로78번안길 119"", ""mapx"": 1268752443, ""mapy"": 376002637, ""dong"": ""상암동"", ""category_keyword"": ""스크린야구""}",2026-09-14T03:22:54.971423+00:00
c82d895c-8697-57e3-8f48-cd072b56fa94,리얼야구존 강서구청점,스포츠시설>스크린야구장,서울특별시 강서구 화곡동 1117-7 4층,서울특별시 강서구 공항대로46길 90 4층,37.5523622,126.8506945,http://www.realyagu.co.kr/html/store_info.php,,,,['모임'],상암동,,,local,,"{""title"": ""리얼<b>야구</b>존 강서구청점"", ""link"": ""http://www.realyagu.co.kr/html/store_info.php"", ""category"": ""스포츠시설>스크린야구장"", ""description"": NaN, ""telephone"": NaN, ""address"": ""서울특별시 강서구 화곡동 1117-7 4층"", ""roadAddress"": ""서울특별시 강서구 공항대로46길 90 4층"", ""mapx"": 1268506945, ""mapy"": 375523622, ""dong"": ""상암동"", ""category_keyword"": ""스크린야구""}",2026-09-14T03:22:54.971476+00:00
67a22c6d-caeb-5d38-a898-05620b5e37d4,레전드야구존 강서화곡점,"스포츠,오락>야구연습장","서울특별시 강서구 화곡동 1120-13 2층, 3층","서울특별시 강서구 화곡로58길 22-3 2층, 3층",37.5525767,126.8520433,http://www.heatbat.com/,,,,['모임'],상암동,,,local,,"{""title"": ""레전드<b>야구</b>존 강서화곡점"", ""link"": ""http://www.heatbat.com/"", ""category"": ""스포츠,오락>야구연습장"", ""description"": NaN, ""telephone"": NaN, ""address"": ""서울특별시 강서구 화곡동 1120-13 2층, 3층"", ""roadAddress"": ""서울특별시 강서구 화곡로58길 22-3 2층, 3층"", ""mapx"": 1268520433, ""mapy"": 375525767, ""dong"": ""상암동"", ""category_keyword"": ""스크린야구""}",2026-09-14T03:22:54.971528+00:00
b720e9ca-ce5c-51b9-8fb0-c8aa1b3cd298,야구스타 가양스타디움,스포츠시설>스크린야구장,서울특별시 강서구 가양동 1498 한강자이타워 B동 210호,서울특별시 강서구 양천로 401 한강자이타워 B동 210호,37.5651083,126.8489667,http://yagustar.com/,,,,['모임'],상암동,,,local,,"{""title"": ""<b>야구</b>스타 가양스타디움"", ""link"": ""http://yagustar.com/"", ""category"": ""스포츠시설>스크린야구장"", ""description"": NaN, ""telephone"": NaN, ""address"": ""서울특별시 강서구 가양동 1498 한강자이타워 B동 210호"", ""roadAddress"": ""서울특별시 강서구 양천로 401 한강자이타워 B동 210호"", ""mapx"": 1268489667, ""mapy"": 375651083, ""dong"": ""상암동"", ""category_keyword"": ""스크린야구""}",2026-09-14T03:22:54.971580+00:00
7c3aa292-d9ed-55f9-b7b3-432b74727688,K POP STAR 노래연습장,"스포츠,오락>노래방",서울특별시 마포구 상암동 17-7 2층,서울특별시 마포구 월드컵북로44길 46 2층,37.5768045,126.8950464,,,,,"['모임', '시끌벅적함']",상암동,,,local,,"{""title"": ""K POP STAR 노래연습장"", ""link"": NaN, ""category"": ""스포츠,오락>노래방"", ""description"": NaN, ""telephone"": NaN, ""address"": ""서울특별시 마포구 상암동 17-7 2층"", ""roadAddress"": ""서울특별시 마포구 월드컵북로44길 46 2층"", ""mapx"": 1268950464, ""mapy"": 375768045, ""dong"": ""상암동"", ""category_keyword"": ""노래방""}",2026-09-14T03:22:54.971631+00:00
df576b0e-5db8-520c-9b92-5862770025fc,TJ미디어 본사,"쇼핑,유통>영상,음향가전",서울특별시 마포구 상암동 1590 상암IT Tower 8층,서울특별시 마포구 월드컵북로 434 상암IT Tower 8층,37.5816562,126.8859019,https://smartstore.naver.com/tjmediacorp,,,,[],상암동,,,local,,"{""title"": ""TJ미디어 본사"", ""link"": ""https://smartstore.naver.com/tjmediacorp"", ""category"": ""쇼핑,유통>영상,음향가전"", ""description"": NaN, ""telephone"": NaN, ""address"": ""서울특별시 마포구 상암동 1590 상암IT Tower 8층"", ""roadAddress"": ""서울특별시 마포구 월드컵북로 434 상암IT Tower 8층"", ""mapx"": 1268859019, ""mapy"": 375816562, ""dong"": ""상암동"", ""category_keyword"": ""노래방""}",2026-09-14T03:22:54.971685+00:00
51b53a79-db28-526f-ac12-69b6f0c5ee47,슈퍼스타노래방,"스포츠,오락>노래방",서울특별시 마포구 상암동 16-5,서울특별시 마포구 월드컵북로44길 50,37.5769051,126.8948925,,,,,"['모임', '시끌벅적함']",상암동,,,local,,"{""title"": ""슈퍼스타<b>노래방</b>"", ""link"": NaN, ""category"": ""스포츠,오락>노래방"", ""description"": NaN, ""telephone"": NaN, ""address"": ""서울특별시 마포구 상암동 16-5"", ""roadAddress"": ""서울특별시 마포구 월드컵북로44길 50"", ""mapx"": 1268948925, ""mapy"": 375769051, ""dong"": ""상암동"", ""category_keyword"": ""노래방""}",2026-09-14T03:22:54.971765+00:00
87ef2b88-6b52-54d8-9e34-f005863051df,스페셜노래연습장,"스포츠,오락>노래방",서울특별시 마포구 상암동 13-10,서울특별시 마포구 월드컵북로48길 31,37.5773756,126.8952301,,,,,"['모임', '시끌벅적함']",상암동,,,local,,"{""title"": ""스페셜노래연습장"", ""link"": NaN, ""category"": ""스포츠,오락>노래방"", ""description"": NaN, ""telephone"": NaN, ""address"": ""서울특별시 마포구 상암동 13-10"", ""roadAddress"": ""서울특별시 마포구 월드컵북로48길 31"", ""mapx"": 1268952301, ""mapy"": 375773756, ""dong"": ""상암동"", ""category_keyword"": ""노래방""}",2026-09-14T03:22:54.971828+00:00
9bfce4ce-e9c0-5e86-8878-dc824e095873,레벨업PC방 상암점,"스포츠,오락>PC방",서울특별시 마포구 상암동 1593 2층 202호,서울특별시 마포구 월드컵북로56길 9 2층 202호,37.5813771,126.8875839,,,,,"['혼밥', '모임']",상암동,,,local,,"{""title"": ""레벨업<b>PC방</b> 상암점"", ""link"": NaN, ""category"": ""스포츠,오락>PC방"", ""description"": NaN, ""telephone"": NaN, ""address"": ""서울특별시 마포구 상암동 1593 2층 202호"", ""roadAddress"": ""서울특별시 마포구 월드컵북로56길 9 2층 202호"", ""mapx"": 1268875839, ""mapy"": 375813771, ""dong"": ""상암동"", ""category_keyword"": ""PC방""}",2026-09-14T03:22:54.971881+00:00
463033b0-98c6-5ba0-8780-6cc3d879f3c7,긱스타 PC방 상암점,"스포츠,오락>PC방",서울특별시 마포구 상암동 4-2 지하1층,서울특별시 마포구 매봉산로2길 15 지하1층,37.5785077,126.894981,,,,,"['혼밥', '모임']",상암동,,,local,,"{""title"": ""긱스타 <b>PC방</b> 상암점"", ""link"": NaN, ""category"": ""스포츠,오락>PC방"", ""description"": NaN, ""telephone"": NaN, ""address"": ""서울특별시 마포구 상암동 4-2 지하1층"", ""roadAddress"": ""서울특별시 마포구 매봉산로2길 15 지하1층"", ""mapx"": 1268949810, ""mapy"": 375785077, ""dong"": ""상암동"", ""category_keyword"": ""PC방""}",2026-09-14T03:22:54.971932+00:00
f5f3bca6-8d94-5dcb-8140-05f5775527fc,피사모,"친목,모임>클럽,동호회",서울특별시 마포구 상암동 1736 1010동 403호,서울특별시 마포구 월드컵북로 502-36 1010동 403호,37.5856385,126.882197,http://cafe.daum.net/pissamo,,,,[],상암동,,,local,,"{""title"": ""피사모"", ""link"": ""http://cafe.daum.net/pissamo"", ""category"": ""친목,모임>클럽,동호회"", ""description"": NaN, ""telephone"": NaN, ""address"": ""서울특별시 마포구 상암동 1736 1010동 403호"", ""roadAddress"": ""서울특별시 마포구 월드컵북로 502-36 1010동 403호"", ""mapx"": 1268821970, ""mapy"": 375856385, ""dong"": ""상암동"", ""category_keyword"": ""PC방""}",2026-09-14T03:22:54.971996+00:00
ad44614a-c6f3-59a5-9c2c-da4f01f13a4e,베뉴지아쿠아24,"생활,편의>찜질방",서울특별시 강서구 화곡동 1095 지하2층 베뉴지아쿠아&베뉴지피트니스,서울특별시 강서구 화곡로 347 지하2층 베뉴지아쿠아&베뉴지피트니스,37.5547094,126.8513356,https://blog.naver.com/venuegfitness,,,,"['가족동반', '조용함']",상암동,,,local,,"{""title"": ""베뉴지아쿠아24"", ""link"": ""https://blog.naver.com/venuegfitness"", ""category"": ""생활,편의>찜질방"", ""description"": NaN, ""telephone"": NaN, ""address"": ""서울특별시 강서구 화곡동 1095 지하2층 베뉴지아쿠아&베뉴지피트니스"", ""roadAddress"": ""서울특별시 강서구 화곡로 347 지하2층 베뉴지아쿠아&베뉴지피트니스"", ""mapx"": 1268513356, ""mapy"": 375547094, ""dong"": ""상암동"", ""category_keyword"": ""찜질방""}",2026-09-14T03:22:54.972060+00:00
7e053586-3b88-5915-a273-56a05229ea3a,1인 세신샵 결 화곡점,"생활,편의>목욕,찜질",서울특별시 강서구 화곡동 980-21 강서아이파크 3층 312호,서울특별시 강서구 화곡로 296 강서아이파크 3층 312호,37.5505813,126.8490472,https://blog.naver.com/ssuk2116,,,,"['가족동반', '조용함']",상암동,,,local,,"{""title"": ""1인 세신샵 결 화곡점"", ""link"": ""https://blog.naver.com/ssuk2116"", ""category"": ""생활,편의>목욕,찜질"", ""description"": NaN, ""telephone"": NaN, ""address"": ""서울특별시 강서구 화곡동 980-21 강서아이파크 3층 312호"", ""roadAddress"": ""서울특별시 강서구 화곡로 296 강서아이파크 3층 312호"", ""mapx"": 1268490472, ""mapy"": 375505813, ""dong"": ""상암동"", ""category_keyword"": ""찜질방""}",2026-09-14T03:22:54.972114+00:00
00e0613b-15b7-5332-b181-40506fda90c1,1인 세신샵 스파 비단,"생활,편의>목욕,찜질",서울특별시 강서구 화곡동 982-3 브라운도트호텔 지하1층 세신샵 비단,서울특별시 강서구 화곡로44가길 39 브라운도트호텔 지하1층 세신샵 비단,37.5495875,126.8483124,https://blog.naver.com/spamildahwagok,,,,"['가족동반', '조용함']",상암동,,,local,,"{""title"": ""1인 세신샵 스파 비단"", ""link"": ""https://blog.naver.com/spamildahwagok"", ""category"": ""생활,편의>목욕,찜질"", ""description"": NaN, ""telephone"": NaN, ""address"": ""서울특별시 강서구 화곡동 982-3 브라운도트호텔 지하1층 세신샵 비단"", ""roadAddress"": ""서울특별시 강서구 화곡로44가길 39 브라운도트호텔 지하1층 세신샵 비단"", ""mapx"": 1268483124, ""mapy"": 375495875, ""dong"": ""상암동"", ""category_keyword"": ""찜질방""}",2026-09-14T03:22:54.972168+00:00
45e69eed-ee63-5806-9364-59840cd15de6,무한사우나,"생활,편의>목욕탕,사우나",서울특별시 강서구 염창동 310 3동 B101호 무한사우나,서울특별시 강서구 공항대로 593 3동 B101호 무한사우나,37.5481453,126.8715382,,,,,"['가족동반', '조용함']",상암동,,,local,,"{""title"": ""무한사우나"", ""link"": NaN, ""category"": ""생활,편의>목욕탕,사우나"", ""description"": NaN, ""telephone"": NaN, ""address"": ""서울특별시 강서구 염창동 310 3동 B101호 무한사우나"", ""roadAddress"": ""서울특별시 강서구 공항대로 593 3동 B101호 무한사우나"", ""mapx"": 1268715382, ""mapy"": 375481453, ""dong"": ""상암동"", ""category_keyword"": ""찜질방""}",2026-09-14T03:22:54.972221+00:00
06b7f211-3e9b-53bb-889d-0bdda463ed26,코알라클라이밍 상암,"스포츠,오락>암벽등반",서울특별시 마포구 상암동 1605 누리꿈스퀘어 디지털파빌리온 B1040호,서울특별시 마포구 월드컵북로 396 누리꿈스퀘어 디지털파빌리온 B1040호,37.5797535,126.8909385,https://www.instagram.com/koalaclimbing_sangam/,,,,"['데이트', '모임']",상암동,,,local,,"{""title"": ""코알라<b>클라이밍</b> 상암"", ""link"": ""https://www.instagram.com/koalaclimbing_sangam/"", ""category"": ""스포츠,오락>암벽등반"", ""description"": NaN, ""telephone"": NaN, ""address"": ""서울특별시 마포구 상암동 1605 누리꿈스퀘어 디지털파빌리온 B1040호"", ""roadAddress"": ""서울특별시 마포구 월드컵북로 396 누리꿈스퀘어 디지털파빌리온 B1040호"", ""mapx"": 1268909385, ""mapy"": 375797535, ""dong"": ""상암동"", ""category_keyword"": ""클라이밍""}",2026-09-14T03:22:54.972275+00:00
6f03641b-3f28-5918-b9c8-84d7e01ad6b0,서울시산악문화체험센터(녹화장소 클라이밍 필히유선상담) 070-4112-9921,장소대여>공유누리 개방자원,서울특별시 마포구 상암동 481-231,서울특별시 마포구 하늘공원로 112,37.5692764,126.8799527,,,,,['모임'],상암동,,,local,,"{""title"": ""서울시산악문화체험센터(녹화장소 <b>클라이밍</b> 필히유선상담) 070-4112-9921"", ""link"": NaN, ""category"": ""장소대여>공유누리 개방자원"", ""description"": NaN, ""telephone"": NaN, ""address"": ""서울특별시 마포구 상암동 481-231"", ""roadAddress"": ""서울특별시 마포구 하늘공원로 112"", ""mapx"": 1268799527, ""mapy"": 375692764, ""dong"": ""상암동"", ""category_keyword"": ""클라이밍""}",2026-09-14T03:22:54.972331+00:00
9d63de4a-6513-5117-ab69-e90a33b79ae0,스타벅스 상암디지털큐브점,"카페,디저트>카페",서울특별시 마포구 상암동 1647,서울특별시 마포구 상암산로 34,37.5761352,126.8889264,http://www.starbucks.co.kr/,,,,"['감성적', '사진맛집']",상암동,,,local,,"{""title"": ""스타벅스 상암디지털큐브점"", ""link"": ""http://www.starbucks.co.kr/"", ""category"": ""카페,디저트>카페"", ""description"": NaN, ""telephone"": NaN, ""address"": ""서울특별시 마포구 상암동 1647"", ""roadAddress"": ""서울특별시 마포구 상암산로 34"", ""mapx"": 1268889264, ""mapy"": 375761352, ""dong"": ""상암동"", ""category_keyword"": ""카페""}",2026-09-14T03:22:54.972384+00:00
e38ed014-92e9-5646-9c8a-f22da8ee357a,스타벅스 상암YTN점,"카페,디저트>카페",서울특별시 마포구 상암동 1607,서울특별시 마포구 상암산로 76 (상암동),37.5793142,126.8922104,http://www.starbucks.co.kr/,,,,"['감성적', '사진맛집']",상암동,,,local,,"{""title"": ""스타벅스 상암YTN점"", ""link"": ""http://www.starbucks.co.kr/"", ""category"": ""카페,디저트>카페"", ""description"": NaN, ""telephone"": NaN, ""address"": ""서울특별시 마포구 상암동 1607"", ""roadAddress"": ""서울특별시 마포구 상암산로 76 (상암동)"", ""mapx"": 1268922104, ""mapy"": 375793142, ""dong"": ""상암동"", ""category_keyword"": ""카페""}",2026-09-14T03:22:54.972436+00:00
d188add6-f455-547e-9831-400bbc105fb6,스타벅스 상암사보이시티점,"카페,디저트>카페",서울특별시 마포구 상암동 1597,서울특별시 마포구 월드컵북로54길 17 (상암동),37.5814622,126.8887854,http://www.starbucks.co.kr/,,,,"['감성적', '사진맛집']",상암동,,,local,,"{""title"": ""스타벅스 상암사보이시티점"", ""link"": ""http://www.starbucks.co.kr/"", ""category"": ""카페,디저트>카페"", ""description"": NaN, ""telephone"": NaN, ""address"": ""서울특별시 마포구 상암동 1597"", ""roadAddress"": ""서울특별시 마포구 월드컵북로54길 17 (상암동)"", ""mapx"": 1268887854, ""mapy"": 375814622, ""dong"": ""상암동"", ""category_keyword"": ""카페""}",2026-09-14T03:22:54.972486+00:00
d551f5a4-4fcf-5a30-af89-f894b4acef7f,스타벅스 상암DMC점,"카페,디저트>카페","서울특별시 마포구 상암동 1654 DMC이안오피스텔1단지 102호,202호 ()","서울특별시 마포구 월드컵북로 375 DMC이안오피스텔1단지 102호,202호 (상암동)",37.5776585,126.8908786,http://www.starbucks.co.kr/,,,,"['감성적', '사진맛집']",상암동,,,local,,"{""title"": ""스타벅스 상암DMC점"", ""link"": ""http://www.starbucks.co.kr/"", ""category"": ""카페,디저트>카페"", ""description"": NaN, ""telephone"": NaN, ""address"": ""서울특별시 마포구 상암동 1654 DMC이안오피스텔1단지 102호,202호 ()"", ""roadAddress"": ""서울특별시 마포구 월드컵북로 375 DMC이안오피스텔1단지 102호,202호 (상암동)"", ""mapx"": 1268908786, ""mapy"": 375776585, ""dong"": ""상암동"", ""category_keyword"": ""카페""}",2026-09-14T03:22:54.972537+00:00
ff85fc73-a89a-5416-9070-79e2ef066ce7,폴 바셋 MBC몰 파크점,"카페,디저트>카페",서울특별시 마포구 상암동 1603 MBC Mall Park 103호,서울특별시 마포구 성암로 267 MBC Mall Park 103호,37.5805707,126.8906949,https://www.baristapaulbassett.co.kr/Index.pb,,,,"['가족동반', '주차가능']",상암동,,,local,,"{""title"": ""폴 바셋 MBC몰 파크점"", ""link"": ""https://www.baristapaulbassett.co.kr/Index.pb"", ""category"": ""카페,디저트>카페"", ""description"": NaN, ""telephone"": NaN, ""address"": ""서울특별시 마포구 상암동 1603 MBC Mall Park 103호"", ""roadAddress"": ""서울특별시 마포구 성암로 267 MBC Mall Park 103호"", ""mapx"": 1268906949, ""mapy"": 375805707, ""dong"": ""상암동"", ""category_keyword"": ""카페""}",2026-09-14T03:22:54.972591+00:00
2a36b12b-a990-5184-8da8-a327efc7da44,리우키친 상암점,"도시락,컵밥>다이어트,샐러드",서울특별시 마포구 상암동 1601 케이지아이티센터,서울특별시 마포구 월드컵북로 402 케이지아이티센터,37.5800689,126.8887835,https://smartstore.naver.com/mongoo,,,,['혼밥'],상암동,,,local,,"{""title"": ""리우키친 상암점"", ""link"": ""https://smartstore.naver.com/mongoo"", ""category"": ""도시락,컵밥>다이어트,샐러드"", ""description"": NaN, ""telephone"": NaN, ""address"": ""서울특별시 마포구 상암동 1601 케이지아이티센터"", ""roadAddress"": ""서울특별시 마포구 월드컵북로 402 케이지아이티센터"", ""mapx"": 1268887835, ""mapy"": 375800689, ""dong"": ""상암동"", ""category_keyword"": ""맛집""}",2026-09-14T03:22:54.972644+00:00
5753ee90-87d2-5ff2-b54b-3f1f3c18be8b,맥도날드 상암DMC점,양식>햄버거,서울특별시 마포구 상암동 1602,서울특별시 마포구 월드컵북로 400,37.5805221,126.889616,https://www.mcdonalds.co.kr/,,,,"['데이트', '혼밥']",상암동,,,local,,"{""title"": ""맥도날드 상암DMC점"", ""link"": ""https://www.mcdonalds.co.kr/"", ""category"": ""양식>햄버거"", ""description"": NaN, ""telephone"": NaN, ""address"": ""서울특별시 마포구 상암동 1602"", ""roadAddress"": ""서울특별시 마포구 월드컵북로 400"", ""mapx"": 1268896160, ""mapy"": 375805221, ""dong"": ""상암동"", ""category_keyword"": ""맛집""}",2026-09-14T03:22:54.972697+00:00
08cdefa5-4446-5b29-b10a-8394d6221c50,상암일미락,한식>돼지고기구이,서울특별시 마포구 상암동 1493 상암일미락,서울특별시 마포구 성암로13길 40 상암일미락,37.5763725,126.897255,https://www.instagram.com/ilmirack_dining,,,,['모임'],상암동,,,local,,"{""title"": ""상암일미락"", ""link"": ""https://www.instagram.com/ilmirack_dining"", ""category"": ""한식>돼지고기구이"", ""description"": NaN, ""telephone"": NaN, ""address"": ""서울특별시 마포구 상암동 1493 상암일미락"", ""roadAddress"": ""서울특별시 마포구 성암로13길 40 상암일미락"", ""mapx"": 1268972550, ""mapy"": 375763725, ""dong"": ""상암동"", ""category_keyword"": ""맛집""}",2026-09-14T03:22:54.972751+00:00
396f79b6-be36-558e-9be6-ee16676cd1a5,냅다청양집 상암직영점,"음식점>한식>육류,고기요리>돼지고기구이",서울특별시 마포구 상암동 14-9 1층,서울특별시 마포구 월드컵북로48길 30 1층,37.5771509,126.8953094,http://www.instagram.com/cheongyangjip_sangam,,,,"['모임', '가족동반']",상암동,,,local,,"{""title"": ""냅다청양집 상암직영점"", ""link"": ""http://www.instagram.com/cheongyangjip_sangam"", ""category"": ""음식점>한식>육류,고기요리>돼지고기구이"", ""description"": NaN, ""telephone"": NaN, ""address"": ""서울특별시 마포구 상암동 14-9 1층"", ""roadAddress"": ""서울특별시 마포구 월드컵북로48길 30 1층"", ""mapx"": 1268953094, ""mapy"": 375771509, ""dong"": ""상암동"", ""category_keyword"": ""맛집""}",2026-09-14T03:22:54.972805+00:00
4bfb22d7-1efa-55a9-9fc7-5adddeae0670,전설의우대갈비 서울상암직영점,"한식>육류,고기요리","서울특별시 마포구 상암동 1605 누리꿈스퀘어 공동제작센타 2층 202호, 203호","서울특별시 마포구 월드컵북로 396 누리꿈스퀘어 공동제작센타 2층 202호, 203호",37.5799066,126.8902224,http://전설의우대갈비.com,,,,['모임'],상암동,,,local,,"{""title"": ""전설의우대갈비 서울상암직영점"", ""link"": ""http://전설의우대갈비.com"", ""category"": ""한식>육류,고기요리"", ""description"": NaN, ""telephone"": NaN, ""address"": ""서울특별시 마포구 상암동 1605 누리꿈스퀘어 공동제작센타 2층 202호, 203호"", ""roadAddress"": ""서울특별시 마포구 월드컵북로 396 누리꿈스퀘어 공동제작센타 2층 202호, 203호"", ""mapx"": 1268902224, ""mapy"": 375799066, ""dong"": ""상암동"", ""category_keyword"": ""맛집""}",2026-09-14T03:22:54.972860+00:00
368368fb-668c-594a-b37c-530b0551ac5a,츄라우미 상암점,술집>요리주점,서울특별시 마포구 상암동 11-1,서울특별시 마포구 월드컵북로44길 76-11,37.5779792,126.8938635,,,,,['조용함'],상암동,,,local,,"{""title"": ""츄라우미 상암점"", ""link"": NaN, ""category"": ""술집>요리주점"", ""description"": NaN, ""telephone"": NaN, ""address"": ""서울특별시 마포구 상암동 11-1"", ""roadAddress"": ""서울특별시 마포구 월드컵북로44길 76-11"", ""mapx"": 1268938635, ""mapy"": 375779792, ""dong"": ""상암동"", ""category_keyword"": ""술집""}",2026-09-14T03:22:54.972913+00:00
757f32fa-e34b-5db0-bef6-031e997b57f2,용용선생 상암점,음식점>술집>요리주점,서울특별시 마포구 상암동 34-34 1층 용용선생 상암점,서울특별시 마포구 월드컵북로48길 8 1층 용용선생 상암점,37.5766034,126.8943348,http://generalyongyong.com/,,,,"['데이트', '모임']",상암동,,,local,,"{""title"": ""용용선생 상암점"", ""link"": ""http://generalyongyong.com/"", ""category"": ""음식점>술집>요리주점"", ""description"": NaN, ""telephone"": NaN, ""address"": ""서울특별시 마포구 상암동 34-34 1층 용용선생 상암점"", ""roadAddress"": ""서울특별시 마포구 월드컵북로48길 8 1층 용용선생 상암점"", ""mapx"": 1268943348, ""mapy"": 375766034, ""dong"": ""상암동"", ""category_keyword"": ""술집""}",2026-09-14T03:22:54.972967+00:00
3c67fd94-21c2-54e4-b8a0-5f9818be5bf5,하나마토 상암DMC,술집>요리주점,"서울특별시 마포구 상암동 19-12 1층, 2층","서울특별시 마포구 월드컵북로44길 16 1층, 2층",37.5758865,126.8962634,https://blogdexreview.space/b/47121bfa44,,,,['감성적'],상암동,,,local,,"{""title"": ""하나마토 상암DMC"", ""link"": ""https://blogdexreview.space/b/47121bfa44"", ""category"": ""술집>요리주점"", ""description"": NaN, ""telephone"": NaN, ""address"": ""서울특별시 마포구 상암동 19-12 1층, 2층"", ""roadAddress"": ""서울특별시 마포구 월드컵북로44길 16 1층, 2층"", ""mapx"": 1268962634, ""mapy"": 375758865, ""dong"": ""상암동"", ""category_keyword"": ""술집""}",2026-09-14T03:22:54.973028+00:00
e6d24d95-852f-5a78-a903-54ef646a4013,용왕님술상 상암본점,한식>생선회,서울특별시 마포구 상암동 4-1 2층,서울특별시 마포구 매봉산로2길 9 2층,37.5787398,126.8949024,https://www.yongsul.com,,,,['모임'],상암동,,,local,,"{""title"": ""용왕님술상 상암본점"", ""link"": ""https://www.yongsul.com"", ""category"": ""한식>생선회"", ""description"": NaN, ""telephone"": NaN, ""address"": ""서울특별시 마포구 상암동 4-1 2층"", ""roadAddress"": ""서울특별시 마포구 매봉산로2길 9 2층"", ""mapx"": 1268949024, ""mapy"": 375787398, ""dong"": ""상암동"", ""category_keyword"": ""술집""}",2026-09-14T03:22:54.973086+00:00
449e9679-dc27-5379-80a5-d3a9271082b4,우곳간 상암점,술집>요리주점,"서울특별시 마포구 상암동 11-44 1층, 2층","서울특별시 마포구 월드컵북로44길 76-9 1층, 2층",37.577899,126.8938208,https://app.catchtable.co.kr/ct/shop/woogokkan_sangam,,,,"['감성적', '모임']",상암동,,,local,,"{""title"": ""우곳간 상암점"", ""link"": ""https://app.catchtable.co.kr/ct/shop/woogokkan_sangam"", ""category"": ""술집>요리주점"", ""description"": NaN, ""telephone"": NaN, ""address"": ""서울특별시 마포구 상암동 11-44 1층, 2층"", ""roadAddress"": ""서울특별시 마포구 월드컵북로44길 76-9 1층, 2층"", ""mapx"": 1268938208, ""mapy"": 375778990, ""dong"": ""상암동"", ""category_keyword"": ""술집""}",2026-09-14T03:22:54.973138+00:00
b4952cca-ba0b-5678-b8bf-344d245540bd,오피스알파사무용품,"쇼핑,유통>문구,팬시용품",서울특별시 마포구 신공덕동 167 메트로디오빌빌딩 지하1층,서울특별시 마포구 백범로 199 메트로디오빌빌딩 지하1층,37.5435353,126.9528469,,,,,['사진맛집'],공덕동,,,local,,"{""title"": ""오피스알파사무용품"", ""link"": NaN, ""category"": ""쇼핑,유통>문구,팬시용품"", ""description"": NaN, ""telephone"": NaN, ""address"": ""서울특별시 마포구 신공덕동 167 메트로디오빌빌딩 지하1층"", ""roadAddress"": ""서울특별시 마포구 백범로 199 메트로디오빌빌딩 지하1층"", ""mapx"": 1269528469, ""mapy"": 375435353, ""dong"": ""공덕동"", ""category_keyword"": ""문구점""}",2026-09-14T03:22:54.973190+00:00
d258e0fd-2534-54a1-84dc-e26567662f0e,아이스앤몬스터문구 청파점,"쇼핑,유통>문구,팬시용품",서울특별시 마포구 공덕동 7-18 1층,서울특별시 마포구 효창원로 253-2 1층,37.5499251,126.9634764,,,,,['사진맛집'],공덕동,,,local,,"{""title"": ""아이스앤몬스터문구 청파점"", ""link"": NaN, ""category"": ""쇼핑,유통>문구,팬시용품"", ""description"": NaN, ""telephone"": NaN, ""address"": ""서울특별시 마포구 공덕동 7-18 1층"", ""roadAddress"": ""서울특별시 마포구 효창원로 253-2 1층"", ""mapx"": 1269634764, ""mapy"": 375499251, ""dong"": ""공덕동"", ""category_keyword"": ""문구점""}",2026-09-14T03:22:54.973243+00:00
1bd3ca9b-6353-5921-a06b-7d9845e4b33c,현대문구,"쇼핑,유통>문구,팬시용품",서울특별시 마포구 공덕동 456 르네상스타워 지하1층 B5호,서울특별시 마포구 만리재로 14 르네상스타워 지하1층 B5호,37.543987,126.9528484,,,,,['사진맛집'],공덕동,,,local,,"{""title"": ""현대문구"", ""link"": NaN, ""category"": ""쇼핑,유통>문구,팬시용품"", ""description"": NaN, ""telephone"": NaN, ""address"": ""서울특별시 마포구 공덕동 456 르네상스타워 지하1층 B5호"", ""roadAddress"": ""서울특별시 마포구 만리재로 14 르네상스타워 지하1층 B5호"", ""mapx"": 1269528484, ""mapy"": 375439870, ""dong"": ""공덕동"", ""category_keyword"": ""문구점""}",2026-09-14T03:22:54.973296+00:00
6aed96c0-51a8-5e6b-a827-26ce382c32be,후르츠후라이,"컴퓨터프로그래밍,정보서비스업>인터넷상거래",서울특별시 마포구 공덕동 115-13 201호,서울특별시 마포구 만리재로 80 201호,37.547627,126.9587611,,,,,[],공덕동,,,local,,"{""title"": ""후르츠후라이"", ""link"": NaN, ""category"": ""컴퓨터프로그래밍,정보서비스업>인터넷상거래"", ""description"": NaN, ""telephone"": NaN, ""address"": ""서울특별시 마포구 공덕동 115-13 201호"", ""roadAddress"": ""서울특별시 마포구 만리재로 80 201호"", ""mapx"": 1269587611, ""mapy"": 375476270, ""dong"": ""공덕동"", ""category_keyword"": ""문구점""}",2026-09-14T03:22:54.973348+00:00
4bb4abf1-9101-5e5f-a081-a39118f55311,아톰문구센터,"쇼핑,유통>문구,팬시용품",서울특별시 마포구 아현동 618-8,서울특별시 마포구 마포대로 179,37.5503416,126.9548694,,,,,['사진맛집'],아현동,,,local,,"{""title"": ""아톰문구센터"", ""link"": NaN, ""category"": ""쇼핑,유통>문구,팬시용품"", ""description"": NaN, ""telephone"": NaN, ""address"": ""서울특별시 마포구 아현동 618-8"", ""roadAddress"": ""서울특별시 마포구 마포대로 179"", ""mapx"": 1269548694, ""mapy"": 375503416, ""dong"": ""아현동"", ""category_keyword"": ""문구점""}",2026-09-14T03:22:54.973402+00:00
b26b5f7b-1dd7-5000-b405-bf2f0824f7ef,문구야놀자 아현점,"도서,음반,문구>문구,팬시용품",서울특별시 마포구 아현동 777 상가4동 1층 142호,서울특별시 마포구 마포대로 195 상가4동 1층 142호,37.5533695,126.9538,https://www.playmoongu.com/,,,,['사진맛집'],아현동,,,local,,"{""title"": ""문구야놀자 아현점"", ""link"": ""https://www.playmoongu.com/"", ""category"": ""도서,음반,문구>문구,팬시용품"", ""description"": NaN, ""telephone"": NaN, ""address"": ""서울특별시 마포구 아현동 777 상가4동 1층 142호"", ""roadAddress"": ""서울특별시 마포구 마포대로 195 상가4동 1층 142호"", ""mapx"": 1269538000, ""mapy"": 375533695, ""dong"": ""아현동"", ""category_keyword"": ""문구점""}",2026-09-14T03:22:54.973455+00:00
c7441b9c-a52b-5926-9c15-6637c8cc0073,빵꾸똥꾸문구야 마래푸점,"도서,음반,문구>문구,팬시용품",서울특별시 마포구 아현동 777 마포래미안푸르지오아파트 1단지상가107호,서울특별시 마포구 마포대로 195 마포래미안푸르지오아파트 1단지상가107호,37.5550212,126.9537594,,,,,['사진맛집'],아현동,,,local,,"{""title"": ""빵꾸똥꾸문구야 마래푸점"", ""link"": NaN, ""category"": ""도서,음반,문구>문구,팬시용품"", ""description"": NaN, ""telephone"": NaN, ""address"": ""서울특별시 마포구 아현동 777 마포래미안푸르지오아파트 1단지상가107호"", ""roadAddress"": ""서울특별시 마포구 마포대로 195 마포래미안푸르지오아파트 1단지상가107호"", ""mapx"": 1269537594, ""mapy"": 375550212, ""dong"": ""아현동"", ""category_keyword"": ""문구점""}",2026-09-14T03:22:54.973509+00:00
44babe19-1af4-5bf5-8480-6de802b9c3f9,캣냥닷컴,"쇼핑,유통>문구,팬시용품",서울특별시 마포구 아현동 331-21 1층 캣냥닷컴,서울특별시 마포구 신촌로34길 6 1층 캣냥닷컴,37.5568803,126.954389,https://blog.naver.com/alien12,,,,['사진맛집'],아현동,,,local,,"{""title"": ""캣냥닷컴"", ""link"": ""https://blog.naver.com/alien12"", ""category"": ""쇼핑,유통>문구,팬시용품"", ""description"": NaN, ""telephone"": NaN, ""address"": ""서울특별시 마포구 아현동 331-21 1층 캣냥닷컴"", ""roadAddress"": ""서울특별시 마포구 신촌로34길 6 1층 캣냥닷컴"", ""mapx"": 1269543890, ""mapy"": 375568803, ""dong"": ""아현동"", ""category_keyword"": ""문구점""}",2026-09-14T03:22:54.973564+00:00
d0cf6c27-2d50-54a8-93ef-5cdf3274b934,알파 마포점,"쇼핑,유통>문구,팬시용품",서울특별시 마포구 도화동 555 한화오벨리스크 오피스텔동 지하1층,서울특별시 마포구 마포대로 33 한화오벨리스크 오피스텔동 지하1층,37.5397698,126.9452002,http://mapomall.alphachain.co.kr/,,,,['사진맛집'],도화동,,,local,,"{""title"": ""알파 마포점"", ""link"": ""http://mapomall.alphachain.co.kr/"", ""category"": ""쇼핑,유통>문구,팬시용품"", ""description"": NaN, ""telephone"": NaN, ""address"": ""서울특별시 마포구 도화동 555 한화오벨리스크 오피스텔동 지하1층"", ""roadAddress"": ""서울특별시 마포구 마포대로 33 한화오벨리스크 오피스텔동 지하1층"", ""mapx"": 1269452002, ""mapy"": 375397698, ""dong"": ""도화동"", ""category_keyword"": ""문구점""}",2026-09-14T03:22:54.973617+00:00
fbb974cb-54ed-5965-b6ca-8a63ec8c4f70,알파 마포역점,"쇼핑,유통>문구,팬시용품",서울특별시 마포구 도화동 555 마포 한화 오벨리스크 지하1층 b112호,서울특별시 마포구 마포대로 33 마포 한화 오벨리스크 지하1층 b112호,37.5399847,126.9454474,http://alpha.co.kr/,,,,['사진맛집'],도화동,,,local,,"{""title"": ""알파 마포역점"", ""link"": ""http://alpha.co.kr/"", ""category"": ""쇼핑,유통>문구,팬시용품"", ""description"": NaN, ""telephone"": NaN, ""address"": ""서울특별시 마포구 도화동 555 마포 한화 오벨리스크 지하1층 b112호"", ""roadAddress"": ""서울특별시 마포구 마포대로 33 마포 한화 오벨리스크 지하1층 b112호"", ""mapx"": 1269454474, ""mapy"": 375399847, ""dong"": ""도화동"", ""category_keyword"": ""문구점""}",2026-09-14T03:22:54.973669+00:00
f1a249cd-0131-5a81-9f64-4ac801c607eb,문구가득 공덕직영점,"쇼핑,유통>문구,팬시용품",서울특별시 마포구 도화동 556 SK허브그린빌딩 110호,서울특별시 마포구 마포대로 73 SK허브그린빌딩 110호,37.5423568,126.9491423,https://www.instagram.com/moongu_gadeuk,,,,['사진맛집'],도화동,,,local,,"{""title"": ""문구가득 공덕직영점"", ""link"": ""https://www.instagram.com/moongu_gadeuk"", ""category"": ""쇼핑,유통>문구,팬시용품"", ""description"": NaN, ""telephone"": NaN, ""address"": ""서울특별시 마포구 도화동 556 SK허브그린빌딩 110호"", ""roadAddress"": ""서울특별시 마포구 마포대로 73 SK허브그린빌딩 110호"", ""mapx"": 1269491423, ""mapy"": 375423568, ""dong"": ""도화동"", ""category_keyword"": ""문구점""}",2026-09-14T03:22:54.973721+00:00
84bfbd8d-7247-52b5-8dbf-4186799b26d8,현대문구매점,"쇼핑,유통>문구,팬시용품",서울특별시 마포구 마포동 35-1,서울특별시 마포구 마포대로 15,37.538717,126.944113,,,,,['사진맛집'],도화동,,,local,,"{""title"": ""현대문구매점"", ""link"": NaN, ""category"": ""쇼핑,유통>문구,팬시용품"", ""description"": NaN, ""telephone"": NaN, ""address"": ""서울특별시 마포구 마포동 35-1"", ""roadAddress"": ""서울특별시 마포구 마포대로 15"", ""mapx"": 1269441130, ""mapy"": 375387170, ""dong"": ""도화동"", ""category_keyword"": ""문구점""}",2026-09-14T03:22:54.973771+00:00
07178807-1451-5522-953d-52788e22cbce,알파피오디,"쇼핑,유통>문구,팬시용품",서울특별시 마포구 도화동 555,서울특별시 마포구 마포대로 33,37.5395838,126.9459203,,,,,['사진맛집'],도화동,,,local,,"{""title"": ""알파피오디"", ""link"": NaN, ""category"": ""쇼핑,유통>문구,팬시용품"", ""description"": NaN, ""telephone"": NaN, ""address"": ""서울특별시 마포구 도화동 555"", ""roadAddress"": ""서울특별시 마포구 마포대로 33"", ""mapx"": 1269459203, ""mapy"": 375395838, ""dong"": ""도화동"", ""category_keyword"": ""문구점""}",2026-09-14T03:22:54.973821+00:00
40c9c41b-ebaf-5a03-a124-4fcf261a1997,멀티플러스서강대점노래방,"스포츠,오락>노래방",서울특별시 마포구 신수동 63-3,서울특별시 마포구 신촌로20길 51,37.5530635,126.9386208,,,,,"['모임', '시끌벅적함']",신수동,,,local,,"{""title"": ""멀티플러스서강대점<b>노래방</b>"", ""link"": NaN, ""category"": ""스포츠,오락>노래방"", ""description"": NaN, ""telephone"": NaN, ""address"": ""서울특별시 마포구 신수동 63-3"", ""roadAddress"": ""서울특별시 마포구 신촌로20길 51"", ""mapx"": 1269386208, ""mapy"": 375530635, ""dong"": ""신수동"", ""category_keyword"": ""노래방""}",2026-09-14T03:22:54.973873+00:00
910f5038-5115-567c-bb89-445a8d566f49,알파 서강대점,"쇼핑,유통>문구,팬시용품",서울특별시 마포구 신수동 34-12,서울특별시 마포구 백범로 72,37.5486886,126.9396298,http://www.alpha.co.kr/,,,,['사진맛집'],신수동,,,local,,"{""title"": ""알파 서강대점"", ""link"": ""http://www.alpha.co.kr/"", ""category"": ""쇼핑,유통>문구,팬시용품"", ""description"": NaN, ""telephone"": NaN, ""address"": ""서울특별시 마포구 신수동 34-12"", ""roadAddress"": ""서울특별시 마포구 백범로 72"", ""mapx"": 1269396298, ""mapy"": 375486886, ""dong"": ""신수동"", ""category_keyword"": ""문구점""}",2026-09-14T03:22:54.973925+00:00
14c59f57-9eed-5224-be92-8ba659c76531,오피스넥스 마포점,"도서,음반,문구>문구,팬시용품",서울특별시 마포구 신수동 31-1 신서강빌딩 지하 1층,서울특별시 마포구 백범로 71 신서강빌딩 지하 1층,37.5491391,126.9397253,http://www.officenex.com/,,,,['사진맛집'],신수동,,,local,,"{""title"": ""오피스넥스 마포점"", ""link"": ""http://www.officenex.com/"", ""category"": ""도서,음반,문구>문구,팬시용품"", ""description"": NaN, ""telephone"": NaN, ""address"": ""서울특별시 마포구 신수동 31-1 신서강빌딩 지하 1층"", ""roadAddress"": ""서울특별시 마포구 백범로 71 신서강빌딩 지하 1층"", ""mapx"": 1269397253, ""mapy"": 375491391, ""dong"": ""신수동"", ""category_keyword"": ""문구점""}",2026-09-14T03:22:54.973977+00:00
9a6ac510-48c6-518f-b842-f08051789512,문구가득 3호숲길점,"쇼핑,유통>문구,팬시용품",서울특별시 마포구 신수동 88-130,,37.5494161,126.9381069,https://youtube.com/channel/UC0J8ZVhb--ORHmJsVr22Chg?si=dNGmzSIRWhUhcRlv,,,,['사진맛집'],신수동,,,local,,"{""title"": ""문구가득 3호숲길점"", ""link"": ""https://youtube.com/channel/UC0J8ZVhb--ORHmJsVr22Chg?si=dNGmzSIRWhUhcRlv"", ""category"": ""쇼핑,유통>문구,팬시용품"", ""description"": NaN, ""telephone"": NaN, ""address"": ""서울특별시 마포구 신수동 88-130"", ""roadAddress"": NaN, ""mapx"": 1269381069, ""mapy"": 375494161, ""dong"": ""신수동"", ""category_keyword"": ""문구점""}",2026-09-14T03:22:54.974053+00:00
c82f1f5c-8ca4-56b1-bb6c-8cc6a95824dd,코모스유통,"쇼핑,유통>문구,팬시용품",서울특별시 마포구 신수동 448-6 503호,서울특별시 마포구 토정로 222 503호,37.5444976,126.9352956,http://www.komosfcm.com/,,,,['사진맛집'],신수동,,,local,,"{""title"": ""코모스유통"", ""link"": ""http://www.komosfcm.com/"", ""category"": ""쇼핑,유통>문구,팬시용품"", ""description"": NaN, ""telephone"": NaN, ""address"": ""서울특별시 마포구 신수동 448-6 503호"", ""roadAddress"": ""서울특별시 마포구 토정로 222 503호"", ""mapx"": 1269352956, ""mapy"": 375444976, ""dong"": ""신수동"", ""category_keyword"": ""문구점""}",2026-09-14T03:22:54.974114+00:00
17736184-dae4-5a18-bbab-c9a1911a3347,문구는못말려 신촌숲아이파크점,"쇼핑,유통>문구,팬시용품",서울특별시 마포구 신수동 462 상가동 1층 115호,서울특별시 마포구 광성로 17 상가동 1층 115호,37.5512441,126.9332542,,,,,['사진맛집'],신수동,,,local,,"{""title"": ""문구는못말려 신촌숲아이파크점"", ""link"": NaN, ""category"": ""쇼핑,유통>문구,팬시용품"", ""description"": NaN, ""telephone"": NaN, ""address"": ""서울특별시 마포구 신수동 462 상가동 1층 115호"", ""roadAddress"": ""서울특별시 마포구 광성로 17 상가동 1층 115호"", ""mapx"": 1269332542, ""mapy"": 375512441, ""dong"": ""신수동"", ""category_keyword"": ""문구점""}",2026-09-14T03:22:54.974167+00:00
11c57346-f645-5007-a6bf-a8fa2aee6042,서강서림,"쇼핑,유통>문구,팬시용품",서울특별시 마포구 대흥동 22-60 곤자가프라자 B1층,서울특별시 마포구 고산16길 58 곤자가프라자 B1층,37.5521526,126.9438374,,,,,['사진맛집'],대흥동,,,local,,"{""title"": ""서강서림"", ""link"": NaN, ""category"": ""쇼핑,유통>문구,팬시용품"", ""description"": NaN, ""telephone"": NaN, ""address"": ""서울특별시 마포구 대흥동 22-60 곤자가프라자 B1층"", ""roadAddress"": ""서울특별시 마포구 고산16길 58 곤자가프라자 B1층"", ""mapx"": 1269438374, ""mapy"": 375521526, ""dong"": ""대흥동"", ""category_keyword"": ""문구점""}",2026-09-14T03:22:54.974219+00:00
c65f74c0-5e6e-57b9-bfac-b443ecb01ea8,문구야놀자 마포점,"도서,음반,문구>문구,팬시용품",서울특별시 마포구 대흥동 8-2 1층,서울특별시 마포구 숭문길 141 1층,37.5525931,126.946514,https://www.playmoongu.com/,,,,['사진맛집'],대흥동,,,local,,"{""title"": ""문구야놀자 마포점"", ""link"": ""https://www.playmoongu.com/"", ""category"": ""도서,음반,문구>문구,팬시용품"", ""description"": NaN, ""telephone"": NaN, ""address"": ""서울특별시 마포구 대흥동 8-2 1층"", ""roadAddress"": ""서울특별시 마포구 숭문길 141 1층"", ""mapx"": 1269465140, ""mapy"": 375525931, ""dong"": ""대흥동"", ""category_keyword"": ""문구점""}",2026-09-14T03:22:54.974270+00:00
6d7872d7-f7f6-526e-a7cd-806cb2912b6f,신창문구 염리점,"쇼핑,유통>문구,팬시용품",서울특별시 마포구 염리동 159-3,서울특별시 마포구 백범로 136,37.5459113,126.9460234,,,,,['사진맛집'],염리동,,,local,,"{""title"": ""신창문구 염리점"", ""link"": NaN, ""category"": ""쇼핑,유통>문구,팬시용품"", ""description"": NaN, ""telephone"": NaN, ""address"": ""서울특별시 마포구 염리동 159-3"", ""roadAddress"": ""서울특별시 마포구 백범로 136"", ""mapx"": 1269460234, ""mapy"": 375459113, ""dong"": ""염리동"", ""category_keyword"": ""문구점""}",2026-09-14T03:22:54.974320+00:00
46bc628d-6c8c-536d-b0fc-c04f6c85bb03,아이스앤몬스터문구 용강초점,"쇼핑,유통>문구,팬시용품",서울특별시 마포구 염리동 178-10 103호,서울특별시 마포구 백범로17길 14 103호,37.5476562,126.9440217,,,,,['사진맛집'],염리동,,,local,,"{""title"": ""아이스앤몬스터문구 용강초점"", ""link"": NaN, ""category"": ""쇼핑,유통>문구,팬시용품"", ""description"": NaN, ""telephone"": NaN, ""address"": ""서울특별시 마포구 염리동 178-10 103호"", ""roadAddress"": ""서울특별시 마포구 백범로17길 14 103호"", ""mapx"": 1269440217, ""mapy"": 375476562, ""dong"": ""염리동"", ""category_keyword"": ""문구점""}",2026-09-14T03:22:54.974371+00:00
cc8ac46b-17d4-5b67-b73f-06339b85ee59,문구찾기 신촌점,"쇼핑,유통>문구,팬시용품",서울특별시 마포구 창전동 2-27 1층 문구찾기,서울특별시 마포구 서강로11길 10 1층 문구찾기,37.5534069,126.9329804,,,,,['사진맛집'],서강동,,,local,,"{""title"": ""문구찾기 신촌점"", ""link"": NaN, ""category"": ""쇼핑,유통>문구,팬시용품"", ""description"": NaN, ""telephone"": NaN, ""address"": ""서울특별시 마포구 창전동 2-27 1층 문구찾기"", ""roadAddress"": ""서울특별시 마포구 서강로11길 10 1층 문구찾기"", ""mapx"": 1269329804, ""mapy"": 375534069, ""dong"": ""서강동"", ""category_keyword"": ""문구점""}",2026-09-14T03:22:54.974422+00:00
717141c3-02af-534b-8232-128c5becb1b2,카카오프렌즈 홍대플래그십 스토어,"도서,음반,문구>문구,팬시용품",서울특별시 마포구 동교동 165-5 좋은사람들빌딩 1~3층,서울특별시 마포구 양화로 162 좋은사람들빌딩 1~3층,37.5565115,126.9237918,https://store.kakao.com/kakaofriends,,,,['사진맛집'],서교동,,,local,,"{""title"": ""카카오프렌즈 홍대플래그십 스토어"", ""link"": ""https://store.kakao.com/kakaofriends"", ""category"": ""도서,음반,문구>문구,팬시용품"", ""description"": NaN, ""telephone"": NaN, ""address"": ""서울특별시 마포구 동교동 165-5 좋은사람들빌딩 1~3층"", ""roadAddress"": ""서울특별시 마포구 양화로 162 좋은사람들빌딩 1~3층"", ""mapx"": 1269237918, ""mapy"": 375565115, ""dong"": ""서교동"", ""category_keyword"": ""문구점""}",2026-09-14T03:22:54.974476+00:00
fa901177-3726-5124-9450-eb010e892dc2,아트박스 홍대AK점,"쇼핑,유통>문구,팬시용품",서울특별시 마포구 동교동 190-1 AK플라자 홍대 1층,서울특별시 마포구 양화로 188 AK플라자 홍대 1층,37.5574453,126.9267785,https://www.poom.co.kr/,,,,['사진맛집'],서교동,,,local,,"{""title"": ""아트박스 홍대AK점"", ""link"": ""https://www.poom.co.kr/"", ""category"": ""쇼핑,유통>문구,팬시용품"", ""description"": NaN, ""telephone"": NaN, ""address"": ""서울특별시 마포구 동교동 190-1 AK플라자 홍대 1층"", ""roadAddress"": ""서울특별시 마포구 양화로 188 AK플라자 홍대 1층"", ""mapx"": 1269267785, ""mapy"": 375574453, ""dong"": ""서교동"", ""category_keyword"": ""문구점""}",2026-09-14T03:22:54.974527+00:00
73e3a76c-5fe9-50b5-8d63-c8bb7c40d727,상상마당 디자인스퀘어,"쇼핑,유통>문구,팬시용품",서울특별시 마포구 서교동 367-5 상상마당빌딩,서울특별시 마포구 어울마당로 65 상상마당빌딩,37.5509678,126.921063,https://www.sangsangmadang.com/,,,,['사진맛집'],서교동,,,local,,"{""title"": ""상상마당 디자인스퀘어"", ""link"": ""https://www.sangsangmadang.com/"", ""category"": ""쇼핑,유통>문구,팬시용품"", ""description"": NaN, ""telephone"": NaN, ""address"": ""서울특별시 마포구 서교동 367-5 상상마당빌딩"", ""roadAddress"": ""서울특별시 마포구 어울마당로 65 상상마당빌딩"", ""mapx"": 1269210630, ""mapy"": 375509678, ""dong"": ""서교동"", ""category_keyword"": ""문구점""}",2026-09-14T03:22:54.974580+00:00
069bbf63-2041-549e-b030-00b3cb05458b,케이팝 스퀘어 홍대,"도서,음반,문구>문구,팬시용품",서울특별시 마포구 동교동 160-5,서울특별시 마포구 양화로 141,37.5555312,126.9215488,https://linefriendssquare.com/,,,,['사진맛집'],서교동,,,local,,"{""title"": ""케이팝 스퀘어 홍대"", ""link"": ""https://linefriendssquare.com/"", ""category"": ""도서,음반,문구>문구,팬시용품"", ""description"": NaN, ""telephone"": NaN, ""address"": ""서울특별시 마포구 동교동 160-5"", ""roadAddress"": ""서울특별시 마포구 양화로 141"", ""mapx"": 1269215488, ""mapy"": 375555312, ""dong"": ""서교동"", ""category_keyword"": ""문구점""}",2026-09-14T03:22:54.974630+00:00
b84f2085-9b8d-5b71-8cfb-ca2e372f0bd8,홍대AK 시나모롤MD,"쇼핑,유통>문구,팬시용품",서울특별시 마포구 동교동 190-1,서울특별시 마포구 양화로 188,37.5574451,126.9267785,,,,,['사진맛집'],서교동,,,local,,"{""title"": ""홍대AK 시나모롤MD"", ""link"": NaN, ""category"": ""쇼핑,유통>문구,팬시용품"", ""description"": NaN, ""telephone"": NaN, ""address"": ""서울특별시 마포구 동교동 190-1"", ""roadAddress"": ""서울특별시 마포구 양화로 188"", ""mapx"": 1269267785, ""mapy"": 375574451, ""dong"": ""서교동"", ""category_keyword"": ""문구점""}",2026-09-14T03:22:54.974681+00:00
c593e837-cda3-561e-9375-c4c9a7ae1f89,멜론노래연습장,"스포츠,오락>노래방",서울특별시 마포구 합정동 410-2 지하 1층,서울특별시 마포구 독막로 55 지하 1층,37.5480697,126.9194474,,,,,"['모임', '시끌벅적함']",합정동,,,local,,"{""title"": ""멜론노래연습장"", ""link"": NaN, ""category"": ""스포츠,오락>노래방"", ""description"": NaN, ""telephone"": NaN, ""address"": ""서울특별시 마포구 합정동 410-2 지하 1층"", ""roadAddress"": ""서울특별시 마포구 독막로 55 지하 1층"", ""mapx"": 1269194474, ""mapy"": 375480697, ""dong"": ""합정동"", ""category_keyword"": ""노래방""}",2026-09-14T03:22:54.974732+00:00
932a1f6b-62e6-5b42-82da-46f96ad6ac9d,핫트랙스 합정점,"도서,음반,문구>문구,팬시용품",서울특별시 마포구 합정동 472 딜라이트스퀘어1차 지하2층,서울특별시 마포구 월드컵로1길 14 딜라이트스퀘어1차 지하2층,37.5501232,126.912134,http://www.hottracks.co.kr/company,,,,['사진맛집'],합정동,,,local,,"{""title"": ""핫트랙스 합정점"", ""link"": ""http://www.hottracks.co.kr/company"", ""category"": ""도서,음반,문구>문구,팬시용품"", ""description"": NaN, ""telephone"": NaN, ""address"": ""서울특별시 마포구 합정동 472 딜라이트스퀘어1차 지하2층"", ""roadAddress"": ""서울특별시 마포구 월드컵로1길 14 딜라이트스퀘어1차 지하2층"", ""mapx"": 1269121340, ""mapy"": 375501232, ""dong"": ""합정동"", ""category_keyword"": ""문구점""}",2026-09-14T03:22:54.974784+00:00
b3fd7fd1-e551-5d79-8ed8-98ba0a80dfbe,02동아,"쇼핑,유통>문구,팬시용품",서울특별시 마포구 합정동 426-17,서울특별시 마포구 양화로3길 72,37.5521162,126.9109885,,,,,['사진맛집'],합정동,,,local,,"{""title"": ""02동아"", ""link"": NaN, ""category"": ""쇼핑,유통>문구,팬시용품"", ""description"": NaN, ""telephone"": NaN, ""address"": ""서울특별시 마포구 합정동 426-17"", ""roadAddress"": ""서울특별시 마포구 양화로3길 72"", ""mapx"": 1269109885, ""mapy"": 375521162, ""dong"": ""합정동"", ""category_keyword"": ""문구점""}",2026-09-14T03:22:54.974834+00:00
6aac7a78-8c61-5189-86cd-afb260fe2df3,리코더팩토리,"쇼핑,유통>문구,팬시용품","서울특별시 마포구 합정동 369-7 1-2층, 리코더팩토리","서울특별시 마포구 토정로 25 1-2층, 리코더팩토리",37.5457315,126.9137322,https://www.recorder-fac.store/,,,,['사진맛집'],합정동,,,local,,"{""title"": ""리코더팩토리"", ""link"": ""https://www.recorder-fac.store/"", ""category"": ""쇼핑,유통>문구,팬시용품"", ""description"": NaN, ""telephone"": NaN, ""address"": ""서울특별시 마포구 합정동 369-7 1-2층, 리코더팩토리"", ""roadAddress"": ""서울특별시 마포구 토정로 25 1-2층, 리코더팩토리"", ""mapx"": 1269137322, ""mapy"": 375457315, ""dong"": ""합정동"", ""category_keyword"": ""문구점""}",2026-09-14T03:22:54.974885+00:00
5534dd41-9fd0-5466-9ca4-9b7e401ec595,ODOM,"쇼핑,유통>문구,팬시용품",서울특별시 마포구 합정동 370-10 1층,서울특별시 마포구 토정로3길 13 1층,37.5462735,126.9142031,https://www.gongjangs.com,,,,['사진맛집'],합정동,,,local,,"{""title"": ""ODOM"", ""link"": ""https://www.gongjangs.com"", ""category"": ""쇼핑,유통>문구,팬시용품"", ""description"": NaN, ""telephone"": NaN, ""address"": ""서울특별시 마포구 합정동 370-10 1층"", ""roadAddress"": ""서울특별시 마포구 토정로3길 13 1층"", ""mapx"": 1269142031, ""mapy"": 375462735, ""dong"": ""합정동"", ""category_keyword"": ""문구점""}",2026-09-14T03:22:54.974937+00:00
b85a6d0a-0d93-518b-848c-cd6b2e9c7aa1,종이의 서재 by grape lab,"쇼핑,유통>문구,팬시용품",서울특별시 마포구 합정동 370-11 그레이프랩,서울특별시 마포구 토정로3길 11 그레이프랩,37.546208,126.9140764,http://www.instagram.com/grape.labb,,,,['사진맛집'],합정동,,,local,,"{""title"": ""종이의 서재 by grape lab"", ""link"": ""http://www.instagram.com/grape.labb"", ""category"": ""쇼핑,유통>문구,팬시용품"", ""description"": NaN, ""telephone"": NaN, ""address"": ""서울특별시 마포구 합정동 370-11 그레이프랩"", ""roadAddress"": ""서울특별시 마포구 토정로3길 11 그레이프랩"", ""mapx"": 1269140764, ""mapy"": 375462080, ""dong"": ""합정동"", ""category_keyword"": ""문구점""}",2026-09-14T03:22:54.974989+00:00
5af7fbe0-64c7-547b-8609-53d2f464d21b,뽑아가게,"스포츠,오락>오락실",서울특별시 마포구 망원동 394-86,서울특별시 마포구 포은로 67,37.5533156,126.9061052,,,,,"['모임', '시끌벅적함', '사진맛집']",망원동,,,local,,"{""title"": ""뽑아가게"", ""link"": NaN, ""category"": ""스포츠,오락>오락실"", ""description"": NaN, ""telephone"": NaN, ""address"": ""서울특별시 마포구 망원동 394-86"", ""roadAddress"": ""서울특별시 마포구 포은로 67"", ""mapx"": 1269061052, ""mapy"": 375533156, ""dong"": ""망원동"", ""category_keyword"": ""오락실""}",2026-09-14T03:22:54.975052+00:00
a2b71301-04c4-5aad-9f9f-d46f11d26a95,수바코2,"쇼핑,유통>문구,팬시용품",서울특별시 마포구 망원동 414-16 1층 소품가게 수바코,서울특별시 마포구 포은로 106 1층 소품가게 수바코,37.5564692,126.9047993,https://www.instagram.com/_subaco2,,,,['사진맛집'],망원동,,,local,,"{""title"": ""수바코2"", ""link"": ""https://www.instagram.com/_subaco2"", ""category"": ""쇼핑,유통>문구,팬시용품"", ""description"": NaN, ""telephone"": NaN, ""address"": ""서울특별시 마포구 망원동 414-16 1층 소품가게 수바코"", ""roadAddress"": ""서울특별시 마포구 포은로 106 1층 소품가게 수바코"", ""mapx"": 1269047993, ""mapy"": 375564692, ""dong"": ""망원동"", ""category_keyword"": ""문구점""}",2026-09-14T03:22:54.975107+00:00
cf4268d3-ee36-5256-9f28-d1b1f507410f,수바코,"쇼핑,유통>문구,팬시용품",서울특별시 마포구 망원동 410-8 상가1층2호,서울특별시 마포구 희우정로20길 66 상가1층2호,37.5560595,126.9040013,http://www.subaco.kr,,,,['사진맛집'],망원동,,,local,,"{""title"": ""수바코"", ""link"": ""http://www.subaco.kr"", ""category"": ""쇼핑,유통>문구,팬시용품"", ""description"": NaN, ""telephone"": NaN, ""address"": ""서울특별시 마포구 망원동 410-8 상가1층2호"", ""roadAddress"": ""서울특별시 마포구 희우정로20길 66 상가1층2호"", ""mapx"": 1269040013, ""mapy"": 375560595, ""dong"": ""망원동"", ""category_keyword"": ""문구점""}",2026-09-14T03:22:54.975159+00:00
80d5bb42-4388-5f7e-8be6-f640588a50dd,웅크린선인장,"쇼핑,유통>문구,팬시용품",서울특별시 마포구 망원동 404-39 1층,서울특별시 마포구 포은로 89 1층,37.5550222,126.9051044,http://instagram.com/lazycactus.woongjang,,,,['사진맛집'],망원동,,,local,,"{""title"": ""웅크린선인장"", ""link"": ""http://instagram.com/lazycactus.woongjang"", ""category"": ""쇼핑,유통>문구,팬시용품"", ""description"": NaN, ""telephone"": NaN, ""address"": ""서울특별시 마포구 망원동 404-39 1층"", ""roadAddress"": ""서울특별시 마포구 포은로 89 1층"", ""mapx"": 1269051044, ""mapy"": 375550222, ""dong"": ""망원동"", ""category_keyword"": ""문구점""}",2026-09-14T03:22:54.975210+00:00
4083f0e8-a28d-57eb-a1ee-e20e0a915e30,사모문구,"쇼핑,유통>문구,팬시용품",서울특별시 마포구 망원동 378-2 지하1층,서울특별시 마포구 월드컵로 75 지하1층,37.5556865,126.910063,,,,,['사진맛집'],망원동,,,local,,"{""title"": ""사모문구"", ""link"": NaN, ""category"": ""쇼핑,유통>문구,팬시용품"", ""description"": NaN, ""telephone"": NaN, ""address"": ""서울특별시 마포구 망원동 378-2 지하1층"", ""roadAddress"": ""서울특별시 마포구 월드컵로 75 지하1층"", ""mapx"": 1269100630, ""mapy"": 375556865, ""dong"": ""망원동"", ""category_keyword"": ""문구점""}",2026-09-14T03:22:54.975261+00:00
87a13309-08ab-5ecf-850f-cf088e135da5,마이콩덕,"쇼핑,유통>문구,팬시용품",서울특별시 마포구 망원동 395-21 1층 좌측상가,서울특별시 마포구 희우정로10길 33 1층 좌측상가,37.5533545,126.9057807,https://smartstore.naver.com/mykongduck,,,,['사진맛집'],망원동,,,local,,"{""title"": ""마이콩덕"", ""link"": ""https://smartstore.naver.com/mykongduck"", ""category"": ""쇼핑,유통>문구,팬시용품"", ""description"": NaN, ""telephone"": NaN, ""address"": ""서울특별시 마포구 망원동 395-21 1층 좌측상가"", ""roadAddress"": ""서울특별시 마포구 희우정로10길 33 1층 좌측상가"", ""mapx"": 1269057807, ""mapy"": 375533545, ""dong"": ""망원동"", ""category_keyword"": ""문구점""}",2026-09-14T03:22:54.975312+00:00
213e603f-c735-5307-8e6d-b9e418944531,리훈맨션,"쇼핑,유통>문구,팬시용품",서울특별시 마포구 연남동 239-45 지하1층,서울특별시 마포구 동교로41길 30 지하1층,37.56362,126.9235146,https://blog.naver.com/rihoon,,,,['사진맛집'],연남동,,,local,,"{""title"": ""리훈맨션"", ""link"": ""https://blog.naver.com/rihoon"", ""category"": ""쇼핑,유통>문구,팬시용품"", ""description"": NaN, ""telephone"": NaN, ""address"": ""서울특별시 마포구 연남동 239-45 지하1층"", ""roadAddress"": ""서울특별시 마포구 동교로41길 30 지하1층"", ""mapx"": 1269235146, ""mapy"": 375636200, ""dong"": ""연남동"", ""category_keyword"": ""문구점""}",2026-09-14T03:22:54.975363+00:00
1b007948-af38-528c-a9ca-d035579f47ec,작은연필가게 흑심,"쇼핑,유통>문구,팬시용품",서울특별시 마포구 연남동 226-34 3층 301호,서울특별시 마포구 연희로 47 3층 301호,37.5629678,126.9277593,http://blackheart.kr,,,,['사진맛집'],연남동,,,local,,"{""title"": ""작은연필가게 흑심"", ""link"": ""http://blackheart.kr"", ""category"": ""쇼핑,유통>문구,팬시용품"", ""description"": NaN, ""telephone"": NaN, ""address"": ""서울특별시 마포구 연남동 226-34 3층 301호"", ""roadAddress"": ""서울특별시 마포구 연희로 47 3층 301호"", ""mapx"": 1269277593, ""mapy"": 375629678, ""dong"": ""연남동"", ""category_keyword"": ""문구점""}",2026-09-14T03:22:54.975415+00:00
497802a4-63ad-5d83-887b-94bd9b2da310,오프디아리움,"쇼핑,유통>문구,팬시용품",서울특별시 마포구 연남동 387-24 2.5층,서울특별시 마포구 동교로46길 14 2.5층,37.5623362,126.9254871,https://www.instagram.com/dia_rium/,,,,['사진맛집'],연남동,,,local,,"{""title"": ""오프디아리움"", ""link"": ""https://www.instagram.com/dia_rium/"", ""category"": ""쇼핑,유통>문구,팬시용품"", ""description"": NaN, ""telephone"": NaN, ""address"": ""서울특별시 마포구 연남동 387-24 2.5층"", ""roadAddress"": ""서울특별시 마포구 동교로46길 14 2.5층"", ""mapx"": 1269254871, ""mapy"": 375623362, ""dong"": ""연남동"", ""category_keyword"": ""문구점""}",2026-09-14T03:22:54.975467+00:00
a95ea5e1-1bbd-5d53-8259-5849bbc1af8d,플로팅,"쇼핑,유통>문구,팬시용품",서울특별시 마포구 연남동 241-38 1층 102호,서울특별시 마포구 성미산로29길 40-16 1층 102호,37.5653697,126.9225189,https://www.ploting.co.kr,,,,['사진맛집'],연남동,,,local,,"{""title"": ""플로팅"", ""link"": ""https://www.ploting.co.kr"", ""category"": ""쇼핑,유통>문구,팬시용품"", ""description"": NaN, ""telephone"": NaN, ""address"": ""서울특별시 마포구 연남동 241-38 1층 102호"", ""roadAddress"": ""서울특별시 마포구 성미산로29길 40-16 1층 102호"", ""mapx"": 1269225189, ""mapy"": 375653697, ""dong"": ""연남동"", ""category_keyword"": ""문구점""}",2026-09-14T03:22:54.975520+00:00
fd4469dc-ad7b-53db-a011-c79453f4e879,글리밍데이,"쇼핑,유통>문구,팬시용품",서울특별시 마포구 연남동 387-25 1층 글리밍데이,서울특별시 마포구 동교로46길 16 1층 글리밍데이,37.5622509,126.9255542,https://www.instagram.com/gleaming_day,,,,['사진맛집'],연남동,,,local,,"{""title"": ""글리밍데이"", ""link"": ""https://www.instagram.com/gleaming_day"", ""category"": ""쇼핑,유통>문구,팬시용품"", ""description"": NaN, ""telephone"": NaN, ""address"": ""서울특별시 마포구 연남동 387-25 1층 글리밍데이"", ""roadAddress"": ""서울특별시 마포구 동교로46길 16 1층 글리밍데이"", ""mapx"": 1269255542, ""mapy"": 375622509, ""dong"": ""연남동"", ""category_keyword"": ""문구점""}",2026-09-14T03:22:54.975571+00:00
32846663-82a6-5815-b326-a669ff7be1cc,럭스피시방,"스포츠,오락>PC방",서울특별시 마포구 성산동 253-3 사울빌딩,서울특별시 마포구 성미산로1길 21 사울빌딩,37.5590178,126.9080245,,,,,"['혼밥', '모임']",성산동,,,local,,"{""title"": ""럭스피시방"", ""link"": NaN, ""category"": ""스포츠,오락>PC방"", ""description"": NaN, ""telephone"": NaN, ""address"": ""서울특별시 마포구 성산동 253-3 사울빌딩"", ""roadAddress"": ""서울특별시 마포구 성미산로1길 21 사울빌딩"", ""mapx"": 1269080245, ""mapy"": 375590178, ""dong"": ""성산동"", ""category_keyword"": ""PC방""}",2026-09-14T03:22:54.975621+00:00
0d69ddd2-d3bd-5b82-9d54-94c3e9fab8c9,알파 마포구청점,"쇼핑,유통>문구,팬시용품",서울특별시 마포구 성산동 593-1 2층 알파문구,서울특별시 마포구 월드컵로34길 14 2층 알파문구,37.5651741,126.9039832,,,,,['사진맛집'],성산동,,,local,,"{""title"": ""알파 <b>마포구</b>청점"", ""link"": NaN, ""category"": ""쇼핑,유통>문구,팬시용품"", ""description"": NaN, ""telephone"": NaN, ""address"": ""서울특별시 마포구 성산동 593-1 2층 알파문구"", ""roadAddress"": ""서울특별시 마포구 월드컵로34길 14 2층 알파문구"", ""mapx"": 1269039832, ""mapy"": 375651741, ""dong"": ""성산동"", ""category_keyword"": ""문구점""}",2026-09-14T03:22:54.975675+00:00
537a888e-4cb5-5254-91a5-16d5969b4883,모닝글로리 마포중앙도서관점,"쇼핑,유통>문구,팬시용품",서울특별시 마포구 성산동 275-3 마포중앙도서관 지1층 6호,서울특별시 마포구 성산로 128 마포중앙도서관 지1층 6호,37.5639588,126.908183,,,,,['사진맛집'],성산동,,,local,,"{""title"": ""모닝글로리 마포중앙도서관점"", ""link"": NaN, ""category"": ""쇼핑,유통>문구,팬시용품"", ""description"": NaN, ""telephone"": NaN, ""address"": ""서울특별시 마포구 성산동 275-3 마포중앙도서관 지1층 6호"", ""roadAddress"": ""서울특별시 마포구 성산로 128 마포중앙도서관 지1층 6호"", ""mapx"": 1269081830, ""mapy"": 375639588, ""dong"": ""성산동"", ""category_keyword"": ""문구점""}",2026-09-14T03:22:54.975726+00:00
7069ad77-c528-563f-bff7-08ab5737d473,하루화방,"쇼핑,유통>문구,팬시용품",서울특별시 마포구 성산동 244-6 1층,서울특별시 마포구 성미산로 39 1층,37.5590535,126.9123931,https://www.instagram.com/haru.art.shop,,,,['사진맛집'],성산동,,,local,,"{""title"": ""하루화방"", ""link"": ""https://www.instagram.com/haru.art.shop"", ""category"": ""쇼핑,유통>문구,팬시용품"", ""description"": NaN, ""telephone"": NaN, ""address"": ""서울특별시 마포구 성산동 244-6 1층"", ""roadAddress"": ""서울특별시 마포구 성미산로 39 1층"", ""mapx"": 1269123931, ""mapy"": 375590535, ""dong"": ""성산동"", ""category_keyword"": ""문구점""}",2026-09-14T03:22:54.975778+00:00
376e7bd4-57d6-560d-bf3d-f492d1c82fae,성서문구,"쇼핑,유통>문구,팬시용품",서울특별시 마포구 성산동 81-107,서울특별시 마포구 성산로4길 46,37.5634749,126.9092875,,,,,['사진맛집'],성산동,,,local,,"{""title"": ""성서문구"", ""link"": NaN, ""category"": ""쇼핑,유통>문구,팬시용품"", ""description"": NaN, ""telephone"": NaN, ""address"": ""서울특별시 마포구 성산동 81-107"", ""roadAddress"": ""서울특별시 마포구 성산로4길 46"", ""mapx"": 1269092875, ""mapy"": 375634749, ""dong"": ""성산동"", ""category_keyword"": ""문구점""}",2026-09-14T03:22:54.975827+00:00
2f2ba885-c0b7-5f32-90cb-3d9d56bd546f,오 스토어,"쇼핑,유통>문구,팬시용품",서울특별시 마포구 성산동 249-13 101호,서울특별시 마포구 성미산로3길 24 101호,37.5594477,126.9093176,https://www.instagram.com/ohstore_official?igsh=azM5c21hMXYza2tr,,,,['사진맛집'],성산동,,,local,,"{""title"": ""오 스토어"", ""link"": ""https://www.instagram.com/ohstore_official?igsh=azM5c21hMXYza2tr"", ""category"": ""쇼핑,유통>문구,팬시용품"", ""description"": NaN, ""telephone"": NaN, ""address"": ""서울특별시 마포구 성산동 249-13 101호"", ""roadAddress"": ""서울특별시 마포구 성미산로3길 24 101호"", ""mapx"": 1269093176, ""mapy"": 375594477, ""dong"": ""성산동"", ""category_keyword"": ""문구점""}",2026-09-14T03:22:54.975878+00:00
70aec59b-94e6-5745-a10d-80011d0a1c82,오피스디포 상암DMC점,"도서,음반,문구>문구,팬시용품",서울특별시 마포구 상암동 1596 상암DMC푸르지오시티. S-City,서울특별시 마포구 월드컵북로54길 25 상암DMC푸르지오시티. S-City,37.5818848,126.8887912,http://www.officedepot.co.kr,,,,['사진맛집'],상암동,,,local,,"{""title"": ""오피스디포 상암DMC점"", ""link"": ""http://www.officedepot.co.kr"", ""category"": ""도서,음반,문구>문구,팬시용품"", ""description"": NaN, ""telephone"": NaN, ""address"": ""서울특별시 마포구 상암동 1596 상암DMC푸르지오시티. S-City"", ""roadAddress"": ""서울특별시 마포구 월드컵북로54길 25 상암DMC푸르지오시티. S-City"", ""mapx"": 1268887912, ""mapy"": 375818848, ""dong"": ""상암동"", ""category_keyword"": ""문구점""}",2026-09-14T03:22:54.975931+00:00
c6eef5ff-0b01-58be-a5df-4f797c043fa1,알파 상암점,"쇼핑,유통>문구,팬시용품",서울특별시 마포구 상암동 1601 KGIT 센터,서울특별시 마포구 월드컵북로 402 KGIT 센터,37.5798005,126.8892965,http://www.alpha.co.kr/,,,,['사진맛집'],상암동,,,local,,"{""title"": ""알파 상암점"", ""link"": ""http://www.alpha.co.kr/"", ""category"": ""쇼핑,유통>문구,팬시용품"", ""description"": NaN, ""telephone"": NaN, ""address"": ""서울특별시 마포구 상암동 1601 KGIT 센터"", ""roadAddress"": ""서울특별시 마포구 월드컵북로 402 KGIT 센터"", ""mapx"": 1268892965, ""mapy"": 375798005, ""dong"": ""상암동"", ""category_keyword"": ""문구점""}",2026-09-14T03:22:54.975983+00:00
459e774c-7e84-5b47-b4bf-0a1d109b2660,드림디포 상암점,"쇼핑,유통>문구,팬시용품",서울특별시 마포구 상암동 1652 KBS미디어센타,서울특별시 마포구 매봉산로 45 KBS미디어센타,37.5764311,126.8910025,http://www.dreamdepot.co.kr/,,,,['사진맛집'],상암동,,,local,,"{""title"": ""드림디포 상암점"", ""link"": ""http://www.dreamdepot.co.kr/"", ""category"": ""쇼핑,유통>문구,팬시용품"", ""description"": NaN, ""telephone"": NaN, ""address"": ""서울특별시 마포구 상암동 1652 KBS미디어센타"", ""roadAddress"": ""서울특별시 마포구 매봉산로 45 KBS미디어센타"", ""mapx"": 1268910025, ""mapy"": 375764311, ""dong"": ""상암동"", ""category_keyword"": ""문구점""}",2026-09-14T03:22:54.976035+00:00
f4121af4-25ae-5210-a652-16ad8a85ff8a,드림오피스 상암DMC점,"쇼핑,유통>문구,팬시용품","서울특별시 마포구 상암동 1605 누리꿈스퀘어 지하1층 B1060, 1062호","서울특별시 마포구 월드컵북로 396 누리꿈스퀘어 지하1층 B1060, 1062호",37.5794453,126.8902833,http://www.dreamoffice.com/,,,,['사진맛집'],상암동,,,local,,"{""title"": ""드림오피스 상암DMC점"", ""link"": ""http://www.dreamoffice.com/"", ""category"": ""쇼핑,유통>문구,팬시용품"", ""description"": NaN, ""telephone"": NaN, ""address"": ""서울특별시 마포구 상암동 1605 누리꿈스퀘어 지하1층 B1060, 1062호"", ""roadAddress"": ""서울특별시 마포구 월드컵북로 396 누리꿈스퀘어 지하1층 B1060, 1062호"", ""mapx"": 1268902833, ""mapy"": 375794453, ""dong"": ""상암동"", ""category_keyword"": ""문구점""}",2026-09-14T03:22:54.976087+00:00
bbed5b48-5959-5d9d-bb95-1ab087b125b6,문구야놀자 상암하늘초점,"도서,음반,문구>문구,팬시용품",서울특별시 마포구 상암동 1740 월드컵파크프라자 116호,서울특별시 마포구 월드컵북로 502 월드컵파크프라자 116호,37.5850443,126.8798702,https://playmoongu.com/,,,,['사진맛집'],상암동,,,local,,"{""title"": ""문구야놀자 상암하늘초점"", ""link"": ""https://playmoongu.com/"", ""category"": ""도서,음반,문구>문구,팬시용품"", ""description"": NaN, ""telephone"": NaN, ""address"": ""서울특별시 마포구 상암동 1740 월드컵파크프라자 116호"", ""roadAddress"": ""서울특별시 마포구 월드컵북로 502 월드컵파크프라자 116호"", ""mapx"": 1268798702, ""mapy"": 375850443, ""dong"": ""상암동"", ""category_keyword"": ""문구점""}",2026-09-14T03:22:54.976137+00:00
e67376dc-6640-5670-8bcb-751828150eb1,양산도 공덕점,음식점>일식>일식당,서울특별시 마포구 공덕동 476 공덕파크자이 101동 4호,서울특별시 마포구 백범로 152 공덕파크자이 101동 4호,37.544782,126.9484071,,,,,['데이트'],공덕동,,,local,,"{""title"": ""양산도 공덕점"", ""link"": NaN, ""category"": ""음식점>일식>일식당"", ""description"": NaN, ""telephone"": NaN, ""address"": ""서울특별시 마포구 공덕동 476 공덕파크자이 101동 4호"", ""roadAddress"": ""서울특별시 마포구 백범로 152 공덕파크자이 101동 4호"", ""mapx"": 1269484071, ""mapy"": 375447820, ""dong"": ""공덕동"", ""category_keyword"": ""공원""}",2026-09-14T03:22:54.976187+00:00
47f17b49-a980-59e5-9641-581049ac1aab,백킴뼈구이,음식점>한식,서울특별시 마포구 공덕동 115-149 1층,서울특별시 마포구 만리재로 78-2 1층,37.54755,126.958634,,,,,['감성적'],공덕동,,,local,,"{""title"": ""백킴뼈구이"", ""link"": NaN, ""category"": ""음식점>한식"", ""description"": NaN, ""telephone"": NaN, ""address"": ""서울특별시 마포구 공덕동 115-149 1층"", ""roadAddress"": ""서울특별시 마포구 만리재로 78-2 1층"", ""mapx"": 1269586340, ""mapy"": 375475500, ""dong"": ""공덕동"", ""category_keyword"": ""공원""}",2026-09-14T03:22:54.976237+00:00
5a88fe5d-40e7-59a0-9c8c-6accb4c03a7a,디오티티,음식점>이탈리아음식,"서울특별시 마포구 신공덕동 2-350 -1, 지하 1층","서울특별시 마포구 임정로 47 -1, 지하 1층",37.544155,126.9575549,https://catchtable.co.kr/dott,,,,"['힙함', '감성적']",공덕동,,,local,,"{""title"": ""디오티티"", ""link"": ""https://catchtable.co.kr/dott"", ""category"": ""음식점>이탈리아음식"", ""description"": NaN, ""telephone"": NaN, ""address"": ""서울특별시 마포구 신공덕동 2-350 -1, 지하 1층"", ""roadAddress"": ""서울특별시 마포구 임정로 47 -1, 지하 1층"", ""mapx"": 1269575549, ""mapy"": 375441550, ""dong"": ""공덕동"", ""category_keyword"": ""공원""}",2026-09-14T03:22:54.976287+00:00
5469de62-f29c-5150-b69d-d172d4e0f012,공원기사식당,한식>기사식당,서울특별시 마포구 신공덕동 2-343,서울특별시 마포구 임정로 51,37.5443916,126.9576048,,,,,['혼밥'],공덕동,,,local,,"{""title"": ""<b>공원</b>기사식당"", ""link"": NaN, ""category"": ""한식>기사식당"", ""description"": NaN, ""telephone"": NaN, ""address"": ""서울특별시 마포구 신공덕동 2-343"", ""roadAddress"": ""서울특별시 마포구 임정로 51"", ""mapx"": 1269576048, ""mapy"": 375443916, ""dong"": ""공덕동"", ""category_keyword"": ""공원""}",2026-09-14T03:22:54.976340+00:00
3fbf1ebf-07a4-59d0-b42d-67d64b97d3fa,타프나드,"음식점>카페,디저트","서울특별시 마포구 공덕동 111-106 1층, 타프나드","서울특별시 마포구 만리재로 90 1층, 타프나드",37.5481651,126.9592774,https://www.instagram.com/tapenade_,,,,"['감성적', '사진맛집']",공덕동,,,local,,"{""title"": ""타프나드"", ""link"": ""https://www.instagram.com/tapenade_"", ""category"": ""음식점>카페,디저트"", ""description"": NaN, ""telephone"": NaN, ""address"": ""서울특별시 마포구 공덕동 111-106 1층, 타프나드"", ""roadAddress"": ""서울특별시 마포구 만리재로 90 1층, 타프나드"", ""mapx"": 1269592774, ""mapy"": 375481651, ""dong"": ""공덕동"", ""category_keyword"": ""공원""}",2026-09-14T03:22:54.976390+00:00
2b8cf83b-5eb0-5c87-91d7-de6f5ce64c17,만리배수지공원,"여행,명소>근린공원",서울특별시 마포구 아현동 87-7,서울특별시 마포구 환일7길 16,37.5547437,126.9616001,,,,,"['조용함', '가족동반']",아현동,,,local,,"{""title"": ""만리배수지<b>공원</b>"", ""link"": NaN, ""category"": ""여행,명소>근린공원"", ""description"": NaN, ""telephone"": NaN, ""address"": ""서울특별시 마포구 아현동 87-7"", ""roadAddress"": ""서울특별시 마포구 환일7길 16"", ""mapx"": 1269616001, ""mapy"": 375547437, ""dong"": ""아현동"", ""category_keyword"": ""공원""}",2026-09-14T03:22:54.976440+00:00
ebc5ef25-7c32-59b3-98f4-220b765448cc,쌍룡산근린공원,"여행,명소>근린공원",서울특별시 마포구 아현동 768,서울특별시 마포구,37.5527962,126.9504197,,,,,"['조용함', '가족동반']",아현동,,,local,,"{""title"": ""쌍룡산근린<b>공원</b>"", ""link"": NaN, ""category"": ""여행,명소>근린공원"", ""description"": NaN, ""telephone"": NaN, ""address"": ""서울특별시 마포구 아현동 768"", ""roadAddress"": ""서울특별시 마포구"", ""mapx"": 1269504197, ""mapy"": 375527962, ""dong"": ""아현동"", ""category_keyword"": ""공원""}",2026-09-14T03:22:54.976491+00:00
3b345317-4277-51be-9f43-fb2e8264fd66,아현공원,"여행,명소>근린공원",서울특별시 마포구 아현동 737-9,,37.5528574,126.9567925,,,,,"['조용함', '가족동반']",아현동,,,local,,"{""title"": ""아현<b>공원</b>"", ""link"": NaN, ""category"": ""여행,명소>근린공원"", ""description"": NaN, ""telephone"": NaN, ""address"": ""서울특별시 마포구 아현동 737-9"", ""roadAddress"": NaN, ""mapx"": 1269567925, ""mapy"": 375528574, ""dong"": ""아현동"", ""category_keyword"": ""공원""}",2026-09-14T03:22:54.976543+00:00
55063613-e520-5f33-ad49-52b549f4a463,쌍룡산어린이공원,"레져,체육시설>공원",서울특별시 마포구 아현동,,37.5521921,126.9503628,,,,,[],아현동,,,local,,"{""title"": ""쌍룡산어린이<b>공원</b>"", ""link"": NaN, ""category"": ""레져,체육시설>공원"", ""description"": NaN, ""telephone"": NaN, ""address"": ""서울특별시 마포구 아현동"", ""roadAddress"": NaN, ""mapx"": 1269503628, ""mapy"": 375521921, ""dong"": ""아현동"", ""category_keyword"": ""공원""}",2026-09-14T03:22:54.976595+00:00
ca06d0ee-30a0-5c71-a79d-47c6826afe21,아현어울림소공원,"여행,명소>시민공원",서울특별시 마포구 아현동 804-3,서울특별시 마포구 신촌로28길 29,37.5564805,126.9517976,,,,,"['가족동반', '조용함']",아현동,,,local,,"{""title"": ""아현어울림소<b>공원</b>"", ""link"": NaN, ""category"": ""여행,명소>시민공원"", ""description"": NaN, ""telephone"": NaN, ""address"": ""서울특별시 마포구 아현동 804-3"", ""roadAddress"": ""서울특별시 마포구 신촌로28길 29"", ""mapx"": 1269517976, ""mapy"": 375564805, ""dong"": ""아현동"", ""category_keyword"": ""공원""}",2026-09-14T03:22:54.976646+00:00
60ae3a33-2ec5-5f19-9a1d-cc76bd75d918,언덕커피,"음식점>카페,디저트",서울특별시 마포구 도화동 357 상가 13동 104호,서울특별시 마포구 새창로 52 상가 13동 104호,37.5403435,126.9556332,https://www.instagram.com/unduk_coffee_official/,,,,['감성적'],도화동,,,local,,"{""title"": ""언덕커피"", ""link"": ""https://www.instagram.com/unduk_coffee_official/"", ""category"": ""음식점>카페,디저트"", ""description"": NaN, ""telephone"": NaN, ""address"": ""서울특별시 마포구 도화동 357 상가 13동 104호"", ""roadAddress"": ""서울특별시 마포구 새창로 52 상가 13동 104호"", ""mapx"": 1269556332, ""mapy"": 375403435, ""dong"": ""도화동"", ""category_keyword"": ""공원""}",2026-09-14T03:22:54.976750+00:00
1420b92e-eb79-5d5f-b181-037e21c63c0b,마포어린이공원,"레져,체육시설>공원",서울특별시 마포구 마포동,,37.5356,126.9437629,,,,,[],도화동,,,local,,"{""title"": ""마포어린이<b>공원</b>"", ""link"": NaN, ""category"": ""레져,체육시설>공원"", ""description"": NaN, ""telephone"": NaN, ""address"": ""서울특별시 마포구 마포동"", ""roadAddress"": NaN, ""mapx"": 1269437629, ""mapy"": 375356000, ""dong"": ""도화동"", ""category_keyword"": ""공원""}",2026-09-14T03:22:54.976800+00:00
373ac859-5768-59ec-84a4-0657e0744639,서울특별시서부공원녹지사업소 경의선숲길공원 커뮤니티센터,"여행,명소>관리사무소",서울특별시 마포구 도화동 1-402,서울특별시 마포구 새창로 37,37.5416651,126.9540882,,,,,[],도화동,,,local,,"{""title"": ""서울특별시서부<b>공원</b>녹지사업소 경의선숲길<b>공원</b> 커뮤니티센터"", ""link"": NaN, ""category"": ""여행,명소>관리사무소"", ""description"": NaN, ""telephone"": NaN, ""address"": ""서울특별시 마포구 도화동 1-402"", ""roadAddress"": ""서울특별시 마포구 새창로 37"", ""mapx"": 1269540882, ""mapy"": 375416651, ""dong"": ""도화동"", ""category_keyword"": ""공원""}",2026-09-14T03:22:54.976853+00:00
65b53957-24a1-5df8-b359-c76c6ad1c65d,도화소어린이공원,"레져,체육시설>공원",서울특별시 마포구 도화동,,37.5411832,126.9455471,,,,,[],도화동,,,local,,"{""title"": ""도화소어린이<b>공원</b>"", ""link"": NaN, ""category"": ""레져,체육시설>공원"", ""description"": NaN, ""telephone"": NaN, ""address"": ""서울특별시 마포구 도화동"", ""roadAddress"": NaN, ""mapx"": 1269455471, ""mapy"": 375411832, ""dong"": ""도화동"", ""category_keyword"": ""공원""}",2026-09-14T03:22:54.976904+00:00
7b5236a1-8e40-5d28-a6a3-d137e80eb841,현석마을마당,"여행,명소>근린공원",서울특별시 마포구 현석동 159-3,서울특별시 마포구 신수로3길 3-11,37.5422167,126.9335499,,,,,"['조용함', '가족동반']",신수동,,,local,,"{""title"": ""현석마을마당"", ""link"": NaN, ""category"": ""여행,명소>근린공원"", ""description"": NaN, ""telephone"": NaN, ""address"": ""서울특별시 마포구 현석동 159-3"", ""roadAddress"": ""서울특별시 마포구 신수로3길 3-11"", ""mapx"": 1269335499, ""mapy"": 375422167, ""dong"": ""신수동"", ""category_keyword"": ""공원""}",2026-09-14T03:22:54.976954+00:00
381e3ea0-44e9-5438-9afb-a66731440edf,국화정원,"여행,명소>근린공원",서울특별시 마포구 현석동 225-2,서울특별시 마포구,37.5430264,126.934502,,,,,"['조용함', '가족동반']",신수동,,,local,,"{""title"": ""국화정원"", ""link"": NaN, ""category"": ""여행,명소>근린공원"", ""description"": NaN, ""telephone"": NaN, ""address"": ""서울특별시 마포구 현석동 225-2"", ""roadAddress"": ""서울특별시 마포구"", ""mapx"": 1269345020, ""mapy"": 375430264, ""dong"": ""신수동"", ""category_keyword"": ""공원""}",2026-09-14T03:22:54.977004+00:00
f7f929c6-a99e-577e-af89-7b81a3eb1d20,신수어린이공원,"레져,체육시설>공원",서울특별시 마포구 신수동,,37.5503467,126.9339159,,,,,[],신수동,,,local,,"{""title"": ""신수어린이<b>공원</b>"", ""link"": NaN, ""category"": ""레져,체육시설>공원"", ""description"": NaN, ""telephone"": NaN, ""address"": ""서울특별시 마포구 신수동"", ""roadAddress"": NaN, ""mapx"": 1269339159, ""mapy"": 375503467, ""dong"": ""신수동"", ""category_keyword"": ""공원""}",2026-09-14T03:22:54.977068+00:00
b8896b7b-d125-5982-8c5e-8a36b7500d21,브랜드살롱 공원,"생활,편의>친목,모임",서울특별시 마포구 신수동 81-63,서울특별시 마포구 백범로 40-3,37.5510879,126.9373941,http://sinsutealers.com/park/,,,,[],신수동,,,local,,"{""title"": ""브랜드살롱 <b>공원</b>"", ""link"": ""http://sinsutealers.com/park/"", ""category"": ""생활,편의>친목,모임"", ""description"": NaN, ""telephone"": NaN, ""address"": ""서울특별시 마포구 신수동 81-63"", ""roadAddress"": ""서울특별시 마포구 백범로 40-3"", ""mapx"": 1269373941, ""mapy"": 375510879, ""dong"": ""신수동"", ""category_keyword"": ""공원""}",2026-09-14T03:22:54.977121+00:00
09df6c20-438f-5f18-9a19-4026dd293c54,아이오밀,음식점>일식>일식당,서울특별시 마포구 대흥동 245-1 2층,서울특별시 마포구 백범로16안길 15-1 2층,37.5464913,126.9429879,https://www.instagram.com/i.o_meal,,,,"['조용함', '감성적']",대흥동,,,local,,"{""title"": ""아이오밀"", ""link"": ""https://www.instagram.com/i.o_meal"", ""category"": ""음식점>일식>일식당"", ""description"": NaN, ""telephone"": NaN, ""address"": ""서울특별시 마포구 대흥동 245-1 2층"", ""roadAddress"": ""서울특별시 마포구 백범로16안길 15-1 2층"", ""mapx"": 1269429879, ""mapy"": 375464913, ""dong"": ""대흥동"", ""category_keyword"": ""공원""}",2026-09-14T03:22:54.977174+00:00
c1b233ec-5b8e-5aa4-8535-eee5b32fc80d,경의선공원,"여행,명소>근린공원",서울특별시 마포구 대흥동 325-82,,37.5462736,126.943193,,,,,['데이트'],대흥동,,,local,,"{""title"": ""경의선<b>공원</b>"", ""link"": NaN, ""category"": ""여행,명소>근린공원"", ""description"": NaN, ""telephone"": NaN, ""address"": ""서울특별시 마포구 대흥동 325-82"", ""roadAddress"": NaN, ""mapx"": 1269431930, ""mapy"": 375462736, ""dong"": ""대흥동"", ""category_keyword"": ""공원""}",2026-09-14T03:22:54.977227+00:00
c3f72516-9cc3-592c-89a0-7a23fea578aa,강릉엄지네꼬막집 마포점,"한식>해물,생선요리",서울특별시 마포구 대흥동 441-3 1층,서울특별시 마포구 독막로 273 1층,37.5457617,126.9437717,https://umjine.com,,,,"['모임', '가족동반']",대흥동,,,local,,"{""title"": ""강릉엄지네꼬막집 마포점"", ""link"": ""https://umjine.com"", ""category"": ""한식>해물,생선요리"", ""description"": NaN, ""telephone"": NaN, ""address"": ""서울특별시 마포구 대흥동 441-3 1층"", ""roadAddress"": ""서울특별시 마포구 독막로 273 1층"", ""mapx"": 1269437717, ""mapy"": 375457617, ""dong"": ""대흥동"", ""category_keyword"": ""공원""}",2026-09-14T03:22:54.977279+00:00
715fd60f-eb2c-5b81-b5e1-3533f0c1d59e,독막소공원,"여행,명소>근린공원",서울특별시 마포구 대흥동 807-1,서울특별시 마포구,37.5544229,126.9438003,,,,,"['조용함', '가족동반']",대흥동,,,local,,"{""title"": ""독막소<b>공원</b>"", ""link"": NaN, ""category"": ""여행,명소>근린공원"", ""description"": NaN, ""telephone"": NaN, ""address"": ""서울특별시 마포구 대흥동 807-1"", ""roadAddress"": ""서울특별시 마포구"", ""mapx"": 1269438003, ""mapy"": 375544229, ""dong"": ""대흥동"", ""category_keyword"": ""공원""}",2026-09-14T03:22:54.977331+00:00
9c6517ef-30d8-58d0-8d42-1664f07662cd,이대역교차로공원 대흥_옥외,공중전화,서울특별시 마포구 대흥동 2-1,,37.5566106,126.9464394,,,,,[],대흥동,,,local,,"{""title"": ""이대역교차로<b>공원</b> 대흥_옥외"", ""link"": NaN, ""category"": ""공중전화"", ""description"": NaN, ""telephone"": NaN, ""address"": ""서울특별시 마포구 대흥동 2-1"", ""roadAddress"": NaN, ""mapx"": 1269464394, ""mapy"": 375566106, ""dong"": ""대흥동"", ""category_keyword"": ""공원""}",2026-09-14T03:22:54.977383+00:00
1b9ca7a0-4668-50da-90c7-c230917a8f0a,카츠하나비 공덕점,음식점>일식>돈가스,서울특별시 마포구 염리동 148-8 1층 우측호,서울특별시 마포구 백범로25길 1 1층 우측호(염리동),37.5463027,126.9462429,https://www.instagram.com/katsu_hanabi_,,,,['혼밥'],염리동,,,local,,"{""title"": ""카츠하나비 공덕점"", ""link"": ""https://www.instagram.com/katsu_hanabi_"", ""category"": ""음식점>일식>돈가스"", ""description"": NaN, ""telephone"": NaN, ""address"": ""서울특별시 마포구 염리동 148-8 1층 우측호"", ""roadAddress"": ""서울특별시 마포구 백범로25길 1 1층 우측호(염리동)"", ""mapx"": 1269462429, ""mapy"": 375463027, ""dong"": ""염리동"", ""category_keyword"": ""공원""}",2026-09-14T03:22:54.977436+00:00
1a5a3db0-b671-58f6-bbe4-78eaebf7d9be,메디컬필라테스 마마 마포공덕점,스포츠시설>필라테스,서울특별시 마포구 염리동 173-29 하나프라자 4층,서울특별시 마포구 토정로37길 41 하나프라자 4층,37.5426801,126.9465913,http://www.medicalpilatesmama.com/,,,,[],염리동,,,local,,"{""title"": ""메디컬필라테스 마마 마포공덕점"", ""link"": ""http://www.medicalpilatesmama.com/"", ""category"": ""스포츠시설>필라테스"", ""description"": NaN, ""telephone"": NaN, ""address"": ""서울특별시 마포구 염리동 173-29 하나프라자 4층"", ""roadAddress"": ""서울특별시 마포구 토정로37길 41 하나프라자 4층"", ""mapx"": 1269465913, ""mapy"": 375426801, ""dong"": ""염리동"", ""category_keyword"": ""공원""}",2026-09-14T03:22:54.977488+00:00
cbca2388-9610-5dbc-baef-612190116875,마포새빛문화숲,"여행,명소>근린공원",서울특별시 마포구 당인동 1,서울특별시 마포구 토정로 56,37.544036,126.9181241,,,,,"['조용함', '가족동반']",서강동,,,local,,"{""title"": ""마포새빛문화숲"", ""link"": NaN, ""category"": ""여행,명소>근린공원"", ""description"": NaN, ""telephone"": NaN, ""address"": ""서울특별시 마포구 당인동 1"", ""roadAddress"": ""서울특별시 마포구 토정로 56"", ""mapx"": 1269181241, ""mapy"": 375440360, ""dong"": ""서강동"", ""category_keyword"": ""공원""}",2026-09-14T03:22:54.977698+00:00
17ee8f42-7762-5698-af58-6c59891d2410,와우공원배드민턴장,"도시,테마공원>부속시설",서울특별시 마포구 창전동,,37.5518566,126.9299349,,,,,"['가족동반', '사진맛집']",서강동,,,local,,"{""title"": ""와우<b>공원</b>배드민턴장"", ""link"": NaN, ""category"": ""도시,테마공원>부속시설"", ""description"": NaN, ""telephone"": NaN, ""address"": ""서울특별시 마포구 창전동"", ""roadAddress"": NaN, ""mapx"": 1269299349, ""mapy"": 375518566, ""dong"": ""서강동"", ""category_keyword"": ""공원""}",2026-09-14T03:22:54.977750+00:00
bde9874c-e32a-5ac3-a49e-f765e4cd3c0a,와우공원,"여행,명소>근린공원",서울특별시 마포구 창전동 3-245,,37.5517297,126.9289935,,,,,"['조용함', '가족동반']",서강동,,,local,,"{""title"": ""와우<b>공원</b>"", ""link"": NaN, ""category"": ""여행,명소>근린공원"", ""description"": NaN, ""telephone"": NaN, ""address"": ""서울특별시 마포구 창전동 3-245"", ""roadAddress"": NaN, ""mapx"": 1269289935, ""mapy"": 375517297, ""dong"": ""서강동"", ""category_keyword"": ""공원""}",2026-09-14T03:22:54.977801+00:00
b0032e6a-2605-5cf4-9aaf-1cc709c9d9ab,서강나루공원,"여행,명소>근린공원",서울특별시 마포구 창전동 165-5,,37.5452833,126.931,,,,,"['조용함', '가족동반']",서강동,,,local,,"{""title"": ""서강나루<b>공원</b>"", ""link"": NaN, ""category"": ""여행,명소>근린공원"", ""description"": NaN, ""telephone"": NaN, ""address"": ""서울특별시 마포구 창전동 165-5"", ""roadAddress"": NaN, ""mapx"": 1269310000, ""mapy"": 375452833, ""dong"": ""서강동"", ""category_keyword"": ""공원""}",2026-09-14T03:22:54.977851+00:00
9424928b-1fbe-5bff-8294-a651440ad3ca,와우어린이공원,"레져,체육시설>공원",서울특별시 마포구 상수동,,37.5490401,126.9253281,,,,,[],서강동,,,local,,"{""title"": ""와우어린이<b>공원</b>"", ""link"": NaN, ""category"": ""레져,체육시설>공원"", ""description"": NaN, ""telephone"": NaN, ""address"": ""서울특별시 마포구 상수동"", ""roadAddress"": NaN, ""mapx"": 1269253281, ""mapy"": 375490401, ""dong"": ""서강동"", ""category_keyword"": ""공원""}",2026-09-14T03:22:54.977901+00:00
e404a9de-e6d2-5937-8a5a-1c751d5933e4,평화공원,"여행,명소>근린공원",서울특별시 마포구 동교동 179-10,서울특별시 마포구 신촌로4길 5-25,37.5573335,126.9298488,,,,,"['조용함', '가족동반']",서교동,,,local,,"{""title"": ""평화<b>공원</b>"", ""link"": NaN, ""category"": ""여행,명소>근린공원"", ""description"": NaN, ""telephone"": NaN, ""address"": ""서울특별시 마포구 동교동 179-10"", ""roadAddress"": ""서울특별시 마포구 신촌로4길 5-25"", ""mapx"": 1269298488, ""mapy"": 375573335, ""dong"": ""서교동"", ""category_keyword"": ""공원""}",2026-09-14T03:22:54.977952+00:00
4ea873ee-7673-5ab8-bef1-dcdcc62d4d00,홍익문화공원,"여행,명소>도시,테마공원",서울특별시 마포구 서교동 359 그림동네,서울특별시 마포구 와우산로21길 19-3 그림동네,37.5525112,126.9236847,,,,,"['가족동반', '사진맛집']",서교동,,,local,,"{""title"": ""홍익문화<b>공원</b>"", ""link"": NaN, ""category"": ""여행,명소>도시,테마공원"", ""description"": NaN, ""telephone"": NaN, ""address"": ""서울특별시 마포구 서교동 359 그림동네"", ""roadAddress"": ""서울특별시 마포구 와우산로21길 19-3 그림동네"", ""mapx"": 1269236847, ""mapy"": 375525112, ""dong"": ""서교동"", ""category_keyword"": ""공원""}",2026-09-14T03:22:54.978007+00:00
6dbc1a49-4151-5686-8245-f05b49c014c3,스머프 매직 포레스트 홍대점,"여행,명소>테마파크",서울특별시 마포구 동교동 170-12 2층,서울특별시 마포구 어울마당로 151-1 2층,37.5568543,126.9267002,https://www.smurfmagic.com,,,,"['데이트', '가족동반']",서교동,,,local,,"{""title"": ""스머프 매직 포레스트 홍대점"", ""link"": ""https://www.smurfmagic.com"", ""category"": ""여행,명소>테마파크"", ""description"": NaN, ""telephone"": NaN, ""address"": ""서울특별시 마포구 동교동 170-12 2층"", ""roadAddress"": ""서울특별시 마포구 어울마당로 151-1 2층"", ""mapx"": 1269267002, ""mapy"": 375568543, ""dong"": ""서교동"", ""category_keyword"": ""공원""}",2026-09-14T03:22:54.978060+00:00
0a624a8f-6a0e-5908-a01b-96faa24e35ee,형제집,술집>요리주점,서울특별시 마포구 합정동 438-2 1층 형제집,서울특별시 마포구 포은로 39 1층 형제집,37.5510238,126.9072047,https://www.instagram.com/brotherhouse_seoul,,,,"['모임', '시끌벅적함']",합정동,,,local,,"{""title"": ""형제집"", ""link"": ""https://www.instagram.com/brotherhouse_seoul"", ""category"": ""술집>요리주점"", ""description"": NaN, ""telephone"": NaN, ""address"": ""서울특별시 마포구 합정동 438-2 1층 형제집"", ""roadAddress"": ""서울특별시 마포구 포은로 39 1층 형제집"", ""mapx"": 1269072047, ""mapy"": 375510238, ""dong"": ""합정동"", ""category_keyword"": ""공원""}",2026-09-14T03:22:54.978167+00:00
3bb1320b-ad28-5862-bb22-908a1883d1e8,망원한강공원,"여행,명소>시민공원",서울특별시 마포구 합정동 465-6,서울특별시 마포구,37.5483278,126.904879,,,,,"['가족동반', '조용함']",합정동,,,local,,"{""title"": ""망원한강<b>공원</b>"", ""link"": NaN, ""category"": ""여행,명소>시민공원"", ""description"": NaN, ""telephone"": NaN, ""address"": ""서울특별시 마포구 합정동 465-6"", ""roadAddress"": ""서울특별시 마포구"", ""mapx"": 1269048790, ""mapy"": 375483278, ""dong"": ""합정동"", ""category_keyword"": ""공원""}",2026-09-14T03:22:54.978270+00:00
e9a8ba1c-2610-5d4f-bcaa-424bb1c03e7a,양화진역사공원,"여행,명소>근린공원",서울특별시 마포구 합정동 139-21 양화진공영주차장,서울특별시 마포구 토정로 2 양화진공영주차장,37.5455549,126.9111435,,,,,['조용함'],합정동,,,local,,"{""title"": ""양화진역사<b>공원</b>"", ""link"": NaN, ""category"": ""여행,명소>근린공원"", ""description"": NaN, ""telephone"": NaN, ""address"": ""서울특별시 마포구 합정동 139-21 양화진공영주차장"", ""roadAddress"": ""서울특별시 마포구 토정로 2 양화진공영주차장"", ""mapx"": 1269111435, ""mapy"": 375455549, ""dong"": ""합정동"", ""category_keyword"": ""공원""}",2026-09-14T03:22:54.978322+00:00
840fff92-589b-572e-adef-aec287f6143f,망원시장,"쇼핑,유통>시장",서울특별시 마포구 망원동 414-109 2층,서울특별시 마포구 포은로6길 27 2층,37.5565511,126.9060686,https://mangwonmarket.com/,,,,[],망원동,,,local,,"{""title"": ""망원시장"", ""link"": ""https://mangwonmarket.com/"", ""category"": ""쇼핑,유통>시장"", ""description"": NaN, ""telephone"": NaN, ""address"": ""서울특별시 마포구 망원동 414-109 2층"", ""roadAddress"": ""서울특별시 마포구 포은로6길 27 2층"", ""mapx"": 1269060686, ""mapy"": 375565511, ""dong"": ""망원동"", ""category_keyword"": ""공원""}",2026-09-14T03:22:54.978426+00:00
63d7cd39-0384-5ef8-9d76-2d863c0ff569,망원 한강공원,"여행,명소>시민공원",서울특별시 마포구 망원동 205-4 한강공원망원지구사무소,서울특별시 마포구 마포나루길 467 한강공원망원지구사무소,37.5553018,126.8952798,http://hangang.seoul.go.kr/archives/46737,,,,"['가족동반', '조용함']",망원동,,,local,,"{""title"": ""망원 한강<b>공원</b>"", ""link"": ""http://hangang.seoul.go.kr/archives/46737"", ""category"": ""여행,명소>시민공원"", ""description"": NaN, ""telephone"": NaN, ""address"": ""서울특별시 마포구 망원동 205-4 한강공원망원지구사무소"", ""roadAddress"": ""서울특별시 마포구 마포나루길 467 한강공원망원지구사무소"", ""mapx"": 1268952798, ""mapy"": 375553018, ""dong"": ""망원동"", ""category_keyword"": ""공원""}",2026-09-14T03:22:54.978530+00:00
d4c6a235-a783-5dce-a7c7-f01d0423dd6f,메가MGC커피 마포시민공원점,"카페,디저트>카페",서울특별시 마포구 망원동 419-3 1층 메가커피,서울특별시 마포구 망원로 19 1층 메가커피,37.5562425,126.8990291,,,,,"['감성적', '사진맛집', '힙함']",망원동,,,local,,"{""title"": ""메가MGC커피 마포시민<b>공원</b>점"", ""link"": NaN, ""category"": ""카페,디저트>카페"", ""description"": NaN, ""telephone"": NaN, ""address"": ""서울특별시 마포구 망원동 419-3 1층 메가커피"", ""roadAddress"": ""서울특별시 마포구 망원로 19 1층 메가커피"", ""mapx"": 1268990291, ""mapy"": 375562425, ""dong"": ""망원동"", ""category_keyword"": ""공원""}",2026-09-14T03:22:54.978581+00:00
acc7f6dc-2286-5a31-b3ea-38ac403b8780,정각 서울망원본점,한식>돼지고기구이,서울특별시 마포구 망원동 399-7 2층 정각,서울특별시 마포구 망원로6길 57 2층 정각,37.554482,126.9040538,https://www.instagram.com/jeonggak.happymeal,,,,['모임'],망원동,,,local,,"{""title"": ""정각 서울망원본점"", ""link"": ""https://www.instagram.com/jeonggak.happymeal"", ""category"": ""한식>돼지고기구이"", ""description"": NaN, ""telephone"": NaN, ""address"": ""서울특별시 마포구 망원동 399-7 2층 정각"", ""roadAddress"": ""서울특별시 마포구 망원로6길 57 2층 정각"", ""mapx"": 1269040538, ""mapy"": 375544820, ""dong"": ""망원동"", ""category_keyword"": ""공원""}",2026-09-14T03:22:54.978633+00:00
c5588995-d36e-585f-b83b-ce1d9451520d,경의선숲길,"여행,명소>거리,골목",서울특별시 마포구 연남동,,37.5619568,126.9229824,,,,,[],연남동,,,local,,"{""title"": ""경의선숲길"", ""link"": NaN, ""category"": ""여행,명소>거리,골목"", ""description"": NaN, ""telephone"": NaN, ""address"": ""서울특별시 마포구 연남동"", ""roadAddress"": NaN, ""mapx"": 1269229824, ""mapy"": 375619568, ""dong"": ""연남동"", ""category_keyword"": ""공원""}",2026-09-14T03:22:54.978683+00:00
238c64ff-2620-5b62-910b-bccc4f90c19e,경의선숲길공원,"여행,명소>근린공원",서울특별시 마포구 연남동,,37.5619568,126.9229824,,,,,['데이트'],연남동,,,local,,"{""title"": ""경의선숲길<b>공원</b>"", ""link"": NaN, ""category"": ""여행,명소>근린공원"", ""description"": NaN, ""telephone"": NaN, ""address"": ""서울특별시 마포구 연남동"", ""roadAddress"": NaN, ""mapx"": 1269229824, ""mapy"": 375619568, ""dong"": ""연남동"", ""category_keyword"": ""공원""}",2026-09-14T03:22:54.978734+00:00
c3e2b9b6-e910-5897-b4a4-bde5a351baf6,느티어린이공원,"레져,체육시설>공원",서울특별시 마포구 연남동,,37.559635,126.9188524,,,,,[],연남동,,,local,,"{""title"": ""느티어린이<b>공원</b>"", ""link"": NaN, ""category"": ""레져,체육시설>공원"", ""description"": NaN, ""telephone"": NaN, ""address"": ""서울특별시 마포구 연남동"", ""roadAddress"": NaN, ""mapx"": 1269188524, ""mapy"": 375596350, ""dong"": ""연남동"", ""category_keyword"": ""공원""}",2026-09-14T03:22:54.978839+00:00
ea465660-905e-518b-aed9-661fc722800c,은행나무어린이공원,"레져,체육시설>공원",서울특별시 마포구 연남동,,37.5646342,126.9222894,,,,,[],연남동,,,local,,"{""title"": ""은행나무어린이<b>공원</b>"", ""link"": NaN, ""category"": ""레져,체육시설>공원"", ""description"": NaN, ""telephone"": NaN, ""address"": ""서울특별시 마포구 연남동"", ""roadAddress"": NaN, ""mapx"": 1269222894, ""mapy"": 375646342, ""dong"": ""연남동"", ""category_keyword"": ""공원""}",2026-09-14T03:22:54.978890+00:00
d56e89e8-49ba-526b-862c-6d78c5d10379,문화비축기지,"문화,예술>복합문화공간",서울특별시 마포구 성산동 670,서울특별시 마포구 증산로 87,37.571105,126.8941191,https://blog.naver.com/culturetank,,,,"['사진맛집', '힙함']",성산동,,,local,,"{""title"": ""문화비축기지"", ""link"": ""https://blog.naver.com/culturetank"", ""category"": ""문화,예술>복합문화공간"", ""description"": NaN, ""telephone"": NaN, ""address"": ""서울특별시 마포구 성산동 670"", ""roadAddress"": ""서울특별시 마포구 증산로 87"", ""mapx"": 1268941191, ""mapy"": 375711050, ""dong"": ""성산동"", ""category_keyword"": ""공원""}",2026-09-14T03:22:54.978941+00:00
a4d8f3bc-dd50-556d-9ee0-902c139bc364,평화의공원평화광장,자연공원>부속시설,서울특별시 마포구 성산동 390-1,서울특별시 마포구 월드컵로 251,37.5648162,126.8961082,,,,,[],성산동,,,local,,"{""title"": ""평화의<b>공원</b>평화광장"", ""link"": NaN, ""category"": ""자연공원>부속시설"", ""description"": NaN, ""telephone"": NaN, ""address"": ""서울특별시 마포구 성산동 390-1"", ""roadAddress"": ""서울특별시 마포구 월드컵로 251"", ""mapx"": 1268961082, ""mapy"": 375648162, ""dong"": ""성산동"", ""category_keyword"": ""공원""}",2026-09-14T03:22:54.978992+00:00
ebd36583-1fea-5d51-bdd8-ba189bde1cd7,평화의공원주차장매표소,"여행,명소>관리,안내",서울특별시 마포구 성산동 390-1,서울특별시 마포구 월드컵로 251,37.5662583,126.8951374,,,,,[],성산동,,,local,,"{""title"": ""평화의<b>공원</b>주차장매표소"", ""link"": NaN, ""category"": ""여행,명소>관리,안내"", ""description"": NaN, ""telephone"": NaN, ""address"": ""서울특별시 마포구 성산동 390-1"", ""roadAddress"": ""서울특별시 마포구 월드컵로 251"", ""mapx"": 1268951374, ""mapy"": 375662583, ""dong"": ""성산동"", ""category_keyword"": ""공원""}",2026-09-14T03:22:54.979052+00:00
0ec47ecd-ccc0-5f52-82d3-66114398bee0,평화의공원모험놀이터,자연공원>부속시설,서울특별시 마포구 성산동 390-1,서울특별시 마포구 월드컵로 243-48,37.561979,126.896219,,,,,[],성산동,,,local,,"{""title"": ""평화의<b>공원</b>모험놀이터"", ""link"": NaN, ""category"": ""자연공원>부속시설"", ""description"": NaN, ""telephone"": NaN, ""address"": ""서울특별시 마포구 성산동 390-1"", ""roadAddress"": ""서울특별시 마포구 월드컵로 243-48"", ""mapx"": 1268962190, ""mapy"": 375619790, ""dong"": ""성산동"", ""category_keyword"": ""공원""}",2026-09-14T03:22:54.979106+00:00
fb8b8d19-aaba-5440-ab60-1055eb3861d5,성산근린공원,"여행,명소>근린공원",서울특별시 마포구 성산동 산11-64,,37.5619429,126.9111067,,,,,"['조용함', '가족동반']",성산동,,,local,,"{""title"": ""성산근린<b>공원</b>"", ""link"": NaN, ""category"": ""여행,명소>근린공원"", ""description"": NaN, ""telephone"": NaN, ""address"": ""서울특별시 마포구 성산동 산11-64"", ""roadAddress"": NaN, ""mapx"": 1269111067, ""mapy"": 375619429, ""dong"": ""성산동"", ""category_keyword"": ""공원""}",2026-09-14T03:22:54.979159+00:00
6f7e9d77-03c5-57e3-be85-6906dcfbfc52,하늘공원,"여행,명소>자연,생태공원",서울특별시 마포구 상암동 481-72,서울특별시 마포구 하늘공원로 95,37.5675623,126.885063,,,,,"['조용함', '가족동반']",상암동,,,local,,"{""title"": ""하늘<b>공원</b>"", ""link"": NaN, ""category"": ""여행,명소>자연,생태공원"", ""description"": NaN, ""telephone"": NaN, ""address"": ""서울특별시 마포구 상암동 481-72"", ""roadAddress"": ""서울특별시 마포구 하늘공원로 95"", ""mapx"": 1268850630, ""mapy"": 375675623, ""dong"": ""상암동"", ""category_keyword"": ""공원""}",2026-09-14T03:22:54.979210+00:00
7dc72cd1-38eb-595c-90c0-5350bc0d7ce2,난지 한강공원,"여행,명소>시민공원",서울특별시 마포구 상암동 487-116 한강공원 난지안내센터,서울특별시 마포구 한강난지로 162 한강공원 난지안내센터,37.5672573,126.8744074,http://hangang.seoul.go.kr/archives/46777,,,,"['가족동반', '조용함']",상암동,,,local,,"{""title"": ""난지 한강<b>공원</b>"", ""link"": ""http://hangang.seoul.go.kr/archives/46777"", ""category"": ""여행,명소>시민공원"", ""description"": NaN, ""telephone"": NaN, ""address"": ""서울특별시 마포구 상암동 487-116 한강공원 난지안내센터"", ""roadAddress"": ""서울특별시 마포구 한강난지로 162 한강공원 난지안내센터"", ""mapx"": 1268744074, ""mapy"": 375672573, ""dong"": ""상암동"", ""category_keyword"": ""공원""}",2026-09-14T03:22:54.979263+00:00
c2319268-5912-56af-8810-71bae072a18e,상암 곱,"한식>곱창,막창,양",서울특별시 마포구 상암동 8-3,서울특별시 마포구 매봉산로2안길 12-6,37.5780851,126.8944124,https://www.instagram.com/we.are_gop,,,,['모임'],상암동,,,local,,"{""title"": ""상암 곱"", ""link"": ""https://www.instagram.com/we.are_gop"", ""category"": ""한식>곱창,막창,양"", ""description"": NaN, ""telephone"": NaN, ""address"": ""서울특별시 마포구 상암동 8-3"", ""roadAddress"": ""서울특별시 마포구 매봉산로2안길 12-6"", ""mapx"": 1268944124, ""mapy"": 375780851, ""dong"": ""상암동"", ""category_keyword"": ""공원""}",2026-09-14T03:22:54.979314+00:00
64fd5b53-5343-5866-963a-22546cfec0ef,온타이키친,음식점>태국음식,서울특별시 마포구 상암동 1597 사보이시티 B동 지하1층 B126호,서울특별시 마포구 월드컵북로54길 17 사보이시티 B동 지하1층 B126호,37.5813243,126.8885484,https://www.instagram.com/onthai_kitchen,,,,['데이트'],상암동,,,local,,"{""title"": ""온타이키친"", ""link"": ""https://www.instagram.com/onthai_kitchen"", ""category"": ""음식점>태국음식"", ""description"": NaN, ""telephone"": NaN, ""address"": ""서울특별시 마포구 상암동 1597 사보이시티 B동 지하1층 B126호"", ""roadAddress"": ""서울특별시 마포구 월드컵북로54길 17 사보이시티 B동 지하1층 B126호"", ""mapx"": 1268885484, ""mapy"": 375813243, ""dong"": ""상암동"", ""category_keyword"": ""공원""}",2026-09-14T03:22:54.979364+00:00
d8905304-f7fd-554f-8a50-8f22e370fe99,마포문화원,"문화,예술>문화원",서울특별시 마포구 신공덕동 158 공덕동자치회관,서울특별시 마포구 백범로 227 공덕동자치회관,37.5422421,126.9554853,http://www.mapocc.or.kr/,,,,['조용함'],공덕동,,,local,,"{""title"": ""마포문화원"", ""link"": ""http://www.mapocc.or.kr/"", ""category"": ""문화,예술>문화원"", ""description"": NaN, ""telephone"": NaN, ""address"": ""서울특별시 마포구 신공덕동 158 공덕동자치회관"", ""roadAddress"": ""서울특별시 마포구 백범로 227 공덕동자치회관"", ""mapx"": 1269554853, ""mapy"": 375422421, ""dong"": ""공덕동"", ""category_keyword"": ""전시""}",2026-09-14T03:22:54.979463+00:00
1802253c-af78-5f48-b45c-7cdd8e143161,KCC오토 메르세데스벤츠 마포전시장,"자동차>전시,판매",서울특별시 마포구 공덕동 105-99,서울특별시 마포구 마포대로 188,37.5507823,126.9557507,http://www.kccauto.co.kr/ko/desktop/passenger-cars.html,,,,[],공덕동,,,local,,"{""title"": ""KCC오토 메르세데스벤츠 마포<b>전시</b>장"", ""link"": ""http://www.kccauto.co.kr/ko/desktop/passenger-cars.html"", ""category"": ""자동차>전시,판매"", ""description"": NaN, ""telephone"": NaN, ""address"": ""서울특별시 마포구 공덕동 105-99"", ""roadAddress"": ""서울특별시 마포구 마포대로 188"", ""mapx"": 1269557507, ""mapy"": 375507823, ""dong"": ""공덕동"", ""category_keyword"": ""전시""}",2026-09-14T03:22:54.979515+00:00
6c923e62-d83e-5bb5-a51f-02a9f25eca3c,바디프랜드 공덕 라운지,"전자,가전>종합가전",서울특별시 마포구 공덕동 478 1층,서울특별시 마포구 백범로 170 1층,37.5444545,126.949242,https://www.bodyfriend.co.kr/,,,,[],공덕동,,,local,,"{""title"": ""바디프랜드 공덕 라운지"", ""link"": ""https://www.bodyfriend.co.kr/"", ""category"": ""전자,가전>종합가전"", ""description"": NaN, ""telephone"": NaN, ""address"": ""서울특별시 마포구 공덕동 478 1층"", ""roadAddress"": ""서울특별시 마포구 백범로 170 1층"", ""mapx"": 1269492420, ""mapy"": 375444545, ""dong"": ""공덕동"", ""category_keyword"": ""전시""}",2026-09-14T03:22:54.979567+00:00
60fe3a7f-e7c2-5a42-ad38-9fccfabffe7f,캡스톤그룹,"지원,대행>전시,행사대행",서울특별시 마포구 공덕동 370-4,서울특별시 마포구 백범로31길 19,37.5466768,126.9497275,http://capstone-pco.com,,,,[],공덕동,,,local,,"{""title"": ""캡스톤그룹"", ""link"": ""http://capstone-pco.com"", ""category"": ""지원,대행>전시,행사대행"", ""description"": NaN, ""telephone"": NaN, ""address"": ""서울특별시 마포구 공덕동 370-4"", ""roadAddress"": ""서울특별시 마포구 백범로31길 19"", ""mapx"": 1269497275, ""mapy"": 375466768, ""dong"": ""공덕동"", ""category_keyword"": ""전시""}",2026-09-14T03:22:54.979620+00:00
d79738cc-5a51-599a-9896-992beb3b99d3,어머머프로포즈,"지원,대행>이벤트,파티",서울특별시 마포구 공덕동 463,서울특별시 마포구 마포대로 173,37.549819,126.9544103,http://umumupropose.creatorlink.net/,,,,[],공덕동,,,local,,"{""title"": ""어머머프로포즈"", ""link"": ""http://umumupropose.creatorlink.net/"", ""category"": ""지원,대행>이벤트,파티"", ""description"": NaN, ""telephone"": NaN, ""address"": ""서울특별시 마포구 공덕동 463"", ""roadAddress"": ""서울특별시 마포구 마포대로 173"", ""mapx"": 1269544103, ""mapy"": 375498190, ""dong"": ""공덕동"", ""category_keyword"": ""전시""}",2026-09-14T03:22:54.979671+00:00
5b7a3446-b6a0-50a9-a7b5-28dd3bbe2f7d,헤이웨이예이,"쇼핑,유통>종합도소매",서울특별시 마포구 신공덕동 174,서울특별시 마포구 만리재로 36,37.5448143,126.9561781,https://smartstore.naver.com/heywayyay,,,,[],공덕동,,,local,,"{""title"": ""헤이웨이예이"", ""link"": ""https://smartstore.naver.com/heywayyay"", ""category"": ""쇼핑,유통>종합도소매"", ""description"": NaN, ""telephone"": NaN, ""address"": ""서울특별시 마포구 신공덕동 174"", ""roadAddress"": ""서울특별시 마포구 만리재로 36"", ""mapx"": 1269561781, ""mapy"": 375448143, ""dong"": ""공덕동"", ""category_keyword"": ""소품샵""}",2026-09-14T03:22:54.979722+00:00
5417b6d7-ceb2-5abb-9f21-f8b4633fda18,어거스트21,술집>와인,서울특별시 마포구 공덕동 242-4 소담빌딩 4층,서울특별시 마포구 마포대로12길 34 소담빌딩 4층,37.5475135,126.9546897,,,,,"['데이트', '감성적']",공덕동,,,local,,"{""title"": ""어거스트21"", ""link"": NaN, ""category"": ""술집>와인"", ""description"": NaN, ""telephone"": NaN, ""address"": ""서울특별시 마포구 공덕동 242-4 소담빌딩 4층"", ""roadAddress"": ""서울특별시 마포구 마포대로12길 34 소담빌딩 4층"", ""mapx"": 1269546897, ""mapy"": 375475135, ""dong"": ""공덕동"", ""category_keyword"": ""루프탑""}",2026-09-14T03:22:54.979771+00:00
7703be9c-7319-50f6-b984-8effe0035425,프론티에르,"서비스,산업>장소대여",서울특별시 마포구 공덕동 115-25 3층,서울특별시 마포구 만리재로 80-4 3층,37.5477214,126.9587974,,,,,['모임'],공덕동,,,local,,"{""title"": ""프론티에르"", ""link"": NaN, ""category"": ""서비스,산업>장소대여"", ""description"": NaN, ""telephone"": NaN, ""address"": ""서울특별시 마포구 공덕동 115-25 3층"", ""roadAddress"": ""서울특별시 마포구 만리재로 80-4 3층"", ""mapx"": 1269587974, ""mapy"": 375477214, ""dong"": ""공덕동"", ""category_keyword"": ""루프탑""}",2026-09-14T03:22:54.979823+00:00
feae4f7f-e797-5389-bda6-cbf25eec4de9,서울로7017,지역명소>도보코스,서울특별시 중구 봉래동2가 122-14,서울특별시 중구 청파로 432,37.5565284,126.9732427,https://parks.seoul.go.kr/content.do?key=2605090001,,,,[],공덕동,,,local,,"{""title"": ""서울로7017"", ""link"": ""https://parks.seoul.go.kr/content.do?key=2605090001"", ""category"": ""지역명소>도보코스"", ""description"": NaN, ""telephone"": NaN, ""address"": ""서울특별시 중구 봉래동2가 122-14"", ""roadAddress"": ""서울특별시 중구 청파로 432"", ""mapx"": 1269732427, ""mapy"": 375565284, ""dong"": ""공덕동"", ""category_keyword"": ""전망대""}",2026-09-14T03:22:54.979873+00:00
630b1bee-0d15-5e88-be53-df73003dab98,로그아웃,"음식점>카페,디저트",서울특별시 마포구 마포동 388-5 9층,서울특별시 마포구 마포대로4다길 31 9층,37.535684,126.944351,,,,,"['감성적', '사진맛집']",공덕동,,,local,,"{""title"": ""로그아웃"", ""link"": NaN, ""category"": ""음식점>카페,디저트"", ""description"": NaN, ""telephone"": NaN, ""address"": ""서울특별시 마포구 마포동 388-5 9층"", ""roadAddress"": ""서울특별시 마포구 마포대로4다길 31 9층"", ""mapx"": 1269443510, ""mapy"": 375356840, ""dong"": ""공덕동"", ""category_keyword"": ""야경""}",2026-09-14T03:22:54.979926+00:00
3f8d0c1c-65cf-53f1-bd77-6da04503f51c,바 팔렛,술집>바(BAR),서울특별시 마포구 용강동 50-16 5F,서울특별시 마포구 마포대로1길 16 5F,37.5397175,126.9431357,https://www.instagram.com/bar.palate?igsh=MXQ0MTlveXB1a3AyYQ%3D%3D&utm_source=qr,,,,"['모임', '시끌벅적함']",공덕동,,,local,,"{""title"": ""바 팔렛"", ""link"": ""https://www.instagram.com/bar.palate?igsh=MXQ0MTlveXB1a3AyYQ%3D%3D&utm_source=qr"", ""category"": ""술집>바(BAR)"", ""description"": NaN, ""telephone"": NaN, ""address"": ""서울특별시 마포구 용강동 50-16 5F"", ""roadAddress"": ""서울특별시 마포구 마포대로1길 16 5F"", ""mapx"": 1269431357, ""mapy"": 375397175, ""dong"": ""공덕동"", ""category_keyword"": ""야경""}",2026-09-14T03:22:54.979988+00:00
8dbf74e3-df58-5adf-9aee-92a71f1c51c1,마포대교,도로시설>교량명,서울특별시 영등포구 여의도동,,37.5340684,126.9375033,,,,,[],공덕동,,,local,,"{""title"": ""마포대교"", ""link"": NaN, ""category"": ""도로시설>교량명"", ""description"": NaN, ""telephone"": NaN, ""address"": ""서울특별시 영등포구 여의도동"", ""roadAddress"": NaN, ""mapx"": 1269375033, ""mapy"": 375340684, ""dong"": ""공덕동"", ""category_keyword"": ""야경""}",2026-09-14T03:22:54.980067+00:00
01e5820f-3bc2-5780-92f3-610770c76b7c,구띠커피갤러리,"음식점>카페,디저트",서울특별시 마포구 아현동 618-7 1층 구띠커피 와인하우스,서울특별시 마포구 마포대로 181 1층 구띠커피 와인하우스,37.5504886,126.9549485,,,,,"['감성적', '사진맛집']",아현동,,,local,,"{""title"": ""구띠커피갤러리"", ""link"": NaN, ""category"": ""음식점>카페,디저트"", ""description"": NaN, ""telephone"": NaN, ""address"": ""서울특별시 마포구 아현동 618-7 1층 구띠커피 와인하우스"", ""roadAddress"": ""서울특별시 마포구 마포대로 181 1층 구띠커피 와인하우스"", ""mapx"": 1269549485, ""mapy"": 375504886, ""dong"": ""아현동"", ""category_keyword"": ""전시""}",2026-09-14T03:22:54.980128+00:00
e8876bc1-d7d6-50dc-b8e3-bad0c9e10406,바바리안 모터스 BMW 마포전시장,"자동차>전시,판매",서울특별시 마포구 아현동 270-9,서울특별시 마포구 마포대로 227,37.5543328,126.9566872,https://bavarian.co.kr/,,,,[],아현동,,,local,,"{""title"": ""바바리안 모터스 BMW 마포<b>전시</b>장"", ""link"": ""https://bavarian.co.kr/"", ""category"": ""자동차>전시,판매"", ""description"": NaN, ""telephone"": NaN, ""address"": ""서울특별시 마포구 아현동 270-9"", ""roadAddress"": ""서울특별시 마포구 마포대로 227"", ""mapx"": 1269566872, ""mapy"": 375543328, ""dong"": ""아현동"", ""category_keyword"": ""전시""}",2026-09-14T03:22:54.980187+00:00
b6e9b037-94eb-5e3a-9b08-890e6fa2c859,에넥스 아현전시장,"쇼핑,유통>가구",서울특별시 마포구 아현동 85-665,서울특별시 마포구 마포대로 264-1,37.5569064,126.9594724,,,,,[],아현동,,,local,,"{""title"": ""에넥스 아현<b>전시</b>장"", ""link"": NaN, ""category"": ""쇼핑,유통>가구"", ""description"": NaN, ""telephone"": NaN, ""address"": ""서울특별시 마포구 아현동 85-665"", ""roadAddress"": ""서울특별시 마포구 마포대로 264-1"", ""mapx"": 1269594724, ""mapy"": 375569064, ""dong"": ""아현동"", ""category_keyword"": ""전시""}",2026-09-14T03:22:54.980241+00:00
86ee04bc-151f-58c0-82f1-83039d9b4905,현대자동차 아현대리점,"쇼핑,유통>자동차",서울특별시 마포구 아현동 91-17,서울특별시 마포구 마포대로 268,37.557136,126.9597735,https://www.hyundai.com/kr/ko/e/vehicles/purchase-consult/visit-consult?branchCode=DB01002,,,,[],아현동,,,local,,"{""title"": ""현대자동차 아현대리점"", ""link"": ""https://www.hyundai.com/kr/ko/e/vehicles/purchase-consult/visit-consult?branchCode=DB01002"", ""category"": ""쇼핑,유통>자동차"", ""description"": NaN, ""telephone"": NaN, ""address"": ""서울특별시 마포구 아현동 91-17"", ""roadAddress"": ""서울특별시 마포구 마포대로 268"", ""mapx"": 1269597735, ""mapy"": 375571360, ""dong"": ""아현동"", ""category_keyword"": ""전시""}",2026-09-14T03:22:54.980293+00:00
e38e5978-1e8c-5260-8bc9-90fa5ac1575d,인테리어필름보닥 마포전시장,"쇼핑,유통>가구,인테리어",서울특별시 마포구 아현동 373-3 현대빌딩,서울특별시 마포구 마포대로 240 현대빌딩,37.5552611,126.9579073,,,,,[],아현동,,,local,,"{""title"": ""인테리어필름보닥 마포<b>전시</b>장"", ""link"": NaN, ""category"": ""쇼핑,유통>가구,인테리어"", ""description"": NaN, ""telephone"": NaN, ""address"": ""서울특별시 마포구 아현동 373-3 현대빌딩"", ""roadAddress"": ""서울특별시 마포구 마포대로 240 현대빌딩"", ""mapx"": 1269579073, ""mapy"": 375552611, ""dong"": ""아현동"", ""category_keyword"": ""전시""}",2026-09-14T03:22:54.980345+00:00
a252c795-40f4-557e-b3db-0ba343b30f4b,굴레방커피,"음식점>카페,디저트",서울특별시 마포구 아현동 332-7 1층,서울특별시 마포구 굴레방로7길 22 1층,37.5563508,126.9542867,,,,,"['감성적', '사진맛집']",아현동,,,local,,"{""title"": ""굴레방커피"", ""link"": NaN, ""category"": ""음식점>카페,디저트"", ""description"": NaN, ""telephone"": NaN, ""address"": ""서울특별시 마포구 아현동 332-7 1층"", ""roadAddress"": ""서울특별시 마포구 굴레방로7길 22 1층"", ""mapx"": 1269542867, ""mapy"": 375563508, ""dong"": ""아현동"", ""category_keyword"": ""루프탑""}",2026-09-14T03:22:54.980396+00:00
cf16f25f-01b5-57de-8f46-9cc441e341a0,네안데르,"지원,대행>전시,행사대행",서울특별시 마포구 대흥동 328-29 1층,서울특별시 마포구 독막로36길 10-6 1층,37.546117,126.9410531,https://www.instagram.com/neander_lab,,,,[],대흥동,,,local,,"{""title"": ""네안데르"", ""link"": ""https://www.instagram.com/neander_lab"", ""category"": ""지원,대행>전시,행사대행"", ""description"": NaN, ""telephone"": NaN, ""address"": ""서울특별시 마포구 대흥동 328-29 1층"", ""roadAddress"": ""서울특별시 마포구 독막로36길 10-6 1층"", ""mapx"": 1269410531, ""mapy"": 375461170, ""dong"": ""대흥동"", ""category_keyword"": ""전시""}",2026-09-14T03:22:54.980447+00:00
45e8988b-e76f-57f5-a0bc-c61e8a8e06ba,마포아트센터,"교육,학문>문화센터",서울특별시 마포구 대흥동 30-3 마포아트센터,서울특별시 마포구 대흥로20길 28 마포아트센터,37.5498965,126.9455361,https://www.mfac.or.kr,,,,[],대흥동,,,local,,"{""title"": ""마포아트센터"", ""link"": ""https://www.mfac.or.kr"", ""category"": ""교육,학문>문화센터"", ""description"": NaN, ""telephone"": NaN, ""address"": ""서울특별시 마포구 대흥동 30-3 마포아트센터"", ""roadAddress"": ""서울특별시 마포구 대흥로20길 28 마포아트센터"", ""mapx"": 1269455361, ""mapy"": 375498965, ""dong"": ""대흥동"", ""category_keyword"": ""전시""}",2026-09-14T03:22:54.980514+00:00
47e84655-81cd-5527-899c-b81d78a807b9,기고자,"문화,예술>전시관",서울특별시 마포구 대흥동 3-42 2층,서울특별시 마포구 대흥로28길 8 2층,37.5552702,126.9463328,http://kigoja.net/,,,,"['조용함', '사진맛집']",대흥동,,,local,,"{""title"": ""기고자"", ""link"": ""http://kigoja.net/"", ""category"": ""문화,예술>전시관"", ""description"": NaN, ""telephone"": NaN, ""address"": ""서울특별시 마포구 대흥동 3-42 2층"", ""roadAddress"": ""서울특별시 마포구 대흥로28길 8 2층"", ""mapx"": 1269463328, ""mapy"": 375552702, ""dong"": ""대흥동"", ""category_keyword"": ""전시""}",2026-09-14T03:22:54.980581+00:00
2d06e214-fffb-5721-acb9-6416c4f91f80,이화광고,"광고,마케팅>옥외,전시광고",서울특별시 마포구 대흥동 202-1,서울특별시 마포구 백범로 108-1,37.5470923,126.9433164,http://www.sign114.net/,,,,[],대흥동,,,local,,"{""title"": ""이화광고"", ""link"": ""http://www.sign114.net/"", ""category"": ""광고,마케팅>옥외,전시광고"", ""description"": NaN, ""telephone"": NaN, ""address"": ""서울특별시 마포구 대흥동 202-1"", ""roadAddress"": ""서울특별시 마포구 백범로 108-1"", ""mapx"": 1269433164, ""mapy"": 375470923, ""dong"": ""대흥동"", ""category_keyword"": ""전시""}",2026-09-14T03:22:54.980646+00:00
7f771301-ae43-588d-a3e3-52811e7475c6,피카소현수막,"광고,마케팅>옥외,전시광고",서울특별시 마포구 대흥동 449 5F,서울특별시 마포구 독막로 274 5F,37.5455073,126.9436451,http://www.banner1255.co.kr/,,,,[],대흥동,,,local,,"{""title"": ""피카소현수막"", ""link"": ""http://www.banner1255.co.kr/"", ""category"": ""광고,마케팅>옥외,전시광고"", ""description"": NaN, ""telephone"": NaN, ""address"": ""서울특별시 마포구 대흥동 449 5F"", ""roadAddress"": ""서울특별시 마포구 독막로 274 5F"", ""mapx"": 1269436451, ""mapy"": 375455073, ""dong"": ""대흥동"", ""category_keyword"": ""전시""}",2026-09-14T03:22:54.980708+00:00
b3def57b-5473-565e-aa8d-ae57167401d1,가에서울,"음식점>카페,디저트",서울특별시 서대문구 창천동 57-59 1층,서울특별시 서대문구 연세로5가길 27 1층,37.5572298,126.9351361,https://www.instagram.com/gae_seoul,,,,"['감성적', '사진맛집']",대흥동,,,local,,"{""title"": ""가에서울"", ""link"": ""https://www.instagram.com/gae_seoul"", ""category"": ""음식점>카페,디저트"", ""description"": NaN, ""telephone"": NaN, ""address"": ""서울특별시 서대문구 창천동 57-59 1층"", ""roadAddress"": ""서울특별시 서대문구 연세로5가길 27 1층"", ""mapx"": 1269351361, ""mapy"": 375572298, ""dong"": ""대흥동"", ""category_keyword"": ""소품샵""}",2026-09-14T03:22:54.980761+00:00
91d800a9-1bc4-5a04-b234-c6abec6ce6da,냥과자점,"음식점>카페,디저트",서울특별시 마포구 서교동 328-11 냥과자점,서울특별시 마포구 와우산로29길 14-25 냥과자점,37.5552662,126.9290239,https://www.instagram.com/nyangbakery,,,,"['감성적', '사진맛집']",대흥동,,,local,,"{""title"": ""냥과자점"", ""link"": ""https://www.instagram.com/nyangbakery"", ""category"": ""음식점>카페,디저트"", ""description"": NaN, ""telephone"": NaN, ""address"": ""서울특별시 마포구 서교동 328-11 냥과자점"", ""roadAddress"": ""서울특별시 마포구 와우산로29길 14-25 냥과자점"", ""mapx"": 1269290239, ""mapy"": 375552662, ""dong"": ""대흥동"", ""category_keyword"": ""소품샵""}",2026-09-14T03:22:54.980813+00:00
c3a74054-02b2-5b82-8135-40cb8b36787f,Dear. 디어,"가구,인테리어>인테리어소품",서울특별시 서대문구 대현동 34-51 1층 Dear.,서울특별시 서대문구 이화여대길 88-14 1층 Dear.,37.5594297,126.9440568,https://mkt.shopping.naver.com/link/6843fab28dd273404b731a00,,,,['사진맛집'],대흥동,,,local,,"{""title"": ""Dear. 디어"", ""link"": ""https://mkt.shopping.naver.com/link/6843fab28dd273404b731a00"", ""category"": ""가구,인테리어>인테리어소품"", ""description"": NaN, ""telephone"": NaN, ""address"": ""서울특별시 서대문구 대현동 34-51 1층 Dear."", ""roadAddress"": ""서울특별시 서대문구 이화여대길 88-14 1층 Dear."", ""mapx"": 1269440568, ""mapy"": 375594297, ""dong"": ""대흥동"", ""category_keyword"": ""소품샵""}",2026-09-14T03:22:54.980866+00:00
793efe5c-e044-5548-be50-229246d1f0e7,수앤봄,"가구,인테리어>인테리어소품",서울특별시 마포구 서교동 327-8 101호 201호 수앤봄,서울특별시 마포구 와우산로33길 5 101호 201호 수앤봄,37.5551977,126.9299279,https://www.instagram.com/sooandbom/,,,,['사진맛집'],대흥동,,,local,,"{""title"": ""수앤봄"", ""link"": ""https://www.instagram.com/sooandbom/"", ""category"": ""가구,인테리어>인테리어소품"", ""description"": NaN, ""telephone"": NaN, ""address"": ""서울특별시 마포구 서교동 327-8 101호 201호 수앤봄"", ""roadAddress"": ""서울특별시 마포구 와우산로33길 5 101호 201호 수앤봄"", ""mapx"": 1269299279, ""mapy"": 375551977, ""dong"": ""대흥동"", ""category_keyword"": ""소품샵""}",2026-09-14T03:22:54.980929+00:00
0908ff42-67e1-5170-929e-a755465550b8,터프퍼프클럽,"가구,인테리어>인테리어소품",서울특별시 마포구 동교동 187-3 1층,서울특별시 마포구 신촌로10길 22 1층,37.5556791,126.9318789,https://smartstore.naver.com/tuffpuffclub,,,,['사진맛집'],대흥동,,,local,,"{""title"": ""터프퍼프클럽"", ""link"": ""https://smartstore.naver.com/tuffpuffclub"", ""category"": ""가구,인테리어>인테리어소품"", ""description"": NaN, ""telephone"": NaN, ""address"": ""서울특별시 마포구 동교동 187-3 1층"", ""roadAddress"": ""서울특별시 마포구 신촌로10길 22 1층"", ""mapx"": 1269318789, ""mapy"": 375556791, ""dong"": ""대흥동"", ""category_keyword"": ""소품샵""}",2026-09-14T03:22:54.980982+00:00
a07c6ea3-7233-5097-96fb-b7b76638863d,썸이프,"음식점>카페,디저트",서울특별시 마포구 대흥동 245-13 2층&루프탑(3F),서울특별시 마포구 백범로16안길 3 2층&루프탑(3F),37.5467144,126.9422151,https://www.instagram.com/cafe_sumif,,,,"['감성적', '사진맛집']",대흥동,,,local,,"{""title"": ""썸이프"", ""link"": ""https://www.instagram.com/cafe_sumif"", ""category"": ""음식점>카페,디저트"", ""description"": NaN, ""telephone"": NaN, ""address"": ""서울특별시 마포구 대흥동 245-13 2층&루프탑(3F)"", ""roadAddress"": ""서울특별시 마포구 백범로16안길 3 2층&루프탑(3F)"", ""mapx"": 1269422151, ""mapy"": 375467144, ""dong"": ""대흥동"", ""category_keyword"": ""루프탑""}",2026-09-14T03:22:54.981045+00:00
88b3b18f-800c-52a9-ba7c-ac0c640eae5f,쁘띠브루통,"카페,디저트>베이커리","서울특별시 마포구 대흥동 241-24 2층, 3층","서울특별시 마포구 백범로16안길 25 2층, 3층",37.5463654,126.9434719,https://www.instagram.com/petit.breton.seoul,,,,['감성적'],대흥동,,,local,,"{""title"": ""쁘띠브루통"", ""link"": ""https://www.instagram.com/petit.breton.seoul"", ""category"": ""카페,디저트>베이커리"", ""description"": NaN, ""telephone"": NaN, ""address"": ""서울특별시 마포구 대흥동 241-24 2층, 3층"", ""roadAddress"": ""서울특별시 마포구 백범로16안길 25 2층, 3층"", ""mapx"": 1269434719, ""mapy"": 375463654, ""dong"": ""대흥동"", ""category_keyword"": ""루프탑""}",2026-09-14T03:22:54.981104+00:00
be915399-e656-5c84-9247-eb0c1666ec7b,오브젝트 서교점,"쇼핑,유통>가정,생활용품",서울특별시 마포구 서교동 326-2,서울특별시 마포구 와우산로35길 13,37.55572,126.92981,http://insideobject.com,,,,[],서교동,,,local,,"{""title"": ""오브젝트 서교점"", ""link"": ""http://insideobject.com"", ""category"": ""쇼핑,유통>가정,생활용품"", ""description"": NaN, ""telephone"": NaN, ""address"": ""서울특별시 마포구 서교동 326-2"", ""roadAddress"": ""서울특별시 마포구 와우산로35길 13"", ""mapx"": 1269298100, ""mapy"": 375557200, ""dong"": ""서교동"", ""category_keyword"": ""전시""}",2026-09-14T03:22:54.981156+00:00
fec19c1a-ec6d-5499-96f0-2428f8d07db6,4233마음센터 연남점,"문화,예술>전시관",서울특별시 마포구 동교동 204-45 지하1층,서울특별시 마포구 월드컵북로4길 43 지하1층,37.5581868,126.9215823,http://4233.kr,,,,['데이트'],서교동,,,local,,"{""title"": ""4233마음센터 연남점"", ""link"": ""http://4233.kr"", ""category"": ""문화,예술>전시관"", ""description"": NaN, ""telephone"": NaN, ""address"": ""서울특별시 마포구 동교동 204-45 지하1층"", ""roadAddress"": ""서울특별시 마포구 월드컵북로4길 43 지하1층"", ""mapx"": 1269215823, ""mapy"": 375581868, ""dong"": ""서교동"", ""category_keyword"": ""전시""}",2026-09-14T03:22:54.981208+00:00
55ddb03a-4e34-5449-96da-6d4e3902587a,띠아트뮤지엄 홍대,"문화,예술>전시관",서울특별시 마포구 서교동 370-12,서울특별시 마포구 양화로16길 14-16,37.5527617,126.9200478,https://www.instagram.com/thartmuseum/,,,,['데이트'],서교동,,,local,,"{""title"": ""띠아트뮤지엄 홍대"", ""link"": ""https://www.instagram.com/thartmuseum/"", ""category"": ""문화,예술>전시관"", ""description"": NaN, ""telephone"": NaN, ""address"": ""서울특별시 마포구 서교동 370-12"", ""roadAddress"": ""서울특별시 마포구 양화로16길 14-16"", ""mapx"": 1269200478, ""mapy"": 375527617, ""dong"": ""서교동"", ""category_keyword"": ""전시""}",2026-09-14T03:22:54.981260+00:00
6f62c087-2181-552e-b332-987027647623,지엔씨미디어,"문화,예술>박람회,전시회",서울특별시 마포구 서교동 352-11 2층,서울특별시 마포구 동교로 156-4 2층,37.5553808,126.9195291,https://www.instagram.com/wb_ddp/,,,,[],서교동,,,local,,"{""title"": ""지엔씨미디어"", ""link"": ""https://www.instagram.com/wb_ddp/"", ""category"": ""문화,예술>박람회,전시회"", ""description"": NaN, ""telephone"": NaN, ""address"": ""서울특별시 마포구 서교동 352-11 2층"", ""roadAddress"": ""서울특별시 마포구 동교로 156-4 2층"", ""mapx"": 1269195291, ""mapy"": 375553808, ""dong"": ""서교동"", ""category_keyword"": ""전시""}",2026-09-14T03:22:54.981314+00:00
74fbdfec-d48a-55d6-905f-421c935ddc7e,보그헤어 홍대점,미용>미용실,서울특별시 마포구 동교동 168-4 문정빌딩 3층 보그헤어 홍대점,서울특별시 마포구 양화로18안길 7 문정빌딩 3층 보그헤어 홍대점,37.556831,126.9250805,https://k-beautyhair.com,,,,[],서교동,,,local,,"{""title"": ""보그헤어 홍대점"", ""link"": ""https://k-beautyhair.com"", ""category"": ""미용>미용실"", ""description"": NaN, ""telephone"": NaN, ""address"": ""서울특별시 마포구 동교동 168-4 문정빌딩 3층 보그헤어 홍대점"", ""roadAddress"": ""서울특별시 마포구 양화로18안길 7 문정빌딩 3층 보그헤어 홍대점"", ""mapx"": 1269250805, ""mapy"": 375568310, ""dong"": ""서교동"", ""category_keyword"": ""소품샵""}",2026-09-14T03:22:54.981373+00:00
47a38eed-3321-5dfa-977d-4fd9c71556f8,메이드바이 홍대,"가구,인테리어>인테리어소품",서울특별시 마포구 동교동 146-8 한국특허기술진흥원빌딩 1층,서울특별시 마포구 연희로 11 한국특허기술진흥원빌딩 1층,37.5598492,126.9264252,https://smartstore.naver.com/itsmadeby,,,,['사진맛집'],서교동,,,local,,"{""title"": ""메이드바이 홍대"", ""link"": ""https://smartstore.naver.com/itsmadeby"", ""category"": ""가구,인테리어>인테리어소품"", ""description"": NaN, ""telephone"": NaN, ""address"": ""서울특별시 마포구 동교동 146-8 한국특허기술진흥원빌딩 1층"", ""roadAddress"": ""서울특별시 마포구 연희로 11 한국특허기술진흥원빌딩 1층"", ""mapx"": 1269264252, ""mapy"": 375598492, ""dong"": ""서교동"", ""category_keyword"": ""소품샵""}",2026-09-14T03:22:54.981431+00:00
12b5b790-8bef-5025-bd56-f00cdc634735,이와야 홍대,"가구,인테리어>인테리어소품",서울특별시 마포구 동교동 190-1 AK플라자 홍대 3F,서울특별시 마포구 양화로 188 AK플라자 홍대 3F,37.5574453,126.9267785,https://www.instagram.com/iwaya_inc,,,,['사진맛집'],서교동,,,local,,"{""title"": ""이와야 홍대"", ""link"": ""https://www.instagram.com/iwaya_inc"", ""category"": ""가구,인테리어>인테리어소품"", ""description"": NaN, ""telephone"": NaN, ""address"": ""서울특별시 마포구 동교동 190-1 AK플라자 홍대 3F"", ""roadAddress"": ""서울특별시 마포구 양화로 188 AK플라자 홍대 3F"", ""mapx"": 1269267785, ""mapy"": 375574453, ""dong"": ""서교동"", ""category_keyword"": ""소품샵""}",2026-09-14T03:22:54.981507+00:00
1bee590c-dd19-5dd6-b4a7-c4b2020c02d1,스테인20,"가구,인테리어>인테리어소품",서울특별시 마포구 동교동 147-2 1층 103호,서울특별시 마포구 연희로 7 1층 103호,37.5593995,126.9263901,https://smartstore.naver.com/stain20byyido,,,,['사진맛집'],서교동,,,local,,"{""title"": ""스테인20"", ""link"": ""https://smartstore.naver.com/stain20byyido"", ""category"": ""가구,인테리어>인테리어소품"", ""description"": NaN, ""telephone"": NaN, ""address"": ""서울특별시 마포구 동교동 147-2 1층 103호"", ""roadAddress"": ""서울특별시 마포구 연희로 7 1층 103호"", ""mapx"": 1269263901, ""mapy"": 375593995, ""dong"": ""서교동"", ""category_keyword"": ""소품샵""}",2026-09-14T03:22:54.981564+00:00
6ec323b1-574b-54e8-9c09-4f50cf44df19,카페 공명 홍대점,"음식점>카페,디저트","서울특별시 마포구 서교동 409-15 1층, 2층, 3층","서울특별시 마포구 와우산로17길 11-8 1층, 2층, 3층",37.5499077,126.9220185,https://youtu.be/55rgsDxLyAU?feature=shared,,,,['데이트'],서교동,,,local,,"{""title"": ""카페 공명 홍대점"", ""link"": ""https://youtu.be/55rgsDxLyAU?feature=shared"", ""category"": ""음식점>카페,디저트"", ""description"": NaN, ""telephone"": NaN, ""address"": ""서울특별시 마포구 서교동 409-15 1층, 2층, 3층"", ""roadAddress"": ""서울특별시 마포구 와우산로17길 11-8 1층, 2층, 3층"", ""mapx"": 1269220185, ""mapy"": 375499077, ""dong"": ""서교동"", ""category_keyword"": ""루프탑""}",2026-09-14T03:22:54.981617+00:00
0b6b45d0-3cba-50e2-817d-c94080b70aad,배터리88 홍대,술집>요리주점,서울특별시 마포구 서교동 362-9 1층,서울특별시 마포구 와우산로19길 6 1층,37.5513451,126.9227607,https://www.instagram.com/battery.88/,,,,['힙함'],서교동,,,local,,"{""title"": ""배터리88 홍대"", ""link"": ""https://www.instagram.com/battery.88/"", ""category"": ""술집>요리주점"", ""description"": NaN, ""telephone"": NaN, ""address"": ""서울특별시 마포구 서교동 362-9 1층"", ""roadAddress"": ""서울특별시 마포구 와우산로19길 6 1층"", ""mapx"": 1269227607, ""mapy"": 375513451, ""dong"": ""서교동"", ""category_keyword"": ""루프탑""}",2026-09-14T03:22:54.981680+00:00
cc4ae888-09b5-5d9c-b632-c8a56a118e5b,연남어부,한식>생선회,서울특별시 마포구 동교동 152-22 1층,서울특별시 마포구 동교로 220 1층,37.5596869,126.9239427,https://app.catchtable.co.kr/ct/shop/fishermen_1987,,,,"['모임', '가족동반']",서교동,,,local,,"{""title"": ""연남어부"", ""link"": ""https://app.catchtable.co.kr/ct/shop/fishermen_1987"", ""category"": ""한식>생선회"", ""description"": NaN, ""telephone"": NaN, ""address"": ""서울특별시 마포구 동교동 152-22 1층"", ""roadAddress"": ""서울특별시 마포구 동교로 220 1층"", ""mapx"": 1269239427, ""mapy"": 375596869, ""dong"": ""서교동"", ""category_keyword"": ""루프탑""}",2026-09-14T03:22:54.981734+00:00
f3156717-e922-5174-8517-226a00222e18,센트럴사이트 연남점,"음식점>카페,디저트",서울특별시 마포구 동교동 117-3 센트럴사이트,서울특별시 마포구 연희로 29-1 센트럴사이트,37.561549,126.9268517,https://smartstore.naver.com/coffeesite,,,,"['감성적', '사진맛집', '힙함']",서교동,,,local,,"{""title"": ""센트럴사이트 연남점"", ""link"": ""https://smartstore.naver.com/coffeesite"", ""category"": ""음식점>카페,디저트"", ""description"": NaN, ""telephone"": NaN, ""address"": ""서울특별시 마포구 동교동 117-3 센트럴사이트"", ""roadAddress"": ""서울특별시 마포구 연희로 29-1 센트럴사이트"", ""mapx"": 1269268517, ""mapy"": 375615490, ""dong"": ""서교동"", ""category_keyword"": ""루프탑""}",2026-09-14T03:22:54.981786+00:00
a8362de8-4061-5886-8603-faa3a7c0e996,발코니가든,"음식점>카페,디저트",서울특별시 마포구 동교동 170-38 4층,서울특별시 마포구 어울마당로 155-1 4층,37.5569061,126.927123,http://www.instagram.com/balconygardencafeseoul,,,,"['감성적', '사진맛집', '힙함']",서교동,,,local,,"{""title"": ""발코니가든"", ""link"": ""http://www.instagram.com/balconygardencafeseoul"", ""category"": ""음식점>카페,디저트"", ""description"": NaN, ""telephone"": NaN, ""address"": ""서울특별시 마포구 동교동 170-38 4층"", ""roadAddress"": ""서울특별시 마포구 어울마당로 155-1 4층"", ""mapx"": 1269271230, ""mapy"": 375569061, ""dong"": ""서교동"", ""category_keyword"": ""루프탑""}",2026-09-14T03:22:54.981843+00:00
98b54fe0-fb39-5a51-8d52-931dcce480c8,카비넷,술집>와인,"서울특별시 마포구 동교동 147-4 3층, 카비넷","서울특별시 마포구 연희로 3 3층, 카비넷",37.5591255,126.9262029,https://www.instagram.com/_kabinett_,,,,"['데이트', '감성적']",서교동,,,local,,"{""title"": ""카비넷"", ""link"": ""https://www.instagram.com/_kabinett_"", ""category"": ""술집>와인"", ""description"": NaN, ""telephone"": NaN, ""address"": ""서울특별시 마포구 동교동 147-4 3층, 카비넷"", ""roadAddress"": ""서울특별시 마포구 연희로 3 3층, 카비넷"", ""mapx"": 1269262029, ""mapy"": 375591255, ""dong"": ""서교동"", ""category_keyword"": ""야경""}",2026-09-14T03:22:54.981911+00:00
3f297318-70f2-5eb9-9029-148f7e88712b,절두산순교성지,"여행,명소>유적지,사적지",서울특별시 마포구 합정동 96-1,서울특별시 마포구 토정로 6,37.5441361,126.9117967,http://www.jeoldusan.or.kr/,,,,[],합정동,,,local,,"{""title"": ""절두산순교성지"", ""link"": ""http://www.jeoldusan.or.kr/"", ""category"": ""여행,명소>유적지,사적지"", ""description"": NaN, ""telephone"": NaN, ""address"": ""서울특별시 마포구 합정동 96-1"", ""roadAddress"": ""서울특별시 마포구 토정로 6"", ""mapx"": 1269117967, ""mapy"": 375441361, ""dong"": ""합정동"", ""category_keyword"": ""전시""}",2026-09-14T03:22:54.982008+00:00
9ec8b0ca-305e-509a-9cb9-617bf33c5eb8,파티세리 로그,"음식점>카페,디저트",서울특별시 마포구 합정동 410-10 1층,서울특별시 마포구 양화로6길 86 1층,37.5482919,126.9188989,https://twitter.com/PatisserieLogue,,,,"['감성적', '사진맛집', '힙함']",합정동,,,local,,"{""title"": ""파티세리 로그"", ""link"": ""https://twitter.com/PatisserieLogue"", ""category"": ""음식점>카페,디저트"", ""description"": NaN, ""telephone"": NaN, ""address"": ""서울특별시 마포구 합정동 410-10 1층"", ""roadAddress"": ""서울특별시 마포구 양화로6길 86 1층"", ""mapx"": 1269188989, ""mapy"": 375482919, ""dong"": ""합정동"", ""category_keyword"": ""전시""}",2026-09-14T03:22:54.982117+00:00
3b361e79-17bd-5aa2-9a53-262281b2f99f,스페이스 아크,"문화,예술>갤러리,화랑","서울특별시 마포구 합정동 367-9 안쪽 마당, 1층","서울특별시 마포구 토정로3길 16 안쪽 마당, 1층",37.5463127,126.9144597,http://www.instagram.com/space_ac_gallery/,,,,"['조용함', '사진맛집', '데이트']",합정동,,,local,,"{""title"": ""스페이스 아크"", ""link"": ""http://www.instagram.com/space_ac_gallery/"", ""category"": ""문화,예술>갤러리,화랑"", ""description"": NaN, ""telephone"": NaN, ""address"": ""서울특별시 마포구 합정동 367-9 안쪽 마당, 1층"", ""roadAddress"": ""서울특별시 마포구 토정로3길 16 안쪽 마당, 1층"", ""mapx"": 1269144597, ""mapy"": 375463127, ""dong"": ""합정동"", ""category_keyword"": ""전시""}",2026-09-14T03:22:54.982209+00:00
83eb7d55-4a7e-533a-ab25-7f2a8d919c4c,아트스페이스 합정,"문화,예술>전시관",서울특별시 마포구 합정동 394-7,서울특별시 마포구 포은로 24,37.5501174,126.9086566,,,,,"['조용함', '사진맛집']",합정동,,,local,,"{""title"": ""아트스페이스 합정"", ""link"": NaN, ""category"": ""문화,예술>전시관"", ""description"": NaN, ""telephone"": NaN, ""address"": ""서울특별시 마포구 합정동 394-7"", ""roadAddress"": ""서울특별시 마포구 포은로 24"", ""mapx"": 1269086566, ""mapy"": 375501174, ""dong"": ""합정동"", ""category_keyword"": ""전시""}",2026-09-14T03:22:54.982270+00:00
8a764c9f-348f-52b8-ab9b-694f0c96c660,레인보우큐브,"문화,예술>갤러리,화랑",서울특별시 마포구 합정동 91-27,서울특별시 마포구 토정로2길 6-19,37.544859,126.9129227,http://www.rainbowcube-space.co.kr/,,,,"['조용함', '사진맛집', '데이트']",합정동,,,local,,"{""title"": ""레인보우큐브"", ""link"": ""http://www.rainbowcube-space.co.kr/"", ""category"": ""문화,예술>갤러리,화랑"", ""description"": NaN, ""telephone"": NaN, ""address"": ""서울특별시 마포구 합정동 91-27"", ""roadAddress"": ""서울특별시 마포구 토정로2길 6-19"", ""mapx"": 1269129227, ""mapy"": 375448590, ""dong"": ""합정동"", ""category_keyword"": ""전시""}",2026-09-14T03:22:54.982326+00:00
4058e89a-5d5a-5894-bcc1-a4bae5d51efe,메리모어,"가구,인테리어>인테리어소품",서울특별시 마포구 합정동 438-11 2층 (고향농산 건물),서울특별시 마포구 포은로 37 2층 (고향농산 건물),37.5508194,126.9073927,https://merrymore.kr,,,,['사진맛집'],합정동,,,local,,"{""title"": ""메리모어"", ""link"": ""https://merrymore.kr"", ""category"": ""가구,인테리어>인테리어소품"", ""description"": NaN, ""telephone"": NaN, ""address"": ""서울특별시 마포구 합정동 438-11 2층 (고향농산 건물)"", ""roadAddress"": ""서울특별시 마포구 포은로 37 2층 (고향농산 건물)"", ""mapx"": 1269073927, ""mapy"": 375508194, ""dong"": ""합정동"", ""category_keyword"": ""소품샵""}",2026-09-14T03:22:54.982385+00:00
dac3b710-f731-50f3-8aad-409187451b5a,al thing,"쇼핑,유통>패션",서울특별시 마포구 합정동 358-3 2층,서울특별시 마포구 독막로8길 31 2층,37.5465007,126.9179078,https://smartstore.naver.com/al-thing,,,,['조용함'],합정동,,,local,,"{""title"": ""al thing"", ""link"": ""https://smartstore.naver.com/al-thing"", ""category"": ""쇼핑,유통>패션"", ""description"": NaN, ""telephone"": NaN, ""address"": ""서울특별시 마포구 합정동 358-3 2층"", ""roadAddress"": ""서울특별시 마포구 독막로8길 31 2층"", ""mapx"": 1269179078, ""mapy"": 375465007, ""dong"": ""합정동"", ""category_keyword"": ""소품샵""}",2026-09-14T03:22:54.982454+00:00
a550be55-7cf0-520c-a5b3-78ef0dd60b60,리네아의 가게,"가구,인테리어>인테리어소품",서울특별시 마포구 합정동 438-2 1층 리네아의가게,서울특별시 마포구 포은로 39 1층 리네아의가게,37.5509909,126.9072436,,,,,['감성적'],합정동,,,local,,"{""title"": ""리네아의 가게"", ""link"": NaN, ""category"": ""가구,인테리어>인테리어소품"", ""description"": NaN, ""telephone"": NaN, ""address"": ""서울특별시 마포구 합정동 438-2 1층 리네아의가게"", ""roadAddress"": ""서울특별시 마포구 포은로 39 1층 리네아의가게"", ""mapx"": 1269072436, ""mapy"": 375509909, ""dong"": ""합정동"", ""category_keyword"": ""소품샵""}",2026-09-14T03:22:54.982509+00:00
1388c766-8498-5dc6-9f62-4dd7049e71a3,스튜디홈,"가구,인테리어>인테리어소품",서울특별시 마포구 합정동 371-4 2층 하늘색문(201호),서울특별시 마포구 성지길 25-20 2층 하늘색문(201호),37.5472057,126.9138778,https://studihome.imweb.me/,,,,['사진맛집'],합정동,,,local,,"{""title"": ""스튜디홈"", ""link"": ""https://studihome.imweb.me/"", ""category"": ""가구,인테리어>인테리어소품"", ""description"": NaN, ""telephone"": NaN, ""address"": ""서울특별시 마포구 합정동 371-4 2층 하늘색문(201호)"", ""roadAddress"": ""서울특별시 마포구 성지길 25-20 2층 하늘색문(201호)"", ""mapx"": 1269138778, ""mapy"": 375472057, ""dong"": ""합정동"", ""category_keyword"": ""소품샵""}",2026-09-14T03:22:54.982563+00:00
e7252a57-5539-5f39-b4f5-c0283dc0d5c0,카페꼼마 합정점,"음식점>카페,디저트",서울특별시 마포구 합정동 441-35,서울특별시 마포구 포은로 49,37.5519325,126.9068006,https://www.instagram.com/cafecomma_official,,,,['조용함'],합정동,,,local,,"{""title"": ""카페꼼마 합정점"", ""link"": ""https://www.instagram.com/cafecomma_official"", ""category"": ""음식점>카페,디저트"", ""description"": NaN, ""telephone"": NaN, ""address"": ""서울특별시 마포구 합정동 441-35"", ""roadAddress"": ""서울특별시 마포구 포은로 49"", ""mapx"": 1269068006, ""mapy"": 375519325, ""dong"": ""합정동"", ""category_keyword"": ""루프탑""}",2026-09-14T03:22:54.982624+00:00
370acba9-23d3-5def-b001-4542a2f1acee,블러,"음식점>카페,디저트",서울특별시 마포구 합정동 198-26 4층,서울특별시 마포구 토정로 28-10 4층,37.5450277,126.9142075,https://litt.ly/blurr,,,,['감성적'],합정동,,,local,,"{""title"": ""블러"", ""link"": ""https://litt.ly/blurr"", ""category"": ""음식점>카페,디저트"", ""description"": NaN, ""telephone"": NaN, ""address"": ""서울특별시 마포구 합정동 198-26 4층"", ""roadAddress"": ""서울특별시 마포구 토정로 28-10 4층"", ""mapx"": 1269142075, ""mapy"": 375450277, ""dong"": ""합정동"", ""category_keyword"": ""루프탑""}",2026-09-14T03:22:54.982705+00:00
d1cf9ba4-7cca-5faa-b3f1-9d43f92c6cdb,쿠바포차 하바나24시,술집>포장마차,서울특별시 마포구 합정동 383-31 2층,서울특별시 마포구 월드컵로1길 11 2층,37.5494632,126.9123374,,,,,['감성적'],합정동,,,local,,"{""title"": ""쿠바포차 하바나24시"", ""link"": NaN, ""category"": ""술집>포장마차"", ""description"": NaN, ""telephone"": NaN, ""address"": ""서울특별시 마포구 합정동 383-31 2층"", ""roadAddress"": ""서울특별시 마포구 월드컵로1길 11 2층"", ""mapx"": 1269123374, ""mapy"": 375494632, ""dong"": ""합정동"", ""category_keyword"": ""루프탑""}",2026-09-14T03:22:54.982785+00:00
875a8034-755d-5f40-8403-10b60564e6ca,이모의피크닉,"서비스,산업>장소대여",서울특별시 마포구 합정동 388-3 4층,서울특별시 마포구 월드컵로3길 31-6 4층,37.5501233,126.910762,https://www.instagram.com/emo_s2022,,,,['모임'],합정동,,,local,,"{""title"": ""이모의피크닉"", ""link"": ""https://www.instagram.com/emo_s2022"", ""category"": ""서비스,산업>장소대여"", ""description"": NaN, ""telephone"": NaN, ""address"": ""서울특별시 마포구 합정동 388-3 4층"", ""roadAddress"": ""서울특별시 마포구 월드컵로3길 31-6 4층"", ""mapx"": 1269107620, ""mapy"": 375501233, ""dong"": ""합정동"", ""category_keyword"": ""루프탑""}",2026-09-14T03:22:54.982838+00:00
950a45c4-1857-5da8-a636-929e1df4e088,선유도공원전망대,자연공원>부속시설,서울특별시 영등포구 양화동 52-1,서울특별시 영등포구 선유로 343,37.5446087,126.8979559,,,,,[],합정동,,,local,,"{""title"": ""선유도공원<b>전망대</b>"", ""link"": NaN, ""category"": ""자연공원>부속시설"", ""description"": NaN, ""telephone"": NaN, ""address"": ""서울특별시 영등포구 양화동 52-1"", ""roadAddress"": ""서울특별시 영등포구 선유로 343"", ""mapx"": 1268979559, ""mapy"": 375446087, ""dong"": ""합정동"", ""category_keyword"": ""전망대""}",2026-09-14T03:22:54.982903+00:00
e477e5a6-bc5a-51e5-94db-425c84f16037,양화대교,도로시설>교량명,서울특별시 마포구 합정동,,37.5441779,126.905103,,,,,[],합정동,,,local,,"{""title"": ""양화대교"", ""link"": NaN, ""category"": ""도로시설>교량명"", ""description"": NaN, ""telephone"": NaN, ""address"": ""서울특별시 마포구 합정동"", ""roadAddress"": NaN, ""mapx"": 1269051030, ""mapy"": 375441779, ""dong"": ""합정동"", ""category_keyword"": ""야경""}",2026-09-14T03:22:54.982971+00:00
ebfeda22-2b42-5495-8987-1efbc4534601,XXPRESS,"서비스,산업>장소대여",서울특별시 마포구 망원동 410-25 1층,서울특별시 마포구 포은로 99 1층,37.5558768,126.9048109,http://xxpressofficial.com,,,,['모임'],망원동,,,local,,"{""title"": ""XXPRESS"", ""link"": ""http://xxpressofficial.com"", ""category"": ""서비스,산업>장소대여"", ""description"": NaN, ""telephone"": NaN, ""address"": ""서울특별시 마포구 망원동 410-25 1층"", ""roadAddress"": ""서울특별시 마포구 포은로 99 1층"", ""mapx"": 1269048109, ""mapy"": 375558768, ""dong"": ""망원동"", ""category_keyword"": ""전시""}",2026-09-14T03:22:54.983044+00:00
de9e78a9-c980-522b-8f66-7a6164a35ce6,WWW SPACE,"문화,예술>갤러리,화랑",서울특별시 마포구 망원동 404-32 지하1층,서울특별시 마포구 망원로6길 37 지하1층,37.5552506,126.9037499,http://www.wwwspace.kr,,,,"['조용함', '사진맛집', '데이트']",망원동,,,local,,"{""title"": ""WWW SPACE"", ""link"": ""http://www.wwwspace.kr"", ""category"": ""문화,예술>갤러리,화랑"", ""description"": NaN, ""telephone"": NaN, ""address"": ""서울특별시 마포구 망원동 404-32 지하1층"", ""roadAddress"": ""서울특별시 마포구 망원로6길 37 지하1층"", ""mapx"": 1269037499, ""mapy"": 375552506, ""dong"": ""망원동"", ""category_keyword"": ""전시""}",2026-09-14T03:22:54.983103+00:00
cac339f9-6b3f-5c6d-9b12-fa84cc5548a2,계절책방 낮과밤,서점>독립서점,서울특별시 마포구 망원동 482-8 3층 301호,서울특별시 마포구 월드컵로 113 3층 301호,37.5584252,126.907621,https://www.instagram.com/natbambooks,,,,"['조용함', '힙함']",망원동,,,local,,"{""title"": ""계절책방 낮과밤"", ""link"": ""https://www.instagram.com/natbambooks"", ""category"": ""서점>독립서점"", ""description"": NaN, ""telephone"": NaN, ""address"": ""서울특별시 마포구 망원동 482-8 3층 301호"", ""roadAddress"": ""서울특별시 마포구 월드컵로 113 3층 301호"", ""mapx"": 1269076210, ""mapy"": 375584252, ""dong"": ""망원동"", ""category_keyword"": ""전시""}",2026-09-14T03:22:54.983160+00:00
6c54bcf9-d177-5dd2-b189-d914fb8f0597,컷더케이크,"문화,예술>갤러리,화랑",서울특별시 마포구 망원동 420-1 2층,서울특별시 마포구 월드컵로25길 131 2층,37.5568967,126.9005221,https://www.instagram.com/cutthekake_,,,,"['조용함', '사진맛집', '데이트']",망원동,,,local,,"{""title"": ""컷더케이크"", ""link"": ""https://www.instagram.com/cutthekake_"", ""category"": ""문화,예술>갤러리,화랑"", ""description"": NaN, ""telephone"": NaN, ""address"": ""서울특별시 마포구 망원동 420-1 2층"", ""roadAddress"": ""서울특별시 마포구 월드컵로25길 131 2층"", ""mapx"": 1269005221, ""mapy"": 375568967, ""dong"": ""망원동"", ""category_keyword"": ""전시""}",2026-09-14T03:22:54.983220+00:00
378ae9c9-5be0-58f6-b5e5-1bc08185553b,WWW SPACE2,"문화,예술>갤러리,화랑",서울특별시 마포구 망원동 472-12 1층,서울특별시 마포구 월드컵로 163-5 1층,37.5619937,126.9041095,https://blog.naver.com/www__space,,,,"['조용함', '사진맛집', '데이트']",망원동,,,local,,"{""title"": ""WWW SPACE2"", ""link"": ""https://blog.naver.com/www__space"", ""category"": ""문화,예술>갤러리,화랑"", ""description"": NaN, ""telephone"": NaN, ""address"": ""서울특별시 마포구 망원동 472-12 1층"", ""roadAddress"": ""서울특별시 마포구 월드컵로 163-5 1층"", ""mapx"": 1269041095, ""mapy"": 375619937, ""dong"": ""망원동"", ""category_keyword"": ""전시""}",2026-09-14T03:22:54.983299+00:00
3327e875-bdd2-524e-b82e-f00b0e44fdc1,프레젠트모먼트,"가구,인테리어>인테리어소품",서울특별시 마포구 망원동 338-53 1층,서울특별시 마포구 동교로 49-1 1층,37.5531116,126.9077187,https://www.instagram.com/presentmoment.storage,,,,['감성적'],망원동,,,local,,"{""title"": ""프레젠트모먼트"", ""link"": ""https://www.instagram.com/presentmoment.storage"", ""category"": ""가구,인테리어>인테리어소품"", ""description"": NaN, ""telephone"": NaN, ""address"": ""서울특별시 마포구 망원동 338-53 1층"", ""roadAddress"": ""서울특별시 마포구 동교로 49-1 1층"", ""mapx"": 1269077187, ""mapy"": 375531116, ""dong"": ""망원동"", ""category_keyword"": ""소품샵""}",2026-09-14T03:22:54.983366+00:00
b2ce62b5-5c07-5bb3-8e6e-89b82c4a2d44,제로스페이스 망원,"가구,인테리어>인테리어소품",서울특별시 마포구 망원동 398-2,서울특별시 마포구 희우정로16길 32,37.554574,126.9037851,http://zeroperzero.kr,,,,['사진맛집'],망원동,,,local,,"{""title"": ""제로스페이스 망원"", ""link"": ""http://zeroperzero.kr"", ""category"": ""가구,인테리어>인테리어소품"", ""description"": NaN, ""telephone"": NaN, ""address"": ""서울특별시 마포구 망원동 398-2"", ""roadAddress"": ""서울특별시 마포구 희우정로16길 32"", ""mapx"": 1269037851, ""mapy"": 375545740, ""dong"": ""망원동"", ""category_keyword"": ""소품샵""}",2026-09-14T03:22:54.983424+00:00
1f6cd8ea-8bcc-55f6-8593-cd3f1a0a7f20,무드,"가구,인테리어>인테리어소품",서울특별시 마포구 망원동 411-3 1층 mood,서울특별시 마포구 포은로8길 16 1층 mood,37.5564269,126.9057806,https://moodarchive.com,,,,['사진맛집'],망원동,,,local,,"{""title"": ""무드"", ""link"": ""https://moodarchive.com"", ""category"": ""가구,인테리어>인테리어소품"", ""description"": NaN, ""telephone"": NaN, ""address"": ""서울특별시 마포구 망원동 411-3 1층 mood"", ""roadAddress"": ""서울특별시 마포구 포은로8길 16 1층 mood"", ""mapx"": 1269057806, ""mapy"": 375564269, ""dong"": ""망원동"", ""category_keyword"": ""소품샵""}",2026-09-14T03:22:54.983477+00:00
3d607cbf-39a9-51c1-a75f-dad3b631d215,륀느공방,"생활,편의>공방",서울특별시 마포구 망원동 57-429 102호,서울특별시 마포구 월드컵로23길 21 102호,37.5568223,126.9078677,https://www.instagram.com/lune_luna_dal/,,,,['데이트'],망원동,,,local,,"{""title"": ""륀느공방"", ""link"": ""https://www.instagram.com/lune_luna_dal/"", ""category"": ""생활,편의>공방"", ""description"": NaN, ""telephone"": NaN, ""address"": ""서울특별시 마포구 망원동 57-429 102호"", ""roadAddress"": ""서울특별시 마포구 월드컵로23길 21 102호"", ""mapx"": 1269078677, ""mapy"": 375568223, ""dong"": ""망원동"", ""category_keyword"": ""소품샵""}",2026-09-14T03:22:54.983532+00:00
f3ebd2d0-baac-513b-80b9-5cd57accc9f2,카페 공명 망원책빵,"음식점>카페,디저트","서울특별시 마포구 망원동 376-18 지하1층, 1층, 2층","서울특별시 마포구 월드컵로13길 22-3 지하1층, 1층, 2층",37.5556988,126.9087154,https://cafegm.kr,,,,['감성적'],망원동,,,local,,"{""title"": ""카페 공명 망원책빵"", ""link"": ""https://cafegm.kr"", ""category"": ""음식점>카페,디저트"", ""description"": NaN, ""telephone"": NaN, ""address"": ""서울특별시 마포구 망원동 376-18 지하1층, 1층, 2층"", ""roadAddress"": ""서울특별시 마포구 월드컵로13길 22-3 지하1층, 1층, 2층"", ""mapx"": 1269087154, ""mapy"": 375556988, ""dong"": ""망원동"", ""category_keyword"": ""루프탑""}",2026-09-14T03:22:54.983585+00:00
f4f0d130-525b-53bc-a8ff-d64d1ca835fc,Uig,"음식점>카페,디저트",서울특별시 마포구 망원동 420-4 우이그,서울특별시 마포구 망원로3길 7 우이그,37.5570789,126.9014508,https://www.instagram.com/uig.official,,,,"['조용함', '데이트']",망원동,,,local,,"{""title"": ""Uig"", ""link"": ""https://www.instagram.com/uig.official"", ""category"": ""음식점>카페,디저트"", ""description"": NaN, ""telephone"": NaN, ""address"": ""서울특별시 마포구 망원동 420-4 우이그"", ""roadAddress"": ""서울특별시 마포구 망원로3길 7 우이그"", ""mapx"": 1269014508, ""mapy"": 375570789, ""dong"": ""망원동"", ""category_keyword"": ""루프탑""}",2026-09-14T03:22:54.983638+00:00
e5d2a4b0-20b1-5e30-8b2e-b4299898e8f9,아루감,술집>바(BAR),"서울특별시 마포구 망원동 57-36 2,3층","서울특별시 마포구 월드컵로19길 8 2,3층",37.5571037,126.9084676,http://www.instagram.com/arugam_official,,,,"['감성적', '데이트', '모임']",망원동,,,local,,"{""title"": ""아루감"", ""link"": ""http://www.instagram.com/arugam_official"", ""category"": ""술집>바(BAR)"", ""description"": NaN, ""telephone"": NaN, ""address"": ""서울특별시 마포구 망원동 57-36 2,3층"", ""roadAddress"": ""서울특별시 마포구 월드컵로19길 8 2,3층"", ""mapx"": 1269084676, ""mapy"": 375571037, ""dong"": ""망원동"", ""category_keyword"": ""루프탑""}",2026-09-14T03:22:54.983884+00:00
d162020d-e3da-5ce0-be73-e374afbfe912,망원도,술집>바(BAR),서울특별시 마포구 망원동 395-4,서울특별시 마포구 포은로 75,37.5538197,126.9055713,https://mangwondo.com/,,,,"['모임', '시끌벅적함']",망원동,,,local,,"{""title"": ""망원도"", ""link"": ""https://mangwondo.com/"", ""category"": ""술집>바(BAR)"", ""description"": NaN, ""telephone"": NaN, ""address"": ""서울특별시 마포구 망원동 395-4"", ""roadAddress"": ""서울특별시 마포구 포은로 75"", ""mapx"": 1269055713, ""mapy"": 375538197, ""dong"": ""망원동"", ""category_keyword"": ""루프탑""}",2026-09-14T03:22:54.984045+00:00
ca97cc4b-1586-517b-9636-b72cb5f01dc5,더파인트,"술집>맥주,호프",서울특별시 마포구 망원동 57-364 2층,서울특별시 마포구 월드컵로23길 5 2층,37.5574297,126.9083676,http://m.facebook.com/thepintpubber,,,,"['모임', '시끌벅적함']",망원동,,,local,,"{""title"": ""더파인트"", ""link"": ""http://m.facebook.com/thepintpubber"", ""category"": ""술집>맥주,호프"", ""description"": NaN, ""telephone"": NaN, ""address"": ""서울특별시 마포구 망원동 57-364 2층"", ""roadAddress"": ""서울특별시 마포구 월드컵로23길 5 2층"", ""mapx"": 1269083676, ""mapy"": 375574297, ""dong"": ""망원동"", ""category_keyword"": ""루프탑""}",2026-09-14T03:22:54.984154+00:00
52760047-4edc-5c44-83a2-ff92aba9a431,용왕산스카이워크,"여행,명소>전망대",서울특별시 양천구 목동 199-51,서울특별시 양천구 용왕정길 43,37.5439828,126.8784224,,,,,['야경'],망원동,,,local,,"{""title"": ""용왕산스카이워크"", ""link"": NaN, ""category"": ""여행,명소>전망대"", ""description"": NaN, ""telephone"": NaN, ""address"": ""서울특별시 양천구 목동 199-51"", ""roadAddress"": ""서울특별시 양천구 용왕정길 43"", ""mapx"": 1268784224, ""mapy"": 375439828, ""dong"": ""망원동"", ""category_keyword"": ""전망대""}",2026-09-14T03:22:54.984351+00:00
946541f1-dd4f-5d58-b5a4-e7e3269a74a1,마포인트,"여행,명소>레저,테마",서울특별시 마포구 망원동 205-5,서울특별시 마포구 마포나루길 435,37.5536629,126.8957586,,,,,['가족동반'],망원동,,,local,,"{""title"": ""마포인트"", ""link"": NaN, ""category"": ""여행,명소>레저,테마"", ""description"": NaN, ""telephone"": NaN, ""address"": ""서울특별시 마포구 망원동 205-5"", ""roadAddress"": ""서울특별시 마포구 마포나루길 435"", ""mapx"": 1268957586, ""mapy"": 375536629, ""dong"": ""망원동"", ""category_keyword"": ""야경""}",2026-09-14T03:22:54.984532+00:00
694de70c-9bb0-5547-bf19-62577c89f20a,성산대교,도로시설>교량명,서울특별시 마포구 망원동,,37.5521807,126.8912064,,,,,[],망원동,,,local,,"{""title"": ""성산대교"", ""link"": NaN, ""category"": ""도로시설>교량명"", ""description"": NaN, ""telephone"": NaN, ""address"": ""서울특별시 마포구 망원동"", ""roadAddress"": NaN, ""mapx"": 1268912064, ""mapy"": 375521807, ""dong"": ""망원동"", ""category_keyword"": ""야경""}",2026-09-14T03:22:54.984633+00:00
20a429c7-a752-573b-8079-1ee97472470c,아이아이 연남,"문화,예술>전시관",서울특별시 마포구 연남동 361-31,서울특별시 마포구 연남로 86,37.5665559,126.9187101,https://www.instagram.com/ii_sido,,,,['데이트'],연남동,,,local,,"{""title"": ""아이아이 연남"", ""link"": ""https://www.instagram.com/ii_sido"", ""category"": ""문화,예술>전시관"", ""description"": NaN, ""telephone"": NaN, ""address"": ""서울특별시 마포구 연남동 361-31"", ""roadAddress"": ""서울특별시 마포구 연남로 86"", ""mapx"": 1269187101, ""mapy"": 375665559, ""dong"": ""연남동"", ""category_keyword"": ""전시""}",2026-09-14T03:22:54.984718+00:00
0428960b-b97d-59ed-836a-b371eb9b13d2,챕터투,"문화,예술>전시관",서울특별시 마포구 연남동 566-55,서울특별시 마포구 동교로27길 54,37.5602136,126.9212316,http://www.chapterii.org/,,,,['데이트'],연남동,,,local,,"{""title"": ""챕터투"", ""link"": ""http://www.chapterii.org/"", ""category"": ""문화,예술>전시관"", ""description"": NaN, ""telephone"": NaN, ""address"": ""서울특별시 마포구 연남동 566-55"", ""roadAddress"": ""서울특별시 마포구 동교로27길 54"", ""mapx"": 1269212316, ""mapy"": 375602136, ""dong"": ""연남동"", ""category_keyword"": ""전시""}",2026-09-14T03:22:54.984799+00:00
3070b115-6e5b-5722-9df9-6832d01c1e12,CR Collective,"문화,예술>전시관",서울특별시 마포구 연남동 504-29 일심빌딩 2층,서울특별시 마포구 성미산로 120 일심빌딩 2층,37.5624931,126.9202856,https://www.instagram.com/cr_collective_,,,,"['조용함', '사진맛집']",연남동,,,local,,"{""title"": ""CR Collective"", ""link"": ""https://www.instagram.com/cr_collective_"", ""category"": ""문화,예술>전시관"", ""description"": NaN, ""telephone"": NaN, ""address"": ""서울특별시 마포구 연남동 504-29 일심빌딩 2층"", ""roadAddress"": ""서울특별시 마포구 성미산로 120 일심빌딩 2층"", ""mapx"": 1269202856, ""mapy"": 375624931, ""dong"": ""연남동"", ""category_keyword"": ""전시""}",2026-09-14T03:22:54.984880+00:00
dc51dfdc-feef-558d-b6b0-31347cda9394,연남동 갤러리 이트리움,"문화,예술>갤러리,화랑","서울특별시 마포구 연남동 259-4 6, 7층 갤러리 이트리움","서울특별시 마포구 동교로 233 6, 7층 연남동 갤러리 이트리움",37.5609199,126.9240616,https://www.youtube.com/@%EA%B0%A4%EB%9F%AC%EB%A6%AC%EC%9D%B4%ED%8A%B8%EB%A6%AC%EC%9B%80,,,,"['데이트', '감성적']",연남동,,,local,,"{""title"": ""<b>연남동</b> 갤러리 이트리움"", ""link"": ""https://www.youtube.com/@%EA%B0%A4%EB%9F%AC%EB%A6%AC%EC%9D%B4%ED%8A%B8%EB%A6%AC%EC%9B%80"", ""category"": ""문화,예술>갤러리,화랑"", ""description"": NaN, ""telephone"": NaN, ""address"": ""서울특별시 마포구 연남동 259-4 6, 7층 갤러리 이트리움"", ""roadAddress"": ""서울특별시 마포구 동교로 233 6, 7층 연남동 갤러리 이트리움"", ""mapx"": 1269240616, ""mapy"": 375609199, ""dong"": ""연남동"", ""category_keyword"": ""전시""}",2026-09-14T03:22:54.984976+00:00
0b61e453-2a57-5bcc-8c8d-170935a97aa6,와이제이갤러리카페,"카페,디저트>한방카페",서울특별시 마포구 연남동 241-48 지층 102호,서울특별시 마포구 성미산로29길 34 지층 102호,37.5654538,126.9220184,,,,,"['조용함', '힙함']",연남동,,,local,,"{""title"": ""와이제이갤러리카페"", ""link"": NaN, ""category"": ""카페,디저트>한방카페"", ""description"": NaN, ""telephone"": NaN, ""address"": ""서울특별시 마포구 연남동 241-48 지층 102호"", ""roadAddress"": ""서울특별시 마포구 성미산로29길 34 지층 102호"", ""mapx"": 1269220184, ""mapy"": 375654538, ""dong"": ""연남동"", ""category_keyword"": ""전시""}",2026-09-14T03:22:54.985066+00:00
5c078a83-0a9b-5f72-98ff-f5c3acaa8e74,보라앤드 연남소품샵,"가구,인테리어>인테리어소품",서울특별시 마포구 연남동 387-11 1층 보라앤드,서울특별시 마포구 동교로 262-5 1층 보라앤드,37.562913,126.9255094,https://www.instagram.com/bora_and,,,,['사진맛집'],연남동,,,local,,"{""title"": ""보라앤드 연남<b>소품샵</b>"", ""link"": ""https://www.instagram.com/bora_and"", ""category"": ""가구,인테리어>인테리어소품"", ""description"": NaN, ""telephone"": NaN, ""address"": ""서울특별시 마포구 연남동 387-11 1층 보라앤드"", ""roadAddress"": ""서울특별시 마포구 동교로 262-5 1층 보라앤드"", ""mapx"": 1269255094, ""mapy"": 375629130, ""dong"": ""연남동"", ""category_keyword"": ""소품샵""}",2026-09-14T03:22:54.985163+00:00
78f8bf74-df0a-5f22-b73e-431fc332b394,픽뎀업,"생활,편의>공방",서울특별시 마포구 연남동 384-7 1층,서울특별시 마포구 동교로38길 33-21 1층,37.56209,126.9262193,https://www.instagram.com/pickemup_official,,,,"['데이트', '힙함']",연남동,,,local,,"{""title"": ""픽뎀업"", ""link"": ""https://www.instagram.com/pickemup_official"", ""category"": ""생활,편의>공방"", ""description"": NaN, ""telephone"": NaN, ""address"": ""서울특별시 마포구 연남동 384-7 1층"", ""roadAddress"": ""서울특별시 마포구 동교로38길 33-21 1층"", ""mapx"": 1269262193, ""mapy"": 375620900, ""dong"": ""연남동"", ""category_keyword"": ""소품샵""}",2026-09-14T03:22:54.985259+00:00
8a4eac06-ea7b-56e8-846c-ff4c938fc051,비옥,"가구,인테리어>인테리어소품",서울특별시 마포구 연남동 254-8 2.5층 + 옥상 비옥,서울특별시 마포구 동교로41길 31 2.5층 + 옥상 비옥,37.5636475,126.9232056,http://beok.kr,,,,['사진맛집'],연남동,,,local,,"{""title"": ""비옥"", ""link"": ""http://beok.kr"", ""category"": ""가구,인테리어>인테리어소품"", ""description"": NaN, ""telephone"": NaN, ""address"": ""서울특별시 마포구 연남동 254-8 2.5층 + 옥상 비옥"", ""roadAddress"": ""서울특별시 마포구 동교로41길 31 2.5층 + 옥상 비옥"", ""mapx"": 1269232056, ""mapy"": 375636475, ""dong"": ""연남동"", ""category_keyword"": ""소품샵""}",2026-09-14T03:22:54.985352+00:00
48253dc0-d807-5d32-9e06-63b3d959a09b,모두링,"쇼핑,유통>패션잡화",서울특별시 마포구 연남동 390-32 1층 모두링,서울특별시 마포구 동교로38길 27-8 1층 모두링,37.5617894,126.9259264,https://www.instagram.com/modooring,,,,[],연남동,,,local,,"{""title"": ""모두링"", ""link"": ""https://www.instagram.com/modooring"", ""category"": ""쇼핑,유통>패션잡화"", ""description"": NaN, ""telephone"": NaN, ""address"": ""서울특별시 마포구 연남동 390-32 1층 모두링"", ""roadAddress"": ""서울특별시 마포구 동교로38길 27-8 1층 모두링"", ""mapx"": 1269259264, ""mapy"": 375617894, ""dong"": ""연남동"", ""category_keyword"": ""소품샵""}",2026-09-14T03:22:54.985444+00:00
59e579a7-2856-5a82-8c17-070ad7c6c0d0,연남동와이탑,음식점>양식,"서울특별시 마포구 연남동 223-21 2층, 3층","서울특별시 마포구 성미산로 163 2층, 3층",37.5649025,126.9242773,https://www.instagram.com/yeonnamdong_ytop,,,,['데이트'],연남동,,,local,,"{""title"": ""<b>연남동</b>와이탑"", ""link"": ""https://www.instagram.com/yeonnamdong_ytop"", ""category"": ""음식점>양식"", ""description"": NaN, ""telephone"": NaN, ""address"": ""서울특별시 마포구 연남동 223-21 2층, 3층"", ""roadAddress"": ""서울특별시 마포구 성미산로 163 2층, 3층"", ""mapx"": 1269242773, ""mapy"": 375649025, ""dong"": ""연남동"", ""category_keyword"": ""루프탑""}",2026-09-14T03:22:54.985521+00:00
b712188f-ffc3-57af-9a42-55eb76f6fdad,느루 연남점,음식점>양식,서울특별시 마포구 연남동 260-52 3층,서울특별시 마포구 동교로32길 3 3층,37.5608555,126.9245502,https://app.catchtable.co.kr/ct/shop/neuroo,,,,['데이트'],연남동,,,local,,"{""title"": ""느루 연남점"", ""link"": ""https://app.catchtable.co.kr/ct/shop/neuroo"", ""category"": ""음식점>양식"", ""description"": NaN, ""telephone"": NaN, ""address"": ""서울특별시 마포구 연남동 260-52 3층"", ""roadAddress"": ""서울특별시 마포구 동교로32길 3 3층"", ""mapx"": 1269245502, ""mapy"": 375608555, ""dong"": ""연남동"", ""category_keyword"": ""루프탑""}",2026-09-14T03:22:54.985582+00:00
0cf5d4ac-a451-54bd-8a39-78ba904208c0,카페 드 래빗,"음식점>카페,디저트",서울특별시 마포구 연남동 259-3 1층-4층,서울특별시 마포구 동교로29길 10 1층-4층,37.5611103,126.9239091,https://www.instagram.com/cafederabbit?igsh=bm0yMXVndnB4dGds,,,,"['감성적', '사진맛집', '힙함']",연남동,,,local,,"{""title"": ""카페 드 래빗"", ""link"": ""https://www.instagram.com/cafederabbit?igsh=bm0yMXVndnB4dGds"", ""category"": ""음식점>카페,디저트"", ""description"": NaN, ""telephone"": NaN, ""address"": ""서울특별시 마포구 연남동 259-3 1층-4층"", ""roadAddress"": ""서울특별시 마포구 동교로29길 10 1층-4층"", ""mapx"": 1269239091, ""mapy"": 375611103, ""dong"": ""연남동"", ""category_keyword"": ""루프탑""}",2026-09-14T03:22:54.985671+00:00
9d45bb1c-6fb5-57a7-baab-7ebc65e6d083,무채색,술집>요리주점,서울특별시 마포구 연남동 381-13 건너편 4층,서울특별시 마포구 연희로1길 39 건너편 4층,37.560589,126.9258351,https://www.instagram.com/moochaeseck/,,,,"['감성적', '데이트']",연남동,,,local,,"{""title"": ""무채색"", ""link"": ""https://www.instagram.com/moochaeseck/"", ""category"": ""술집>요리주점"", ""description"": NaN, ""telephone"": NaN, ""address"": ""서울특별시 마포구 연남동 381-13 건너편 4층"", ""roadAddress"": ""서울특별시 마포구 연희로1길 39 건너편 4층"", ""mapx"": 1269258351, ""mapy"": 375605890, ""dong"": ""연남동"", ""category_keyword"": ""루프탑""}",2026-09-14T03:22:54.985750+00:00
a48a55cc-f939-5122-9ece-43c4d26f5982,오버딥,"음식점>카페,디저트","서울특별시 마포구 연남동 240-41 2, 3층, 루프탑","서울특별시 마포구 성미산로 149-8 2, 3층, 루프탑",37.5646733,126.9228864,https://www.instagram.com/overdeep_yeonnam,,,,"['감성적', '사진맛집', '힙함']",연남동,,,local,,"{""title"": ""오버딥"", ""link"": ""https://www.instagram.com/overdeep_yeonnam"", ""category"": ""음식점>카페,디저트"", ""description"": NaN, ""telephone"": NaN, ""address"": ""서울특별시 마포구 연남동 240-41 2, 3층, 루프탑"", ""roadAddress"": ""서울특별시 마포구 성미산로 149-8 2, 3층, 루프탑"", ""mapx"": 1269228864, ""mapy"": 375646733, ""dong"": ""연남동"", ""category_keyword"": ""루프탑""}",2026-09-14T03:22:54.985807+00:00
fb304c3e-5c3f-592d-b105-649eef5546f1,피플리,"컴퓨터프로그래밍,정보서비스업>소프트웨어개발",서울특별시 마포구 상암동 1592 9층 피플리,서울특별시 마포구 월드컵북로58길 10 9층 피플리,37.581641,126.8871223,https://www.youtube.com/c/peopulley%ED%94%BC%ED%94%8C%EB%A6%AC/featured,,,,[],상암동,,,local,,"{""title"": ""피플리"", ""link"": ""https://www.youtube.com/c/peopulley%ED%94%BC%ED%94%8C%EB%A6%AC/featured"", ""category"": ""컴퓨터프로그래밍,정보서비스업>소프트웨어개발"", ""description"": NaN, ""telephone"": NaN, ""address"": ""서울특별시 마포구 상암동 1592 9층 피플리"", ""roadAddress"": ""서울특별시 마포구 월드컵북로58길 10 9층 피플리"", ""mapx"": 1268871223, ""mapy"": 375816410, ""dong"": ""상암동"", ""category_keyword"": ""전시""}",2026-09-14T03:22:54.985862+00:00
2163fa1d-7fad-5ea0-afc2-4eafd32cff9c,문화방송,"광고,마케팅>광고대행",서울특별시 마포구 상암동 1603,서울특별시 마포구 성암로 267,37.5811234,126.890989,,,,,[],상암동,,,local,,"{""title"": ""문화방송"", ""link"": NaN, ""category"": ""광고,마케팅>광고대행"", ""description"": NaN, ""telephone"": NaN, ""address"": ""서울특별시 마포구 상암동 1603"", ""roadAddress"": ""서울특별시 마포구 성암로 267"", ""mapx"": 1268909890, ""mapy"": 375811234, ""dong"": ""상암동"", ""category_keyword"": ""전시""}",2026-09-14T03:22:54.985915+00:00
1b3003fc-e97f-5709-ab75-780c720ea37c,한국영화박물관,"여행,명소>박물관",서울특별시 마포구 상암동 1602 한국영상자료원 1층,서울특별시 마포구 월드컵북로 400 한국영상자료원 1층,37.5804511,126.8898935,http://www.koreafilm.or.kr/museum/main,,,,"['조용함', '가족동반']",상암동,,,local,,"{""title"": ""한국영화박물관"", ""link"": ""http://www.koreafilm.or.kr/museum/main"", ""category"": ""여행,명소>박물관"", ""description"": NaN, ""telephone"": NaN, ""address"": ""서울특별시 마포구 상암동 1602 한국영상자료원 1층"", ""roadAddress"": ""서울특별시 마포구 월드컵북로 400 한국영상자료원 1층"", ""mapx"": 1268898935, ""mapy"": 375804511, ""dong"": ""상암동"", ""category_keyword"": ""전시""}",2026-09-14T03:22:54.985971+00:00
6f2a216e-7783-57f5-9cb4-383b045e2e55,서울에너지드림센터,"문화,예술>전시관",서울특별시 마포구 상암동 1535-3,서울특별시 마포구 증산로 14,37.563055,126.8914525,https://blog.naver.com/seouledc0,,,,"['조용함', '사진맛집']",상암동,,,local,,"{""title"": ""서울에너지드림센터"", ""link"": ""https://blog.naver.com/seouledc0"", ""category"": ""문화,예술>전시관"", ""description"": NaN, ""telephone"": NaN, ""address"": ""서울특별시 마포구 상암동 1535-3"", ""roadAddress"": ""서울특별시 마포구 증산로 14"", ""mapx"": 1268914525, ""mapy"": 375630550, ""dong"": ""상암동"", ""category_keyword"": ""전시""}",2026-09-14T03:22:54.986026+00:00
fc6a0e9a-8234-5cfa-9ca0-7fc4a7030dbe,갤러리애프터눈,"문화,예술>갤러리,화랑","서울특별시 마포구 상암동 1526 1, 2층","서울특별시 마포구 월드컵북로42나길 10 1, 2층",37.5754255,126.897662,http://galleryafternoon.com,,,,"['조용함', '사진맛집', '데이트']",상암동,,,local,,"{""title"": ""갤러리애프터눈"", ""link"": ""http://galleryafternoon.com"", ""category"": ""문화,예술>갤러리,화랑"", ""description"": NaN, ""telephone"": NaN, ""address"": ""서울특별시 마포구 상암동 1526 1, 2층"", ""roadAddress"": ""서울특별시 마포구 월드컵북로42나길 10 1, 2층"", ""mapx"": 1268976620, ""mapy"": 375754255, ""dong"": ""상암동"", ""category_keyword"": ""전시""}",2026-09-14T03:22:54.986078+00:00
408980c7-5a1b-5ea9-ab07-7c60ed3caf41,감자뭉케이스 서울상암점,휴대폰>휴대폰액세서리,서울특별시 마포구 상암동 16-5 1층,서울특별시 마포구 월드컵북로44길 50 1층,37.5769343,126.8948567,https://www.instagram.com/gamjamoongcase_official?igsh=eXdjOHh4MzI3MTcw&utm_source=qr,,,,[],상암동,,,local,,"{""title"": ""감자뭉케이스 서울상암점"", ""link"": ""https://www.instagram.com/gamjamoongcase_official?igsh=eXdjOHh4MzI3MTcw&utm_source=qr"", ""category"": ""휴대폰>휴대폰액세서리"", ""description"": NaN, ""telephone"": NaN, ""address"": ""서울특별시 마포구 상암동 16-5 1층"", ""roadAddress"": ""서울특별시 마포구 월드컵북로44길 50 1층"", ""mapx"": 1268948567, ""mapy"": 375769343, ""dong"": ""상암동"", ""category_keyword"": ""소품샵""}",2026-09-14T03:22:54.986130+00:00
4bb1223c-a580-5e7a-9cf6-107ceb8731bd,미엔느,"쇼핑,유통>종합도소매",서울특별시 마포구 상암동 1140 1023호,서울특별시 마포구 성암로 184 1023호,37.5768239,126.8990202,,,,,[],상암동,,,local,,"{""title"": ""미엔느"", ""link"": NaN, ""category"": ""쇼핑,유통>종합도소매"", ""description"": NaN, ""telephone"": NaN, ""address"": ""서울특별시 마포구 상암동 1140 1023호"", ""roadAddress"": ""서울특별시 마포구 성암로 184 1023호"", ""mapx"": 1268990202, ""mapy"": 375768239, ""dong"": ""상암동"", ""category_keyword"": ""소품샵""}",2026-09-14T03:22:54.986184+00:00
03a88d8d-6f7d-5666-95ea-6a4cf294c4ba,일품디자인,"전문,기술서비스>인테리어디자인",서울특별시 마포구 상암동 1680 106호 일품디자인,서울특별시 마포구 월드컵로42길 40 106호 일품디자인,37.5802797,126.8807539,http://thedesigns.com,,,,[],상암동,,,local,,"{""title"": ""일품디자인"", ""link"": ""http://thedesigns.com"", ""category"": ""전문,기술서비스>인테리어디자인"", ""description"": NaN, ""telephone"": NaN, ""address"": ""서울특별시 마포구 상암동 1680 106호 일품디자인"", ""roadAddress"": ""서울특별시 마포구 월드컵로42길 40 106호 일품디자인"", ""mapx"": 1268807539, ""mapy"": 375802797, ""dong"": ""상암동"", ""category_keyword"": ""소품샵""}",2026-09-14T03:22:54.986240+00:00
6b9497d0-f6f5-5142-94f8-dfadcb60d32b,와인그리고밤,술집>와인,"서울특별시 마포구 상암동 41-10 2,3층","서울특별시 마포구 월드컵북로50길 9 2,3층",37.5772146,126.8936248,https://app.catchtable.co.kr/ct/shop/wineandnight,,,,"['데이트', '감성적']",상암동,,,local,,"{""title"": ""와인그리고밤"", ""link"": ""https://app.catchtable.co.kr/ct/shop/wineandnight"", ""category"": ""술집>와인"", ""description"": NaN, ""telephone"": NaN, ""address"": ""서울특별시 마포구 상암동 41-10 2,3층"", ""roadAddress"": ""서울특별시 마포구 월드컵북로50길 9 2,3층"", ""mapx"": 1268936248, ""mapy"": 375772146, ""dong"": ""상암동"", ""category_keyword"": ""루프탑""}",2026-09-14T03:22:54.986294+00:00
d5972942-9ae3-50cd-86e9-67a73ff01fad,마하세븐 싱글몰트 위스키 바,술집>바(BAR),서울특별시 마포구 상암동 18-11 상암글로벌센터 7층,서울특별시 마포구 월드컵북로44길 32 상암글로벌센터 7층,37.5764562,126.8956027,https://www.instagram.com/maha7_whiskylove,,,,['감성적'],상암동,,,local,,"{""title"": ""마하세븐 싱글몰트 위스키 바"", ""link"": ""https://www.instagram.com/maha7_whiskylove"", ""category"": ""술집>바(BAR)"", ""description"": NaN, ""telephone"": NaN, ""address"": ""서울특별시 마포구 상암동 18-11 상암글로벌센터 7층"", ""roadAddress"": ""서울특별시 마포구 월드컵북로44길 32 상암글로벌센터 7층"", ""mapx"": 1268956027, ""mapy"": 375764562, ""dong"": ""상암동"", ""category_keyword"": ""루프탑""}",2026-09-14T03:22:54.986347+00:00
c3ea4598-b34c-5bd0-8154-f9dd4bede795,서울수상레포츠센터 루프탑,장소대여>공유누리 개방자원,서울특별시 마포구 상암동 487-116,서울특별시 마포구 한강난지로 162 난지수상레포츠센터 옥상,37.5628693,126.8854352,,,,,['모임'],상암동,,,local,,"{""title"": ""서울수상레포츠센터 <b>루프탑</b>"", ""link"": NaN, ""category"": ""장소대여>공유누리 개방자원"", ""description"": NaN, ""telephone"": NaN, ""address"": ""서울특별시 마포구 상암동 487-116"", ""roadAddress"": ""서울특별시 마포구 한강난지로 162 난지수상레포츠센터 옥상"", ""mapx"": 1268854352, ""mapy"": 375628693, ""dong"": ""상암동"", ""category_keyword"": ""루프탑""}",2026-09-14T03:22:54.986401+00:00
94b03472-56d3-534d-9c54-25cdaf23a4b2,노을공원,"여행,명소>도시,테마공원",서울특별시 마포구 상암동 481-6,서울특별시 마포구 하늘공원로 108-2,37.5746111,126.8748643,http://parks.seoul.go.kr/template/sub/worldcuppark.do,,,,"['가족동반', '사진맛집']",상암동,,,local,,"{""title"": ""노을공원"", ""link"": ""http://parks.seoul.go.kr/template/sub/worldcuppark.do"", ""category"": ""여행,명소>도시,테마공원"", ""description"": NaN, ""telephone"": NaN, ""address"": ""서울특별시 마포구 상암동 481-6"", ""roadAddress"": ""서울특별시 마포구 하늘공원로 108-2"", ""mapx"": 1268748643, ""mapy"": 375746111, ""dong"": ""상암동"", ""category_keyword"": ""야경""}",2026-09-14T03:22:54.986453+00:00
1110c72c-48a7-5454-8c55-2c34a290b83d,천년닭강정 마포점,"음식점>치킨,닭강정","서울특별시 마포구 공덕동 256-30 1층 6, 7, 23호","서울특별시 마포구 만리재로 23 1층 6, 7, 23호",37.5446847,126.9539061,https://g.page/r/Cank1mGx1GHjEAE/review,,,,"['모임', '혼밥']",공덕동,,,local,,"{""title"": ""천년닭강정 마포점"", ""link"": ""https://g.page/r/Cank1mGx1GHjEAE/review"", ""category"": ""음식점>치킨,닭강정"", ""description"": NaN, ""telephone"": NaN, ""address"": ""서울특별시 마포구 공덕동 256-30 1층 6, 7, 23호"", ""roadAddress"": ""서울특별시 마포구 만리재로 23 1층 6, 7, 23호"", ""mapx"": 1269539061, ""mapy"": 375446847, ""dong"": ""공덕동"", ""category_keyword"": ""술집""}",2026-09-14T03:22:54.986507+00:00
aed4d7c1-8bf1-578c-ad3d-3f19433337c9,참나무본가 공덕점,"음식점>한식>육류,고기요리",서울특별시 마포구 공덕동 256-5 2층,서울특별시 마포구 마포대로6길 10 2층,37.5452482,126.9530924,,,,,"['모임', '가족동반']",공덕동,,,local,,"{""title"": ""참나무본가 공덕점"", ""link"": NaN, ""category"": ""음식점>한식>육류,고기요리"", ""description"": NaN, ""telephone"": NaN, ""address"": ""서울특별시 마포구 공덕동 256-5 2층"", ""roadAddress"": ""서울특별시 마포구 마포대로6길 10 2층"", ""mapx"": 1269530924, ""mapy"": 375452482, ""dong"": ""공덕동"", ""category_keyword"": ""한식""}",2026-09-14T03:22:54.986557+00:00
9b0e7108-3ff9-5559-805a-995f610cb350,마포청학동부침개 마포본점,"한식>전,빈대떡",서울특별시 마포구 공덕동 256-30 공덕시장 1층,서울특별시 마포구 만리재로 23 공덕시장 1층,37.5446386,126.9537601,,,,,['모임'],공덕동,,,local,,"{""title"": ""마포청학동부침개 마포본점"", ""link"": NaN, ""category"": ""한식>전,빈대떡"", ""description"": NaN, ""telephone"": NaN, ""address"": ""서울특별시 마포구 공덕동 256-30 공덕시장 1층"", ""roadAddress"": ""서울특별시 마포구 만리재로 23 공덕시장 1층"", ""mapx"": 1269537601, ""mapy"": 375446386, ""dong"": ""공덕동"", ""category_keyword"": ""한식""}",2026-09-14T03:22:54.986619+00:00
8f71313e-e3f9-5023-b518-f99e08e65bf1,김재운 초밥사랑 공덕점,"음식점>일식>초밥,롤",서울특별시 마포구 공덕동 478 더샵아파트 102동 1층상가,서울특별시 마포구 백범로 170 더샵아파트 102동 1층상가,37.5445019,126.9487147,,,,,"['데이트', '가족동반']",공덕동,,,local,,"{""title"": ""김재운 초밥사랑 공덕점"", ""link"": NaN, ""category"": ""음식점>일식>초밥,롤"", ""description"": NaN, ""telephone"": NaN, ""address"": ""서울특별시 마포구 공덕동 478 더샵아파트 102동 1층상가"", ""roadAddress"": ""서울특별시 마포구 백범로 170 더샵아파트 102동 1층상가"", ""mapx"": 1269487147, ""mapy"": 375445019, ""dong"": ""공덕동"", ""category_keyword"": ""일식""}",2026-09-14T03:22:54.986677+00:00
2ca1e92b-8b7a-5c82-b207-b198118fee50,25카츠 공덕점,음식점>일식>돈가스,서울특별시 마포구 공덕동 467 롯데캐슬지하1층 상가내,서울특별시 마포구 마포대로 109 롯데캐슬지하1층 상가내,37.5446166,126.9503201,,,,,['웨이팅있음'],공덕동,,,local,,"{""title"": ""25카츠 공덕점"", ""link"": NaN, ""category"": ""음식점>일식>돈가스"", ""description"": NaN, ""telephone"": NaN, ""address"": ""서울특별시 마포구 공덕동 467 롯데캐슬지하1층 상가내"", ""roadAddress"": ""서울특별시 마포구 마포대로 109 롯데캐슬지하1층 상가내"", ""mapx"": 1269503201, ""mapy"": 375446166, ""dong"": ""공덕동"", ""category_keyword"": ""일식""}",2026-09-14T03:22:54.986730+00:00
66daa92d-de9e-5d7c-a75b-e6599b9d2943,오레타치카레 공덕점,음식점>일식>카레,서울특별시 마포구 공덕동 476 201동 1층 13호,서울특별시 마포구 백범로 152 201동 1층 13호,37.5451882,126.946997,https://www.instagram.com/oretachicurry.korea,,,,['혼밥'],공덕동,,,local,,"{""title"": ""오레타치카레 공덕점"", ""link"": ""https://www.instagram.com/oretachicurry.korea"", ""category"": ""음식점>일식>카레"", ""description"": NaN, ""telephone"": NaN, ""address"": ""서울특별시 마포구 공덕동 476 201동 1층 13호"", ""roadAddress"": ""서울특별시 마포구 백범로 152 201동 1층 13호"", ""mapx"": 1269469970, ""mapy"": 375451882, ""dong"": ""공덕동"", ""category_keyword"": ""일식""}",2026-09-14T03:22:54.986782+00:00
848a8ca9-e6d1-5d35-bac6-f2b3fa51a5ae,롯데시티호텔 마포 씨카페,음식점>뷔페,서울특별시 마포구 공덕동 467 2층 씨카페,서울특별시 마포구 마포대로 109 2층 씨카페,37.5446245,126.9504079,https://www.lottehotel.com/mapo-city/ko/dining/restaurant-naru.html,,,,"['가족동반', '모임']",공덕동,,,local,,"{""title"": ""롯데시티호텔 마포 씨카페"", ""link"": ""https://www.lottehotel.com/mapo-city/ko/dining/restaurant-naru.html"", ""category"": ""음식점>뷔페"", ""description"": NaN, ""telephone"": NaN, ""address"": ""서울특별시 마포구 공덕동 467 2층 씨카페"", ""roadAddress"": ""서울특별시 마포구 마포대로 109 2층 씨카페"", ""mapx"": 1269504079, ""mapy"": 375446245, ""dong"": ""공덕동"", ""category_keyword"": ""중식""}",2026-09-14T03:22:54.986837+00:00
b4e4127e-bb4f-5ba5-859c-d645f293c5f6,마부마라탕 공덕점,중식>중식당,서울특별시 마포구 공덕동 477,서울특별시 마포구 백범로 152,37.5455067,126.9467918,,,,,['모임'],공덕동,,,local,,"{""title"": ""마부마라탕 공덕점"", ""link"": NaN, ""category"": ""중식>중식당"", ""description"": NaN, ""telephone"": NaN, ""address"": ""서울특별시 마포구 공덕동 477"", ""roadAddress"": ""서울특별시 마포구 백범로 152"", ""mapx"": 1269467918, ""mapy"": 375455067, ""dong"": ""공덕동"", ""category_keyword"": ""중식""}",2026-09-14T03:22:54.986888+00:00
73644e8d-cc5e-5376-8d88-60e4563c1fab,홍콩반점0410 마포서부법원점,음식점>중식당,서울특별시 마포구 공덕동 105-238,서울특별시 마포구 마포대로14길 11,37.5486243,126.9560449,https://start.theborn.co.kr/prebrand_detail.php?bc=26,,,,['모임'],공덕동,,,local,,"{""title"": ""홍콩반점0410 마포서부법원점"", ""link"": ""https://start.theborn.co.kr/prebrand_detail.php?bc=26"", ""category"": ""음식점>중식당"", ""description"": NaN, ""telephone"": NaN, ""address"": ""서울특별시 마포구 공덕동 105-238"", ""roadAddress"": ""서울특별시 마포구 마포대로14길 11"", ""mapx"": 1269560449, ""mapy"": 375486243, ""dong"": ""공덕동"", ""category_keyword"": ""중식""}",2026-09-14T03:22:54.986944+00:00
91325b5f-a758-597e-a379-d419f04aed82,구복만두 마포직영점,"중식>딤섬,중식만두",서울특별시 마포구 공덕동 476 201동 1층 3호,서울특별시 마포구 백범로 152 201동 1층 3호,37.5453521,126.9470789,,,,,"['모임', '혼밥']",공덕동,,,local,,"{""title"": ""구복만두 마포직영점"", ""link"": NaN, ""category"": ""중식>딤섬,중식만두"", ""description"": NaN, ""telephone"": NaN, ""address"": ""서울특별시 마포구 공덕동 476 201동 1층 3호"", ""roadAddress"": ""서울특별시 마포구 백범로 152 201동 1층 3호"", ""mapx"": 1269470789, ""mapy"": 375453521, ""dong"": ""공덕동"", ""category_keyword"": ""중식""}",2026-09-14T03:22:54.987000+00:00
53aab152-04a3-51c8-80d1-c09ad7b60af8,수저가,중식>중식당,서울특별시 마포구 공덕동 105-94 1층 수저가짬뽕,서울특별시 마포구 마포대로16길 8 1층 수저가짬뽕,37.5508152,126.9563929,http://www.yangguib.com/,,,,['모임'],공덕동,,,local,,"{""title"": ""수저가"", ""link"": ""http://www.yangguib.com/"", ""category"": ""중식>중식당"", ""description"": NaN, ""telephone"": NaN, ""address"": ""서울특별시 마포구 공덕동 105-94 1층 수저가짬뽕"", ""roadAddress"": ""서울특별시 마포구 마포대로16길 8 1층 수저가짬뽕"", ""mapx"": 1269563929, ""mapy"": 375508152, ""dong"": ""공덕동"", ""category_keyword"": ""중식""}",2026-09-14T03:22:54.987057+00:00
59ee4a33-2e82-5b0d-9c77-8493934b42c5,뚜띠쿠치나 마포공덕점,음식점>이탈리아음식,서울특별시 마포구 공덕동 249-36 1층~2층 뚜띠쿠치나 마포공덕점,서울특별시 마포구 마포대로12길 58 1층~2층 뚜띠쿠치나 마포공덕점,37.5462535,126.9543486,https://naver.me/FuVE6wIi,,,,['데이트'],공덕동,,,local,,"{""title"": ""뚜띠쿠치나 마포공덕점"", ""link"": ""https://naver.me/FuVE6wIi"", ""category"": ""음식점>이탈리아음식"", ""description"": NaN, ""telephone"": NaN, ""address"": ""서울특별시 마포구 공덕동 249-36 1층~2층 뚜띠쿠치나 마포공덕점"", ""roadAddress"": ""서울특별시 마포구 마포대로12길 58 1층~2층 뚜띠쿠치나 마포공덕점"", ""mapx"": 1269543486, ""mapy"": 375462535, ""dong"": ""공덕동"", ""category_keyword"": ""양식""}",2026-09-14T03:22:54.987111+00:00
668657b4-1481-5139-a6e7-0f9852831576,37.5 공덕점,음식점>양식,서울특별시 마포구 공덕동 175-138 1층 브런치카페 37.5,서울특별시 마포구 마포대로11길 44-19 1층 브런치카페 37.5,37.5497907,126.9524181,http://www.cafe375.com,,,,"['가족동반', '주차가능']",공덕동,,,local,,"{""title"": ""37.5 공덕점"", ""link"": ""http://www.cafe375.com"", ""category"": ""음식점>양식"", ""description"": NaN, ""telephone"": NaN, ""address"": ""서울특별시 마포구 공덕동 175-138 1층 브런치카페 37.5"", ""roadAddress"": ""서울특별시 마포구 마포대로11길 44-19 1층 브런치카페 37.5"", ""mapx"": 1269524181, ""mapy"": 375497907, ""dong"": ""공덕동"", ""category_keyword"": ""양식""}",2026-09-14T03:22:54.987165+00:00
80be662a-9f83-5072-84d5-83526b1bc3c7,클래식햄버거,음식점>햄버거,서울특별시 마포구 공덕동 232-10 1층 클래식햄버거,서울특별시 마포구 마포대로11길 21 1층 클래식햄버거,37.5488373,126.9529122,https://www.instagram.com/classic_hamburger,,,,['혼밥'],공덕동,,,local,,"{""title"": ""클래식햄버거"", ""link"": ""https://www.instagram.com/classic_hamburger"", ""category"": ""음식점>햄버거"", ""description"": NaN, ""telephone"": NaN, ""address"": ""서울특별시 마포구 공덕동 232-10 1층 클래식햄버거"", ""roadAddress"": ""서울특별시 마포구 마포대로11길 21 1층 클래식햄버거"", ""mapx"": 1269529122, ""mapy"": 375488373, ""dong"": ""공덕동"", ""category_keyword"": ""양식""}",2026-09-14T03:22:54.987219+00:00
b945738f-ab83-5778-a4b7-e0784ca80076,닥터로빈 공덕점,양식>이탈리아음식,서울특별시 마포구 공덕동 471 에스오일 본사 1층,서울특별시 마포구 백범로 192 에스오일 본사 1층,37.5433168,126.9517457,https://smartstore.naver.com/drrobbin,,,,['웨이팅있음'],공덕동,,,local,,"{""title"": ""닥터로빈 공덕점"", ""link"": ""https://smartstore.naver.com/drrobbin"", ""category"": ""양식>이탈리아음식"", ""description"": NaN, ""telephone"": NaN, ""address"": ""서울특별시 마포구 공덕동 471 에스오일 본사 1층"", ""roadAddress"": ""서울특별시 마포구 백범로 192 에스오일 본사 1층"", ""mapx"": 1269517457, ""mapy"": 375433168, ""dong"": ""공덕동"", ""category_keyword"": ""양식""}",2026-09-14T03:22:54.987274+00:00
7d84eb80-c8e8-572d-9254-85ac8fd383ed,싸다김밥 애오개역점,음식점>분식,서울특별시 마포구 공덕동 105-158 1층,서울특별시 마포구 마포대로 182 1층,37.5503609,126.9554552,https://ssadagb.com,,,,['혼밥'],공덕동,,,local,,"{""title"": ""싸다김밥 애오개역점"", ""link"": ""https://ssadagb.com"", ""category"": ""음식점>분식"", ""description"": NaN, ""telephone"": NaN, ""address"": ""서울특별시 마포구 공덕동 105-158 1층"", ""roadAddress"": ""서울특별시 마포구 마포대로 182 1층"", ""mapx"": 1269554552, ""mapy"": 375503609, ""dong"": ""공덕동"", ""category_keyword"": ""분식""}",2026-09-14T03:22:54.987328+00:00
c177ec89-ca7a-5d87-87b5-ece4161e15fc,청담동마녀김밥 공덕점,음식점>분식,서울특별시 마포구 공덕동 479 공덕SK리더스뷰,서울특별시 마포구 백범로31길 7 공덕SK리더스뷰,37.5451977,126.9487705,,,,,['혼밥'],공덕동,,,local,,"{""title"": ""청담동마녀김밥 공덕점"", ""link"": NaN, ""category"": ""음식점>분식"", ""description"": NaN, ""telephone"": NaN, ""address"": ""서울특별시 마포구 공덕동 479 공덕SK리더스뷰"", ""roadAddress"": ""서울특별시 마포구 백범로31길 7 공덕SK리더스뷰"", ""mapx"": 1269487705, ""mapy"": 375451977, ""dong"": ""공덕동"", ""category_keyword"": ""분식""}",2026-09-14T03:22:54.987383+00:00
699804d1-0724-5a10-9357-e6855600eb0e,연희김밥 마포점,분식>김밥,서울특별시 마포구 공덕동 475,서울특별시 마포구 마포대로 156,37.5478642,126.9542469,,,,,['혼밥'],공덕동,,,local,,"{""title"": ""연희김밥 마포점"", ""link"": NaN, ""category"": ""분식>김밥"", ""description"": NaN, ""telephone"": NaN, ""address"": ""서울특별시 마포구 공덕동 475"", ""roadAddress"": ""서울특별시 마포구 마포대로 156"", ""mapx"": 1269542469, ""mapy"": 375478642, ""dong"": ""공덕동"", ""category_keyword"": ""분식""}",2026-09-14T03:22:54.987440+00:00
78b3431c-b5a2-5e56-aecd-b47239334849,김밥천국 마포2호점,음식점>분식,서울특별시 마포구 공덕동 105-98,서울특별시 마포구 마포대로 190,37.5509091,126.9557268,,,,,['혼밥'],공덕동,,,local,,"{""title"": ""김밥천국 마포2호점"", ""link"": NaN, ""category"": ""음식점>분식"", ""description"": NaN, ""telephone"": NaN, ""address"": ""서울특별시 마포구 공덕동 105-98"", ""roadAddress"": ""서울특별시 마포구 마포대로 190"", ""mapx"": 1269557268, ""mapy"": 375509091, ""dong"": ""공덕동"", ""category_keyword"": ""분식""}",2026-09-14T03:22:54.987495+00:00
003153b5-0b59-5da6-8cd0-f9eb9f11f27f,김가네 공덕점,음식점>분식,서울특별시 마포구 공덕동 285,서울특별시 마포구 마포대로11길 7-18,37.5481439,126.9531171,,,,,['모임'],공덕동,,,local,,"{""title"": ""김가네 공덕점"", ""link"": NaN, ""category"": ""음식점>분식"", ""description"": NaN, ""telephone"": NaN, ""address"": ""서울특별시 마포구 공덕동 285"", ""roadAddress"": ""서울특별시 마포구 마포대로11길 7-18"", ""mapx"": 1269531171, ""mapy"": 375481439, ""dong"": ""공덕동"", ""category_keyword"": ""분식""}",2026-09-14T03:22:54.987553+00:00
5e09d1c2-efbe-5c21-88f0-5b99524c6934,뺑스톡 공덕점,"카페,디저트>베이커리",서울특별시 마포구 공덕동 479 201동 113호,서울특별시 마포구 백범로31길 8 201동 113호,37.5448463,126.9494532,https://www.instagram.com/painstockseoul,,,,"['감성적', '사진맛집']",공덕동,,,local,,"{""title"": ""뺑스톡 공덕점"", ""link"": ""https://www.instagram.com/painstockseoul"", ""category"": ""카페,디저트>베이커리"", ""description"": NaN, ""telephone"": NaN, ""address"": ""서울특별시 마포구 공덕동 479 201동 113호"", ""roadAddress"": ""서울특별시 마포구 백범로31길 8 201동 113호"", ""mapx"": 1269494532, ""mapy"": 375448463, ""dong"": ""공덕동"", ""category_keyword"": ""브런치""}",2026-09-14T03:22:54.987619+00:00
2872cbb3-c7d4-5d5f-8469-815d9b7aca1a,솥고집 공덕점,"음식점>한식>육류,고기요리",서울특별시 마포구 공덕동 478 101동 1층 6호,서울특별시 마포구 백범로 170 101동 1층 6호,37.5441508,126.949241,,,,,['웨이팅있음'],공덕동,,,local,,"{""title"": ""솥고집 공덕점"", ""link"": NaN, ""category"": ""음식점>한식>육류,고기요리"", ""description"": NaN, ""telephone"": NaN, ""address"": ""서울특별시 마포구 공덕동 478 101동 1층 6호"", ""roadAddress"": ""서울특별시 마포구 백범로 170 101동 1층 6호"", ""mapx"": 1269492410, ""mapy"": 375441508, ""dong"": ""공덕동"", ""category_keyword"": ""고깃집""}",2026-09-14T03:22:54.987680+00:00
dacde9ab-87a4-5707-8656-07c23cf51fae,마포소문난원조족발,"한식>족발,보쌈",서울특별시 마포구 공덕동 256-10 공덕시장,서울특별시 마포구 만리재로 19 공덕시장,37.5448414,126.9532396,http://www.mapojokbal.com/,,,,['모임'],공덕동,,,local,,"{""title"": ""마포소문난원조족발"", ""link"": ""http://www.mapojokbal.com/"", ""category"": ""한식>족발,보쌈"", ""description"": NaN, ""telephone"": NaN, ""address"": ""서울특별시 마포구 공덕동 256-10 공덕시장"", ""roadAddress"": ""서울특별시 마포구 만리재로 19 공덕시장"", ""mapx"": 1269532396, ""mapy"": 375448414, ""dong"": ""공덕동"", ""category_keyword"": ""고깃집""}",2026-09-14T03:22:54.987739+00:00
77a81ecb-68b4-559e-8642-e91c8e744d6e,밀리네해물탕 애오개역점,"한식>매운탕,해물탕",서울특별시 마포구 아현동 733 효성인텔리안 108호,서울특별시 마포구 마포대로 208 효성인텔리안 108호,37.5523535,126.9569168,,,,,"['혼밥', '가족동반', '모임']",아현동,,,local,,"{""title"": ""밀리네해물탕 애오개역점"", ""link"": NaN, ""category"": ""한식>매운탕,해물탕"", ""description"": NaN, ""telephone"": NaN, ""address"": ""서울특별시 마포구 아현동 733 효성인텔리안 108호"", ""roadAddress"": ""서울특별시 마포구 마포대로 208 효성인텔리안 108호"", ""mapx"": 1269569168, ""mapy"": 375523535, ""dong"": ""아현동"", ""category_keyword"": ""한식""}",2026-09-14T03:22:54.987798+00:00
7c704878-1d7b-5f1d-9d26-223f3c72275a,나이스엔푸드,음식점>한식,서울특별시 마포구 아현동 686 크레디트센터빌딩 지하1층,서울특별시 마포구 마포대로 217 크레디트센터빌딩 지하1층,37.5535966,126.9564066,,,,,[],아현동,,,local,,"{""title"": ""나이스엔푸드"", ""link"": NaN, ""category"": ""음식점>한식"", ""description"": NaN, ""telephone"": NaN, ""address"": ""서울특별시 마포구 아현동 686 크레디트센터빌딩 지하1층"", ""roadAddress"": ""서울특별시 마포구 마포대로 217 크레디트센터빌딩 지하1층"", ""mapx"": 1269564066, ""mapy"": 375535966, ""dong"": ""아현동"", ""category_keyword"": ""한식""}",2026-09-14T03:22:54.987856+00:00
9531ee63-9d59-59a2-a480-587a5083e96a,아현죽집,한식>죽,서울특별시 마포구 아현동 291-14,서울특별시 마포구 마포대로21길 62,37.5558051,126.955361,,,,,['혼밥'],아현동,,,local,,"{""title"": ""아현죽집"", ""link"": NaN, ""category"": ""한식>죽"", ""description"": NaN, ""telephone"": NaN, ""address"": ""서울특별시 마포구 아현동 291-14"", ""roadAddress"": ""서울특별시 마포구 마포대로21길 62"", ""mapx"": 1269553610, ""mapy"": 375558051, ""dong"": ""아현동"", ""category_keyword"": ""한식""}",2026-09-14T03:22:54.987910+00:00
d3551b28-baec-5356-bc4c-933f007ce03f,푸노야 본점,"음식점>카페,디저트",서울특별시 마포구 아현동 699 푸링,서울특별시 마포구 손기정로 5 푸링,37.5577584,126.9607265,https://www.instagram.com/purring_seoul,,,,"['감성적', '사진맛집']",아현동,,,local,,"{""title"": ""푸노야 본점"", ""link"": ""https://www.instagram.com/purring_seoul"", ""category"": ""음식점>카페,디저트"", ""description"": NaN, ""telephone"": NaN, ""address"": ""서울특별시 마포구 아현동 699 푸링"", ""roadAddress"": ""서울특별시 마포구 손기정로 5 푸링"", ""mapx"": 1269607265, ""mapy"": 375577584, ""dong"": ""아현동"", ""category_keyword"": ""일식""}",2026-09-14T03:22:54.987970+00:00
fb853996-ca9b-5e25-975b-9c6087b8eaea,수유리우동집 아현점,"음식점>일식>우동,소바",서울특별시 마포구 아현동 327-28 1층,서울특별시 마포구 굴레방로 29-1 1층,37.5566936,126.9554852,,,,,['혼밥'],아현동,,,local,,"{""title"": ""수유리우동집 아현점"", ""link"": NaN, ""category"": ""음식점>일식>우동,소바"", ""description"": NaN, ""telephone"": NaN, ""address"": ""서울특별시 마포구 아현동 327-28 1층"", ""roadAddress"": ""서울특별시 마포구 굴레방로 29-1 1층"", ""mapx"": 1269554852, ""mapy"": 375566936, ""dong"": ""아현동"", ""category_keyword"": ""일식""}",2026-09-14T03:22:54.988026+00:00
a5537e09-0948-5278-b42d-9044621682c1,무모한초밥 아현점,"음식점>일식>초밥,롤",서울특별시 마포구 아현동 327-29,서울특별시 마포구 굴레방로 27-2,37.5566353,126.9554575,,,,,"['데이트', '가족동반']",아현동,,,local,,"{""title"": ""무모한초밥 아현점"", ""link"": NaN, ""category"": ""음식점>일식>초밥,롤"", ""description"": NaN, ""telephone"": NaN, ""address"": ""서울특별시 마포구 아현동 327-29"", ""roadAddress"": ""서울특별시 마포구 굴레방로 27-2"", ""mapx"": 1269554575, ""mapy"": 375566353, ""dong"": ""아현동"", ""category_keyword"": ""일식""}",2026-09-14T03:22:54.988084+00:00
94399d09-c8c8-5bee-bfec-f71198753016,스시히바리,"음식점>일식>초밥,롤","서울특별시 마포구 아현동 347-17 1,2층","서울특별시 마포구 신촌로 232 1,2층",37.5569143,126.9514039,,,,,['데이트'],아현동,,,local,,"{""title"": ""스시히바리"", ""link"": NaN, ""category"": ""음식점>일식>초밥,롤"", ""description"": NaN, ""telephone"": NaN, ""address"": ""서울특별시 마포구 아현동 347-17 1,2층"", ""roadAddress"": ""서울특별시 마포구 신촌로 232 1,2층"", ""mapx"": 1269514039, ""mapy"": 375569143, ""dong"": ""아현동"", ""category_keyword"": ""일식""}",2026-09-14T03:22:54.988140+00:00
1371509e-68b9-5418-8fe0-9b7f0de4079b,칭닌,중식>중식당,서울특별시 마포구 아현동 801 공덕자이상가 2층,서울특별시 마포구 마포대로24길 4 공덕자이상가 2층,37.5541537,126.9578938,,,,,['모임'],아현동,,,local,,"{""title"": ""칭닌"", ""link"": NaN, ""category"": ""중식>중식당"", ""description"": NaN, ""telephone"": NaN, ""address"": ""서울특별시 마포구 아현동 801 공덕자이상가 2층"", ""roadAddress"": ""서울특별시 마포구 마포대로24길 4 공덕자이상가 2층"", ""mapx"": 1269578938, ""mapy"": 375541537, ""dong"": ""아현동"", ""category_keyword"": ""중식""}",2026-09-14T03:22:54.988197+00:00
df542ccb-22b9-5a65-a789-e01a7be66509,신난향꿀짜장,중식>중식당,서울특별시 마포구 아현동 331-26 1층,서울특별시 마포구 신촌로32길 3-14 1층,37.5568433,126.9539753,,,,,['모임'],아현동,,,local,,"{""title"": ""신난향꿀짜장"", ""link"": NaN, ""category"": ""중식>중식당"", ""description"": NaN, ""telephone"": NaN, ""address"": ""서울특별시 마포구 아현동 331-26 1층"", ""roadAddress"": ""서울특별시 마포구 신촌로32길 3-14 1층"", ""mapx"": 1269539753, ""mapy"": 375568433, ""dong"": ""아현동"", ""category_keyword"": ""중식""}",2026-09-14T03:22:54.988254+00:00
9c4eeaa5-9d77-5343-b2b8-8a67c8f85f0a,양정원,중식>중식당,서울특별시 마포구 아현동 699-6,서울특별시 마포구 손기정로 11,37.5575953,126.9610919,,,,,['모임'],아현동,,,local,,"{""title"": ""양정원"", ""link"": NaN, ""category"": ""중식>중식당"", ""description"": NaN, ""telephone"": NaN, ""address"": ""서울특별시 마포구 아현동 699-6"", ""roadAddress"": ""서울특별시 마포구 손기정로 11"", ""mapx"": 1269610919, ""mapy"": 375575953, ""dong"": ""아현동"", ""category_keyword"": ""중식""}",2026-09-14T03:22:54.988311+00:00
95d8ff33-4845-51f6-a8e1-2706e517c2de,중흥각,중식>중식당,서울특별시 마포구 아현동 347-1,서울특별시 마포구 신촌로 236-1,37.556896,126.951944,,,,,['모임'],아현동,,,local,,"{""title"": ""중흥각"", ""link"": NaN, ""category"": ""중식>중식당"", ""description"": NaN, ""telephone"": NaN, ""address"": ""서울특별시 마포구 아현동 347-1"", ""roadAddress"": ""서울특별시 마포구 신촌로 236-1"", ""mapx"": 1269519440, ""mapy"": 375568960, ""dong"": ""아현동"", ""category_keyword"": ""중식""}",2026-09-14T03:22:54.988364+00:00
9be8d614-6fa6-5229-9773-cbd7c5fcaf3c,마라반점 마포아현점,중식>중식당,서울특별시 마포구 아현동 744-4,서울특별시 마포구 마포대로24길 19,37.5539275,126.9593842,,,,,['모임'],아현동,,,local,,"{""title"": ""마라반점 마포아현점"", ""link"": NaN, ""category"": ""중식>중식당"", ""description"": NaN, ""telephone"": NaN, ""address"": ""서울특별시 마포구 아현동 744-4"", ""roadAddress"": ""서울특별시 마포구 마포대로24길 19"", ""mapx"": 1269593842, ""mapy"": 375539275, ""dong"": ""아현동"", ""category_keyword"": ""중식""}",2026-09-14T03:22:54.988415+00:00
9a00743b-171e-507e-9ee8-3d044fdc965e,멜로즈,음식점>양식,서울특별시 마포구 아현동 618-19 103호 멜로즈,서울특별시 마포구 마포대로 173-14 103호 멜로즈,37.5512371,126.9536754,https://www.instagram.com/melrose_alldaybrunch/,,,,['감성적'],아현동,,,local,,"{""title"": ""멜로즈"", ""link"": ""https://www.instagram.com/melrose_alldaybrunch/"", ""category"": ""음식점>양식"", ""description"": NaN, ""telephone"": NaN, ""address"": ""서울특별시 마포구 아현동 618-19 103호 멜로즈"", ""roadAddress"": ""서울특별시 마포구 마포대로 173-14 103호 멜로즈"", ""mapx"": 1269536754, ""mapy"": 375512371, ""dong"": ""아현동"", ""category_keyword"": ""양식""}",2026-09-14T03:22:54.988465+00:00
cfad95be-4735-58e1-ba71-9e7282c65995,스페인식당 더크래프트,음식점>스페인음식,서울특별시 마포구 아현동 331-4,서울특별시 마포구 신촌로 256-1,37.5571101,126.9541823,https://www.instagram.com/thecraftkorea,,,,['데이트'],아현동,,,local,,"{""title"": ""스페인식당 더크래프트"", ""link"": ""https://www.instagram.com/thecraftkorea"", ""category"": ""음식점>스페인음식"", ""description"": NaN, ""telephone"": NaN, ""address"": ""서울특별시 마포구 아현동 331-4"", ""roadAddress"": ""서울특별시 마포구 신촌로 256-1"", ""mapx"": 1269541823, ""mapy"": 375571101, ""dong"": ""아현동"", ""category_keyword"": ""양식""}",2026-09-14T03:22:54.988516+00:00
7bc62bef-74f7-575d-b2ad-4cac86297af3,리틀에마스,음식점>피자,서울특별시 마포구 아현동 618-19 1층 107호,서울특별시 마포구 마포대로 173-14 1층 107호,37.5511013,126.953629,https://www.instagram.com/littleemmass,,,,"['모임', '가족동반']",아현동,,,local,,"{""title"": ""리틀에마스"", ""link"": ""https://www.instagram.com/littleemmass"", ""category"": ""음식점>피자"", ""description"": NaN, ""telephone"": NaN, ""address"": ""서울특별시 마포구 아현동 618-19 1층 107호"", ""roadAddress"": ""서울특별시 마포구 마포대로 173-14 1층 107호"", ""mapx"": 1269536290, ""mapy"": 375511013, ""dong"": ""아현동"", ""category_keyword"": ""양식""}",2026-09-14T03:22:54.988568+00:00
1cc80d9d-7420-5065-96d7-ed8aacaad01e,반올림피자 아현점,양식>피자,서울특별시 마포구 아현동 802 상가동 지2층 B201,서울특별시 마포구 마포대로 246 상가동 지2층 B201,37.5559484,126.9583658,https://banolimpizza.com,,,,"['데이트', '모임', '가족동반']",아현동,,,local,,"{""title"": ""반올림피자 아현점"", ""link"": ""https://banolimpizza.com"", ""category"": ""양식>피자"", ""description"": NaN, ""telephone"": NaN, ""address"": ""서울특별시 마포구 아현동 802 상가동 지2층 B201"", ""roadAddress"": ""서울특별시 마포구 마포대로 246 상가동 지2층 B201"", ""mapx"": 1269583658, ""mapy"": 375559484, ""dong"": ""아현동"", ""category_keyword"": ""양식""}",2026-09-14T03:22:54.988635+00:00
effe937d-ac26-5d31-969b-6de23df2c4ab,스테프핫도그 아현점,음식점>핫도그,서울특별시 마포구 아현동 346-10,서울특별시 마포구 신촌로 238,37.5569827,126.9521832,,,,,['혼밥'],아현동,,,local,,"{""title"": ""스테프핫도그 아현점"", ""link"": NaN, ""category"": ""음식점>핫도그"", ""description"": NaN, ""telephone"": NaN, ""address"": ""서울특별시 마포구 아현동 346-10"", ""roadAddress"": ""서울특별시 마포구 신촌로 238"", ""mapx"": 1269521832, ""mapy"": 375569827, ""dong"": ""아현동"", ""category_keyword"": ""양식""}",2026-09-14T03:22:54.988692+00:00
6f8ac8e7-e1ee-5a2b-89a5-e9922512d99c,정성한줄 아현점,음식점>분식,서울특별시 마포구 아현동 777 마포 레미안 푸르지오 상가4동 108호,서울특별시 마포구 마포대로 195 마포 레미안 푸르지오 상가4동 108호,37.5514053,126.9533976,,,,,['혼밥'],아현동,,,local,,"{""title"": ""정성한줄 아현점"", ""link"": NaN, ""category"": ""음식점>분식"", ""description"": NaN, ""telephone"": NaN, ""address"": ""서울특별시 마포구 아현동 777 마포 레미안 푸르지오 상가4동 108호"", ""roadAddress"": ""서울특별시 마포구 마포대로 195 마포 레미안 푸르지오 상가4동 108호"", ""mapx"": 1269533976, ""mapy"": 375514053, ""dong"": ""아현동"", ""category_keyword"": ""분식""}",2026-09-14T03:22:54.988749+00:00
e209e15c-2cde-518c-9c99-1a26bf031884,청년다방 아현점,음식점>분식,서울특별시 마포구 아현동 282-1 새한빌딩 1층 청년다방 아현점,서울특별시 마포구 굴레방로 13 새한빌딩 1층 청년다방 아현점,37.5553411,126.9556599,http://www.youngdabang.com/,,,,['혼밥'],아현동,,,local,,"{""title"": ""청년다방 아현점"", ""link"": ""http://www.youngdabang.com/"", ""category"": ""음식점>분식"", ""description"": NaN, ""telephone"": NaN, ""address"": ""서울특별시 마포구 아현동 282-1 새한빌딩 1층 청년다방 아현점"", ""roadAddress"": ""서울특별시 마포구 굴레방로 13 새한빌딩 1층 청년다방 아현점"", ""mapx"": 1269556599, ""mapy"": 375553411, ""dong"": ""아현동"", ""category_keyword"": ""분식""}",2026-09-14T03:22:54.988804+00:00
96d5765f-79f4-5202-b77b-00001d0f5c0d,동대문엽기떡볶이 아현점,음식점>분식,서울특별시 마포구 아현동 282-1 1층,서울특별시 마포구 굴레방로 11 1층,37.5550317,126.9559235,https://blog.naver.com/ddm_yupdduk,,,,['혼밥'],아현동,,,local,,"{""title"": ""동대문엽기떡볶이 아현점"", ""link"": ""https://blog.naver.com/ddm_yupdduk"", ""category"": ""음식점>분식"", ""description"": NaN, ""telephone"": NaN, ""address"": ""서울특별시 마포구 아현동 282-1 1층"", ""roadAddress"": ""서울특별시 마포구 굴레방로 11 1층"", ""mapx"": 1269559235, ""mapy"": 375550317, ""dong"": ""아현동"", ""category_keyword"": ""분식""}",2026-09-14T03:22:54.988861+00:00
cb6ee62d-0a89-56ef-939d-3268afdb8adb,우리할매떡볶이 아현점,음식점>분식,서울특별시 마포구 아현동 777 1단지상가 109호,서울특별시 마포구 마포대로 195 1단지상가 109호,37.5550443,126.9538577,http://wehalmae.co.kr/,,,,['혼밥'],아현동,,,local,,"{""title"": ""우리할매떡볶이 아현점"", ""link"": ""http://wehalmae.co.kr/"", ""category"": ""음식점>분식"", ""description"": NaN, ""telephone"": NaN, ""address"": ""서울특별시 마포구 아현동 777 1단지상가 109호"", ""roadAddress"": ""서울특별시 마포구 마포대로 195 1단지상가 109호"", ""mapx"": 1269538577, ""mapy"": 375550443, ""dong"": ""아현동"", ""category_keyword"": ""분식""}",2026-09-14T03:22:54.988918+00:00
c1c811f6-4e7d-5ea7-ac04-c1fab9a3c047,파나델리,"카페,디저트>베이커리",서울특별시 마포구 아현동 282-1,서울특별시 마포구 굴레방로 13,37.5553079,126.9557427,https://www.instagram.com/pan_adelie,,,,"['감성적', '사진맛집']",아현동,,,local,,"{""title"": ""파나델리"", ""link"": ""https://www.instagram.com/pan_adelie"", ""category"": ""카페,디저트>베이커리"", ""description"": NaN, ""telephone"": NaN, ""address"": ""서울특별시 마포구 아현동 282-1"", ""roadAddress"": ""서울특별시 마포구 굴레방로 13"", ""mapx"": 1269557427, ""mapy"": 375553079, ""dong"": ""아현동"", ""category_keyword"": ""브런치""}",2026-09-14T03:22:54.988971+00:00
ead59d9d-d611-5d23-8c77-8d5a7480af20,고우즈온,브런치카페,서울특별시 마포구 아현동 353-11 1층,서울특별시 마포구 신촌로 220 1층,37.5567945,126.9501002,https://www.instagram.com/goes_on_cafe,,,,"['데이트', '감성적', '사진맛집']",아현동,,,local,,"{""title"": ""고우즈온"", ""link"": ""https://www.instagram.com/goes_on_cafe"", ""category"": ""브런치카페"", ""description"": NaN, ""telephone"": NaN, ""address"": ""서울특별시 마포구 아현동 353-11 1층"", ""roadAddress"": ""서울특별시 마포구 신촌로 220 1층"", ""mapx"": 1269501002, ""mapy"": 375567945, ""dong"": ""아현동"", ""category_keyword"": ""브런치""}",2026-09-14T03:22:54.989025+00:00
9ecca669-a3e9-58a4-a029-08e8362a3fca,편백집 아현점,"음식점>한식>육류,고기요리",서울특별시 마포구 아현동 330-4,서울특별시 마포구 신촌로 264,37.5571448,126.9549961,http://www.globaltable.co.kr,,,,"['모임', '가족동반']",아현동,,,local,,"{""title"": ""편백집 아현점"", ""link"": ""http://www.globaltable.co.kr"", ""category"": ""음식점>한식>육류,고기요리"", ""description"": NaN, ""telephone"": NaN, ""address"": ""서울특별시 마포구 아현동 330-4"", ""roadAddress"": ""서울특별시 마포구 신촌로 264"", ""mapx"": 1269549961, ""mapy"": 375571448, ""dong"": ""아현동"", ""category_keyword"": ""고깃집""}",2026-09-14T03:22:54.989140+00:00
9e177309-a0c7-512b-bc46-c7464b5b4d5a,식껍 애오개역점,"음식점>한식>육류,고기요리","서울특별시 마포구 아현동 604-2 105, 106호","서울특별시 마포구 마포대로 214 105, 106호",37.5529221,126.9571078,,,,,['모임'],아현동,,,local,,"{""title"": ""식껍 애오개역점"", ""link"": NaN, ""category"": ""음식점>한식>육류,고기요리"", ""description"": NaN, ""telephone"": NaN, ""address"": ""서울특별시 마포구 아현동 604-2 105, 106호"", ""roadAddress"": ""서울특별시 마포구 마포대로 214 105, 106호"", ""mapx"": 1269571078, ""mapy"": 375529221, ""dong"": ""아현동"", ""category_keyword"": ""고깃집""}",2026-09-14T03:22:54.989202+00:00
e2d7351d-18f7-5477-9c25-42f2844b9f7d,은성순대국,음식점>한식,서울특별시 마포구 아현동 346-22,서울특별시 마포구 신촌로32길 6,37.5568191,126.9531673,,,,,[],아현동,,,local,,"{""title"": ""은성순대국"", ""link"": NaN, ""category"": ""음식점>한식"", ""description"": NaN, ""telephone"": NaN, ""address"": ""서울특별시 마포구 아현동 346-22"", ""roadAddress"": ""서울특별시 마포구 신촌로32길 6"", ""mapx"": 1269531673, ""mapy"": 375568191, ""dong"": ""아현동"", ""category_keyword"": ""고깃집""}",2026-09-14T03:22:54.989252+00:00
271452f2-956e-5875-bb8f-7dba95ad8308,평안도찹쌀순대 마포 애오개역점,"육류,고기요리>순대,순댓국",서울특별시 마포구 아현동 780 상가207호,서울특별시 마포구 굴레방로1길 25 상가207호,37.5538556,126.956096,,,,,"['모임', '가족동반', '혼밥']",아현동,,,local,,"{""title"": ""평안도찹쌀순대 마포 애오개역점"", ""link"": NaN, ""category"": ""육류,고기요리>순대,순댓국"", ""description"": NaN, ""telephone"": NaN, ""address"": ""서울특별시 마포구 아현동 780 상가207호"", ""roadAddress"": ""서울특별시 마포구 굴레방로1길 25 상가207호"", ""mapx"": 1269560960, ""mapy"": 375538556, ""dong"": ""아현동"", ""category_keyword"": ""고깃집""}",2026-09-14T03:22:54.989306+00:00
ba01be55-ce06-59b5-8bff-68a077fc5d26,스페이스투고,"문화,예술>갤러리,화랑",서울특별시 마포구 대흥동 801-1 101호,서울특별시 마포구 토정로25길 37 101호,37.5446739,126.9399609,https://blog.naver.com/spacetogo,,,,"['조용함', '사진맛집', '데이트']",대흥동,,,local,,"{""title"": ""스페이스투고"", ""link"": ""https://blog.naver.com/spacetogo"", ""category"": ""문화,예술>갤러리,화랑"", ""description"": NaN, ""telephone"": NaN, ""address"": ""서울특별시 마포구 대흥동 801-1 101호"", ""roadAddress"": ""서울특별시 마포구 토정로25길 37 101호"", ""mapx"": 1269399609, ""mapy"": 375446739, ""dong"": ""대흥동"", ""category_keyword"": ""전시""}",2026-09-14T03:22:54.989357+00:00
c96d9614-15e6-55bd-ba33-b981f623c28a,마포진짜원조최대포 본점,"한식>육류,고기요리",서울특별시 마포구 대흥동 183,서울특별시 마포구 백범로 105,37.547587,126.9430356,https://www.threads.com/@choidaepo_official?igshid=NTc4MTIwNjQ2YQ==,,,,"['모임', '가족동반']",대흥동,,,local,,"{""title"": ""마포진짜원조최대포 본점"", ""link"": ""https://www.threads.com/@choidaepo_official?igshid=NTc4MTIwNjQ2YQ=="", ""category"": ""한식>육류,고기요리"", ""description"": NaN, ""telephone"": NaN, ""address"": ""서울특별시 마포구 대흥동 183"", ""roadAddress"": ""서울특별시 마포구 백범로 105"", ""mapx"": 1269430356, ""mapy"": 375475870, ""dong"": ""대흥동"", ""category_keyword"": ""한식""}",2026-09-14T03:22:54.989409+00:00
b3f1f0d5-d25a-55df-8674-dcf9ec2b15b8,육림촌연탄구이,"한식>육류,고기요리",서울특별시 마포구 대흥동 241-26 1층,서울특별시 마포구 백범로20길 12 1층,37.5463821,126.9439892,https://blog.naver.com/beekyung1234,,,,"['모임', '가족동반']",대흥동,,,local,,"{""title"": ""육림촌연탄구이"", ""link"": ""https://blog.naver.com/beekyung1234"", ""category"": ""한식>육류,고기요리"", ""description"": NaN, ""telephone"": NaN, ""address"": ""서울특별시 마포구 대흥동 241-26 1층"", ""roadAddress"": ""서울특별시 마포구 백범로20길 12 1층"", ""mapx"": 1269439892, ""mapy"": 375463821, ""dong"": ""대흥동"", ""category_keyword"": ""한식""}",2026-09-14T03:22:54.989462+00:00
de1cc757-2a78-5f7c-8b29-1b7576720ca7,개성손만두 마포점,"한식>칼국수,만두",서울특별시 마포구 대흥동 337-80 안정빌딩,서울특별시 마포구 대흥로 64 안정빌딩,37.5458829,126.9403618,,,,,['혼밥'],대흥동,,,local,,"{""title"": ""개성손만두 마포점"", ""link"": NaN, ""category"": ""한식>칼국수,만두"", ""description"": NaN, ""telephone"": NaN, ""address"": ""서울특별시 마포구 대흥동 337-80 안정빌딩"", ""roadAddress"": ""서울특별시 마포구 대흥로 64 안정빌딩"", ""mapx"": 1269403618, ""mapy"": 375458829, ""dong"": ""대흥동"", ""category_keyword"": ""한식""}",2026-09-14T03:22:54.989516+00:00
a4c900b9-b0b5-5a0f-8329-49e9b3f3a15e,풍년기사님식당,한식>기사식당,서울특별시 마포구 대흥동 337-11 TAF빌딩,서울특별시 마포구 대흥로 54 TAF빌딩,37.5451317,126.9397302,,,,,['혼밥'],대흥동,,,local,,"{""title"": ""풍년기사님식당"", ""link"": NaN, ""category"": ""한식>기사식당"", ""description"": NaN, ""telephone"": NaN, ""address"": ""서울특별시 마포구 대흥동 337-11 TAF빌딩"", ""roadAddress"": ""서울특별시 마포구 대흥로 54 TAF빌딩"", ""mapx"": 1269397302, ""mapy"": 375451317, ""dong"": ""대흥동"", ""category_keyword"": ""한식""}",2026-09-14T03:22:54.989572+00:00
107df80d-cd6c-59d3-abfd-fe811572de9f,정든그릇 본점,음식점>일식>일식당,서울특별시 마포구 대흥동 325-13 1층 101호,서울특별시 마포구 독막로 239 1층 101호,37.5469991,126.9401318,http://instagram.com/jungdeun_bowl,,,,"['혼밥', '데이트']",대흥동,,,local,,"{""title"": ""정든그릇 본점"", ""link"": ""http://instagram.com/jungdeun_bowl"", ""category"": ""음식점>일식>일식당"", ""description"": NaN, ""telephone"": NaN, ""address"": ""서울특별시 마포구 대흥동 325-13 1층 101호"", ""roadAddress"": ""서울특별시 마포구 독막로 239 1층 101호"", ""mapx"": 1269401318, ""mapy"": 375469991, ""dong"": ""대흥동"", ""category_keyword"": ""일식""}",2026-09-14T03:22:54.989630+00:00
eb15fa50-3a1a-5ad8-a08a-837a9d2f538a,신촌즉석생우동,"음식점>일식>우동,소바",서울특별시 마포구 대흥동 801-13,서울특별시 마포구 대흥로 38,37.5441166,126.9387125,,,,,['혼밥'],대흥동,,,local,,"{""title"": ""신촌즉석생우동"", ""link"": NaN, ""category"": ""음식점>일식>우동,소바"", ""description"": NaN, ""telephone"": NaN, ""address"": ""서울특별시 마포구 대흥동 801-13"", ""roadAddress"": ""서울특별시 마포구 대흥로 38"", ""mapx"": 1269387125, ""mapy"": 375441166, ""dong"": ""대흥동"", ""category_keyword"": ""일식""}",2026-09-14T03:22:54.989685+00:00
751ba2c2-1da7-5a40-ac45-6d3b685857e2,쿠츠 : 고이짱,음식점>일식>돈가스,서울특별시 마포구 대흥동 405-6 1층 쿠츠,서울특별시 마포구 백범로16길 25 1층 쿠츠,37.5464788,126.9420369,http://instagram.com/goizzang,,,,['혼밥'],대흥동,,,local,,"{""title"": ""쿠츠 : 고이짱"", ""link"": ""http://instagram.com/goizzang"", ""category"": ""음식점>일식>돈가스"", ""description"": NaN, ""telephone"": NaN, ""address"": ""서울특별시 마포구 대흥동 405-6 1층 쿠츠"", ""roadAddress"": ""서울특별시 마포구 백범로16길 25 1층 쿠츠"", ""mapx"": 1269420369, ""mapy"": 375464788, ""dong"": ""대흥동"", ""category_keyword"": ""일식""}",2026-09-14T03:22:54.989743+00:00
234d7529-40de-581b-9c42-de11e6279e01,고미카츠,음식점>일식>돈가스,서울특별시 마포구 대흥동 168-2 1층 고미카츠,서울특별시 마포구 백범로 99-6 1층 고미카츠,37.5479721,126.942675,https://www.instagram.com/gomikatsu,,,,['가족동반'],대흥동,,,local,,"{""title"": ""고미카츠"", ""link"": ""https://www.instagram.com/gomikatsu"", ""category"": ""음식점>일식>돈가스"", ""description"": NaN, ""telephone"": NaN, ""address"": ""서울특별시 마포구 대흥동 168-2 1층 고미카츠"", ""roadAddress"": ""서울특별시 마포구 백범로 99-6 1층 고미카츠"", ""mapx"": 1269426750, ""mapy"": 375479721, ""dong"": ""대흥동"", ""category_keyword"": ""일식""}",2026-09-14T03:22:54.989799+00:00
101586d5-9301-58bf-8a73-e03e21772bbb,정정,"중식>딤섬,중식만두",서울특별시 마포구 대흥동 466-5,서울특별시 마포구 백범로24길 27,37.5462333,126.9441668,https://www.instagram.com/jungjung_20,,,,"['모임', '혼밥']",대흥동,,,local,,"{""title"": ""정정"", ""link"": ""https://www.instagram.com/jungjung_20"", ""category"": ""중식>딤섬,중식만두"", ""description"": NaN, ""telephone"": NaN, ""address"": ""서울특별시 마포구 대흥동 466-5"", ""roadAddress"": ""서울특별시 마포구 백범로24길 27"", ""mapx"": 1269441668, ""mapy"": 375462333, ""dong"": ""대흥동"", ""category_keyword"": ""중식""}",2026-09-14T03:22:54.989856+00:00
f1e826cb-91af-59aa-98ed-e26246da81b0,홍콩반점0410 대흥역점,음식점>중식당,서울특별시 마포구 대흥동 803 상가 110호 홍콩반점 대흥역점,서울특별시 마포구 대흥로 79 상가 110호 홍콩반점 대흥역점,37.5472223,126.9411012,https://start.theborn.co.kr/prebrand_detail.php?bc=26,,,,['모임'],대흥동,,,local,,"{""title"": ""홍콩반점0410 대흥역점"", ""link"": ""https://start.theborn.co.kr/prebrand_detail.php?bc=26"", ""category"": ""음식점>중식당"", ""description"": NaN, ""telephone"": NaN, ""address"": ""서울특별시 마포구 대흥동 803 상가 110호 홍콩반점 대흥역점"", ""roadAddress"": ""서울특별시 마포구 대흥로 79 상가 110호 홍콩반점 대흥역점"", ""mapx"": 1269411012, ""mapy"": 375472223, ""dong"": ""대흥동"", ""category_keyword"": ""중식""}",2026-09-14T03:22:54.989912+00:00
1ef15473-04b5-5125-b676-90595f95d082,정월,중식>중식당,서울특별시 마포구 대흥동 245-3 1층,서울특별시 마포구 백범로16안길 9 1층,37.5466134,126.9426223,,,,,['모임'],대흥동,,,local,,"{""title"": ""정월"", ""link"": NaN, ""category"": ""중식>중식당"", ""description"": NaN, ""telephone"": NaN, ""address"": ""서울특별시 마포구 대흥동 245-3 1층"", ""roadAddress"": ""서울특별시 마포구 백범로16안길 9 1층"", ""mapx"": 1269426223, ""mapy"": 375466134, ""dong"": ""대흥동"", ""category_keyword"": ""중식""}",2026-09-14T03:22:54.989965+00:00
6e8f8221-fb72-575e-9156-7123480aba86,옛날짜장기계우동,중식>중식당,서울특별시 마포구 대흥동 37-7,서울특별시 마포구 대흥로 116,37.5497626,126.9437812,,,,,['모임'],대흥동,,,local,,"{""title"": ""옛날짜장기계우동"", ""link"": NaN, ""category"": ""중식>중식당"", ""description"": NaN, ""telephone"": NaN, ""address"": ""서울특별시 마포구 대흥동 37-7"", ""roadAddress"": ""서울특별시 마포구 대흥로 116"", ""mapx"": 1269437812, ""mapy"": 375497626, ""dong"": ""대흥동"", ""category_keyword"": ""중식""}",2026-09-14T03:22:54.990017+00:00
b42b2b5a-3431-564c-be2a-47d7ca35c9a3,신간짬뽕 마포점,중식>중식당,서울특별시 마포구 대흥동 802 1층 107호,서울특별시 마포구 독막로 288 1층 107호,37.5445696,126.9451455,https://www.instagram.com/singanjjamppong_mapo,,,,['예약필수'],대흥동,,,local,,"{""title"": ""신간짬뽕 마포점"", ""link"": ""https://www.instagram.com/singanjjamppong_mapo"", ""category"": ""중식>중식당"", ""description"": NaN, ""telephone"": NaN, ""address"": ""서울특별시 마포구 대흥동 802 1층 107호"", ""roadAddress"": ""서울특별시 마포구 독막로 288 1층 107호"", ""mapx"": 1269451455, ""mapy"": 375445696, ""dong"": ""대흥동"", ""category_keyword"": ""중식""}",2026-09-14T03:22:54.990068+00:00
d4c909de-66f0-5f20-a64b-beb3fa094087,롯데리아 대흥역점,양식>햄버거,서울특별시 마포구 대흥동 803 동양엔파트,서울특별시 마포구 대흥로 79 동양엔파트,37.5474489,126.9412818,https://www.lotteria.com/,,,,"['데이트', '혼밥']",대흥동,,,local,,"{""title"": ""롯데리아 대흥역점"", ""link"": ""https://www.lotteria.com/"", ""category"": ""양식>햄버거"", ""description"": NaN, ""telephone"": NaN, ""address"": ""서울특별시 마포구 대흥동 803 동양엔파트"", ""roadAddress"": ""서울특별시 마포구 대흥로 79 동양엔파트"", ""mapx"": 1269412818, ""mapy"": 375474489, ""dong"": ""대흥동"", ""category_keyword"": ""양식""}",2026-09-14T03:22:54.990119+00:00
22224a6c-c9ab-53ad-a3d0-37ab400a60d8,고블린피자 공덕경의선숲길점,음식점>피자,서울특별시 마포구 대흥동 405-3 1층 고블린피자,서울특별시 마포구 독막로 257-1 1층 고블린피자,37.5462631,126.9423201,http://www.instagram.com/goblin_pizza,,,,"['데이트', '모임', '감성적']",대흥동,,,local,,"{""title"": ""고블린피자 공덕경의선숲길점"", ""link"": ""http://www.instagram.com/goblin_pizza"", ""category"": ""음식점>피자"", ""description"": NaN, ""telephone"": NaN, ""address"": ""서울특별시 마포구 대흥동 405-3 1층 고블린피자"", ""roadAddress"": ""서울특별시 마포구 독막로 257-1 1층 고블린피자"", ""mapx"": 1269423201, ""mapy"": 375462631, ""dong"": ""대흥동"", ""category_keyword"": ""양식""}",2026-09-14T03:22:54.990174+00:00
31423438-cf38-5f4b-9f02-ea47fb1eb945,파사주,음식점>프랑스음식,서울특별시 마포구 대흥동 436-1 1층,서울특별시 마포구 백범로20길 24-5 1층,37.5459406,126.9438206,http://catchtable.co.kr/passageseoul,,,,['모임'],대흥동,,,local,,"{""title"": ""파사주"", ""link"": ""http://catchtable.co.kr/passageseoul"", ""category"": ""음식점>프랑스음식"", ""description"": NaN, ""telephone"": NaN, ""address"": ""서울특별시 마포구 대흥동 436-1 1층"", ""roadAddress"": ""서울특별시 마포구 백범로20길 24-5 1층"", ""mapx"": 1269438206, ""mapy"": 375459406, ""dong"": ""대흥동"", ""category_keyword"": ""양식""}",2026-09-14T03:22:54.990227+00:00
427de6c5-fdc6-5bc0-b022-f68baac1a34e,스위그,음식점>양식,서울특별시 마포구 대흥동 244-2 1층,서울특별시 마포구 백범로16안길 21 1층,37.5464635,126.9432401,https://app.catchtable.co.kr/ct/shop/swig.vin,,,,['데이트'],대흥동,,,local,,"{""title"": ""스위그"", ""link"": ""https://app.catchtable.co.kr/ct/shop/swig.vin"", ""category"": ""음식점>양식"", ""description"": NaN, ""telephone"": NaN, ""address"": ""서울특별시 마포구 대흥동 244-2 1층"", ""roadAddress"": ""서울특별시 마포구 백범로16안길 21 1층"", ""mapx"": 1269432401, ""mapy"": 375464635, ""dong"": ""대흥동"", ""category_keyword"": ""양식""}",2026-09-14T03:22:54.990302+00:00
13823570-1942-5d41-bddd-6ec3c79c9282,세끼김밥,분식>종합분식,서울특별시 마포구 대흥동 131-1 세끼김밥,서울특별시 마포구 대흥로 92 세끼김밥,37.5480262,126.9422552,,,,,['혼밥'],대흥동,,,local,,"{""title"": ""세끼김밥"", ""link"": NaN, ""category"": ""분식>종합분식"", ""description"": NaN, ""telephone"": NaN, ""address"": ""서울특별시 마포구 대흥동 131-1 세끼김밥"", ""roadAddress"": ""서울특별시 마포구 대흥로 92 세끼김밥"", ""mapx"": 1269422552, ""mapy"": 375480262, ""dong"": ""대흥동"", ""category_keyword"": ""분식""}",2026-09-14T03:22:54.990362+00:00
3565eb83-542c-545e-96b0-6ec16c6eb529,김밥천국,음식점>분식,서울특별시 마포구 대흥동 12-27 이대역푸르지오시티 1층 110호,서울특별시 마포구 신촌로 170 이대역푸르지오시티 1층 110호,37.5564522,126.944626,,,,,['혼밥'],대흥동,,,local,,"{""title"": ""김밥천국"", ""link"": NaN, ""category"": ""음식점>분식"", ""description"": NaN, ""telephone"": NaN, ""address"": ""서울특별시 마포구 대흥동 12-27 이대역푸르지오시티 1층 110호"", ""roadAddress"": ""서울특별시 마포구 신촌로 170 이대역푸르지오시티 1층 110호"", ""mapx"": 1269446260, ""mapy"": 375564522, ""dong"": ""대흥동"", ""category_keyword"": ""분식""}",2026-09-14T03:22:54.990425+00:00
ce7eb119-98e6-56e0-9696-06fb209efe47,신촌맛집 떡볶이돈까스,분식>종합분식,서울특별시 마포구 대흥동 32-24,서울특별시 마포구 대흥로20길 10,37.5501824,126.9446745,,,,,['혼밥'],대흥동,,,local,,"{""title"": ""신촌맛집 떡볶이돈까스"", ""link"": NaN, ""category"": ""분식>종합분식"", ""description"": NaN, ""telephone"": NaN, ""address"": ""서울특별시 마포구 대흥동 32-24"", ""roadAddress"": ""서울특별시 마포구 대흥로20길 10"", ""mapx"": 1269446745, ""mapy"": 375501824, ""dong"": ""대흥동"", ""category_keyword"": ""분식""}",2026-09-14T03:22:54.990487+00:00
a44d6f3e-59b1-52a7-92ef-d4af5ae5b834,온달만두분식,분식>종합분식,서울특별시 마포구 대흥동 194-2,서울특별시 마포구 백범로 109,37.547387,126.9434353,,,,,['혼밥'],대흥동,,,local,,"{""title"": ""온달만두<b>분식</b>"", ""link"": NaN, ""category"": ""분식>종합분식"", ""description"": NaN, ""telephone"": NaN, ""address"": ""서울특별시 마포구 대흥동 194-2"", ""roadAddress"": ""서울특별시 마포구 백범로 109"", ""mapx"": 1269434353, ""mapy"": 375473870, ""dong"": ""대흥동"", ""category_keyword"": ""분식""}",2026-09-14T03:22:54.990540+00:00
c483304b-4fd3-55fa-91cb-74c3222d12e0,더바스켓 대흥역점,"음식점>치킨,닭강정",서울특별시 마포구 대흥동 266-1 1층,서울특별시 마포구 대흥로 86-1 1층,37.5475839,126.9419714,https://blog.naver.com/thebasket,,,,"['모임', '혼밥']",대흥동,,,local,,"{""title"": ""더바스켓 대흥역점"", ""link"": ""https://blog.naver.com/thebasket"", ""category"": ""음식점>치킨,닭강정"", ""description"": NaN, ""telephone"": NaN, ""address"": ""서울특별시 마포구 대흥동 266-1 1층"", ""roadAddress"": ""서울특별시 마포구 대흥로 86-1 1층"", ""mapx"": 1269419714, ""mapy"": 375475839, ""dong"": ""대흥동"", ""category_keyword"": ""분식""}",2026-09-14T03:22:54.990592+00:00
b2ef5c3b-0556-5919-8ff1-726ee0233e5e,커피앳웍스 경의선숲길점,"음식점>카페,디저트>카페",서울특별시 마포구 대흥동 485-1 1동1층,서울특별시 마포구 독막로 279 1동1층,37.5456858,126.9443095,https://coffeeatworks.kr,,,,['웨이팅있음'],대흥동,,,local,,"{""title"": ""커피앳웍스 경의선숲길점"", ""link"": ""https://coffeeatworks.kr"", ""category"": ""음식점>카페,디저트>카페"", ""description"": NaN, ""telephone"": NaN, ""address"": ""서울특별시 마포구 대흥동 485-1 1동1층"", ""roadAddress"": ""서울특별시 마포구 독막로 279 1동1층"", ""mapx"": 1269443095, ""mapy"": 375456858, ""dong"": ""대흥동"", ""category_keyword"": ""브런치""}",2026-09-14T03:22:54.990655+00:00
5c05eb45-f890-5033-a5d2-74ddc5b87276,허그하우스,음식점>양식,서울특별시 마포구 대흥동 246 2층,서울특별시 마포구 대흥로 80-34 2층,37.5468335,126.9420098,https://www.instagram.com/lovehughaus,,,,['데이트'],대흥동,,,local,,"{""title"": ""허그하우스"", ""link"": ""https://www.instagram.com/lovehughaus"", ""category"": ""음식점>양식"", ""description"": NaN, ""telephone"": NaN, ""address"": ""서울특별시 마포구 대흥동 246 2층"", ""roadAddress"": ""서울특별시 마포구 대흥로 80-34 2층"", ""mapx"": 1269420098, ""mapy"": 375468335, ""dong"": ""대흥동"", ""category_keyword"": ""브런치""}",2026-09-14T03:22:54.990710+00:00
cf62ed21-747e-5a9f-b10f-a78cd9bc4293,잼 베이커리,"카페,디저트>베이커리",서울특별시 마포구 대흥동 252-1 1층,서울특별시 마포구 대흥로 84-6 1층,37.5473571,126.9419599,https://www.instagram.com/j.aimebakery,,,,"['감성적', '사진맛집']",대흥동,,,local,,"{""title"": ""잼 베이커리"", ""link"": ""https://www.instagram.com/j.aimebakery"", ""category"": ""카페,디저트>베이커리"", ""description"": NaN, ""telephone"": NaN, ""address"": ""서울특별시 마포구 대흥동 252-1 1층"", ""roadAddress"": ""서울특별시 마포구 대흥로 84-6 1층"", ""mapx"": 1269419599, ""mapy"": 375473571, ""dong"": ""대흥동"", ""category_keyword"": ""브런치""}",2026-09-14T03:22:54.990762+00:00
82586dcb-5c3d-5887-83c4-afc8b10b266f,브런치스튜디오 가죽공방,"생활,편의>공방",서울특별시 마포구 대흥동 376 2층,서울특별시 마포구 독막로38길 11-3 2층,37.5456913,126.9416796,https://blog.naver.com/brunchstudio_,,,,"['데이트', '모임']",대흥동,,,local,,"{""title"": ""<b>브런치</b>스튜디오 가죽공방"", ""link"": ""https://blog.naver.com/brunchstudio_"", ""category"": ""생활,편의>공방"", ""description"": NaN, ""telephone"": NaN, ""address"": ""서울특별시 마포구 대흥동 376 2층"", ""roadAddress"": ""서울특별시 마포구 독막로38길 11-3 2층"", ""mapx"": 1269416796, ""mapy"": 375456913, ""dong"": ""대흥동"", ""category_keyword"": ""브런치""}",2026-09-14T03:22:54.990817+00:00
32f22486-f95a-54d8-ac05-77eb9f7c9660,지금식당 제철쌈밥 마포직영점,음식점>한식,서울특별시 마포구 대흥동 241-1 1층,서울특별시 마포구 백범로 112-1 1층,37.5469255,126.9437088,,,,,['감성적'],대흥동,,,local,,"{""title"": ""지금식당 제철쌈밥 마포직영점"", ""link"": NaN, ""category"": ""음식점>한식"", ""description"": NaN, ""telephone"": NaN, ""address"": ""서울특별시 마포구 대흥동 241-1 1층"", ""roadAddress"": ""서울특별시 마포구 백범로 112-1 1층"", ""mapx"": 1269437088, ""mapy"": 375469255, ""dong"": ""대흥동"", ""category_keyword"": ""고깃집""}",2026-09-14T03:22:54.990868+00:00
bd3a0949-354d-526b-bbf0-cdee35f76853,요수정,음식점>한식,서울특별시 마포구 대흥동 248-9 상가 2층 요수정,서울특별시 마포구 대흥로 80-2 상가 2층 요수정,37.5471367,126.9415803,https://app.catchtable.co.kr/ct/shop/commalla85,,,,[],대흥동,,,local,,"{""title"": ""요수정"", ""link"": ""https://app.catchtable.co.kr/ct/shop/commalla85"", ""category"": ""음식점>한식"", ""description"": NaN, ""telephone"": NaN, ""address"": ""서울특별시 마포구 대흥동 248-9 상가 2층 요수정"", ""roadAddress"": ""서울특별시 마포구 대흥로 80-2 상가 2층 요수정"", ""mapx"": 1269415803, ""mapy"": 375471367, ""dong"": ""대흥동"", ""category_keyword"": ""고깃집""}",2026-09-14T03:22:54.990931+00:00
864ca1da-b20c-532d-8ae1-1fb2675b1475,육몽 홍대본점,"한식>육류,고기요리",서울특별시 마포구 서교동 355-13 1-3층,서울특별시 마포구 양화로16길 19 1-3층,37.5531962,126.9206933,https://litt.ly/yookmong_hongdae?utm_source=naver&utm_medium=place&utm_campaign=네이버플레이스,,,,['모임'],서교동,,,local,,"{""title"": ""육몽 홍대본점"", ""link"": ""https://litt.ly/yookmong_hongdae?utm_source=naver&utm_medium=place&utm_campaign=네이버플레이스"", ""category"": ""한식>육류,고기요리"", ""description"": NaN, ""telephone"": NaN, ""address"": ""서울특별시 마포구 서교동 355-13 1-3층"", ""roadAddress"": ""서울특별시 마포구 양화로16길 19 1-3층"", ""mapx"": 1269206933, ""mapy"": 375531962, ""dong"": ""서교동"", ""category_keyword"": ""한식""}",2026-09-14T03:22:54.991005+00:00
d8916b2f-c1f9-50d7-98d3-326b90c08366,깃뜰 홍대본점,"한식>육류,고기요리","서울특별시 마포구 서교동 395-20 1, 2층","서울특별시 마포구 잔다리로3안길 27 1, 2층",37.5504106,126.9197919,https://www.instagram.com/git_teul,,,,['모임'],서교동,,,local,,"{""title"": ""깃뜰 홍대본점"", ""link"": ""https://www.instagram.com/git_teul"", ""category"": ""한식>육류,고기요리"", ""description"": NaN, ""telephone"": NaN, ""address"": ""서울특별시 마포구 서교동 395-20 1, 2층"", ""roadAddress"": ""서울특별시 마포구 잔다리로3안길 27 1, 2층"", ""mapx"": 1269197919, ""mapy"": 375504106, ""dong"": ""서교동"", ""category_keyword"": ""한식""}",2026-09-14T03:22:54.991081+00:00
6bce3e3e-28cc-55fb-a49b-646190c39643,핵밥 홍대점,음식점>일식>덮밥,서울특별시 마포구 서교동 344-15 1층,서울특별시 마포구 홍익로 6 1층,37.5533024,126.9239442,https://www.hecbob.com/,,,,['데이트'],서교동,,,local,,"{""title"": ""핵밥 홍대점"", ""link"": ""https://www.hecbob.com/"", ""category"": ""음식점>일식>덮밥"", ""description"": NaN, ""telephone"": NaN, ""address"": ""서울특별시 마포구 서교동 344-15 1층"", ""roadAddress"": ""서울특별시 마포구 홍익로 6 1층"", ""mapx"": 1269239442, ""mapy"": 375533024, ""dong"": ""서교동"", ""category_keyword"": ""한식""}",2026-09-14T03:22:54.991157+00:00
0bf35ff2-56cd-5725-80ef-53c37ef65b78,카츠업 홍대점,음식점>일식>돈가스,서울특별시 마포구 서교동 486 서교푸르지오 101동 142호,서울특별시 마포구 홍익로 10 서교푸르지오 101동 142호,37.5541052,126.9234358,https://blog.naver.com/katsup,,,,['혼밥'],서교동,,,local,,"{""title"": ""카츠업 홍대점"", ""link"": ""https://blog.naver.com/katsup"", ""category"": ""음식점>일식>돈가스"", ""description"": NaN, ""telephone"": NaN, ""address"": ""서울특별시 마포구 서교동 486 서교푸르지오 101동 142호"", ""roadAddress"": ""서울특별시 마포구 홍익로 10 서교푸르지오 101동 142호"", ""mapx"": 1269234358, ""mapy"": 375541052, ""dong"": ""서교동"", ""category_keyword"": ""일식""}",2026-09-14T03:22:54.991220+00:00
4eb66028-7ec4-5e44-902f-bbc8dbe93d9b,우와 홍대본점,음식점>일식>일식당,서울특별시 마포구 서교동 364-10 2층,서울특별시 마포구 와우산로21길 21-16 2층,37.5517143,126.9222234,https://app.catchtable.co.kr/ct/shop/woowaa_hongdae,,,,['웨이팅있음'],서교동,,,local,,"{""title"": ""우와 홍대본점"", ""link"": ""https://app.catchtable.co.kr/ct/shop/woowaa_hongdae"", ""category"": ""음식점>일식>일식당"", ""description"": NaN, ""telephone"": NaN, ""address"": ""서울특별시 마포구 서교동 364-10 2층"", ""roadAddress"": ""서울특별시 마포구 와우산로21길 21-16 2층"", ""mapx"": 1269222234, ""mapy"": 375517143, ""dong"": ""서교동"", ""category_keyword"": ""일식""}",2026-09-14T03:22:54.991277+00:00
c7b2f3f6-2555-5cb9-9bc5-32020d3d4fb6,카와카츠 본점,음식점>일식>돈가스,서울특별시 마포구 서교동 465-1 1층 102호,서울특별시 마포구 동교로 126 1층 102호,37.5547417,126.9160867,https://app.catchtable.co.kr/ct/shop/kawakatsu,,,,['웨이팅있음'],서교동,,,local,,"{""title"": ""카와카츠 본점"", ""link"": ""https://app.catchtable.co.kr/ct/shop/kawakatsu"", ""category"": ""음식점>일식>돈가스"", ""description"": NaN, ""telephone"": NaN, ""address"": ""서울특별시 마포구 서교동 465-1 1층 102호"", ""roadAddress"": ""서울특별시 마포구 동교로 126 1층 102호"", ""mapx"": 1269160867, ""mapy"": 375547417, ""dong"": ""서교동"", ""category_keyword"": ""일식""}",2026-09-14T03:22:54.991336+00:00
c48a8071-cd33-52a9-8e86-611ddfb64ef2,하이디라오 홍대점,음식점>중식당,서울특별시 마포구 동교동 166-14 와이즈파크 5층,서울특별시 마포구 양화로 176 동교동 와이즈파크 5층,37.557251,126.9249991,https://app.catchtable.co.kr/ct/shop/hidirao_hongdae?type=VISIT_RESERVATION,,,,"['데이트', '모임']",서교동,,,local,,"{""title"": ""하이디라오 홍대점"", ""link"": ""https://app.catchtable.co.kr/ct/shop/hidirao_hongdae?type=VISIT_RESERVATION"", ""category"": ""음식점>중식당"", ""description"": NaN, ""telephone"": NaN, ""address"": ""서울특별시 마포구 동교동 166-14 와이즈파크 5층"", ""roadAddress"": ""서울특별시 마포구 양화로 176 동교동 와이즈파크 5층"", ""mapx"": 1269249991, ""mapy"": 375572510, ""dong"": ""서교동"", ""category_keyword"": ""중식""}",2026-09-14T03:22:54.991394+00:00
835ddce0-55ca-5f40-8dfe-7bbd37c35602,손오공마라탕 동교동점,중식>중식당,서울특별시 마포구 동교동 169-14 2층,서울특별시 마포구 양화로18길 15 2층,37.5565852,126.9248884,,,,,['모임'],서교동,,,local,,"{""title"": ""손오공마라탕 동교동점"", ""link"": NaN, ""category"": ""중식>중식당"", ""description"": NaN, ""telephone"": NaN, ""address"": ""서울특별시 마포구 동교동 169-14 2층"", ""roadAddress"": ""서울특별시 마포구 양화로18길 15 2층"", ""mapx"": 1269248884, ""mapy"": 375565852, ""dong"": ""서교동"", ""category_keyword"": ""중식""}",2026-09-14T03:22:54.991451+00:00
ac0d97a0-9d94-5e36-ab77-33c01b8b18dd,마라공방 홍대점,중식>마라탕,서울특별시 마포구 동교동 164-1 2층,서울특별시 마포구 양화로18길 12 2층,37.5564832,126.9246251,https://blog.naver.com/maragongbang,,,,['혼밥'],서교동,,,local,,"{""title"": ""마라공방 홍대점"", ""link"": ""https://blog.naver.com/maragongbang"", ""category"": ""중식>마라탕"", ""description"": NaN, ""telephone"": NaN, ""address"": ""서울특별시 마포구 동교동 164-1 2층"", ""roadAddress"": ""서울특별시 마포구 양화로18길 12 2층"", ""mapx"": 1269246251, ""mapy"": 375564832, ""dong"": ""서교동"", ""category_keyword"": ""중식""}",2026-09-14T03:22:54.991504+00:00
d3459520-a291-55a4-9506-7386800506e1,타오마라탕,중식>마라탕,서울특별시 마포구 서교동 394-93 광명빌딩 2층,서울특별시 마포구 양화로6길 19 광명빌딩 2층,37.5492446,126.9153346,https://www.instagram.com/tao_mara_official,,,,"['데이트', '감성적']",서교동,,,local,,"{""title"": ""타오마라탕"", ""link"": ""https://www.instagram.com/tao_mara_official"", ""category"": ""중식>마라탕"", ""description"": NaN, ""telephone"": NaN, ""address"": ""서울특별시 마포구 서교동 394-93 광명빌딩 2층"", ""roadAddress"": ""서울특별시 마포구 양화로6길 19 광명빌딩 2층"", ""mapx"": 1269153346, ""mapy"": 375492446, ""dong"": ""서교동"", ""category_keyword"": ""중식""}",2026-09-14T03:22:54.991562+00:00
149886c2-7204-5a87-84f0-747fcb3b7eb7,서담헌 홍대본점,중식>중식당,서울특별시 마포구 동교동 113-22 1층 서담헌,서울특별시 마포구 연희로1길 40-3 1층 서담헌,37.5606598,126.9260202,https://www.youtube.com/@%EA%B0%80%EC%A7%80%ED%8A%80%EA%B9%80%EB%A7%A8,,,,"['조용함', '모임']",서교동,,,local,,"{""title"": ""서담헌 홍대본점"", ""link"": ""https://www.youtube.com/@%EA%B0%80%EC%A7%80%ED%8A%80%EA%B9%80%EB%A7%A8"", ""category"": ""중식>중식당"", ""description"": NaN, ""telephone"": NaN, ""address"": ""서울특별시 마포구 동교동 113-22 1층 서담헌"", ""roadAddress"": ""서울특별시 마포구 연희로1길 40-3 1층 서담헌"", ""mapx"": 1269260202, ""mapy"": 375606598, ""dong"": ""서교동"", ""category_keyword"": ""중식""}",2026-09-14T03:22:54.991620+00:00
3a958d33-9fe0-514c-92ee-9bf135568473,로쏘 1924 나폴리 화덕피자 홍대점,음식점>피자,서울특별시 마포구 서교동 354-2 1층 로쏘 1924 나폴리 화덕피자,서울특별시 마포구 홍익로 29 1층 로쏘 1924 나폴리 화덕피자,37.554524,126.9217268,https://naver.me/xtgzr1zo,,,,"['혼밥', '데이트']",서교동,,,local,,"{""title"": ""로쏘 1924 나폴리 화덕피자 홍대점"", ""link"": ""https://naver.me/xtgzr1zo"", ""category"": ""음식점>피자"", ""description"": NaN, ""telephone"": NaN, ""address"": ""서울특별시 마포구 서교동 354-2 1층 로쏘 1924 나폴리 화덕피자"", ""roadAddress"": ""서울특별시 마포구 홍익로 29 1층 로쏘 1924 나폴리 화덕피자"", ""mapx"": 1269217268, ""mapy"": 375545240, ""dong"": ""서교동"", ""category_keyword"": ""양식""}",2026-09-14T03:22:54.991676+00:00
fa4898f0-9711-5de7-94a7-ed75a04de255,미도인 홍대,음식점>양식,서울특별시 마포구 서교동 366-24 1층,서울특별시 마포구 잔다리로2길 19 1층,37.5516919,126.9209717,https://youtube.com/channel/UCxRWfLoFdwXyIU6_yq38uig?si=tpSW48w87J2hWl1f,,,,"['데이트', '힙함']",서교동,,,local,,"{""title"": ""미도인 홍대"", ""link"": ""https://youtube.com/channel/UCxRWfLoFdwXyIU6_yq38uig?si=tpSW48w87J2hWl1f"", ""category"": ""음식점>양식"", ""description"": NaN, ""telephone"": NaN, ""address"": ""서울특별시 마포구 서교동 366-24 1층"", ""roadAddress"": ""서울특별시 마포구 잔다리로2길 19 1층"", ""mapx"": 1269209717, ""mapy"": 375516919, ""dong"": ""서교동"", ""category_keyword"": ""양식""}",2026-09-14T03:22:54.991730+00:00
18eb417e-8c3e-5a68-b3d3-5617fb778f54,테이커테이블 연남점,음식점>양식,서울특별시 마포구 동교동 150-2 1층,서울특별시 마포구 동교로30길 6 1층,37.5605408,126.9246201,https://app.catchtable.co.kr/ct/shop/takea.table,,,,"['데이트', '힙함']",서교동,,,local,,"{""title"": ""테이커테이블 연남점"", ""link"": ""https://app.catchtable.co.kr/ct/shop/takea.table"", ""category"": ""음식점>양식"", ""description"": NaN, ""telephone"": NaN, ""address"": ""서울특별시 마포구 동교동 150-2 1층"", ""roadAddress"": ""서울특별시 마포구 동교로30길 6 1층"", ""mapx"": 1269246201, ""mapy"": 375605408, ""dong"": ""서교동"", ""category_keyword"": ""양식""}",2026-09-14T03:22:54.991789+00:00
e7a4d4a6-836d-5e52-ad36-4753b3077225,홍대떡볶이상회,술집>요리주점,서울특별시 마포구 동교동 169-6 1층,서울특별시 마포구 어울마당로 143-3 1층,37.556616,126.9256421,https://instagram.com/tteoksang_?igshid=YmMyMTA2M2Y=,,,,"['모임', '시끌벅적함']",서교동,,,local,,"{""title"": ""홍대떡볶이상회"", ""link"": ""https://instagram.com/tteoksang_?igshid=YmMyMTA2M2Y="", ""category"": ""술집>요리주점"", ""description"": NaN, ""telephone"": NaN, ""address"": ""서울특별시 마포구 동교동 169-6 1층"", ""roadAddress"": ""서울특별시 마포구 어울마당로 143-3 1층"", ""mapx"": 1269256421, ""mapy"": 375566160, ""dong"": ""서교동"", ""category_keyword"": ""분식""}",2026-09-14T03:22:54.991856+00:00
b6e23fc7-e7ba-5fac-a0cd-e7bb921be0a8,또보겠지떡볶이집 붕붕허니비점,음식점>분식,서울특별시 마포구 동교동 153-3 2층,서울특별시 마포구 양화로19길 22-25 2층,37.5589783,126.9244242,https://app.catchtable.co.kr/ct/shop/ddobogessji?from=share&type=WAITING,,,,['웨이팅있음'],서교동,,,local,,"{""title"": ""또보겠지떡볶이집 붕붕허니비점"", ""link"": ""https://app.catchtable.co.kr/ct/shop/ddobogessji?from=share&type=WAITING"", ""category"": ""음식점>분식"", ""description"": NaN, ""telephone"": NaN, ""address"": ""서울특별시 마포구 동교동 153-3 2층"", ""roadAddress"": ""서울특별시 마포구 양화로19길 22-25 2층"", ""mapx"": 1269244242, ""mapy"": 375589783, ""dong"": ""서교동"", ""category_keyword"": ""분식""}",2026-09-14T03:22:54.991924+00:00
24ccbdf9-a941-5ac5-b5be-630e8279d486,홍대조폭떡볶이 홍대2호점,분식>떡볶이,서울특별시 마포구 동교동 164-17 1층,서울특별시 마포구 홍익로6길 38 1층,37.5558918,126.9237556,,,,,['혼밥'],서교동,,,local,,"{""title"": ""홍대조폭떡볶이 홍대2호점"", ""link"": NaN, ""category"": ""분식>떡볶이"", ""description"": NaN, ""telephone"": NaN, ""address"": ""서울특별시 마포구 동교동 164-17 1층"", ""roadAddress"": ""서울특별시 마포구 홍익로6길 38 1층"", ""mapx"": 1269237556, ""mapy"": 375558918, ""dong"": ""서교동"", ""category_keyword"": ""분식""}",2026-09-14T03:22:54.991993+00:00
3531a692-84f6-5522-bba2-1f9f1d990ee0,홍대씨부엉,분식>떡볶이,서울특별시 마포구 서교동 358-39,서울특별시 마포구 와우산로21길 28-6,37.5525889,126.9223397,,,,,['혼밥'],서교동,,,local,,"{""title"": ""홍대씨부엉"", ""link"": NaN, ""category"": ""분식>떡볶이"", ""description"": NaN, ""telephone"": NaN, ""address"": ""서울특별시 마포구 서교동 358-39"", ""roadAddress"": ""서울특별시 마포구 와우산로21길 28-6"", ""mapx"": 1269223397, ""mapy"": 375525889, ""dong"": ""서교동"", ""category_keyword"": ""분식""}",2026-09-14T03:22:54.992046+00:00
d01878de-2cf1-54c4-a9cc-dde5391dc3e4,닭장수김밥 홍대점,분식>김밥,서울특별시 마포구 동교동 201-41 1층,서울특별시 마포구 월드컵북로4길 26 1층,37.5574404,126.921179,https://www.instagram.com/dakjangsu_gimbap,,,,['혼밥'],서교동,,,local,,"{""title"": ""닭장수김밥 홍대점"", ""link"": ""https://www.instagram.com/dakjangsu_gimbap"", ""category"": ""분식>김밥"", ""description"": NaN, ""telephone"": NaN, ""address"": ""서울특별시 마포구 동교동 201-41 1층"", ""roadAddress"": ""서울특별시 마포구 월드컵북로4길 26 1층"", ""mapx"": 1269211790, ""mapy"": 375574404, ""dong"": ""서교동"", ""category_keyword"": ""분식""}",2026-09-14T03:22:54.992098+00:00
7b7b6a91-3463-58ff-b238-beecefe76a07,라헬의부엌 홍대점,"음식점>카페,디저트","서울특별시 마포구 서교동 333-6 1,2층","서울특별시 마포구 와우산로29길 47 1,2층",37.5556936,126.9273613,http://instagram.com/hd_rachelskitchen,,,,"['감성적', '사진맛집', '힙함']",서교동,,,local,,"{""title"": ""라헬의부엌 홍대점"", ""link"": ""http://instagram.com/hd_rachelskitchen"", ""category"": ""음식점>카페,디저트"", ""description"": NaN, ""telephone"": NaN, ""address"": ""서울특별시 마포구 서교동 333-6 1,2층"", ""roadAddress"": ""서울특별시 마포구 와우산로29길 47 1,2층"", ""mapx"": 1269273613, ""mapy"": 375556936, ""dong"": ""서교동"", ""category_keyword"": ""브런치""}",2026-09-14T03:22:54.992156+00:00
38517135-00d0-5d3a-beab-54304b5a84a2,스케줄합정,음식점>양식,서울특별시 마포구 서교동 394-17 1층,서울특별시 마포구 양화로6길 33 1층,37.5490726,126.9160549,https://litt.ly/schedule_hapjeong?utm_source=naver&utm_medium=place&utm_campaign=네이버플레이스,,,,"['데이트', '힙함']",서교동,,,local,,"{""title"": ""스케줄합정"", ""link"": ""https://litt.ly/schedule_hapjeong?utm_source=naver&utm_medium=place&utm_campaign=네이버플레이스"", ""category"": ""음식점>양식"", ""description"": NaN, ""telephone"": NaN, ""address"": ""서울특별시 마포구 서교동 394-17 1층"", ""roadAddress"": ""서울특별시 마포구 양화로6길 33 1층"", ""mapx"": 1269160549, ""mapy"": 375490726, ""dong"": ""서교동"", ""category_keyword"": ""브런치""}",2026-09-14T03:22:54.992216+00:00
0c351686-0b2a-5786-a6ac-0b02d8b098c6,베리블리스,"음식점>카페,디저트",서울특별시 마포구 서교동 335-18 1층.,서울특별시 마포구 와우산로27길 20 1층.,37.554271,126.9273385,https://www.instagram.com/_berry__bliss_,,,,['감성적'],서교동,,,local,,"{""title"": ""베리블리스"", ""link"": ""https://www.instagram.com/_berry__bliss_"", ""category"": ""음식점>카페,디저트"", ""description"": NaN, ""telephone"": NaN, ""address"": ""서울특별시 마포구 서교동 335-18 1층."", ""roadAddress"": ""서울특별시 마포구 와우산로27길 20 1층."", ""mapx"": 1269273385, ""mapy"": 375542710, ""dong"": ""서교동"", ""category_keyword"": ""브런치""}",2026-09-14T03:22:54.992270+00:00
7fd93c0e-efd0-54af-bd28-cc6f2dc3fa69,아벨롭 홍대본점,"음식점>카페,디저트",서울특별시 마포구 서교동 375-2 Avelop,서울특별시 마포구 양화로15안길 6 Avelop,37.5544506,126.9188258,https://www.instagram.com/avelop_official?igsh=MWc3enU5dGVja3l6MA==,,,,['조용함'],서교동,,,local,,"{""title"": ""아벨롭 홍대본점"", ""link"": ""https://www.instagram.com/avelop_official?igsh=MWc3enU5dGVja3l6MA=="", ""category"": ""음식점>카페,디저트"", ""description"": NaN, ""telephone"": NaN, ""address"": ""서울특별시 마포구 서교동 375-2 Avelop"", ""roadAddress"": ""서울특별시 마포구 양화로15안길 6 Avelop"", ""mapx"": 1269188258, ""mapy"": 375544506, ""dong"": ""서교동"", ""category_keyword"": ""브런치""}",2026-09-14T03:22:54.992328+00:00
336431a2-882f-5801-b3fb-98d9dd94bc7c,숙성회 화도,한식>생선회,서울특별시 마포구 합정동 362-2 1층 숙성회 화도,서울특별시 마포구 독막로6길 5 1층 숙성회 화도,37.5477136,126.9176495,https://app.catchtable.co.kr/ct/shop/hwado,,,,['웨이팅있음'],합정동,,,local,,"{""title"": ""숙성회 화도"", ""link"": ""https://app.catchtable.co.kr/ct/shop/hwado"", ""category"": ""한식>생선회"", ""description"": NaN, ""telephone"": NaN, ""address"": ""서울특별시 마포구 합정동 362-2 1층 숙성회 화도"", ""roadAddress"": ""서울특별시 마포구 독막로6길 5 1층 숙성회 화도"", ""mapx"": 1269176495, ""mapy"": 375477136, ""dong"": ""합정동"", ""category_keyword"": ""한식""}",2026-09-14T03:22:54.992389+00:00
44c5bb69-636c-5e50-aa16-c64d230e6ec4,홍대간장게장 홍일품,한식>게요리,서울특별시 마포구 합정동 410-13 홍대간장게장 홍일품,서울특별시 마포구 독막로 47-1 홍대간장게장 홍일품,37.54808,126.9187172,,,,,['모임'],합정동,,,local,,"{""title"": ""홍대간장게장 홍일품"", ""link"": NaN, ""category"": ""한식>게요리"", ""description"": NaN, ""telephone"": NaN, ""address"": ""서울특별시 마포구 합정동 410-13 홍대간장게장 홍일품"", ""roadAddress"": ""서울특별시 마포구 독막로 47-1 홍대간장게장 홍일품"", ""mapx"": 1269187172, ""mapy"": 375480800, ""dong"": ""합정동"", ""category_keyword"": ""한식""}",2026-09-14T03:22:54.992448+00:00
5d484e9c-9e17-590f-ba5d-f547634ba06e,남영동양문 합정점,"음식점>한식>육류,고기요리",서울특별시 마포구 합정동 427-12 1층,서울특별시 마포구 월드컵로 43 1층,37.5531865,126.9118331,https://blog.naver.com/officedodo,,,,"['모임', '가족동반', '힙함']",합정동,,,local,,"{""title"": ""남영동양문 합정점"", ""link"": ""https://blog.naver.com/officedodo"", ""category"": ""음식점>한식>육류,고기요리"", ""description"": NaN, ""telephone"": NaN, ""address"": ""서울특별시 마포구 합정동 427-12 1층"", ""roadAddress"": ""서울특별시 마포구 월드컵로 43 1층"", ""mapx"": 1269118331, ""mapy"": 375531865, ""dong"": ""합정동"", ""category_keyword"": ""한식""}",2026-09-14T03:22:54.992511+00:00
a88f65e9-a379-5877-87ef-c21f7d9e0b4c,짚불돈 합정,"한식>육류,고기요리",서울특별시 마포구 합정동 411-5 1층,서울특별시 마포구 양화로6길 76 1층,37.5484344,126.9182358,https://www.instagram.com/zipbuldon,,,,"['모임', '가족동반']",합정동,,,local,,"{""title"": ""짚불돈 합정"", ""link"": ""https://www.instagram.com/zipbuldon"", ""category"": ""한식>육류,고기요리"", ""description"": NaN, ""telephone"": NaN, ""address"": ""서울특별시 마포구 합정동 411-5 1층"", ""roadAddress"": ""서울특별시 마포구 양화로6길 76 1층"", ""mapx"": 1269182358, ""mapy"": 375484344, ""dong"": ""합정동"", ""category_keyword"": ""한식""}",2026-09-14T03:22:54.992580+00:00
f0ea1665-247f-5cf6-9ae7-1377bb3730f1,샤브인서울 합정점,음식점>일식>샤브샤브,"서울특별시 마포구 합정동 472 딜라이트스퀘어 1차, 지하2층 샤브인서울 합정점","서울특별시 마포구 월드컵로1길 14 딜라이트스퀘어 1차, 지하2층 샤브인서울 합정점",37.5498856,126.9120091,https://litt.ly/shabuinseoulhapjeong?utm_source=naver&utm_medium=place&utm_campaign=네이버플레이스,,,,"['모임', '가족동반', '힙함']",합정동,,,local,,"{""title"": ""샤브인서울 합정점"", ""link"": ""https://litt.ly/shabuinseoulhapjeong?utm_source=naver&utm_medium=place&utm_campaign=네이버플레이스"", ""category"": ""음식점>일식>샤브샤브"", ""description"": NaN, ""telephone"": NaN, ""address"": ""서울특별시 마포구 합정동 472 딜라이트스퀘어 1차, 지하2층 샤브인서울 합정점"", ""roadAddress"": ""서울특별시 마포구 월드컵로1길 14 딜라이트스퀘어 1차, 지하2층 샤브인서울 합정점"", ""mapx"": 1269120091, ""mapy"": 375498856, ""dong"": ""합정동"", ""category_keyword"": ""일식""}",2026-09-14T03:22:54.992650+00:00
b2b571db-2ab8-5edd-bd80-f95a9b091070,크레이지카츠,음식점>일식>돈가스,서울특별시 마포구 합정동 391-5 2층,"서울특별시 마포구 포은로2나길 44 , 2층",37.5504385,126.9097576,https://app.catchtable.co.kr/ct/shop/crazykatsu,,,,['혼밥'],합정동,,,local,,"{""title"": ""크레이지카츠"", ""link"": ""https://app.catchtable.co.kr/ct/shop/crazykatsu"", ""category"": ""음식점>일식>돈가스"", ""description"": NaN, ""telephone"": NaN, ""address"": ""서울특별시 마포구 합정동 391-5 2층"", ""roadAddress"": ""서울특별시 마포구 포은로2나길 44 , 2층"", ""mapx"": 1269097576, ""mapy"": 375504385, ""dong"": ""합정동"", ""category_keyword"": ""일식""}",2026-09-14T03:22:54.992714+00:00
d39d70b7-20bd-58c4-9ff5-532983e3a99f,최강금돈까스,음식점>일식>돈가스,서울특별시 마포구 합정동 388-15,서울특별시 마포구 월드컵로3길 31-30,37.5499263,126.9109319,https://app.catchtable.co.kr/ct/shop/cgg_cutlet,,,,['웨이팅있음'],합정동,,,local,,"{""title"": ""최강금돈까스"", ""link"": ""https://app.catchtable.co.kr/ct/shop/cgg_cutlet"", ""category"": ""음식점>일식>돈가스"", ""description"": NaN, ""telephone"": NaN, ""address"": ""서울특별시 마포구 합정동 388-15"", ""roadAddress"": ""서울특별시 마포구 월드컵로3길 31-30"", ""mapx"": 1269109319, ""mapy"": 375499263, ""dong"": ""합정동"", ""category_keyword"": ""일식""}",2026-09-14T03:22:54.992772+00:00
af0e74c1-2ff5-5390-b113-d1bc78479b91,교다이야,"음식점>일식>우동,소바",서울특별시 마포구 합정동 370-8 합정빌딩 1층,서울특별시 마포구 성지길 39 합정빌딩 1층,37.5469202,126.9131995,,,,,['데이트'],합정동,,,local,,"{""title"": ""교다이야"", ""link"": NaN, ""category"": ""음식점>일식>우동,소바"", ""description"": NaN, ""telephone"": NaN, ""address"": ""서울특별시 마포구 합정동 370-8 합정빌딩 1층"", ""roadAddress"": ""서울특별시 마포구 성지길 39 합정빌딩 1층"", ""mapx"": 1269131995, ""mapy"": 375469202, ""dong"": ""합정동"", ""category_keyword"": ""일식""}",2026-09-14T03:22:54.992831+00:00
c4b9c2fd-a2c3-50b7-a157-45c13979c587,로우샹로우,중식>양꼬치,서울특별시 마포구 합정동 412-26,서울특별시 마포구 양화로6길 50,37.5486801,126.9170391,https://app.catchtable.co.kr/ct/shop/rohxiangroh,,,,"['데이트', '모임']",합정동,,,local,,"{""title"": ""로우샹로우"", ""link"": ""https://app.catchtable.co.kr/ct/shop/rohxiangroh"", ""category"": ""중식>양꼬치"", ""description"": NaN, ""telephone"": NaN, ""address"": ""서울특별시 마포구 합정동 412-26"", ""roadAddress"": ""서울특별시 마포구 양화로6길 50"", ""mapx"": 1269170391, ""mapy"": 375486801, ""dong"": ""합정동"", ""category_keyword"": ""중식""}",2026-09-14T03:22:54.992887+00:00
b96840c0-8b59-5b0c-9bb3-9f4fe09239b1,이가네양꼬치 합정점,음식점>중식>양꼬치,"서울특별시 마포구 합정동 472 B118-1호, 2호","서울특별시 마포구 월드컵로1길 14 B118-1호, 2호",37.5496339,126.9120509,http://www.이가네양꼬치.kr,,,,"['모임', '힙함']",합정동,,,local,,"{""title"": ""이가네양꼬치 합정점"", ""link"": ""http://www.이가네양꼬치.kr"", ""category"": ""음식점>중식>양꼬치"", ""description"": NaN, ""telephone"": NaN, ""address"": ""서울특별시 마포구 합정동 472 B118-1호, 2호"", ""roadAddress"": ""서울특별시 마포구 월드컵로1길 14 B118-1호, 2호"", ""mapx"": 1269120509, ""mapy"": 375496339, ""dong"": ""합정동"", ""category_keyword"": ""중식""}",2026-09-14T03:22:54.992941+00:00
0f059ca9-71fb-5453-8ca8-8fe4ba30ef31,피슈마라홍탕 합정푸르지오점,음식점>마라탕,서울특별시 마포구 합정동 472 B109-1호,서울특별시 마포구 월드컵로1길 14 B109-1호,37.5499472,126.9121599,http://피슈마라홍탕.net/,,,,['혼밥'],합정동,,,local,,"{""title"": ""피슈마라홍탕 합정푸르지오점"", ""link"": ""http://피슈마라홍탕.net/"", ""category"": ""음식점>마라탕"", ""description"": NaN, ""telephone"": NaN, ""address"": ""서울특별시 마포구 합정동 472 B109-1호"", ""roadAddress"": ""서울특별시 마포구 월드컵로1길 14 B109-1호"", ""mapx"": 1269121599, ""mapy"": 375499472, ""dong"": ""합정동"", ""category_keyword"": ""중식""}",2026-09-14T03:22:54.992996+00:00
b57cbfb4-150d-59c8-8756-47e463c4436d,탕화쿵푸마라탕 합정점,음식점>마라탕,서울특별시 마포구 합정동 373-20 2층,서울특별시 마포구 독막로 4-1 2층,37.5486259,126.9137433,,,,,"['혼밥', '힙함']",합정동,,,local,,"{""title"": ""탕화쿵푸마라탕 합정점"", ""link"": NaN, ""category"": ""음식점>마라탕"", ""description"": NaN, ""telephone"": NaN, ""address"": ""서울특별시 마포구 합정동 373-20 2층"", ""roadAddress"": ""서울특별시 마포구 독막로 4-1 2층"", ""mapx"": 1269137433, ""mapy"": 375486259, ""dong"": ""합정동"", ""category_keyword"": ""중식""}",2026-09-14T03:22:54.993051+00:00
f8a7da11-6cad-5eda-9f61-3924db97c2c3,금문중화요리,중식>중식당,서울특별시 마포구 합정동 472 딜라이트스퀘어1차 L층,서울특별시 마포구 월드컵로1길 14 딜라이트스퀘어1차 L층,37.5500661,126.9124134,,,,,['모임'],합정동,,,local,,"{""title"": ""금문중화요리"", ""link"": NaN, ""category"": ""중식>중식당"", ""description"": NaN, ""telephone"": NaN, ""address"": ""서울특별시 마포구 합정동 472 딜라이트스퀘어1차 L층"", ""roadAddress"": ""서울특별시 마포구 월드컵로1길 14 딜라이트스퀘어1차 L층"", ""mapx"": 1269124134, ""mapy"": 375500661, ""dong"": ""합정동"", ""category_keyword"": ""중식""}",2026-09-14T03:22:54.993104+00:00
489909ae-dd97-5a1b-960b-841c3eb784e6,멕시코식당,"음식점>멕시코,남미음식",서울특별시 마포구 합정동 366-7 1층 합정 멕시코식당,서울특별시 마포구 독막로2길 23 1층 합정 멕시코식당,37.5475044,126.9145776,https://blog.naver.com/mexicodiner,,,,"['모임', '데이트', '힙함']",합정동,,,local,,"{""title"": ""멕시코식당"", ""link"": ""https://blog.naver.com/mexicodiner"", ""category"": ""음식점>멕시코,남미음식"", ""description"": NaN, ""telephone"": NaN, ""address"": ""서울특별시 마포구 합정동 366-7 1층 합정 멕시코식당"", ""roadAddress"": ""서울특별시 마포구 독막로2길 23 1층 합정 멕시코식당"", ""mapx"": 1269145776, ""mapy"": 375475044, ""dong"": ""합정동"", ""category_keyword"": ""양식""}",2026-09-14T03:22:54.993155+00:00
2ef0d8b2-1205-5867-ad59-769f45de6827,오르노 합정점,음식점>양식,서울특별시 마포구 합정동 473 딜라이트스퀘어2차 지1층,서울특별시 마포구 월드컵로3길 14 딜라이트스퀘어2차 지1층,37.5509322,126.9118087,https://www.instagram.com/horno_seoul/,,,,['데이트'],합정동,,,local,,"{""title"": ""오르노 합정점"", ""link"": ""https://www.instagram.com/horno_seoul/"", ""category"": ""음식점>양식"", ""description"": NaN, ""telephone"": NaN, ""address"": ""서울특별시 마포구 합정동 473 딜라이트스퀘어2차 지1층"", ""roadAddress"": ""서울특별시 마포구 월드컵로3길 14 딜라이트스퀘어2차 지1층"", ""mapx"": 1269118087, ""mapy"": 375509322, ""dong"": ""합정동"", ""category_keyword"": ""양식""}",2026-09-14T03:22:54.993209+00:00
d08e70ae-614c-53bf-ab7f-88582ff88aa6,해옫 합정,음식점>양식,서울특별시 마포구 합정동 360-17 1층,서울특별시 마포구 독막로8길 30 1층,37.546616,126.9176238,https://blog.naver.com/heod_d,,,,['웨이팅있음'],합정동,,,local,,"{""title"": ""해옫 합정"", ""link"": ""https://blog.naver.com/heod_d"", ""category"": ""음식점>양식"", ""description"": NaN, ""telephone"": NaN, ""address"": ""서울특별시 마포구 합정동 360-17 1층"", ""roadAddress"": ""서울특별시 마포구 독막로8길 30 1층"", ""mapx"": 1269176238, ""mapy"": 375466160, ""dong"": ""합정동"", ""category_keyword"": ""양식""}",2026-09-14T03:22:54.993263+00:00
6585899a-91e8-5749-9c5a-af96246af439,합정조이떡볶이,분식>떡볶이,서울특별시 마포구 합정동 374-1 102호,서울특별시 마포구 양화로 36 102호,37.5484696,126.9134228,,,,,['혼밥'],합정동,,,local,,"{""title"": ""합정조이떡볶이"", ""link"": NaN, ""category"": ""분식>떡볶이"", ""description"": NaN, ""telephone"": NaN, ""address"": ""서울특별시 마포구 합정동 374-1 102호"", ""roadAddress"": ""서울특별시 마포구 양화로 36 102호"", ""mapx"": 1269134228, ""mapy"": 375484696, ""dong"": ""합정동"", ""category_keyword"": ""분식""}",2026-09-14T03:22:54.993317+00:00
2d246917-60a0-58a0-b4b4-c390695613a0,최강금돈까스X허리헝그리,분식>토스트,서울특별시 마포구 합정동 387-5 2층,서울특별시 마포구 월드컵로3길 31-5 2층,37.5500867,126.9110422,https://www.instagram.com/choikangkeumxhurryhungry,,,,['혼밥'],합정동,,,local,,"{""title"": ""최강금돈까스X허리헝그리"", ""link"": ""https://www.instagram.com/choikangkeumxhurryhungry"", ""category"": ""분식>토스트"", ""description"": NaN, ""telephone"": NaN, ""address"": ""서울특별시 마포구 합정동 387-5 2층"", ""roadAddress"": ""서울특별시 마포구 월드컵로3길 31-5 2층"", ""mapx"": 1269110422, ""mapy"": 375500867, ""dong"": ""합정동"", ""category_keyword"": ""분식""}",2026-09-14T03:22:54.993372+00:00
e232cc07-cd0c-517a-95e5-e4c6d2bd8a54,김밥천국 합정역점,음식점>분식,서울특별시 마포구 합정동 373-16,서울특별시 마포구 독막로 4,37.5486853,126.9138178,,,,,"['혼밥', '힙함']",합정동,,,local,,"{""title"": ""김밥천국 합정역점"", ""link"": NaN, ""category"": ""음식점>분식"", ""description"": NaN, ""telephone"": NaN, ""address"": ""서울특별시 마포구 합정동 373-16"", ""roadAddress"": ""서울특별시 마포구 독막로 4"", ""mapx"": 1269138178, ""mapy"": 375486853, ""dong"": ""합정동"", ""category_keyword"": ""분식""}",2026-09-14T03:22:54.993425+00:00
b35ac593-1d32-5b61-bad6-4bfa38698d7f,생마차 합정점,술집>이자카야,서울특별시 마포구 합정동 354-25,서울특별시 마포구 독막로 56,37.5477137,126.9194629,,,,,"['모임', '시끌벅적함']",합정동,,,local,,"{""title"": ""생마차 합정점"", ""link"": NaN, ""category"": ""술집>이자카야"", ""description"": NaN, ""telephone"": NaN, ""address"": ""서울특별시 마포구 합정동 354-25"", ""roadAddress"": ""서울특별시 마포구 독막로 56"", ""mapx"": 1269194629, ""mapy"": 375477137, ""dong"": ""합정동"", ""category_keyword"": ""분식""}",2026-09-14T03:22:54.993482+00:00
1e87d84a-5403-5def-a927-992c7dcde8e5,소풍가는날,분식>김밥,서울특별시 마포구 합정동 411-13 102호 소풍가는날,서울특별시 마포구 독막로 41 102호 소풍가는날,37.5481468,126.9180336,https://blog.naver.com/gimbapday,,,,['혼밥'],합정동,,,local,,"{""title"": ""소풍가는날"", ""link"": ""https://blog.naver.com/gimbapday"", ""category"": ""분식>김밥"", ""description"": NaN, ""telephone"": NaN, ""address"": ""서울특별시 마포구 합정동 411-13 102호 소풍가는날"", ""roadAddress"": ""서울특별시 마포구 독막로 41 102호 소풍가는날"", ""mapx"": 1269180336, ""mapy"": 375481468, ""dong"": ""합정동"", ""category_keyword"": ""분식""}",2026-09-14T03:22:54.993538+00:00
efb1ee40-3e42-5c44-98a1-a177d8273cd4,익스첼 합정본점,"음식점>멕시코,남미음식",서울특별시 마포구 합정동 368-11 1층,서울특별시 마포구 토정로 33-1 1층,37.5457749,126.9146926,https://blog.naver.com/ixchel_seoul,,,,['데이트'],합정동,,,local,,"{""title"": ""익스첼 합정본점"", ""link"": ""https://blog.naver.com/ixchel_seoul"", ""category"": ""음식점>멕시코,남미음식"", ""description"": NaN, ""telephone"": NaN, ""address"": ""서울특별시 마포구 합정동 368-11 1층"", ""roadAddress"": ""서울특별시 마포구 토정로 33-1 1층"", ""mapx"": 1269146926, ""mapy"": 375457749, ""dong"": ""합정동"", ""category_keyword"": ""브런치""}",2026-09-14T03:22:54.993599+00:00
f2626f5d-286e-5e64-ab09-351898f993e8,저스티나,음식점>양식,서울특별시 마포구 합정동 379-4 저스티나 1층,서울특별시 마포구 양화진2길 31 저스티나 1층,37.5478995,126.9107936,https://www.instagram.com/gjustina_seoul,,,,"['데이트', '혼밥']",합정동,,,local,,"{""title"": ""저스티나"", ""link"": ""https://www.instagram.com/gjustina_seoul"", ""category"": ""음식점>양식"", ""description"": NaN, ""telephone"": NaN, ""address"": ""서울특별시 마포구 합정동 379-4 저스티나 1층"", ""roadAddress"": ""서울특별시 마포구 양화진2길 31 저스티나 1층"", ""mapx"": 1269107936, ""mapy"": 375478995, ""dong"": ""합정동"", ""category_keyword"": ""브런치""}",2026-09-14T03:22:54.993661+00:00
46623878-570e-58ef-bcf4-286d9f42641c,각시보쌈 합정본점,"한식>족발,보쌈",서울특별시 마포구 합정동 372-27 보광빌딩,서울특별시 마포구 성지길 25 보광빌딩,37.54751,126.913394,,,,,['모임'],합정동,,,local,,"{""title"": ""각시보쌈 합정본점"", ""link"": NaN, ""category"": ""한식>족발,보쌈"", ""description"": NaN, ""telephone"": NaN, ""address"": ""서울특별시 마포구 합정동 372-27 보광빌딩"", ""roadAddress"": ""서울특별시 마포구 성지길 25 보광빌딩"", ""mapx"": 1269133940, ""mapy"": 375475100, ""dong"": ""합정동"", ""category_keyword"": ""고깃집""}",2026-09-14T03:22:54.993720+00:00
28fa2981-e4ba-5e44-add3-d798886ca513,풍류각,"한식>육류,고기요리",서울특별시 마포구 합정동 426-5 1층,서울특별시 마포구 월드컵로 33 1층,37.5523452,126.9120184,https://www.instagram.com/pungryugak,,,,['모임'],합정동,,,local,,"{""title"": ""풍류각"", ""link"": ""https://www.instagram.com/pungryugak"", ""category"": ""한식>육류,고기요리"", ""description"": NaN, ""telephone"": NaN, ""address"": ""서울특별시 마포구 합정동 426-5 1층"", ""roadAddress"": ""서울특별시 마포구 월드컵로 33 1층"", ""mapx"": 1269120184, ""mapy"": 375523452, ""dong"": ""합정동"", ""category_keyword"": ""고깃집""}",2026-09-14T03:22:54.993778+00:00
6c91cb5b-4525-51f6-aad2-cb50a80db231,초월양곱창,"한식>곱창,막창,양",서울특별시 마포구 망원동 338-39 1층,서울특별시 마포구 포은로 66 1층,37.5530216,126.9064274,https://www.instagram.com/chowol.mangwon,,,,['모임'],망원동,,,local,,"{""title"": ""초월양곱창"", ""link"": ""https://www.instagram.com/chowol.mangwon"", ""category"": ""한식>곱창,막창,양"", ""description"": NaN, ""telephone"": NaN, ""address"": ""서울특별시 마포구 망원동 338-39 1층"", ""roadAddress"": ""서울특별시 마포구 포은로 66 1층"", ""mapx"": 1269064274, ""mapy"": 375530216, ""dong"": ""망원동"", ""category_keyword"": ""한식""}",2026-09-14T03:22:54.993836+00:00
d3c646bf-0be5-59ca-baf8-93f2365f3249,청어람 망원본점,"한식>곱창,막창,양",서울특별시 마포구 망원동 482-3 1층,서울특별시 마포구 망원로 97 1층,37.5580749,126.9074749,,,,,"['웨이팅있음', '모임']",망원동,,,local,,"{""title"": ""청어람 망원본점"", ""link"": NaN, ""category"": ""한식>곱창,막창,양"", ""description"": NaN, ""telephone"": NaN, ""address"": ""서울특별시 마포구 망원동 482-3 1층"", ""roadAddress"": ""서울특별시 마포구 망원로 97 1층"", ""mapx"": 1269074749, ""mapy"": 375580749, ""dong"": ""망원동"", ""category_keyword"": ""한식""}",2026-09-14T03:22:54.993896+00:00
fbf27806-2a2d-506f-8cf7-d666f8e8c064,섬수산,한식>생선회,서울특별시 마포구 망원동 486-8,서울특별시 마포구 포은로8길 25,37.5566406,126.906153,,,,,"['모임', '가족동반']",망원동,,,local,,"{""title"": ""섬수산"", ""link"": NaN, ""category"": ""한식>생선회"", ""description"": NaN, ""telephone"": NaN, ""address"": ""서울특별시 마포구 망원동 486-8"", ""roadAddress"": ""서울특별시 마포구 포은로8길 25"", ""mapx"": 1269061530, ""mapy"": 375566406, ""dong"": ""망원동"", ""category_keyword"": ""한식""}",2026-09-14T03:22:54.993959+00:00
3cd934d6-a3ec-5d14-a544-ffe1ae80c973,대게특별시 망원시장점,"해물,생선요리>대게요리",서울특별시 마포구 망원동 486-5 망원시장 24호 대게특별시,서울특별시 마포구 망원로8길 13 망원시장 24호 대게특별시,37.5569153,126.906054,https://litt.ly/crabcity,,,,"['모임', '가족동반']",망원동,,,local,,"{""title"": ""대게특별시 망원시장점"", ""link"": ""https://litt.ly/crabcity"", ""category"": ""해물,생선요리>대게요리"", ""description"": NaN, ""telephone"": NaN, ""address"": ""서울특별시 마포구 망원동 486-5 망원시장 24호 대게특별시"", ""roadAddress"": ""서울특별시 마포구 망원로8길 13 망원시장 24호 대게특별시"", ""mapx"": 1269060540, ""mapy"": 375569153, ""dong"": ""망원동"", ""category_keyword"": ""한식""}",2026-09-14T03:22:54.994020+00:00
0d1ac2da-1bc6-501f-bc8b-f284c28e70f7,망원동즉석우동 본점,"음식점>일식>우동,소바",서울특별시 마포구 망원동 386-4,서울특별시 마포구 동교로 83,37.5542061,126.9111604,,,,,['웨이팅있음'],망원동,,,local,,"{""title"": ""<b>망원동</b>즉석우동 본점"", ""link"": NaN, ""category"": ""음식점>일식>우동,소바"", ""description"": NaN, ""telephone"": NaN, ""address"": ""서울특별시 마포구 망원동 386-4"", ""roadAddress"": ""서울특별시 마포구 동교로 83"", ""mapx"": 1269111604, ""mapy"": 375542061, ""dong"": ""망원동"", ""category_keyword"": ""일식""}",2026-09-14T03:22:54.994080+00:00
099b4f8e-827a-5a2d-8c1c-6f9c5230f634,바삭마차,음식점>일식>돈가스,서울특별시 마포구 망원동 412-52 바삭마차,서울특별시 마포구 월드컵로13길 64 바삭마차,37.5553289,126.9065291,https://www.youtube.com/@basakmacha_official,,,,['웨이팅있음'],망원동,,,local,,"{""title"": ""바삭마차"", ""link"": ""https://www.youtube.com/@basakmacha_official"", ""category"": ""음식점>일식>돈가스"", ""description"": NaN, ""telephone"": NaN, ""address"": ""서울특별시 마포구 망원동 412-52 바삭마차"", ""roadAddress"": ""서울특별시 마포구 월드컵로13길 64 바삭마차"", ""mapx"": 1269065291, ""mapy"": 375553289, ""dong"": ""망원동"", ""category_keyword"": ""일식""}",2026-09-14T03:22:54.994136+00:00
75aab1ee-be29-5624-a7df-3d72ba078429,가원 망원본점,중식>중식당,서울특별시 마포구 망원동 386-2 양경회관 1층,서울특별시 마포구 월드컵로 65 양경회관 1층,37.5549582,126.9108482,,,,,['모임'],망원동,,,local,,"{""title"": ""가원 망원본점"", ""link"": NaN, ""category"": ""중식>중식당"", ""description"": NaN, ""telephone"": NaN, ""address"": ""서울특별시 마포구 망원동 386-2 양경회관 1층"", ""roadAddress"": ""서울특별시 마포구 월드컵로 65 양경회관 1층"", ""mapx"": 1269108482, ""mapy"": 375549582, ""dong"": ""망원동"", ""category_keyword"": ""중식""}",2026-09-14T03:22:54.994195+00:00
7e6feb5a-5aeb-5ae3-afe2-f9c8458cd411,양과 아이들 망원점,중식>양꼬치,서울특별시 마포구 망원동 395-4 1층 양과 아이들,서울특별시 마포구 포은로 75 1층 양과 아이들,37.5539553,126.9053837,https://app.catchtable.co.kr/ct/shop/lambfriends,,,,['모임'],망원동,,,local,,"{""title"": ""양과 아이들 망원점"", ""link"": ""https://app.catchtable.co.kr/ct/shop/lambfriends"", ""category"": ""중식>양꼬치"", ""description"": NaN, ""telephone"": NaN, ""address"": ""서울특별시 마포구 망원동 395-4 1층 양과 아이들"", ""roadAddress"": ""서울특별시 마포구 포은로 75 1층 양과 아이들"", ""mapx"": 1269053837, ""mapy"": 375539553, ""dong"": ""망원동"", ""category_keyword"": ""중식""}",2026-09-14T03:22:54.994252+00:00
fc254da0-aeac-58e3-89f4-8d67d7fc1f72,덕클 망원점,중식>중식당,서울특별시 마포구 망원동 379-10 1층 101호,서울특별시 마포구 동교로9길 23 1층 101호,37.5548928,126.9101471,https://www.instagram.com/duckle_mangwon,,,,"['모임', '감성적']",망원동,,,local,,"{""title"": ""덕클 망원점"", ""link"": ""https://www.instagram.com/duckle_mangwon"", ""category"": ""중식>중식당"", ""description"": NaN, ""telephone"": NaN, ""address"": ""서울특별시 마포구 망원동 379-10 1층 101호"", ""roadAddress"": ""서울특별시 마포구 동교로9길 23 1층 101호"", ""mapx"": 1269101471, ""mapy"": 375548928, ""dong"": ""망원동"", ""category_keyword"": ""중식""}",2026-09-14T03:22:54.994309+00:00
4616b690-d04b-5e70-8428-3315ffe06ce0,만두란,중식>중식당,서울특별시 마포구 망원동 386-5 1층 동측,서울특별시 마포구 동교로 81 1층 동측,37.5541928,126.9110664,,,,,['모임'],망원동,,,local,,"{""title"": ""만두란"", ""link"": NaN, ""category"": ""중식>중식당"", ""description"": NaN, ""telephone"": NaN, ""address"": ""서울특별시 마포구 망원동 386-5 1층 동측"", ""roadAddress"": ""서울특별시 마포구 동교로 81 1층 동측"", ""mapx"": 1269110664, ""mapy"": 375541928, ""dong"": ""망원동"", ""category_keyword"": ""중식""}",2026-09-14T03:22:54.994367+00:00
99af12e7-682d-5217-8a5e-3c3bc706b434,타코닷 망원시장본점,"음식점>멕시코,남미음식",서울특별시 마포구 망원동 57-120 1층,서울특별시 마포구 월드컵로19길 51 1층,37.5551649,126.907553,https://www.instagram.com/taco_dot/,,,,['웨이팅있음'],망원동,,,local,,"{""title"": ""타코닷 망원시장본점"", ""link"": ""https://www.instagram.com/taco_dot/"", ""category"": ""음식점>멕시코,남미음식"", ""description"": NaN, ""telephone"": NaN, ""address"": ""서울특별시 마포구 망원동 57-120 1층"", ""roadAddress"": ""서울특별시 마포구 월드컵로19길 51 1층"", ""mapx"": 1269075530, ""mapy"": 375551649, ""dong"": ""망원동"", ""category_keyword"": ""양식""}",2026-09-14T03:22:54.994429+00:00
64a09aa4-f0d6-58b1-980b-97e2be7086f2,따식 갈비파스타,"이탈리아음식>스파게티,파스타전문",서울특별시 마포구 망원동 485-5 1층,서울특별시 마포구 월드컵로23길 12 1층,37.557334,126.9079513,,,,,"['웨이팅있음', '데이트', '감성적']",망원동,,,local,,"{""title"": ""따식 갈비파스타"", ""link"": NaN, ""category"": ""이탈리아음식>스파게티,파스타전문"", ""description"": NaN, ""telephone"": NaN, ""address"": ""서울특별시 마포구 망원동 485-5 1층"", ""roadAddress"": ""서울특별시 마포구 월드컵로23길 12 1층"", ""mapx"": 1269079513, ""mapy"": 375573340, ""dong"": ""망원동"", ""category_keyword"": ""양식""}",2026-09-14T03:22:54.994497+00:00
7c8cce8d-8935-50be-9a47-ca41f95d3e3e,버거킹 마포구청역점,양식>햄버거,서울특별시 마포구 망원동 474-3,서울특별시 마포구 월드컵로 155,37.5614424,126.9049184,https://www.burgerking.co.kr/,,,,"['데이트', '혼밥']",망원동,,,local,,"{""title"": ""버거킹 <b>마포구</b>청역점"", ""link"": ""https://www.burgerking.co.kr/"", ""category"": ""양식>햄버거"", ""description"": NaN, ""telephone"": NaN, ""address"": ""서울특별시 마포구 망원동 474-3"", ""roadAddress"": ""서울특별시 마포구 월드컵로 155"", ""mapx"": 1269049184, ""mapy"": 375614424, ""dong"": ""망원동"", ""category_keyword"": ""양식""}",2026-09-14T03:22:54.994583+00:00
ce21bf48-1d32-5b5f-9bb6-0ed889c48bf4,소금집델리 망원,음식점>양식,서울특별시 마포구 망원동 57-38 2층,서울특별시 마포구 월드컵로19길 14 2층,37.5568392,126.9082146,http://www.salthousekorea.com,,,,"['모임', '웨이팅있음']",망원동,,,local,,"{""title"": ""소금집델리 망원"", ""link"": ""http://www.salthousekorea.com"", ""category"": ""음식점>양식"", ""description"": NaN, ""telephone"": NaN, ""address"": ""서울특별시 마포구 망원동 57-38 2층"", ""roadAddress"": ""서울특별시 마포구 월드컵로19길 14 2층"", ""mapx"": 1269082146, ""mapy"": 375568392, ""dong"": ""망원동"", ""category_keyword"": ""양식""}",2026-09-14T03:22:54.994669+00:00
e0be1122-8785-5d82-b74a-7a2cbe1a9494,싸다김밥 망원역점,음식점>분식,서울특별시 마포구 망원동 373-5 1층,서울특별시 마포구 월드컵로 89 1층,37.5567799,126.9092243,https://ssadagb.com,,,,"['혼밥', '힙함']",망원동,,,local,,"{""title"": ""싸다김밥 망원역점"", ""link"": ""https://ssadagb.com"", ""category"": ""음식점>분식"", ""description"": NaN, ""telephone"": NaN, ""address"": ""서울특별시 마포구 망원동 373-5 1층"", ""roadAddress"": ""서울특별시 마포구 월드컵로 89 1층"", ""mapx"": 1269092243, ""mapy"": 375567799, ""dong"": ""망원동"", ""category_keyword"": ""분식""}",2026-09-14T03:22:54.994732+00:00
340c8b03-5d5f-5e40-944f-0648a223cd4d,송이네,분식>종합분식,서울특별시 마포구 망원동 414-6,서울특별시 마포구 포은로8길 21,37.5566413,126.9059159,https://youtube.com/@100millionsongyi,,,,['혼밥'],망원동,,,local,,"{""title"": ""송이네"", ""link"": ""https://youtube.com/@100millionsongyi"", ""category"": ""분식>종합분식"", ""description"": NaN, ""telephone"": NaN, ""address"": ""서울특별시 마포구 망원동 414-6"", ""roadAddress"": ""서울특별시 마포구 포은로8길 21"", ""mapx"": 1269059159, ""mapy"": 375566413, ""dong"": ""망원동"", ""category_keyword"": ""분식""}",2026-09-14T03:22:54.994791+00:00
1476dc81-8b9a-5af1-a9fb-e1f816095791,부산대원어묵,분식>종합분식,서울특별시 마포구 망원동 411-22 1층,서울특별시 마포구 망원로8길 26 1층,37.5563167,126.9060266,,,,,['혼밥'],망원동,,,local,,"{""title"": ""부산대원어묵"", ""link"": NaN, ""category"": ""분식>종합분식"", ""description"": NaN, ""telephone"": NaN, ""address"": ""서울특별시 마포구 망원동 411-22 1층"", ""roadAddress"": ""서울특별시 마포구 망원로8길 26 1층"", ""mapx"": 1269060266, ""mapy"": 375563167, ""dong"": ""망원동"", ""category_keyword"": ""분식""}",2026-09-14T03:22:54.994845+00:00
c7b242ce-bc2f-5e28-a52c-dd3df3059721,명랑핫도그 망원역점,양식>핫도그,서울특별시 마포구 망원동 379-2 명랑핫도그 망원역점,서울특별시 마포구 월드컵로13길 17 명랑핫도그 망원역점,37.5555556,126.9092473,https://myungranghotdog.com/,,,,"['데이트', '혼밥']",망원동,,,local,,"{""title"": ""명랑핫도그 망원역점"", ""link"": ""https://myungranghotdog.com/"", ""category"": ""양식>핫도그"", ""description"": NaN, ""telephone"": NaN, ""address"": ""서울특별시 마포구 망원동 379-2 명랑핫도그 망원역점"", ""roadAddress"": ""서울특별시 마포구 월드컵로13길 17 명랑핫도그 망원역점"", ""mapx"": 1269092473, ""mapy"": 375555556, ""dong"": ""망원동"", ""category_keyword"": ""분식""}",2026-09-14T03:22:54.994898+00:00
d5284e21-b244-5274-a32a-643ee85e33e7,비캔드,브런치카페,"서울특별시 마포구 망원동 485-13 1,2층","서울특별시 마포구 망원로10길 11-12 1,2층",37.5572259,126.9073816,https://www.instagram.com/beekend.seoul,,,,['웨이팅있음'],망원동,,,local,,"{""title"": ""비캔드"", ""link"": ""https://www.instagram.com/beekend.seoul"", ""category"": ""브런치카페"", ""description"": NaN, ""telephone"": NaN, ""address"": ""서울특별시 마포구 망원동 485-13 1,2층"", ""roadAddress"": ""서울특별시 마포구 망원로10길 11-12 1,2층"", ""mapx"": 1269073816, ""mapy"": 375572259, ""dong"": ""망원동"", ""category_keyword"": ""브런치""}",2026-09-14T03:22:54.994958+00:00
fac33ec4-7eae-5afe-951e-5452e7be6b23,광합성카페,"음식점>카페,디저트",서울특별시 마포구 망원동 57-36 1층,서울특별시 마포구 월드컵로19길 8 1층,37.5570797,126.9084365,http://www.instagram.com/gwang_hab_sung,,,,['조용함'],망원동,,,local,,"{""title"": ""광합성카페"", ""link"": ""http://www.instagram.com/gwang_hab_sung"", ""category"": ""음식점>카페,디저트"", ""description"": NaN, ""telephone"": NaN, ""address"": ""서울특별시 마포구 망원동 57-36 1층"", ""roadAddress"": ""서울특별시 마포구 월드컵로19길 8 1층"", ""mapx"": 1269084365, ""mapy"": 375570797, ""dong"": ""망원동"", ""category_keyword"": ""브런치""}",2026-09-14T03:22:54.995017+00:00
f0ea420a-5dca-5f1c-936d-daf9b34d4771,뱃놀이,술집>요리주점,서울특별시 마포구 망원동 380-19 지층 뱃놀이,서울특별시 마포구 월드컵로15길 37 지층 뱃놀이,37.5552921,126.9083109,https://www.instagram.com/baetnori_mangwon/,,,,['조용함'],망원동,,,local,,"{""title"": ""뱃놀이"", ""link"": ""https://www.instagram.com/baetnori_mangwon/"", ""category"": ""술집>요리주점"", ""description"": NaN, ""telephone"": NaN, ""address"": ""서울특별시 마포구 망원동 380-19 지층 뱃놀이"", ""roadAddress"": ""서울특별시 마포구 월드컵로15길 37 지층 뱃놀이"", ""mapx"": 1269083109, ""mapy"": 375552921, ""dong"": ""망원동"", ""category_keyword"": ""브런치""}",2026-09-14T03:22:54.995071+00:00
33d3db83-4c70-5b22-a0bc-919db753ed0f,기글스 망원,음식점>양식,서울특별시 마포구 망원동 376-25 1.5층,서울특별시 마포구 월드컵로13길 22-8 1.5층,37.5558092,126.9089927,https://www.instagram.com/giggles_seoul/,,,,"['데이트', '모임', '예약필수']",망원동,,,local,,"{""title"": ""기글스 망원"", ""link"": ""https://www.instagram.com/giggles_seoul/"", ""category"": ""음식점>양식"", ""description"": NaN, ""telephone"": NaN, ""address"": ""서울특별시 마포구 망원동 376-25 1.5층"", ""roadAddress"": ""서울특별시 마포구 월드컵로13길 22-8 1.5층"", ""mapx"": 1269089927, ""mapy"": 375558092, ""dong"": ""망원동"", ""category_keyword"": ""브런치""}",2026-09-14T03:22:54.995127+00:00
12def897-9757-5619-a1ad-b31c1f8dd776,일등식당,한식>해장국,서울특별시 마포구 망원동 476-1,서울특별시 마포구 방울내로 82,37.5606012,126.9043521,,,,,['혼밥'],망원동,,,local,,"{""title"": ""일등식당"", ""link"": NaN, ""category"": ""한식>해장국"", ""description"": NaN, ""telephone"": NaN, ""address"": ""서울특별시 마포구 망원동 476-1"", ""roadAddress"": ""서울특별시 마포구 방울내로 82"", ""mapx"": 1269043521, ""mapy"": 375606012, ""dong"": ""망원동"", ""category_keyword"": ""고깃집""}",2026-09-14T03:22:54.995188+00:00
07ad35ba-60df-557a-979a-7b7b0a01e30f,망원떡갈비,"한식>육류,고기요리",서울특별시 마포구 망원동 414-108 1층,서울특별시 마포구 포은로6길 25 1층,37.555995,126.9063305,,,,,['웨이팅있음'],망원동,,,local,,"{""title"": ""망원떡갈비"", ""link"": NaN, ""category"": ""한식>육류,고기요리"", ""description"": NaN, ""telephone"": NaN, ""address"": ""서울특별시 마포구 망원동 414-108 1층"", ""roadAddress"": ""서울특별시 마포구 포은로6길 25 1층"", ""mapx"": 1269063305, ""mapy"": 375559950, ""dong"": ""망원동"", ""category_keyword"": ""고깃집""}",2026-09-14T03:22:54.995249+00:00
7c9de85e-7f98-57f7-9d04-f74d17245e2e,육미안 연남점,"육류,고기요리>소고기구이",서울특별시 마포구 연남동 228-58 2층,서울특별시 마포구 동교로38길 5 2층,37.5618595,126.9246428,https://app.catchtable.co.kr/ct/shop/yookmian_yeonnam,,,,"['감성적', '조용함']",연남동,,,local,,"{""title"": ""육미안 연남점"", ""link"": ""https://app.catchtable.co.kr/ct/shop/yookmian_yeonnam"", ""category"": ""육류,고기요리>소고기구이"", ""description"": NaN, ""telephone"": NaN, ""address"": ""서울특별시 마포구 연남동 228-58 2층"", ""roadAddress"": ""서울특별시 마포구 동교로38길 5 2층"", ""mapx"": 1269246428, ""mapy"": 375618595, ""dong"": ""연남동"", ""category_keyword"": ""한식""}",2026-09-14T03:22:54.995311+00:00
12eeef33-82fc-5ee2-ac3b-ea1d2aad52c6,화설 연남본점,"한식>육류,고기요리",서울특별시 마포구 연남동 228-4 1층,서울특별시 마포구 성미산로 188 1층,37.5630149,126.926127,https://litt.ly/hwaseol_yeonnam?utm_source=naver&utm_medium=place&utm_campaign=네이버프레이스,,,,['데이트'],연남동,,,local,,"{""title"": ""화설 연남본점"", ""link"": ""https://litt.ly/hwaseol_yeonnam?utm_source=naver&utm_medium=place&utm_campaign=네이버프레이스"", ""category"": ""한식>육류,고기요리"", ""description"": NaN, ""telephone"": NaN, ""address"": ""서울특별시 마포구 연남동 228-4 1층"", ""roadAddress"": ""서울특별시 마포구 성미산로 188 1층"", ""mapx"": 1269261270, ""mapy"": 375630149, ""dong"": ""연남동"", ""category_keyword"": ""한식""}",2026-09-14T03:22:54.995371+00:00
ca6fbdfc-2b48-57c5-aa8b-b5c09912f092,감나무집기사식당,한식>기사식당,서울특별시 마포구 연남동 515-19,서울특별시 마포구 연남로 25,37.5617165,126.9221264,,,,,['혼밥'],연남동,,,local,,"{""title"": ""감나무집기사식당"", ""link"": NaN, ""category"": ""한식>기사식당"", ""description"": NaN, ""telephone"": NaN, ""address"": ""서울특별시 마포구 연남동 515-19"", ""roadAddress"": ""서울특별시 마포구 연남로 25"", ""mapx"": 1269221264, ""mapy"": 375617165, ""dong"": ""연남동"", ""category_keyword"": ""한식""}",2026-09-14T03:22:54.995429+00:00
1380c974-1657-5dd9-ad7e-157c8902e86c,바다회사랑 연남점,한식>생선회,서울특별시 마포구 연남동 566-8,서울특별시 마포구 동교로27길 60,37.5604083,126.921,https://www.instagram.com/bada.sa.rang,,,,"['모임', '가족동반']",연남동,,,local,,"{""title"": ""바다회사랑 연남점"", ""link"": ""https://www.instagram.com/bada.sa.rang"", ""category"": ""한식>생선회"", ""description"": NaN, ""telephone"": NaN, ""address"": ""서울특별시 마포구 연남동 566-8"", ""roadAddress"": ""서울특별시 마포구 동교로27길 60"", ""mapx"": 1269210000, ""mapy"": 375604083, ""dong"": ""연남동"", ""category_keyword"": ""한식""}",2026-09-14T03:22:54.995489+00:00
d8356907-4697-551e-916e-8f2c566fe622,초이다이닝,음식점>일식>일식당,서울특별시 마포구 연남동 260-25 지하1층,서울특별시 마포구 동교로36길 3 지하1층,37.5612678,126.9245652,https://www.instagram.com/choi_dining/,,,,['감성적'],연남동,,,local,,"{""title"": ""초이다이닝"", ""link"": ""https://www.instagram.com/choi_dining/"", ""category"": ""음식점>일식>일식당"", ""description"": NaN, ""telephone"": NaN, ""address"": ""서울특별시 마포구 연남동 260-25 지하1층"", ""roadAddress"": ""서울특별시 마포구 동교로36길 3 지하1층"", ""mapx"": 1269245652, ""mapy"": 375612678, ""dong"": ""연남동"", ""category_keyword"": ""일식""}",2026-09-14T03:22:54.995546+00:00
864df612-1d87-571e-8305-f09dc5b67964,요미우돈교자 연남점,음식점>일식>일식당,서울특별시 마포구 연남동 228-59 1층,서울특별시 마포구 동교로 244-1 1층,37.5617408,126.9244667,https://www.instagram.com/yummyudongyoza/,,,,['데이트'],연남동,,,local,,"{""title"": ""요미우돈교자 연남점"", ""link"": ""https://www.instagram.com/yummyudongyoza/"", ""category"": ""음식점>일식>일식당"", ""description"": NaN, ""telephone"": NaN, ""address"": ""서울특별시 마포구 연남동 228-59 1층"", ""roadAddress"": ""서울특별시 마포구 동교로 244-1 1층"", ""mapx"": 1269244667, ""mapy"": 375617408, ""dong"": ""연남동"", ""category_keyword"": ""일식""}",2026-09-14T03:22:54.995599+00:00
cd008562-f60e-5cb4-8143-32e482e7def0,저스트텐동 연남본점,음식점>일식>일식당,서울특별시 마포구 연남동 228-25 지1층,서울특별시 마포구 동교로46길 3 지1층,37.5628063,126.925206,http://www.instagram.com/justtendong.yn,,,,['웨이팅있음'],연남동,,,local,,"{""title"": ""저스트텐동 연남본점"", ""link"": ""http://www.instagram.com/justtendong.yn"", ""category"": ""음식점>일식>일식당"", ""description"": NaN, ""telephone"": NaN, ""address"": ""서울특별시 마포구 연남동 228-25 지1층"", ""roadAddress"": ""서울특별시 마포구 동교로46길 3 지1층"", ""mapx"": 1269252060, ""mapy"": 375628063, ""dong"": ""연남동"", ""category_keyword"": ""일식""}",2026-09-14T03:22:54.995660+00:00
b4097ad8-3ad9-5509-8e9a-9066540e947c,미미램양꼬치 홍대점,중식>양꼬치,"서울특별시 마포구 연남동 227-20 1층, 2층","서울특별시 마포구 성미산로 196 1층, 2층",37.5625521,126.9266498,,,,,['모임'],연남동,,,local,,"{""title"": ""미미램양꼬치 홍대점"", ""link"": NaN, ""category"": ""중식>양꼬치"", ""description"": NaN, ""telephone"": NaN, ""address"": ""서울특별시 마포구 연남동 227-20 1층, 2층"", ""roadAddress"": ""서울특별시 마포구 성미산로 196 1층, 2층"", ""mapx"": 1269266498, ""mapy"": 375625521, ""dong"": ""연남동"", ""category_keyword"": ""중식""}",2026-09-14T03:22:54.995718+00:00
229f43d3-e0d3-5e04-bf6d-0e88362c20ab,연교,"중식>딤섬,중식만두",서울특별시 마포구 연남동 383-95 1층,서울특별시 마포구 연희로1길 65 1층,37.5615994,126.9267309,http://instagram.com/yeongyo_yeonnam,,,,['데이트'],연남동,,,local,,"{""title"": ""연교"", ""link"": ""http://instagram.com/yeongyo_yeonnam"", ""category"": ""중식>딤섬,중식만두"", ""description"": NaN, ""telephone"": NaN, ""address"": ""서울특별시 마포구 연남동 383-95 1층"", ""roadAddress"": ""서울특별시 마포구 연희로1길 65 1층"", ""mapx"": 1269267309, ""mapy"": 375615994, ""dong"": ""연남동"", ""category_keyword"": ""중식""}",2026-09-14T03:22:54.995779+00:00
2a6b3509-868f-5ad1-bbb2-d7cd059652af,가원 연남점,중식>중식당,"서울특별시 마포구 연남동 373-18 1, 2층","서울특별시 마포구 동교로 227-1 1, 2층",37.5604509,126.9238173,https://www.instagram.com/gawon1996_official,,,,['데이트'],연남동,,,local,,"{""title"": ""가원 연남점"", ""link"": ""https://www.instagram.com/gawon1996_official"", ""category"": ""중식>중식당"", ""description"": NaN, ""telephone"": NaN, ""address"": ""서울특별시 마포구 연남동 373-18 1, 2층"", ""roadAddress"": ""서울특별시 마포구 동교로 227-1 1, 2층"", ""mapx"": 1269238173, ""mapy"": 375604509, ""dong"": ""연남동"", ""category_keyword"": ""중식""}",2026-09-14T03:22:54.995838+00:00
f28df860-7a6c-5a4f-89fd-4d6ea42cde12,판다딤섬,중식>중식당,서울특별시 마포구 연남동 390-74 2층,서울특별시 마포구 동교로38안길 22 2층,37.5622336,126.9252074,https://www.instagram.com/_pandadimsum_,,,,['모임'],연남동,,,local,,"{""title"": ""판다딤섬"", ""link"": ""https://www.instagram.com/_pandadimsum_"", ""category"": ""중식>중식당"", ""description"": NaN, ""telephone"": NaN, ""address"": ""서울특별시 마포구 연남동 390-74 2층"", ""roadAddress"": ""서울특별시 마포구 동교로38안길 22 2층"", ""mapx"": 1269252074, ""mapy"": 375622336, ""dong"": ""연남동"", ""category_keyword"": ""중식""}",2026-09-14T03:22:54.995895+00:00
50c47411-d020-5683-8e89-3fb24fe91e8e,몽중식,중식>중식당,서울특별시 마포구 연남동 229-56 2층,서울특별시 마포구 동교로 257 2층,37.5628337,126.9246557,https://app.catchtable.co.kr/ct/shop/mongjungsik,,,,"['가족동반', '사진맛집']",연남동,,,local,,"{""title"": ""몽<b>중식</b>"", ""link"": ""https://app.catchtable.co.kr/ct/shop/mongjungsik"", ""category"": ""중식>중식당"", ""description"": NaN, ""telephone"": NaN, ""address"": ""서울특별시 마포구 연남동 229-56 2층"", ""roadAddress"": ""서울특별시 마포구 동교로 257 2층"", ""mapx"": 1269246557, ""mapy"": 375628337, ""dong"": ""연남동"", ""category_keyword"": ""중식""}",2026-09-14T03:22:54.995948+00:00
990f7ec7-9930-54c9-95e7-00d01964ca7f,연남토마 본점,음식점>퓨전음식,서울특별시 마포구 연남동 568-26 연남토마,서울특별시 마포구 월드컵북로6길 61 연남토마,37.5595232,126.9214704,https://app.catchtable.co.kr/ct/shop/yntm_yn,,,,['데이트'],연남동,,,local,,"{""title"": ""연남토마 본점"", ""link"": ""https://app.catchtable.co.kr/ct/shop/yntm_yn"", ""category"": ""음식점>퓨전음식"", ""description"": NaN, ""telephone"": NaN, ""address"": ""서울특별시 마포구 연남동 568-26 연남토마"", ""roadAddress"": ""서울특별시 마포구 월드컵북로6길 61 연남토마"", ""mapx"": 1269214704, ""mapy"": 375595232, ""dong"": ""연남동"", ""category_keyword"": ""양식""}",2026-09-14T03:22:54.996002+00:00
f3a0804a-cdb6-50c1-ac9a-cf20a8398a80,헤이죠지,음식점>양식,서울특별시 마포구 연남동 383-96 1층 헤이죠지,서울특별시 마포구 동교로46길 42-24 1층 헤이죠지,37.5617323,126.9265566,,,,,['데이트'],연남동,,,local,,"{""title"": ""헤이죠지"", ""link"": NaN, ""category"": ""음식점>양식"", ""description"": NaN, ""telephone"": NaN, ""address"": ""서울특별시 마포구 연남동 383-96 1층 헤이죠지"", ""roadAddress"": ""서울특별시 마포구 동교로46길 42-24 1층 헤이죠지"", ""mapx"": 1269265566, ""mapy"": 375617323, ""dong"": ""연남동"", ""category_keyword"": ""양식""}",2026-09-14T03:22:54.996057+00:00
32761731-ec08-5ba3-82a1-1c2778d9b5f2,그동네떡볶이 연남점,분식>종합분식,서울특별시 마포구 연남동 259-16 1층,서울특별시 마포구 동교로 243 1층,37.5617498,126.9241689,,,,,['모임'],연남동,,,local,,"{""title"": ""그동네떡볶이 연남점"", ""link"": NaN, ""category"": ""분식>종합분식"", ""description"": NaN, ""telephone"": NaN, ""address"": ""서울특별시 마포구 연남동 259-16 1층"", ""roadAddress"": ""서울특별시 마포구 동교로 243 1층"", ""mapx"": 1269241689, ""mapy"": 375617498, ""dong"": ""연남동"", ""category_keyword"": ""분식""}",2026-09-14T03:22:54.996110+00:00
88c5d0c5-27c1-5fb8-9761-d4a86832e8ce,올바른김밥,분식>김밥,서울특별시 마포구 연남동 227-5 1층 올바른김밥,서울특별시 마포구 동교로46길 42 1층 올바른김밥,37.5621011,126.9268129,,,,,['혼밥'],연남동,,,local,,"{""title"": ""올바른김밥"", ""link"": NaN, ""category"": ""분식>김밥"", ""description"": NaN, ""telephone"": NaN, ""address"": ""서울특별시 마포구 연남동 227-5 1층 올바른김밥"", ""roadAddress"": ""서울특별시 마포구 동교로46길 42 1층 올바른김밥"", ""mapx"": 1269268129, ""mapy"": 375621011, ""dong"": ""연남동"", ""category_keyword"": ""분식""}",2026-09-14T03:22:54.996167+00:00
43fff74d-32b8-5202-916d-cbc1348bc407,우리할매떡볶이 연남점,음식점>분식,서울특별시 마포구 연남동 373-14,서울특별시 마포구 동교로 227-5,37.5606017,126.9236785,http://wehalmae.co.kr/,,,,"['혼밥', '힙함']",연남동,,,local,,"{""title"": ""우리할매떡볶이 연남점"", ""link"": ""http://wehalmae.co.kr/"", ""category"": ""음식점>분식"", ""description"": NaN, ""telephone"": NaN, ""address"": ""서울특별시 마포구 연남동 373-14"", ""roadAddress"": ""서울특별시 마포구 동교로 227-5"", ""mapx"": 1269236785, ""mapy"": 375606017, ""dong"": ""연남동"", ""category_keyword"": ""분식""}",2026-09-14T03:22:54.996223+00:00
a5c16c6f-cc03-58af-ad1d-14910d02525a,홍쌤떡볶이 연남점,분식>떡볶이,서울특별시 마포구 연남동 504-23 1층,서울특별시 마포구 연남로5길 36 1층,37.5614791,126.9200421,,,,,['혼밥'],연남동,,,local,,"{""title"": ""홍쌤떡볶이 연남점"", ""link"": NaN, ""category"": ""분식>떡볶이"", ""description"": NaN, ""telephone"": NaN, ""address"": ""서울특별시 마포구 연남동 504-23 1층"", ""roadAddress"": ""서울특별시 마포구 연남로5길 36 1층"", ""mapx"": 1269200421, ""mapy"": 375614791, ""dong"": ""연남동"", ""category_keyword"": ""분식""}",2026-09-14T03:22:54.996280+00:00
3e8272f8-1802-56e9-af48-4a3e3e604df4,보스김밥,분식>김밥,서울특별시 마포구 연남동 252-13 1층,서울특별시 마포구 성미산로 138 1층,37.5634651,126.9219735,https://www.bosskimbap.com,,,,['혼밥'],연남동,,,local,,"{""title"": ""보스김밥"", ""link"": ""https://www.bosskimbap.com"", ""category"": ""분식>김밥"", ""description"": NaN, ""telephone"": NaN, ""address"": ""서울특별시 마포구 연남동 252-13 1층"", ""roadAddress"": ""서울특별시 마포구 성미산로 138 1층"", ""mapx"": 1269219735, ""mapy"": 375634651, ""dong"": ""연남동"", ""category_keyword"": ""분식""}",2026-09-14T03:22:54.996341+00:00
69f743dd-2021-5fcd-a3f4-e4bddc3af8e0,치플레,"카페,디저트>베이커리",서울특별시 마포구 연남동 387-10 1층,서울특별시 마포구 동교로 262-9 1층,37.5628286,126.9255953,https://www.instagram.com/cheffle_official,,,,['웨이팅있음'],연남동,,,local,,"{""title"": ""치플레"", ""link"": ""https://www.instagram.com/cheffle_official"", ""category"": ""카페,디저트>베이커리"", ""description"": NaN, ""telephone"": NaN, ""address"": ""서울특별시 마포구 연남동 387-10 1층"", ""roadAddress"": ""서울특별시 마포구 동교로 262-9 1층"", ""mapx"": 1269255953, ""mapy"": 375628286, ""dong"": ""연남동"", ""category_keyword"": ""브런치""}",2026-09-14T03:22:54.996397+00:00
8a205dd9-7b91-5ff3-8d6a-9db548639463,아민 연남,음식점>양식,서울특별시 마포구 연남동 224-5,서울특별시 마포구 동교로52길 10-7,37.5637057,126.9268894,https://app.catchtable.co.kr/ct/shop/we.salad.you,,,,['웨이팅없음'],연남동,,,local,,"{""title"": ""아민 연남"", ""link"": ""https://app.catchtable.co.kr/ct/shop/we.salad.you"", ""category"": ""음식점>양식"", ""description"": NaN, ""telephone"": NaN, ""address"": ""서울특별시 마포구 연남동 224-5"", ""roadAddress"": ""서울특별시 마포구 동교로52길 10-7"", ""mapx"": 1269268894, ""mapy"": 375637057, ""dong"": ""연남동"", ""category_keyword"": ""브런치""}",2026-09-14T03:22:54.996455+00:00
c22645bf-6722-55f5-b714-dcddd4f3ace7,양식구옥,음식점>양식,서울특별시 마포구 연남동 390-25 2층,서울특별시 마포구 동교로38길 27 2층,37.5616911,126.9255517,https://www.instagram.com/yangsikguok,,,,"['데이트', '감성적']",연남동,,,local,,"{""title"": ""양식구옥"", ""link"": ""https://www.instagram.com/yangsikguok"", ""category"": ""음식점>양식"", ""description"": NaN, ""telephone"": NaN, ""address"": ""서울특별시 마포구 연남동 390-25 2층"", ""roadAddress"": ""서울특별시 마포구 동교로38길 27 2층"", ""mapx"": 1269255517, ""mapy"": 375616911, ""dong"": ""연남동"", ""category_keyword"": ""브런치""}",2026-09-14T03:22:54.996508+00:00
407bd253-5088-59f9-beba-a5e9aa16b630,해옫 연남,음식점>양식,서울특별시 마포구 연남동 241-37 1층,서울특별시 마포구 성미산로29길 30 1층,37.5653378,126.922155,https://www.instagram.com/heod.yeonnam,,,,"['데이트', '모임', '가족동반']",연남동,,,local,,"{""title"": ""해옫 연남"", ""link"": ""https://www.instagram.com/heod.yeonnam"", ""category"": ""음식점>양식"", ""description"": NaN, ""telephone"": NaN, ""address"": ""서울특별시 마포구 연남동 241-37 1층"", ""roadAddress"": ""서울특별시 마포구 성미산로29길 30 1층"", ""mapx"": 1269221550, ""mapy"": 375653378, ""dong"": ""연남동"", ""category_keyword"": ""브런치""}",2026-09-14T03:22:54.996564+00:00
1ea83649-c793-5748-b448-6aaeec9247a4,히포 브런치하우스,"음식점>카페,디저트",서울특별시 마포구 연남동 487-34 1층,서울특별시 마포구 성미산로17길 85 1층,37.5652288,126.9172618,https://www.instagram.com/brunchhaus_hippo/,,,,['데이트'],연남동,,,local,,"{""title"": ""히포 <b>브런치</b>하우스"", ""link"": ""https://www.instagram.com/brunchhaus_hippo/"", ""category"": ""음식점>카페,디저트"", ""description"": NaN, ""telephone"": NaN, ""address"": ""서울특별시 마포구 연남동 487-34 1층"", ""roadAddress"": ""서울특별시 마포구 성미산로17길 85 1층"", ""mapx"": 1269172618, ""mapy"": 375652288, ""dong"": ""연남동"", ""category_keyword"": ""브런치""}",2026-09-14T03:22:54.996630+00:00
bdf8bcfa-bc8d-5a0b-9b6c-2f0a60db7400,부추긴돼지,"한식>육류,고기요리",서울특별시 마포구 연남동 383-103 1층,서울특별시 마포구 연희로1길 59 1층,37.5614556,126.9264752,https://www.instagram.com/chive_pig,,,,"['모임', '가족동반']",연남동,,,local,,"{""title"": ""부추긴돼지"", ""link"": ""https://www.instagram.com/chive_pig"", ""category"": ""한식>육류,고기요리"", ""description"": NaN, ""telephone"": NaN, ""address"": ""서울특별시 마포구 연남동 383-103 1층"", ""roadAddress"": ""서울특별시 마포구 연희로1길 59 1층"", ""mapx"": 1269264752, ""mapy"": 375614556, ""dong"": ""연남동"", ""category_keyword"": ""고깃집""}",2026-09-14T03:22:54.996695+00:00
e04b3e74-c59a-57f0-999d-a5367cbc735d,와이키키마켓,"한식>육류,고기요리",서울특별시 마포구 상암동 1537-2 와이키키마켓,서울특별시 마포구 마포나루길 332 와이키키마켓,37.5589079,126.8886523,https://www.instagram.com/waikiki_market,,,,['데이트'],상암동,,,local,,"{""title"": ""와이키키마켓"", ""link"": ""https://www.instagram.com/waikiki_market"", ""category"": ""한식>육류,고기요리"", ""description"": NaN, ""telephone"": NaN, ""address"": ""서울특별시 마포구 상암동 1537-2 와이키키마켓"", ""roadAddress"": ""서울특별시 마포구 마포나루길 332 와이키키마켓"", ""mapx"": 1268886523, ""mapy"": 375589079, ""dong"": ""상암동"", ""category_keyword"": ""한식""}",2026-09-14T03:22:54.996769+00:00
11bf2f81-230d-5827-bd7f-9308cceaed74,핵밥 상암MBC점,음식점>일식>덮밥,서울특별시 마포구 상암동 1597 1층 108호,서울특별시 마포구 월드컵북로54길 17 1층 108호,37.5815668,126.8885584,https://hecbob.com,,,,"['데이트', '혼밥']",상암동,,,local,,"{""title"": ""핵밥 상암MBC점"", ""link"": ""https://hecbob.com"", ""category"": ""음식점>일식>덮밥"", ""description"": NaN, ""telephone"": NaN, ""address"": ""서울특별시 마포구 상암동 1597 1층 108호"", ""roadAddress"": ""서울특별시 마포구 월드컵북로54길 17 1층 108호"", ""mapx"": 1268885584, ""mapy"": 375815668, ""dong"": ""상암동"", ""category_keyword"": ""일식""}",2026-09-14T03:22:54.996872+00:00
6a5f3b46-cd77-5c61-a021-9985c1bed5e4,옥소반 상암점,음식점>일식>샤브샤브,서울특별시 마포구 상암동 1615 PARKM빌딩 1층 9호,서울특별시 마포구 매봉산로 80 PARKM빌딩 1층 9호,37.5788031,126.8945133,http://옥소반.com,,,,['데이트'],상암동,,,local,,"{""title"": ""옥소반 상암점"", ""link"": ""http://옥소반.com"", ""category"": ""음식점>일식>샤브샤브"", ""description"": NaN, ""telephone"": NaN, ""address"": ""서울특별시 마포구 상암동 1615 PARKM빌딩 1층 9호"", ""roadAddress"": ""서울특별시 마포구 매봉산로 80 PARKM빌딩 1층 9호"", ""mapx"": 1268945133, ""mapy"": 375788031, ""dong"": ""상암동"", ""category_keyword"": ""일식""}",2026-09-14T03:22:54.996958+00:00
bce4d84d-bb86-54cf-8093-1230f6d88740,스시앤도시락,"음식점>일식>초밥,롤",서울특별시 마포구 상암동 1605 누리꿈스퀘어 B1034 스시앤도시락,서울특별시 마포구 월드컵북로 396 누리꿈스퀘어 B1034 스시앤도시락,37.5793419,126.889819,https://www.instagram.com//sushidosirak,,,,['혼밥'],상암동,,,local,,"{""title"": ""스시앤도시락"", ""link"": ""https://www.instagram.com//sushidosirak"", ""category"": ""음식점>일식>초밥,롤"", ""description"": NaN, ""telephone"": NaN, ""address"": ""서울특별시 마포구 상암동 1605 누리꿈스퀘어 B1034 스시앤도시락"", ""roadAddress"": ""서울특별시 마포구 월드컵북로 396 누리꿈스퀘어 B1034 스시앤도시락"", ""mapx"": 1268898190, ""mapy"": 375793419, ""dong"": ""상암동"", ""category_keyword"": ""일식""}",2026-09-14T03:22:54.997021+00:00
80f7ef3c-32de-5595-af19-78a6ce3f9cd7,다이닝원 상암점,"음식점>일식,초밥뷔페",서울특별시 마포구 상암동 1615 PARK M 지1층 1~10호,서울특별시 마포구 매봉산로 80 PARK M 지1층 1~10호,37.5788496,126.8944213,https://www.instagram.com/diningone.sangam,,,,"['가족동반', '모임', '데이트']",상암동,,,local,,"{""title"": ""다이닝원 상암점"", ""link"": ""https://www.instagram.com/diningone.sangam"", ""category"": ""음식점>일식,초밥뷔페"", ""description"": NaN, ""telephone"": NaN, ""address"": ""서울특별시 마포구 상암동 1615 PARK M 지1층 1~10호"", ""roadAddress"": ""서울특별시 마포구 매봉산로 80 PARK M 지1층 1~10호"", ""mapx"": 1268944213, ""mapy"": 375788496, ""dong"": ""상암동"", ""category_keyword"": ""일식""}",2026-09-14T03:22:54.997076+00:00
58f6d352-8f6a-54ca-a062-90991049d3d2,피슈마라홍탕 상암점,음식점>마라탕,"서울특별시 마포구 상암동 1615 PARK-M 1층 7호, 8호","서울특별시 마포구 매봉산로 80 PARK-M 1층 7호, 8호",37.5787559,126.8942777,http://피슈마라홍탕.net,,,,['혼밥'],상암동,,,local,,"{""title"": ""피슈마라홍탕 상암점"", ""link"": ""http://피슈마라홍탕.net"", ""category"": ""음식점>마라탕"", ""description"": NaN, ""telephone"": NaN, ""address"": ""서울특별시 마포구 상암동 1615 PARK-M 1층 7호, 8호"", ""roadAddress"": ""서울특별시 마포구 매봉산로 80 PARK-M 1층 7호, 8호"", ""mapx"": 1268942777, ""mapy"": 375787559, ""dong"": ""상암동"", ""category_keyword"": ""중식""}",2026-09-14T03:22:54.997129+00:00
af310451-09c5-5151-9f0f-b2882a8cd709,서룡,중식>중식당,서울특별시 마포구 상암동 1653 DMC이안오피스텔2단지 201호,서울특별시 마포구 월드컵북로 361 DMC이안오피스텔2단지 201호,37.5771471,126.8910675,https://www.instagram.com/seoryong40/,,,,['가족동반'],상암동,,,local,,"{""title"": ""서룡"", ""link"": ""https://www.instagram.com/seoryong40/"", ""category"": ""중식>중식당"", ""description"": NaN, ""telephone"": NaN, ""address"": ""서울특별시 마포구 상암동 1653 DMC이안오피스텔2단지 201호"", ""roadAddress"": ""서울특별시 마포구 월드컵북로 361 DMC이안오피스텔2단지 201호"", ""mapx"": 1268910675, ""mapy"": 375771471, ""dong"": ""상암동"", ""category_keyword"": ""중식""}",2026-09-14T03:22:54.997184+00:00
bf3e3d6b-cdee-5d30-b62c-dc27bc8ae550,용무있습니까 상암점,중식>중식당,서울특별시 마포구 상암동 1603 MBC몰파크 지하1층 B117호,서울특별시 마포구 성암로 267 MBC몰파크 지하1층 B117호,37.581058,126.8909867,,,,,['모임'],상암동,,,local,,"{""title"": ""용무있습니까 상암점"", ""link"": NaN, ""category"": ""중식>중식당"", ""description"": NaN, ""telephone"": NaN, ""address"": ""서울특별시 마포구 상암동 1603 MBC몰파크 지하1층 B117호"", ""roadAddress"": ""서울특별시 마포구 성암로 267 MBC몰파크 지하1층 B117호"", ""mapx"": 1268909867, ""mapy"": 375810580, ""dong"": ""상암동"", ""category_keyword"": ""중식""}",2026-09-14T03:22:54.997237+00:00
6249c47a-9ea6-5989-985a-ffa4633b4c89,짜장인MINI 상암DMC점,음식점>한식,서울특별시 마포구 상암동 1596 지1층 B105호,서울특별시 마포구 월드컵북로54길 25 지1층 B105호,37.5820926,126.8889847,,,,,[],상암동,,,local,,"{""title"": ""짜장인MINI 상암DMC점"", ""link"": NaN, ""category"": ""음식점>한식"", ""description"": NaN, ""telephone"": NaN, ""address"": ""서울특별시 마포구 상암동 1596 지1층 B105호"", ""roadAddress"": ""서울특별시 마포구 월드컵북로54길 25 지1층 B105호"", ""mapx"": 1268889847, ""mapy"": 375820926, ""dong"": ""상암동"", ""category_keyword"": ""중식""}",2026-09-14T03:22:54.997293+00:00
5901c8e1-a1bc-5069-ab99-82fccd368680,크라이치즈버거 상암점,음식점>양식>햄버거,"서울특별시 마포구 상암동 1610 B109, B110","서울특별시 마포구 매봉산로 75 B109, B110",37.5784869,126.8932948,https://www.youtube.com/watch?v=NQArVO7KBY8&t=287s,,,,['혼밥'],상암동,,,local,,"{""title"": ""크라이치즈버거 상암점"", ""link"": ""https://www.youtube.com/watch?v=NQArVO7KBY8&t=287s"", ""category"": ""음식점>양식>햄버거"", ""description"": NaN, ""telephone"": NaN, ""address"": ""서울특별시 마포구 상암동 1610 B109, B110"", ""roadAddress"": ""서울특별시 마포구 매봉산로 75 B109, B110"", ""mapx"": 1268932948, ""mapy"": 375784869, ""dong"": ""상암동"", ""category_keyword"": ""양식""}",2026-09-14T03:22:54.997349+00:00
28dfc060-bd52-5f79-a230-45b33d82d976,KFC 상암DMC,양식>햄버거,서울특별시 마포구 상암동 1605 누리꿈스퀘어 1층,서울특별시 마포구 월드컵북로 396 누리꿈스퀘어 1층,37.5793866,126.891318,https://www.kfckorea.com/,,,,"['데이트', '혼밥']",상암동,,,local,,"{""title"": ""KFC 상암DMC"", ""link"": ""https://www.kfckorea.com/"", ""category"": ""양식>햄버거"", ""description"": NaN, ""telephone"": NaN, ""address"": ""서울특별시 마포구 상암동 1605 누리꿈스퀘어 1층"", ""roadAddress"": ""서울특별시 마포구 월드컵북로 396 누리꿈스퀘어 1층"", ""mapx"": 1268913180, ""mapy"": 375793866, ""dong"": ""상암동"", ""category_keyword"": ""양식""}",2026-09-14T03:22:54.997402+00:00
0e3bd1b3-1a92-5347-9029-ea23dea7b3b0,파스타공작소,"이탈리아음식>스파게티,파스타전문",서울특별시 마포구 상암동 2-200 1층 102호,서울특별시 마포구 월드컵북로42가길 24 1층 102호,37.5753805,126.8970162,http://instagram.com/alfonso_pasta,,,,['데이트'],상암동,,,local,,"{""title"": ""파스타공작소"", ""link"": ""http://instagram.com/alfonso_pasta"", ""category"": ""이탈리아음식>스파게티,파스타전문"", ""description"": NaN, ""telephone"": NaN, ""address"": ""서울특별시 마포구 상암동 2-200 1층 102호"", ""roadAddress"": ""서울특별시 마포구 월드컵북로42가길 24 1층 102호"", ""mapx"": 1268970162, ""mapy"": 375753805, ""dong"": ""상암동"", ""category_keyword"": ""양식""}",2026-09-14T03:22:54.997456+00:00
a254cfd0-0e8e-572f-a523-33071c282379,미도인 상암엠비씨,음식점>양식,서울특별시 마포구 상암동 1603 지하1층 비110호,서울특별시 마포구 성암로 267 지하1층 비110호,37.5811234,126.890989,https://youtube.com/channel/UCxRWfLoFdwXyIU6_yq38uig?si=tpSW48w87J2hWl1f,,,,['모임'],상암동,,,local,,"{""title"": ""미도인 상암엠비씨"", ""link"": ""https://youtube.com/channel/UCxRWfLoFdwXyIU6_yq38uig?si=tpSW48w87J2hWl1f"", ""category"": ""음식점>양식"", ""description"": NaN, ""telephone"": NaN, ""address"": ""서울특별시 마포구 상암동 1603 지하1층 비110호"", ""roadAddress"": ""서울특별시 마포구 성암로 267 지하1층 비110호"", ""mapx"": 1268909890, ""mapy"": 375811234, ""dong"": ""상암동"", ""category_keyword"": ""양식""}",2026-09-14T03:22:54.997509+00:00
bb67fa72-0b5c-5e78-80f0-98309550b9e3,청담동마녀김밥 상암점,음식점>분식,서울특별시 마포구 상암동 1597 1층 105호,서울특별시 마포구 월드컵북로54길 17 1층 105호,37.581634,126.8883497,,,,,['혼밥'],상암동,,,local,,"{""title"": ""청담동마녀김밥 상암점"", ""link"": NaN, ""category"": ""음식점>분식"", ""description"": NaN, ""telephone"": NaN, ""address"": ""서울특별시 마포구 상암동 1597 1층 105호"", ""roadAddress"": ""서울특별시 마포구 월드컵북로54길 17 1층 105호"", ""mapx"": 1268883497, ""mapy"": 375816340, ""dong"": ""상암동"", ""category_keyword"": ""분식""}",2026-09-14T03:22:54.997563+00:00
ddc504c7-9421-5ddb-8e83-a4f24d6898bc,삼형제김밥 상암점,음식점>분식,서울특별시 마포구 상암동 1605 누리꿈스퀘어 지하1층 1029호,서울특별시 마포구 월드컵북로 396 누리꿈스퀘어 지하1층 1029호,37.5793418,126.889819,https://sambrosroll.com/,,,,['혼밥'],상암동,,,local,,"{""title"": ""삼형제김밥 상암점"", ""link"": ""https://sambrosroll.com/"", ""category"": ""음식점>분식"", ""description"": NaN, ""telephone"": NaN, ""address"": ""서울특별시 마포구 상암동 1605 누리꿈스퀘어 지하1층 1029호"", ""roadAddress"": ""서울특별시 마포구 월드컵북로 396 누리꿈스퀘어 지하1층 1029호"", ""mapx"": 1268898190, ""mapy"": 375793418, ""dong"": ""상암동"", ""category_keyword"": ""분식""}",2026-09-14T03:22:54.997625+00:00
2b03242f-61f9-5711-aa42-f377fe441fdc,여우애 김밥 상암DMC점,음식점>분식,서울특별시 마포구 상암동 1605 1층 110호,서울특별시 마포구 월드컵북로 396 1층 110호,37.5793419,126.889819,https://www.foxgimbab.co.kr/,,,,['혼밥'],상암동,,,local,,"{""title"": ""여우애 김밥 상암DMC점"", ""link"": ""https://www.foxgimbab.co.kr/"", ""category"": ""음식점>분식"", ""description"": NaN, ""telephone"": NaN, ""address"": ""서울특별시 마포구 상암동 1605 1층 110호"", ""roadAddress"": ""서울특별시 마포구 월드컵북로 396 1층 110호"", ""mapx"": 1268898190, ""mapy"": 375793419, ""dong"": ""상암동"", ""category_keyword"": ""분식""}",2026-09-14T03:22:54.997687+00:00
9dea3ffc-5ebf-5b77-bac6-db774dca0533,김밥천국,음식점>분식,서울특별시 마포구 상암동 1601 KGIT센터 1층 광장 김밥천국 상암 본점,서울특별시 마포구 월드컵북로 402 KGIT센터 1층 광장 김밥천국 상암 본점,37.5800853,126.8891204,,,,,['혼밥'],상암동,,,local,,"{""title"": ""김밥천국"", ""link"": NaN, ""category"": ""음식점>분식"", ""description"": NaN, ""telephone"": NaN, ""address"": ""서울특별시 마포구 상암동 1601 KGIT센터 1층 광장 김밥천국 상암 본점"", ""roadAddress"": ""서울특별시 마포구 월드컵북로 402 KGIT센터 1층 광장 김밥천국 상암 본점"", ""mapx"": 1268891204, ""mapy"": 375800853, ""dong"": ""상암동"", ""category_keyword"": ""분식""}",2026-09-14T03:22:54.997748+00:00
0095c0a6-3c1c-54d8-a225-99a1dedf4f06,김가네 상암푸르지오점,음식점>분식,서울특별시 마포구 상암동 1596,서울특별시 마포구 월드컵북로54길 25,37.5819916,126.8897316,https://blog.naver.com/gimkong7127,,,,['혼밥'],상암동,,,local,,"{""title"": ""김가네 상암푸르지오점"", ""link"": ""https://blog.naver.com/gimkong7127"", ""category"": ""음식점>분식"", ""description"": NaN, ""telephone"": NaN, ""address"": ""서울특별시 마포구 상암동 1596"", ""roadAddress"": ""서울특별시 마포구 월드컵북로54길 25"", ""mapx"": 1268897316, ""mapy"": 375819916, ""dong"": ""상암동"", ""category_keyword"": ""분식""}",2026-09-14T03:22:54.997810+00:00
4cfbce73-f294-5400-85b2-1a542cbe4237,런이트,"음식점>카페,디저트",서울특별시 마포구 상암동 11-8 2층,서울특별시 마포구 매봉산로2안길 12-9 2층,37.5780613,126.8942739,http://www.instagram.com/runit_roastery_cafe,,,,['데이트'],상암동,,,local,,"{""title"": ""런이트"", ""link"": ""http://www.instagram.com/runit_roastery_cafe"", ""category"": ""음식점>카페,디저트"", ""description"": NaN, ""telephone"": NaN, ""address"": ""서울특별시 마포구 상암동 11-8 2층"", ""roadAddress"": ""서울특별시 마포구 매봉산로2안길 12-9 2층"", ""mapx"": 1268942739, ""mapy"": 375780613, ""dong"": ""상암동"", ""category_keyword"": ""브런치""}",2026-09-14T03:22:54.997868+00:00
a7c0fd01-7990-5c00-b054-61788ff75c49,카페모임 마포상암,"음식점>카페,디저트",서울특별시 마포구 상암동 36-25 카페모임,서울특별시 마포구 월드컵북로50길 16 카페모임,37.5772841,126.8939745,https://www.instagram.com/cafemoim_dmc,,,,['모임'],상암동,,,local,,"{""title"": ""카페모임 마포상암"", ""link"": ""https://www.instagram.com/cafemoim_dmc"", ""category"": ""음식점>카페,디저트"", ""description"": NaN, ""telephone"": NaN, ""address"": ""서울특별시 마포구 상암동 36-25 카페모임"", ""roadAddress"": ""서울특별시 마포구 월드컵북로50길 16 카페모임"", ""mapx"": 1268939745, ""mapy"": 375772841, ""dong"": ""상암동"", ""category_keyword"": ""브런치""}",2026-09-14T03:22:54.997926+00:00
ae5ac534-a742-5524-af4a-5bee96aff1fa,탭샵바 상암MBC점,술집>와인,서울특별시 마포구 상암동 1604 mbc몰 플라자 1층 (올리브영 옆),서울특별시 마포구 성암로 255 mbc몰 플라자 1층 (올리브영 옆),37.5797003,126.8914645,https://www.instagram.com/tap.shop.bar/,,,,['감성적'],상암동,,,local,,"{""title"": ""탭샵바 상암MBC점"", ""link"": ""https://www.instagram.com/tap.shop.bar/"", ""category"": ""술집>와인"", ""description"": NaN, ""telephone"": NaN, ""address"": ""서울특별시 마포구 상암동 1604 mbc몰 플라자 1층 (올리브영 옆)"", ""roadAddress"": ""서울특별시 마포구 성암로 255 mbc몰 플라자 1층 (올리브영 옆)"", ""mapx"": 1268914645, ""mapy"": 375797003, ""dong"": ""상암동"", ""category_keyword"": ""브런치""}",2026-09-14T03:22:54.997987+00:00
b23eaf1c-11b6-5705-ac13-3f4e353685c3,프롬커피바 상암점,"음식점>카페,디저트",서울특별시 마포구 상암동 1653 이안오피스텔 2단지 1층 프롬커피바 상암점,서울특별시 마포구 월드컵북로 361 이안오피스텔 2단지 1층 프롬커피바 상암점,37.5770913,126.8910302,https://fromcoffeebar.com/index.html,,,,"['감성적', '사진맛집']",상암동,,,local,,"{""title"": ""프롬커피바 상암점"", ""link"": ""https://fromcoffeebar.com/index.html"", ""category"": ""음식점>카페,디저트"", ""description"": NaN, ""telephone"": NaN, ""address"": ""서울특별시 마포구 상암동 1653 이안오피스텔 2단지 1층 프롬커피바 상암점"", ""roadAddress"": ""서울특별시 마포구 월드컵북로 361 이안오피스텔 2단지 1층 프롬커피바 상암점"", ""mapx"": 1268910302, ""mapy"": 375770913, ""dong"": ""상암동"", ""category_keyword"": ""브런치""}",2026-09-14T03:22:54.998047+00:00
53eb6eee-25e2-5b0c-b256-c9f345a7ca5f,버거리 상암DMC점,음식점>양식>햄버거,서울특별시 마포구 상암동 1597 사보이시티디엠씨 212호,서울특별시 마포구 월드컵북로54길 17 사보이시티디엠씨 212호,37.5812993,126.8889619,http://burgerry.co.kr/,,,,"['데이트', '혼밥']",상암동,,,local,,"{""title"": ""버거리 상암DMC점"", ""link"": ""http://burgerry.co.kr/"", ""category"": ""음식점>양식>햄버거"", ""description"": NaN, ""telephone"": NaN, ""address"": ""서울특별시 마포구 상암동 1597 사보이시티디엠씨 212호"", ""roadAddress"": ""서울특별시 마포구 월드컵북로54길 17 사보이시티디엠씨 212호"", ""mapx"": 1268889619, ""mapy"": 375812993, ""dong"": ""상암동"", ""category_keyword"": ""브런치""}",2026-09-14T03:22:54.998105+00:00
ce73640c-09e7-50d9-a029-04d26177f4b9,축제나우,"지원,대행>전시,행사대행",서울특별시 마포구 대흥동 774 대흥빌딩 2층,서울특별시 마포구 큰우물로 16 대흥빌딩 2층,37.5444376,126.9410427,,,,,[],대흥동,,,local,,"{""title"": ""축제나우"", ""link"": NaN, ""category"": ""지원,대행>전시,행사대행"", ""description"": NaN, ""telephone"": NaN, ""address"": ""서울특별시 마포구 대흥동 774 대흥빌딩 2층"", ""roadAddress"": ""서울특별시 마포구 큰우물로 16 대흥빌딩 2층"", ""mapx"": 1269410427, ""mapy"": 375444376, ""dong"": ""대흥동"", ""category_keyword"": ""전시""}",2026-09-14T03:22:54.998165+00:00
7995fe18-5e80-5bc2-ad4c-66986edd611b,잠두봉더나인,"한식>육류,고기요리",서울특별시 마포구 합정동 352-6,서울특별시 마포구 마포나루길 582,37.5450323,126.9083762,https://blog.naver.com/the9bongbong,,,,['사진맛집'],합정동,,,local,,"{""title"": ""잠두봉더나인"", ""link"": ""https://blog.naver.com/the9bongbong"", ""category"": ""한식>육류,고기요리"", ""description"": NaN, ""telephone"": NaN, ""address"": ""서울특별시 마포구 합정동 352-6"", ""roadAddress"": ""서울특별시 마포구 마포나루길 582"", ""mapx"": 1269083762, ""mapy"": 375450323, ""dong"": ""합정동"", ""category_keyword"": ""루프탑""}",2026-09-14T03:22:54.998225+00:00
3826a7de-9396-5979-9286-e4ff7c672b9d,플러피 베이크샵,"음식점>카페,디저트",서울특별시 마포구 공덕동 479 2동 상가 1층 106호,서울특별시 마포구 백범로31길 8 2동 상가 1층 106호,37.5451725,126.9497848,https://www.instagram.com/fluffy.bakeshop,,,,"['감성적', '사진맛집']",공덕동,,,local,,"{""title"": ""플러피 베이크샵"", ""link"": ""https://www.instagram.com/fluffy.bakeshop"", ""category"": ""음식점>카페,디저트"", ""description"": NaN, ""telephone"": NaN, ""address"": ""서울특별시 마포구 공덕동 479 2동 상가 1층 106호"", ""roadAddress"": ""서울특별시 마포구 백범로31길 8 2동 상가 1층 106호"", ""mapx"": 1269497848, ""mapy"": 375451725, ""dong"": ""공덕동"", ""category_keyword"": ""카페""}",2026-09-14T03:22:54.998288+00:00
921cabbb-f88e-5544-81a7-7d4e0fb46fc7,플디 케이크하우스 공덕점,"카페,디저트>케이크전문",서울특별시 마포구 공덕동 476 제201동 1층 17호,서울특별시 마포구 백범로 152 제201동 1층 17호,37.5451646,126.9471461,https://www.instagram.com/plate_d_?igsh=MTY5MHZqbTR3cGRyOA==,,,,"['사진맛집', '감성적']",공덕동,,,local,,"{""title"": ""플디 케이크하우스 공덕점"", ""link"": ""https://www.instagram.com/plate_d_?igsh=MTY5MHZqbTR3cGRyOA=="", ""category"": ""카페,디저트>케이크전문"", ""description"": NaN, ""telephone"": NaN, ""address"": ""서울특별시 마포구 공덕동 476 제201동 1층 17호"", ""roadAddress"": ""서울특별시 마포구 백범로 152 제201동 1층 17호"", ""mapx"": 1269471461, ""mapy"": 375451646, ""dong"": ""공덕동"", ""category_keyword"": ""카페""}",2026-09-14T03:22:54.998347+00:00
ef5fa0de-f852-5bc8-967c-91cf64924929,영앤도터스 공덕점,"카페,디저트>카페",서울특별시 마포구 공덕동 475 푸르지오시티 1층 107호,서울특별시 마포구 마포대로 156 푸르지오시티 1층 107호,37.5481367,126.9543574,http://www.youngndaughters.com,,,,"['감성적', '사진맛집']",공덕동,,,local,,"{""title"": ""영앤도터스 공덕점"", ""link"": ""http://www.youngndaughters.com"", ""category"": ""카페,디저트>카페"", ""description"": NaN, ""telephone"": NaN, ""address"": ""서울특별시 마포구 공덕동 475 푸르지오시티 1층 107호"", ""roadAddress"": ""서울특별시 마포구 마포대로 156 푸르지오시티 1층 107호"", ""mapx"": 1269543574, ""mapy"": 375481367, ""dong"": ""공덕동"", ""category_keyword"": ""브런치카페""}",2026-09-14T03:22:54.998405+00:00
8893d7ea-78d8-51dd-8136-e48e88344b2a,스트라다로스터스 공덕점,"음식점>카페,디저트",서울특별시 마포구 공덕동 242-86 1층,서울특별시 마포구 마포대로8길 35 1층,37.5460266,126.9549509,http://m.smartstore.naver.com/strd,,,,"['감성적', '사진맛집']",공덕동,,,local,,"{""title"": ""스트라다로스터스 공덕점"", ""link"": ""http://m.smartstore.naver.com/strd"", ""category"": ""음식점>카페,디저트"", ""description"": NaN, ""telephone"": NaN, ""address"": ""서울특별시 마포구 공덕동 242-86 1층"", ""roadAddress"": ""서울특별시 마포구 마포대로8길 35 1층"", ""mapx"": 1269549509, ""mapy"": 375460266, ""dong"": ""공덕동"", ""category_keyword"": ""브런치카페""}",2026-09-14T03:22:54.998462+00:00
41b6294d-5ca5-5fab-b4d7-9485f02584cd,크리핀,"음식점>카페,디저트",서울특별시 마포구 공덕동 476 102동 1호 크리핀,서울특별시 마포구 백범로 152 102동 1호 크리핀,37.5449509,126.9479323,,,,,['모임'],공덕동,,,local,,"{""title"": ""크리핀"", ""link"": NaN, ""category"": ""음식점>카페,디저트"", ""description"": NaN, ""telephone"": NaN, ""address"": ""서울특별시 마포구 공덕동 476 102동 1호 크리핀"", ""roadAddress"": ""서울특별시 마포구 백범로 152 102동 1호 크리핀"", ""mapx"": 1269479323, ""mapy"": 375449509, ""dong"": ""공덕동"", ""category_keyword"": ""브런치카페""}",2026-09-14T03:22:54.998519+00:00
f1251a99-128e-51c6-971b-f0beb91c58c3,쌀베베 공덕점,"카페,디저트>베이글",서울특별시 마포구 공덕동 476 201동1층11호,서울특별시 마포구 백범로 152 201동1층11호,37.5452333,126.9469041,https://blog.naver.com/ssalbebe,,,,"['혼밥', '감성적', '사진맛집']",공덕동,,,local,,"{""title"": ""쌀베베 공덕점"", ""link"": ""https://blog.naver.com/ssalbebe"", ""category"": ""카페,디저트>베이글"", ""description"": NaN, ""telephone"": NaN, ""address"": ""서울특별시 마포구 공덕동 476 201동1층11호"", ""roadAddress"": ""서울특별시 마포구 백범로 152 201동1층11호"", ""mapx"": 1269469041, ""mapy"": 375452333, ""dong"": ""공덕동"", ""category_keyword"": ""브런치카페""}",2026-09-14T03:22:54.998577+00:00
eae657ff-b7ac-53e7-b334-cd96b168ff88,Staywell cafe,음식점>브런치,서울특별시 마포구 공덕동 476 101동 1층 12호,서울특별시 마포구 백범로 152 101동 1층 12호,37.5447804,126.9480765,http://instagram.com/s.wellcafe,,,,['모임'],공덕동,,,local,,"{""title"": ""Staywell cafe"", ""link"": ""http://instagram.com/s.wellcafe"", ""category"": ""음식점>브런치"", ""description"": NaN, ""telephone"": NaN, ""address"": ""서울특별시 마포구 공덕동 476 101동 1층 12호"", ""roadAddress"": ""서울특별시 마포구 백범로 152 101동 1층 12호"", ""mapx"": 1269480765, ""mapy"": 375447804, ""dong"": ""공덕동"", ""category_keyword"": ""브런치카페""}",2026-09-14T03:22:54.998643+00:00
a4a694b0-e898-561d-a73c-b7eb1c961c4c,포멜로빈 공덕점,"음식점>카페,디저트",서울특별시 마포구 공덕동 478 102동 상가 7-1호,서울특별시 마포구 백범로 170 102동 상가 7-1호,37.5444288,126.9486203,https://pomellowbean.com/,,,,"['감성적', '사진맛집']",공덕동,,,local,,"{""title"": ""포멜로빈 공덕점"", ""link"": ""https://pomellowbean.com/"", ""category"": ""음식점>카페,디저트"", ""description"": NaN, ""telephone"": NaN, ""address"": ""서울특별시 마포구 공덕동 478 102동 상가 7-1호"", ""roadAddress"": ""서울특별시 마포구 백범로 170 102동 상가 7-1호"", ""mapx"": 1269486203, ""mapy"": 375444288, ""dong"": ""공덕동"", ""category_keyword"": ""베이커리카페""}",2026-09-14T03:22:54.998705+00:00
086a7754-2e1d-5cd2-9609-149b225e51ae,수더분,"카페,디저트>베이커리",서울특별시 마포구 공덕동 476 202동 상가 이면도로,서울특별시 마포구 백범로 152 202동 상가 이면도로,37.5454187,126.9467534,https://www.instagram.com/suderboon,,,,"['예약필수', '웨이팅있음']",공덕동,,,local,,"{""title"": ""수더분"", ""link"": ""https://www.instagram.com/suderboon"", ""category"": ""카페,디저트>베이커리"", ""description"": NaN, ""telephone"": NaN, ""address"": ""서울특별시 마포구 공덕동 476 202동 상가 이면도로"", ""roadAddress"": ""서울특별시 마포구 백범로 152 202동 상가 이면도로"", ""mapx"": 1269467534, ""mapy"": 375454187, ""dong"": ""공덕동"", ""category_keyword"": ""베이커리카페""}",2026-09-14T03:22:54.998765+00:00
9940559f-c87b-5e9a-a0f7-eecf12270a7d,다녹,"카페,디저트>아이스크림",서울특별시 마포구 공덕동 476 101동 1층 14호,서울특별시 마포구 백범로 152 101동 1층 14호,37.5447021,126.9481344,https://www.instagram.com/danoc_gelato,,,,['웨이팅있음'],공덕동,,,local,,"{""title"": ""다녹"", ""link"": ""https://www.instagram.com/danoc_gelato"", ""category"": ""카페,디저트>아이스크림"", ""description"": NaN, ""telephone"": NaN, ""address"": ""서울특별시 마포구 공덕동 476 101동 1층 14호"", ""roadAddress"": ""서울특별시 마포구 백범로 152 101동 1층 14호"", ""mapx"": 1269481344, ""mapy"": 375447021, ""dong"": ""공덕동"", ""category_keyword"": ""애견동반카페""}",2026-09-14T03:22:54.998832+00:00
1691590c-cb7d-5e91-9650-2587b93c9e0d,이너커피공덕,"음식점>카페,디저트","서울특별시 마포구 공덕동 476 102동 1층 23, 24호","서울특별시 마포구 백범로 152 102동 1층 23, 24호",37.5447956,126.9478316,https://www.instagram.com/iner_coffee,,,,"['감성적', '사진맛집']",공덕동,,,local,,"{""title"": ""이너커피공덕"", ""link"": ""https://www.instagram.com/iner_coffee"", ""category"": ""음식점>카페,디저트"", ""description"": NaN, ""telephone"": NaN, ""address"": ""서울특별시 마포구 공덕동 476 102동 1층 23, 24호"", ""roadAddress"": ""서울특별시 마포구 백범로 152 102동 1층 23, 24호"", ""mapx"": 1269478316, ""mapy"": 375447956, ""dong"": ""공덕동"", ""category_keyword"": ""애견동반카페""}",2026-09-14T03:22:54.998893+00:00
08a95adf-b882-514f-807f-2f2a2166f55d,베로커피,"카페,디저트>카페",서울특별시 마포구 공덕동 476 101동1층 13호,서울특별시 마포구 백범로 152 101동1층 13호,37.5447239,126.9480188,https://www.instagram.com/verocoffee__,,,,"['감성적', '사진맛집']",공덕동,,,local,,"{""title"": ""베로커피"", ""link"": ""https://www.instagram.com/verocoffee__"", ""category"": ""카페,디저트>카페"", ""description"": NaN, ""telephone"": NaN, ""address"": ""서울특별시 마포구 공덕동 476 101동1층 13호"", ""roadAddress"": ""서울특별시 마포구 백범로 152 101동1층 13호"", ""mapx"": 1269480188, ""mapy"": 375447239, ""dong"": ""공덕동"", ""category_keyword"": ""애견동반카페""}",2026-09-14T03:22:54.998951+00:00
56a08689-233f-5697-8be0-8b8a325d2a6c,카페미우,"음식점>카페,디저트",서울특별시 용산구 도원동 1-36 1층,서울특별시 용산구 새창로14길 7 1층,37.5391562,126.9584809,http://www.instagram.com/cafe.miwo0,,,,"['감성적', '사진맛집']",공덕동,,,local,,"{""title"": ""<b>카페</b>미우"", ""link"": ""http://www.instagram.com/cafe.miwo0"", ""category"": ""음식점>카페,디저트"", ""description"": NaN, ""telephone"": NaN, ""address"": ""서울특별시 용산구 도원동 1-36 1층"", ""roadAddress"": ""서울특별시 용산구 새창로14길 7 1층"", ""mapx"": 1269584809, ""mapy"": 375391562, ""dong"": ""공덕동"", ""category_keyword"": ""애견동반카페""}",2026-09-14T03:22:54.999071+00:00
2aba61bc-8f7b-5393-91d8-e91fc01dd978,우수,"한식>육류,고기요리",서울특별시 마포구 공덕동 467 롯데캐슬프레지던트 상가 지하2층 201호,서울특별시 마포구 마포대로 109 롯데캐슬프레지던트 상가 지하2층 201호,37.5446186,126.9503453,https://app.catchtable.co.kr/ct/shop/woosoo_?from=share&type=DINING,,,,"['모임', '가족동반']",공덕동,,,local,,"{""title"": ""우수"", ""link"": ""https://app.catchtable.co.kr/ct/shop/woosoo_?from=share&type=DINING"", ""category"": ""한식>육류,고기요리"", ""description"": NaN, ""telephone"": NaN, ""address"": ""서울특별시 마포구 공덕동 467 롯데캐슬프레지던트 상가 지하2층 201호"", ""roadAddress"": ""서울특별시 마포구 마포대로 109 롯데캐슬프레지던트 상가 지하2층 201호"", ""mapx"": 1269503453, ""mapy"": 375446186, ""dong"": ""공덕동"", ""category_keyword"": ""맛집""}",2026-09-14T03:22:54.999132+00:00
0590d025-cb9f-5e97-8d3a-e58ae02b4b2c,호랭이곳간 공덕점,음식점>한식,서울특별시 마포구 공덕동 249-25 1층 101호 호랭이곳간,서울특별시 마포구 마포대로8길 13 1층 101호 호랭이곳간,37.5464213,126.953975,https://tigerhouse.kr/,,,,['혼밥'],공덕동,,,local,,"{""title"": ""호랭이곳간 공덕점"", ""link"": ""https://tigerhouse.kr/"", ""category"": ""음식점>한식"", ""description"": NaN, ""telephone"": NaN, ""address"": ""서울특별시 마포구 공덕동 249-25 1층 101호 호랭이곳간"", ""roadAddress"": ""서울특별시 마포구 마포대로8길 13 1층 101호 호랭이곳간"", ""mapx"": 1269539750, ""mapy"": 375464213, ""dong"": ""공덕동"", ""category_keyword"": ""맛집""}",2026-09-14T03:22:54.999195+00:00
d6658e77-b052-56e4-a991-94ce8792ed75,모던샤브하우스 공덕점,음식점>일식>샤브샤브,서울특별시 마포구 공덕동 471 에쓰오일 빌딩 23층,서울특별시 마포구 백범로 192 에쓰오일 빌딩 23층,37.5432733,126.9515701,https://app.catchtable.co.kr/ct/shop/modernshabu_gongdeok,,,,"['모임', '가족동반']",공덕동,,,local,,"{""title"": ""모던샤브하우스 공덕점"", ""link"": ""https://app.catchtable.co.kr/ct/shop/modernshabu_gongdeok"", ""category"": ""음식점>일식>샤브샤브"", ""description"": NaN, ""telephone"": NaN, ""address"": ""서울특별시 마포구 공덕동 471 에쓰오일 빌딩 23층"", ""roadAddress"": ""서울특별시 마포구 백범로 192 에쓰오일 빌딩 23층"", ""mapx"": 1269515701, ""mapy"": 375432733, ""dong"": ""공덕동"", ""category_keyword"": ""맛집""}",2026-09-14T03:22:54.999254+00:00
33f94f7a-e44e-545a-b6b8-8af7aa0be5d5,서리원 마포본점,음식점>한식,서울특별시 마포구 공덕동 463 현대하이엘오피스텔 지하1층 B123~B125호,서울특별시 마포구 마포대로 173 현대하이엘오피스텔 지하1층 B123~B125호,37.5497932,126.954449,https://app.catchtable.co.kr/ct/shop/seoriwon,,,,[],공덕동,,,local,,"{""title"": ""서리원 마포본점"", ""link"": ""https://app.catchtable.co.kr/ct/shop/seoriwon"", ""category"": ""음식점>한식"", ""description"": NaN, ""telephone"": NaN, ""address"": ""서울특별시 마포구 공덕동 463 현대하이엘오피스텔 지하1층 B123~B125호"", ""roadAddress"": ""서울특별시 마포구 마포대로 173 현대하이엘오피스텔 지하1층 B123~B125호"", ""mapx"": 1269544490, ""mapy"": 375497932, ""dong"": ""공덕동"", ""category_keyword"": ""한식""}",2026-09-14T03:22:54.999316+00:00
f2616a36-cef2-5635-9fe6-2a9df24f1aac,토우슈,음식점>일식>일식당,서울특별시 마포구 공덕동 476 201동 1층 4호,서울특별시 마포구 백범로 152 201동 1층 4호,37.5453872,126.947041,https://app.catchtable.co.kr/ct/shop/toushu?from=share&type=DINING,,,,['감성적'],공덕동,,,local,,"{""title"": ""토우슈"", ""link"": ""https://app.catchtable.co.kr/ct/shop/toushu?from=share&type=DINING"", ""category"": ""음식점>일식>일식당"", ""description"": NaN, ""telephone"": NaN, ""address"": ""서울특별시 마포구 공덕동 476 201동 1층 4호"", ""roadAddress"": ""서울특별시 마포구 백범로 152 201동 1층 4호"", ""mapx"": 1269470410, ""mapy"": 375453872, ""dong"": ""공덕동"", ""category_keyword"": ""일식""}",2026-09-14T03:22:54.999368+00:00
a3286e07-a37c-522f-8a38-17428163a2ca,하노루,음식점>일식>돈가스,서울특별시 마포구 공덕동 242-73 1층,서울특별시 마포구 마포대로10길 11 1층,37.5472732,126.9543396,,,,,"['웨이팅있음', '모임', '혼밥']",공덕동,,,local,,"{""title"": ""하노루"", ""link"": NaN, ""category"": ""음식점>일식>돈가스"", ""description"": NaN, ""telephone"": NaN, ""address"": ""서울특별시 마포구 공덕동 242-73 1층"", ""roadAddress"": ""서울특별시 마포구 마포대로10길 11 1층"", ""mapx"": 1269543396, ""mapy"": 375472732, ""dong"": ""공덕동"", ""category_keyword"": ""일식""}",2026-09-14T03:22:54.999421+00:00
22143823-bb75-53ae-99cf-ccae9f7e8b08,돈카츠 준,음식점>일식>돈가스,서울특별시 마포구 신공덕동 172 펜트라우스 101동 b226호,서울특별시 마포구 백범로 205 펜트라우스 101동 b226호,37.5442238,126.954155,https://www.instagram.com/tonkatsu_jun/,,,,"['가족동반', '웨이팅있음']",공덕동,,,local,,"{""title"": ""돈카츠 준"", ""link"": ""https://www.instagram.com/tonkatsu_jun/"", ""category"": ""음식점>일식>돈가스"", ""description"": NaN, ""telephone"": NaN, ""address"": ""서울특별시 마포구 신공덕동 172 펜트라우스 101동 b226호"", ""roadAddress"": ""서울특별시 마포구 백범로 205 펜트라우스 101동 b226호"", ""mapx"": 1269541550, ""mapy"": 375442238, ""dong"": ""공덕동"", ""category_keyword"": ""일식""}",2026-09-14T03:22:54.999472+00:00
326257ba-8323-5401-a6c9-a3a42c7feaac,신성각,중식>중식당,서울특별시 마포구 신공덕동 2-463,서울특별시 마포구 임정로 55-1,37.544725,126.9577875,,,,,['모임'],공덕동,,,local,,"{""title"": ""신성각"", ""link"": NaN, ""category"": ""중식>중식당"", ""description"": NaN, ""telephone"": NaN, ""address"": ""서울특별시 마포구 신공덕동 2-463"", ""roadAddress"": ""서울특별시 마포구 임정로 55-1"", ""mapx"": 1269577875, ""mapy"": 375447250, ""dong"": ""공덕동"", ""category_keyword"": ""중식""}",2026-09-14T03:22:54.999524+00:00
791bee8e-c5a2-5e89-ab14-b58c4fec93ca,명원,중식>중식당,서울특별시 마포구 공덕동 252-5 지1층,서울특별시 마포구 마포대로 144 지1층,37.5469842,126.9537474,,,,,['모임'],공덕동,,,local,,"{""title"": ""명원"", ""link"": NaN, ""category"": ""중식>중식당"", ""description"": NaN, ""telephone"": NaN, ""address"": ""서울특별시 마포구 공덕동 252-5 지1층"", ""roadAddress"": ""서울특별시 마포구 마포대로 144 지1층"", ""mapx"": 1269537474, ""mapy"": 375469842, ""dong"": ""공덕동"", ""category_keyword"": ""중식""}",2026-09-14T03:22:54.999576+00:00
bfdccf58-3fdc-5998-afdd-b810e0135beb,화림,중식>중식당,서울특별시 마포구 공덕동 469 공덕래미안5차 상가 104호,서울특별시 마포구 마포대로 173-15 공덕래미안5차 상가 104호,37.5504279,126.9529156,,,,,['모임'],공덕동,,,local,,"{""title"": ""화림"", ""link"": NaN, ""category"": ""중식>중식당"", ""description"": NaN, ""telephone"": NaN, ""address"": ""서울특별시 마포구 공덕동 469 공덕래미안5차 상가 104호"", ""roadAddress"": ""서울특별시 마포구 마포대로 173-15 공덕래미안5차 상가 104호"", ""mapx"": 1269529156, ""mapy"": 375504279, ""dong"": ""공덕동"", ""category_keyword"": ""중식""}",2026-09-14T03:22:54.999627+00:00
0a31b37f-ae23-52b7-a8a4-1a09e814eaff,승환이네,중식>중식당,서울특별시 마포구 공덕동 256-5,서울특별시 마포구 마포대로6길 16,37.5454802,126.9532151,,,,,['모임'],공덕동,,,local,,"{""title"": ""승환이네"", ""link"": NaN, ""category"": ""중식>중식당"", ""description"": NaN, ""telephone"": NaN, ""address"": ""서울특별시 마포구 공덕동 256-5"", ""roadAddress"": ""서울특별시 마포구 마포대로6길 16"", ""mapx"": 1269532151, ""mapy"": 375454802, ""dong"": ""공덕동"", ""category_keyword"": ""중식""}",2026-09-14T03:22:54.999684+00:00
798b2a5a-152d-5275-ae05-2da3f62f41d1,청명,중식>중식당,서울특별시 마포구 공덕동 242-4 1층,서울특별시 마포구 마포대로12길 34 1층,37.5474425,126.9547452,,,,,['모임'],공덕동,,,local,,"{""title"": ""청명"", ""link"": NaN, ""category"": ""중식>중식당"", ""description"": NaN, ""telephone"": NaN, ""address"": ""서울특별시 마포구 공덕동 242-4 1층"", ""roadAddress"": ""서울특별시 마포구 마포대로12길 34 1층"", ""mapx"": 1269547452, ""mapy"": 375474425, ""dong"": ""공덕동"", ""category_keyword"": ""중식""}",2026-09-14T03:22:54.999739+00:00
b3e82e34-d2ea-5caf-85cb-f01688f05b86,VIVO PIZZA 공덕점,음식점>양식,서울특별시 마포구 공덕동 476 제201동 1층 15호,서울특별시 마포구 백범로 152 제201동 1층 15호,37.5451415,126.9471026,https://app.catchtable.co.kr/ct/shop/Vivopizza?from=share&type=DINING,,,,['모임'],공덕동,,,local,,"{""title"": ""VIVO PIZZA 공덕점"", ""link"": ""https://app.catchtable.co.kr/ct/shop/Vivopizza?from=share&type=DINING"", ""category"": ""음식점>양식"", ""description"": NaN, ""telephone"": NaN, ""address"": ""서울특별시 마포구 공덕동 476 제201동 1층 15호"", ""roadAddress"": ""서울특별시 마포구 백범로 152 제201동 1층 15호"", ""mapx"": 1269471026, ""mapy"": 375451415, ""dong"": ""공덕동"", ""category_keyword"": ""양식""}",2026-09-14T03:22:54.999800+00:00
be0addf8-cdd8-57f3-85d6-0ef77a9c7eb1,경성떡볶이,분식>종합분식,서울특별시 마포구 신공덕동 13-2 1층,서울특별시 마포구 만리재옛길 18 1층,37.5455906,126.9551422,,,,,['혼밥'],공덕동,,,local,,"{""title"": ""경성떡볶이"", ""link"": NaN, ""category"": ""분식>종합분식"", ""description"": NaN, ""telephone"": NaN, ""address"": ""서울특별시 마포구 신공덕동 13-2 1층"", ""roadAddress"": ""서울특별시 마포구 만리재옛길 18 1층"", ""mapx"": 1269551422, ""mapy"": 375455906, ""dong"": ""공덕동"", ""category_keyword"": ""분식""}",2026-09-14T03:22:54.999860+00:00
0809ce8f-e4d2-57ce-b4d9-66455e0a719d,삼청당 공덕점,음식점>분식,서울특별시 마포구 공덕동 479 2동 1층 103호,서울특별시 마포구 백범로31길 8 2동 1층 103호,37.5451958,126.9498817,,,,,['혼밥'],공덕동,,,local,,"{""title"": ""삼청당 공덕점"", ""link"": NaN, ""category"": ""음식점>분식"", ""description"": NaN, ""telephone"": NaN, ""address"": ""서울특별시 마포구 공덕동 479 2동 1층 103호"", ""roadAddress"": ""서울특별시 마포구 백범로31길 8 2동 1층 103호"", ""mapx"": 1269498817, ""mapy"": 375451958, ""dong"": ""공덕동"", ""category_keyword"": ""분식""}",2026-09-14T03:22:54.999923+00:00
836ba7fa-ca01-5921-ac28-a9dab4ef553b,모먼트델리샵,음식점>양식,서울특별시 마포구 공덕동 210-1 1층 102호,서울특별시 마포구 마포대로11길 39 1층 102호,37.5490651,126.9520303,,,,,['데이트'],공덕동,,,local,,"{""title"": ""모먼트델리샵"", ""link"": NaN, ""category"": ""음식점>양식"", ""description"": NaN, ""telephone"": NaN, ""address"": ""서울특별시 마포구 공덕동 210-1 1층 102호"", ""roadAddress"": ""서울특별시 마포구 마포대로11길 39 1층 102호"", ""mapx"": 1269520303, ""mapy"": 375490651, ""dong"": ""공덕동"", ""category_keyword"": ""브런치""}",2026-09-14T03:22:54.999985+00:00
c051ac39-0408-5d2c-90d9-df756079f781,3.5cm왕소금구이,"한식>육류,고기요리",서울특별시 마포구 공덕동 110-22,서울특별시 마포구 만리재옛길 54-1,37.5484351,126.9574604,,,,,['데이트'],공덕동,,,local,,"{""title"": ""3.5cm왕소금구이"", ""link"": NaN, ""category"": ""한식>육류,고기요리"", ""description"": NaN, ""telephone"": NaN, ""address"": ""서울특별시 마포구 공덕동 110-22"", ""roadAddress"": ""서울특별시 마포구 만리재옛길 54-1"", ""mapx"": 1269574604, ""mapy"": 375484351, ""dong"": ""공덕동"", ""category_keyword"": ""고깃집""}",2026-09-14T03:22:55.000037+00:00
39ecb7b6-d1ef-58de-9a3c-93d1ea68e33e,영동숯불집,"한식>육류,고기요리",서울특별시 마포구 공덕동 255-23 1층 영동숯불집,서울특별시 마포구 만리재로1길 5 1층 영동숯불집,37.5446798,126.9522672,,,,,"['모임', '가족동반']",공덕동,,,local,,"{""title"": ""영동숯불집"", ""link"": NaN, ""category"": ""한식>육류,고기요리"", ""description"": NaN, ""telephone"": NaN, ""address"": ""서울특별시 마포구 공덕동 255-23 1층 영동숯불집"", ""roadAddress"": ""서울특별시 마포구 만리재로1길 5 1층 영동숯불집"", ""mapx"": 1269522672, ""mapy"": 375446798, ""dong"": ""공덕동"", ""category_keyword"": ""고깃집""}",2026-09-14T03:22:55.000087+00:00
0f9ec7b1-a627-51fd-8f14-396d253e966f,야키니쿠 찰나,"한식>육류,고기요리",서울특별시 마포구 공덕동 478 102동 1층 11호,서울특별시 마포구 백범로 170 102동 1층 11호,37.5443124,126.9488847,https://catchtable.co.kr/moment,,,,['감성적'],공덕동,,,local,,"{""title"": ""야키니쿠 찰나"", ""link"": ""https://catchtable.co.kr/moment"", ""category"": ""한식>육류,고기요리"", ""description"": NaN, ""telephone"": NaN, ""address"": ""서울특별시 마포구 공덕동 478 102동 1층 11호"", ""roadAddress"": ""서울특별시 마포구 백범로 170 102동 1층 11호"", ""mapx"": 1269488847, ""mapy"": 375443124, ""dong"": ""공덕동"", ""category_keyword"": ""고깃집""}",2026-09-14T03:22:55.000142+00:00
25c1a4d7-387a-5f2e-8ffc-241b6aa3609b,화이트리에 공덕점,"음식점>카페,디저트>베이커리",서울특별시 마포구 아현동 275-2 지1층 B104호,서울특별시 마포구 마포대로 231 지1층 B104호,37.5546427,126.956622,,,,,"['감성적', '사진맛집']",아현동,,,local,,"{""title"": ""화이트리에 공덕점"", ""link"": NaN, ""category"": ""음식점>카페,디저트>베이커리"", ""description"": NaN, ""telephone"": NaN, ""address"": ""서울특별시 마포구 아현동 275-2 지1층 B104호"", ""roadAddress"": ""서울특별시 마포구 마포대로 231 지1층 B104호"", ""mapx"": 1269566220, ""mapy"": 375546427, ""dong"": ""아현동"", ""category_keyword"": ""카페""}",2026-09-14T03:22:55.000200+00:00
fea799ba-7604-568e-82be-41e9e17262dc,카페 테바,"음식점>카페,디저트",서울특별시 마포구 아현동 737 102호,서울특별시 마포구 마포대로 204 102호,37.5522313,126.9566365,,,,,"['감성적', '사진맛집']",아현동,,,local,,"{""title"": ""<b>카페</b> 테바"", ""link"": NaN, ""category"": ""음식점>카페,디저트"", ""description"": NaN, ""telephone"": NaN, ""address"": ""서울특별시 마포구 아현동 737 102호"", ""roadAddress"": ""서울특별시 마포구 마포대로 204 102호"", ""mapx"": 1269566365, ""mapy"": 375522313, ""dong"": ""아현동"", ""category_keyword"": ""카페""}",2026-09-14T03:22:55.000256+00:00
e4944d04-2e50-52e9-b69b-05f4a4e2a6ac,삼정카페,"음식점>카페,디저트",서울특별시 용산구 청파동3가 132-48 삼정카페,서울특별시 용산구 효창원로 172 삼정카페,37.5433895,126.9625238,https://booking.naver.com/booking/6/bizes/308195,,,,"['감성적', '사진맛집']",아현동,,,local,,"{""title"": ""삼정<b>카페</b>"", ""link"": ""https://booking.naver.com/booking/6/bizes/308195"", ""category"": ""음식점>카페,디저트"", ""description"": NaN, ""telephone"": NaN, ""address"": ""서울특별시 용산구 청파동3가 132-48 삼정카페"", ""roadAddress"": ""서울특별시 용산구 효창원로 172 삼정카페"", ""mapx"": 1269625238, ""mapy"": 375433895, ""dong"": ""아현동"", ""category_keyword"": ""브런치카페""}",2026-09-14T03:22:55.000312+00:00
b9007876-e1dc-5674-9702-2104d404fcca,커피루소 정동,"음식점>카페,디저트",서울특별시 중구 정동 17-4 1층,서울특별시 중구 정동길 17 1층,37.567033,126.9705929,https://smartstore.naver.com/lussolab,,,,"['감성적', '사진맛집']",아현동,,,local,,"{""title"": ""커피루소 정동"", ""link"": ""https://smartstore.naver.com/lussolab"", ""category"": ""음식점>카페,디저트"", ""description"": NaN, ""telephone"": NaN, ""address"": ""서울특별시 중구 정동 17-4 1층"", ""roadAddress"": ""서울특별시 중구 정동길 17 1층"", ""mapx"": 1269705929, ""mapy"": 375670330, ""dong"": ""아현동"", ""category_keyword"": ""브런치카페""}",2026-09-14T03:22:55.000369+00:00
318d7a82-39f2-5798-8da7-4510548ad71d,브레들리베이커리,"카페,디저트>베이커리",서울특별시 마포구 아현동 777 4동 상가 126호,서울특별시 마포구 마포대로 195 4동 상가 126호,37.5521845,126.953684,http://instagram.com/block_maraepu,,,,"['감성적', '사진맛집']",아현동,,,local,,"{""title"": ""브레들리<b>베이커리</b>"", ""link"": ""http://instagram.com/block_maraepu"", ""category"": ""카페,디저트>베이커리"", ""description"": NaN, ""telephone"": NaN, ""address"": ""서울특별시 마포구 아현동 777 4동 상가 126호"", ""roadAddress"": ""서울특별시 마포구 마포대로 195 4동 상가 126호"", ""mapx"": 1269536840, ""mapy"": 375521845, ""dong"": ""아현동"", ""category_keyword"": ""베이커리카페""}",2026-09-14T03:22:55.000428+00:00
c92c0523-1d0c-51a4-90a2-a7ce571705be,빵을집다,"카페,디저트>베이커리",서울특별시 마포구 아현동 738 마포트라팰리스2차 상가동 101호 빵을집다,서울특별시 마포구 마포대로 201 마포트라팰리스2차 상가동 101호 빵을집다,37.5520562,126.9553779,http://instagram.com/bbangzip_da,,,,"['감성적', '사진맛집']",아현동,,,local,,"{""title"": ""빵을집다"", ""link"": ""http://instagram.com/bbangzip_da"", ""category"": ""카페,디저트>베이커리"", ""description"": NaN, ""telephone"": NaN, ""address"": ""서울특별시 마포구 아현동 738 마포트라팰리스2차 상가동 101호 빵을집다"", ""roadAddress"": ""서울특별시 마포구 마포대로 201 마포트라팰리스2차 상가동 101호 빵을집다"", ""mapx"": 1269553779, ""mapy"": 375520562, ""dong"": ""아현동"", ""category_keyword"": ""베이커리카페""}",2026-09-14T03:22:55.000486+00:00
3ed8edae-56f2-5122-a105-ea3e6b5fa146,뚜봉,"카페,디저트>베이커리",서울특별시 마포구 아현동 777 상가4동 1층 135호,서울특별시 마포구 마포대로 195 상가4동 1층 135호,37.5529553,126.9538039,https://www.instagram.com/toubon.bakery,,,,"['감성적', '사진맛집']",아현동,,,local,,"{""title"": ""뚜봉"", ""link"": ""https://www.instagram.com/toubon.bakery"", ""category"": ""카페,디저트>베이커리"", ""description"": NaN, ""telephone"": NaN, ""address"": ""서울특별시 마포구 아현동 777 상가4동 1층 135호"", ""roadAddress"": ""서울특별시 마포구 마포대로 195 상가4동 1층 135호"", ""mapx"": 1269538039, ""mapy"": 375529553, ""dong"": ""아현동"", ""category_keyword"": ""베이커리카페""}",2026-09-14T03:22:55.000542+00:00
42b72d84-1c8c-5be8-bcc4-ddd06fc1a2f8,아도르베이커리,"카페,디저트>베이커리",서울특별시 마포구 아현동 777 1단지상가 114호,서울특별시 마포구 마포대로 195 1단지상가 114호,37.555522,126.9547533,https://www.instagram.com/ador_bakery_?igsh=YXpqbTJqZ3EyYzdx,,,,"['감성적', '사진맛집']",아현동,,,local,,"{""title"": ""아도르<b>베이커리</b>"", ""link"": ""https://www.instagram.com/ador_bakery_?igsh=YXpqbTJqZ3EyYzdx"", ""category"": ""카페,디저트>베이커리"", ""description"": NaN, ""telephone"": NaN, ""address"": ""서울특별시 마포구 아현동 777 1단지상가 114호"", ""roadAddress"": ""서울특별시 마포구 마포대로 195 1단지상가 114호"", ""mapx"": 1269547533, ""mapy"": 375555220, ""dong"": ""아현동"", ""category_keyword"": ""베이커리카페""}",2026-09-14T03:22:55.000595+00:00
f9f537d6-1b84-5908-85c1-61334f9fae39,오티오커피,"음식점>카페,디저트",서울특별시 용산구 효창동 3-188 1층,서울특별시 용산구 임정로 59-1 1층,37.545084,126.9579706,https://www.instagram.com/o.t.o.coffee,,,,"['감성적', '사진맛집']",아현동,,,local,,"{""title"": ""오티오커피"", ""link"": ""https://www.instagram.com/o.t.o.coffee"", ""category"": ""음식점>카페,디저트"", ""description"": NaN, ""telephone"": NaN, ""address"": ""서울특별시 용산구 효창동 3-188 1층"", ""roadAddress"": ""서울특별시 용산구 임정로 59-1 1층"", ""mapx"": 1269579706, ""mapy"": 375450840, ""dong"": ""아현동"", ""category_keyword"": ""애견동반카페""}",2026-09-14T03:22:55.000659+00:00
782e656b-bcb8-5658-9464-3b2fd964f567,보스코에스프레소,"음식점>카페,디저트",서울특별시 마포구 신수동 85-30 1층 102호,서울특별시 마포구 광성로6길 56 1층 102호,37.547617,126.9398377,https://www.instagram.com/bosco_espresso,,,,"['감성적', '사진맛집']",아현동,,,local,,"{""title"": ""보스코에스프레소"", ""link"": ""https://www.instagram.com/bosco_espresso"", ""category"": ""음식점>카페,디저트"", ""description"": NaN, ""telephone"": NaN, ""address"": ""서울특별시 마포구 신수동 85-30 1층 102호"", ""roadAddress"": ""서울특별시 마포구 광성로6길 56 1층 102호"", ""mapx"": 1269398377, ""mapy"": 375476170, ""dong"": ""아현동"", ""category_keyword"": ""애견동반카페""}",2026-09-14T03:22:55.000717+00:00
45a107d7-1f9f-5d2e-8de1-d22a1868af00,카페4293 이대본점,"음식점>카페,디저트",서울특별시 서대문구 대현동 54-16 1층,서울특별시 서대문구 이화여대길 18 1층,37.5576761,126.9459529,https://cafe4293.com,,,,"['감성적', '사진맛집']",아현동,,,local,,"{""title"": ""<b>카페</b>4293 이대본점"", ""link"": ""https://cafe4293.com"", ""category"": ""음식점>카페,디저트"", ""description"": NaN, ""telephone"": NaN, ""address"": ""서울특별시 서대문구 대현동 54-16 1층"", ""roadAddress"": ""서울특별시 서대문구 이화여대길 18 1층"", ""mapx"": 1269459529, ""mapy"": 375576761, ""dong"": ""아현동"", ""category_keyword"": ""애견동반카페""}",2026-09-14T03:22:55.000770+00:00
8b3c394e-c121-566c-bf63-d5fe0e0e2c10,밀밭정원,음식점>한식,서울특별시 마포구 아현동 422-10,서울특별시 마포구 마포대로16길 13,37.5507955,126.9571941,https://app.catchtable.co.kr/ct/shop/milbatjungwon?from=share&type=VISIT_RESERVATION,,,,['혼밥'],아현동,,,local,,"{""title"": ""밀밭정원"", ""link"": ""https://app.catchtable.co.kr/ct/shop/milbatjungwon?from=share&type=VISIT_RESERVATION"", ""category"": ""음식점>한식"", ""description"": NaN, ""telephone"": NaN, ""address"": ""서울특별시 마포구 아현동 422-10"", ""roadAddress"": ""서울특별시 마포구 마포대로16길 13"", ""mapx"": 1269571941, ""mapy"": 375507955, ""dong"": ""아현동"", ""category_keyword"": ""맛집""}",2026-09-14T03:22:55.000825+00:00
e9dc1722-5033-5b37-b5c2-3a362f85a40e,이자카야 아오네,음식점>일식>일식당,서울특별시 마포구 아현동 327-17 1층,서울특별시 마포구 신촌로34길 13 1층,37.5565404,126.9546211,https://www.instagram.com/izakaya_aone?igsh=MW8wM21udWcwamJ0ZA==,,,,['데이트'],아현동,,,local,,"{""title"": ""이자카야 아오네"", ""link"": ""https://www.instagram.com/izakaya_aone?igsh=MW8wM21udWcwamJ0ZA=="", ""category"": ""음식점>일식>일식당"", ""description"": NaN, ""telephone"": NaN, ""address"": ""서울특별시 마포구 아현동 327-17 1층"", ""roadAddress"": ""서울특별시 마포구 신촌로34길 13 1층"", ""mapx"": 1269546211, ""mapy"": 375565404, ""dong"": ""아현동"", ""category_keyword"": ""일식""}",2026-09-14T03:22:55.000877+00:00
e2b60db5-ccf2-5c47-a946-bfbf2daaf9dc,경수사,음식점>일식>일식당,서울특별시 마포구 아현동 424-14 1층,서울특별시 마포구 마포대로16길 7 1층,37.5509356,126.9564856,,,,,['데이트'],아현동,,,local,,"{""title"": ""경수사"", ""link"": NaN, ""category"": ""음식점>일식>일식당"", ""description"": NaN, ""telephone"": NaN, ""address"": ""서울특별시 마포구 아현동 424-14 1층"", ""roadAddress"": ""서울특별시 마포구 마포대로16길 7 1층"", ""mapx"": 1269564856, ""mapy"": 375509356, ""dong"": ""아현동"", ""category_keyword"": ""일식""}",2026-09-14T03:22:55.000930+00:00
42bae5a7-f2a7-5900-b498-7d396c8e4019,베어스타코 아현공덕점,"음식점>양식>멕시코,남미음식",서울특별시 마포구 아현동 291-6 2층,서울특별시 마포구 굴레방로 19 2층,37.5557826,126.955515,https://www.bearstaco.com,,,,"['데이트', '모임']",아현동,,,local,,"{""title"": ""베어스타코 아현공덕점"", ""link"": ""https://www.bearstaco.com"", ""category"": ""음식점>양식>멕시코,남미음식"", ""description"": NaN, ""telephone"": NaN, ""address"": ""서울특별시 마포구 아현동 291-6 2층"", ""roadAddress"": ""서울특별시 마포구 굴레방로 19 2층"", ""mapx"": 1269555150, ""mapy"": 375557826, ""dong"": ""아현동"", ""category_keyword"": ""양식""}",2026-09-14T03:22:55.000987+00:00
02e47fce-85ed-56c8-8111-c784255997e6,피나치공 마포아현점,음식점>피자,서울특별시 마포구 아현동 707-4 1층,서울특별시 마포구 손기정로 42 1층,37.5564861,126.9620157,http://www.pncg.co.kr/,,,,"['모임', '가족동반']",아현동,,,local,,"{""title"": ""피나치공 마포아현점"", ""link"": ""http://www.pncg.co.kr/"", ""category"": ""음식점>피자"", ""description"": NaN, ""telephone"": NaN, ""address"": ""서울특별시 마포구 아현동 707-4 1층"", ""roadAddress"": ""서울특별시 마포구 손기정로 42 1층"", ""mapx"": 1269620157, ""mapy"": 375564861, ""dong"": ""아현동"", ""category_keyword"": ""양식""}",2026-09-14T03:22:55.001042+00:00
ff7450da-a080-56d7-b0c3-9f1d4371c1a1,마포분식,분식>떡볶이,서울특별시 마포구 아현동 332-21 1층,서울특별시 마포구 굴레방로9길 41 1층,37.5566772,126.9533829,https://smartstore.naver.com/maposformula,,,,['혼밥'],아현동,,,local,,"{""title"": ""마포<b>분식</b>"", ""link"": ""https://smartstore.naver.com/maposformula"", ""category"": ""분식>떡볶이"", ""description"": NaN, ""telephone"": NaN, ""address"": ""서울특별시 마포구 아현동 332-21 1층"", ""roadAddress"": ""서울특별시 마포구 굴레방로9길 41 1층"", ""mapx"": 1269533829, ""mapy"": 375566772, ""dong"": ""아현동"", ""category_keyword"": ""분식""}",2026-09-14T03:22:55.001097+00:00
b6cd1122-f98e-547e-b506-8fabb8d79dfe,범벅집,분식>종합분식,서울특별시 마포구 아현동 326-18 1층 범벅집,서울특별시 마포구 신촌로34길 37 1층 범벅집,37.5555787,126.9550607,,,,,['혼밥'],아현동,,,local,,"{""title"": ""범벅집"", ""link"": NaN, ""category"": ""분식>종합분식"", ""description"": NaN, ""telephone"": NaN, ""address"": ""서울특별시 마포구 아현동 326-18 1층 범벅집"", ""roadAddress"": ""서울특별시 마포구 신촌로34길 37 1층 범벅집"", ""mapx"": 1269550607, ""mapy"": 375555787, ""dong"": ""아현동"", ""category_keyword"": ""분식""}",2026-09-14T03:22:55.001182+00:00
4f001eae-13ea-5494-b147-1e579c9ee522,콤바크,음식점>양식,서울특별시 중구 만리동1가 62-7 101-4호 콤바크,서울특별시 중구 만리재로 193 101-4호 콤바크,37.5551628,126.9674083,,,,,['데이트'],아현동,,,local,,"{""title"": ""콤바크"", ""link"": NaN, ""category"": ""음식점>양식"", ""description"": NaN, ""telephone"": NaN, ""address"": ""서울특별시 중구 만리동1가 62-7 101-4호 콤바크"", ""roadAddress"": ""서울특별시 중구 만리재로 193 101-4호 콤바크"", ""mapx"": 1269674083, ""mapy"": 375551628, ""dong"": ""아현동"", ""category_keyword"": ""브런치""}",2026-09-14T03:22:55.001321+00:00
dfdae956-2883-524a-b0ae-4bf2ff7c2e2c,오드하우스,음식점>양식,서울특별시 중구 정동 1-28 신아기념관 G층,서울특별시 중구 정동길 33 신아기념관 G층,37.566253,126.9721868,https://www.instagram.com/odd_haus,,,,['데이트'],아현동,,,local,,"{""title"": ""오드하우스"", ""link"": ""https://www.instagram.com/odd_haus"", ""category"": ""음식점>양식"", ""description"": NaN, ""telephone"": NaN, ""address"": ""서울특별시 중구 정동 1-28 신아기념관 G층"", ""roadAddress"": ""서울특별시 중구 정동길 33 신아기념관 G층"", ""mapx"": 1269721868, ""mapy"": 375662530, ""dong"": ""아현동"", ""category_keyword"": ""브런치""}",2026-09-14T03:22:55.001463+00:00
e9fffec7-8521-564f-a385-fddc53fc8ed0,오와케이크 이대직영점,"음식점>카페,디저트",서울특별시 마포구 대흥동 806 2동 1층 109호,서울특별시 마포구 대흥로 183 2동 1층 109호,37.5555621,126.9456639,https://www.instagram.com/owa_cake_ewha.w.univ,,,,"['감성적', '사진맛집']",대흥동,,,local,,"{""title"": ""오와케이크 이대직영점"", ""link"": ""https://www.instagram.com/owa_cake_ewha.w.univ"", ""category"": ""음식점>카페,디저트"", ""description"": NaN, ""telephone"": NaN, ""address"": ""서울특별시 마포구 대흥동 806 2동 1층 109호"", ""roadAddress"": ""서울특별시 마포구 대흥로 183 2동 1층 109호"", ""mapx"": 1269456639, ""mapy"": 375555621, ""dong"": ""대흥동"", ""category_keyword"": ""카페""}",2026-09-14T03:22:55.001611+00:00
32655869-8863-56d6-84cb-8a825d8fd6ab,메가MGC커피 이대역사거리점,"카페,디저트>카페","서울특별시 마포구 대흥동 12-20 1층 101호, 102호, B02호","서울특별시 마포구 신촌로 176 1층 101호, 102호, B02호",37.5564972,126.9451737,,,,,"['감성적', '사진맛집']",대흥동,,,local,,"{""title"": ""메가MGC커피 이대역사거리점"", ""link"": NaN, ""category"": ""카페,디저트>카페"", ""description"": NaN, ""telephone"": NaN, ""address"": ""서울특별시 마포구 대흥동 12-20 1층 101호, 102호, B02호"", ""roadAddress"": ""서울특별시 마포구 신촌로 176 1층 101호, 102호, B02호"", ""mapx"": 1269451737, ""mapy"": 375564972, ""dong"": ""대흥동"", ""category_keyword"": ""카페""}",2026-09-14T03:22:55.001756+00:00
4bdb5d3e-307a-5e35-8029-0e38a607f43c,썬마이야르,"카페,디저트>베이커리",서울특별시 마포구 대흥동 303 1층,서울특별시 마포구 대흥로 82 1층,37.5472813,126.9415604,https://www.instagram.com/sunmaillard,,,,"['감성적', '사진맛집']",대흥동,,,local,,"{""title"": ""썬마이야르"", ""link"": ""https://www.instagram.com/sunmaillard"", ""category"": ""카페,디저트>베이커리"", ""description"": NaN, ""telephone"": NaN, ""address"": ""서울특별시 마포구 대흥동 303 1층"", ""roadAddress"": ""서울특별시 마포구 대흥로 82 1층"", ""mapx"": 1269415604, ""mapy"": 375472813, ""dong"": ""대흥동"", ""category_keyword"": ""브런치카페""}",2026-09-14T03:22:55.001945+00:00
7042fb45-a6e7-58e0-a63e-75d91a3112c3,비버베이크샵,브런치카페,서울특별시 마포구 대흥동 3-27 1층,서울특별시 마포구 숭문길 185 1층,37.554654,126.94645,https://www.instagram.com/beaver_bake_shop?igsh=MXc5MmM5cWE5bmhtMA%3D%3D&utm_source=qr,,,,"['데이트', '감성적', '사진맛집']",대흥동,,,local,,"{""title"": ""비버베이크샵"", ""link"": ""https://www.instagram.com/beaver_bake_shop?igsh=MXc5MmM5cWE5bmhtMA%3D%3D&utm_source=qr"", ""category"": ""브런치카페"", ""description"": NaN, ""telephone"": NaN, ""address"": ""서울특별시 마포구 대흥동 3-27 1층"", ""roadAddress"": ""서울특별시 마포구 숭문길 185 1층"", ""mapx"": 1269464500, ""mapy"": 375546540, ""dong"": ""대흥동"", ""category_keyword"": ""브런치카페""}",2026-09-14T03:22:55.002076+00:00
75709b36-742b-5ca7-b2b5-c183599229b1,다소니,"카페,디저트>베이커리",서울특별시 마포구 대흥동 500-10 1층,서울특별시 마포구 토정로31길 67 1층,37.5436457,126.9444835,https://www.instagram.com/dasoni_bakery/,,,,"['감성적', '사진맛집']",대흥동,,,local,,"{""title"": ""다소니"", ""link"": ""https://www.instagram.com/dasoni_bakery/"", ""category"": ""카페,디저트>베이커리"", ""description"": NaN, ""telephone"": NaN, ""address"": ""서울특별시 마포구 대흥동 500-10 1층"", ""roadAddress"": ""서울특별시 마포구 토정로31길 67 1층"", ""mapx"": 1269444835, ""mapy"": 375436457, ""dong"": ""대흥동"", ""category_keyword"": ""브런치카페""}",2026-09-14T03:22:55.002206+00:00
14445023-7660-5c18-8aee-5195c3ce238c,파리바게뜨 마포염리점,"카페,디저트>베이커리",서울특별시 마포구 대흥동 38-1 서강대학교 후문 건너편,서울특별시 마포구 대흥로 120 서강대학교 후문 건너편,37.5500044,126.9440615,https://www.paris.co.kr/,,,,"['감성적', '사진맛집']",대흥동,,,local,,"{""title"": ""파리바게뜨 마포염리점"", ""link"": ""https://www.paris.co.kr/"", ""category"": ""카페,디저트>베이커리"", ""description"": NaN, ""telephone"": NaN, ""address"": ""서울특별시 마포구 대흥동 38-1 서강대학교 후문 건너편"", ""roadAddress"": ""서울특별시 마포구 대흥로 120 서강대학교 후문 건너편"", ""mapx"": 1269440615, ""mapy"": 375500044, ""dong"": ""대흥동"", ""category_keyword"": ""베이커리카페""}",2026-09-14T03:22:55.002332+00:00
9dee5014-e5c5-5b9d-9133-72c7f06f361f,르네상스 베이커리,"카페,디저트>베이커리",서울특별시 마포구 대흥동 585,서울특별시 마포구 큰우물로 39,37.5431569,126.9432514,,,,,"['감성적', '사진맛집']",대흥동,,,local,,"{""title"": ""르네상스 <b>베이커리</b>"", ""link"": NaN, ""category"": ""카페,디저트>베이커리"", ""description"": NaN, ""telephone"": NaN, ""address"": ""서울특별시 마포구 대흥동 585"", ""roadAddress"": ""서울특별시 마포구 큰우물로 39"", ""mapx"": 1269432514, ""mapy"": 375431569, ""dong"": ""대흥동"", ""category_keyword"": ""베이커리카페""}",2026-09-14T03:22:55.002447+00:00
3ddb1f20-37a7-5c63-9ed8-8736121352a4,파리바게뜨 이대자이점,"카페,디저트>베이커리",서울특별시 마포구 대흥동 806 상가 2동 1층 107호,서울특별시 마포구 대흥로 183 상가 2동 1층 107호,37.5554092,126.9456566,https://www.paris.co.kr/,,,,"['감성적', '사진맛집']",대흥동,,,local,,"{""title"": ""파리바게뜨 이대자이점"", ""link"": ""https://www.paris.co.kr/"", ""category"": ""카페,디저트>베이커리"", ""description"": NaN, ""telephone"": NaN, ""address"": ""서울특별시 마포구 대흥동 806 상가 2동 1층 107호"", ""roadAddress"": ""서울특별시 마포구 대흥로 183 상가 2동 1층 107호"", ""mapx"": 1269456566, ""mapy"": 375554092, ""dong"": ""대흥동"", ""category_keyword"": ""베이커리카페""}",2026-09-14T03:22:55.002565+00:00
205fb86e-8354-58c3-82ee-d7d6b3b3eb30,오프더시티,"음식점>카페,디저트",서울특별시 마포구 대흥동 801-62 1층 101호,서울특별시 마포구 대흥로14길 21 1층 101호,37.5442014,126.9397604,https://www.instagram.com/off_the_city?igsh=bmFyaHpmdDBnazhs&utm_source=qr,,,,"['감성적', '사진맛집']",대흥동,,,local,,"{""title"": ""오프더시티"", ""link"": ""https://www.instagram.com/off_the_city?igsh=bmFyaHpmdDBnazhs&utm_source=qr"", ""category"": ""음식점>카페,디저트"", ""description"": NaN, ""telephone"": NaN, ""address"": ""서울특별시 마포구 대흥동 801-62 1층 101호"", ""roadAddress"": ""서울특별시 마포구 대흥로14길 21 1층 101호"", ""mapx"": 1269397604, ""mapy"": 375442014, ""dong"": ""대흥동"", ""category_keyword"": ""애견동반카페""}",2026-09-14T03:22:55.002829+00:00
88fd3270-60a0-5421-84fb-a859a518dceb,파닭파닭,한식>닭요리,서울특별시 마포구 대흥동 248-17 1층,서울특별시 마포구 대흥로 78-1 1층,37.54701,126.9414575,https://blog.naver.com/padakpadak-,,,,['모임'],대흥동,,,local,,"{""title"": ""파닭파닭"", ""link"": ""https://blog.naver.com/padakpadak-"", ""category"": ""한식>닭요리"", ""description"": NaN, ""telephone"": NaN, ""address"": ""서울특별시 마포구 대흥동 248-17 1층"", ""roadAddress"": ""서울특별시 마포구 대흥로 78-1 1층"", ""mapx"": 1269414575, ""mapy"": 375470100, ""dong"": ""대흥동"", ""category_keyword"": ""맛집""}",2026-09-14T03:22:55.002944+00:00
c487ceaa-f703-5f7b-a8f3-6d8f62f696d0,제철담은 마포바다,한식>생선회,서울특별시 마포구 대흥동 210-1 봉화빌딩 1층,서울특별시 마포구 백범로 104 봉화빌딩 1층,37.5473168,126.9428341,https://www.instagram.com/mapobada03/,,,,"['모임', '가족동반']",대흥동,,,local,,"{""title"": ""제철담은 마포바다"", ""link"": ""https://www.instagram.com/mapobada03/"", ""category"": ""한식>생선회"", ""description"": NaN, ""telephone"": NaN, ""address"": ""서울특별시 마포구 대흥동 210-1 봉화빌딩 1층"", ""roadAddress"": ""서울특별시 마포구 백범로 104 봉화빌딩 1층"", ""mapx"": 1269428341, ""mapy"": 375473168, ""dong"": ""대흥동"", ""category_keyword"": ""한식""}",2026-09-14T03:22:55.003061+00:00
bca5bb81-515b-5a04-85b9-da28746ae983,대장육 마포점,"한식>육류,고기요리",서울특별시 마포구 대흥동 403 1층,서울특별시 마포구 독막로38길 3 1층,37.5460984,126.9417214,https://www.instagram.com/imkimpunch/,,,,['모임'],대흥동,,,local,,"{""title"": ""대장육 마포점"", ""link"": ""https://www.instagram.com/imkimpunch/"", ""category"": ""한식>육류,고기요리"", ""description"": NaN, ""telephone"": NaN, ""address"": ""서울특별시 마포구 대흥동 403 1층"", ""roadAddress"": ""서울특별시 마포구 독막로38길 3 1층"", ""mapx"": 1269417214, ""mapy"": 375460984, ""dong"": ""대흥동"", ""category_keyword"": ""한식""}",2026-09-14T03:22:55.003179+00:00
6a82a81b-b3cc-5436-b753-277fc250e9af,동휴,음식점>일식>일식당,서울특별시 마포구 대흥동 330-2 104호,서울특별시 마포구 독막로38길 22 104호,37.545523,126.940943,https://www.instagram.com/shindonghue,,,,['웨이팅있음'],대흥동,,,local,,"{""title"": ""동휴"", ""link"": ""https://www.instagram.com/shindonghue"", ""category"": ""음식점>일식>일식당"", ""description"": NaN, ""telephone"": NaN, ""address"": ""서울특별시 마포구 대흥동 330-2 104호"", ""roadAddress"": ""서울특별시 마포구 독막로38길 22 104호"", ""mapx"": 1269409430, ""mapy"": 375455230, ""dong"": ""대흥동"", ""category_keyword"": ""일식""}",2026-09-14T03:22:55.003291+00:00
3daba253-bd14-5fa4-8a8c-29d605e62a1f,오스테리아카도,술집>요리주점,서울특별시 마포구 대흥동 255-2 1층,서울특별시 마포구 대흥로 80-15 1층,37.5470412,126.9420041,https://www.instagram.com/osteriakado,,,,"['데이트', '감성적']",대흥동,,,local,,"{""title"": ""오스테리아카도"", ""link"": ""https://www.instagram.com/osteriakado"", ""category"": ""술집>요리주점"", ""description"": NaN, ""telephone"": NaN, ""address"": ""서울특별시 마포구 대흥동 255-2 1층"", ""roadAddress"": ""서울특별시 마포구 대흥로 80-15 1층"", ""mapx"": 1269420041, ""mapy"": 375470412, ""dong"": ""대흥동"", ""category_keyword"": ""일식""}",2026-09-14T03:22:55.003404+00:00
b02abae9-765f-554d-a371-bf22175f301f,다다다 마포본점,음식점>양식,서울특별시 마포구 대흥동 241-2 1층,서울특별시 마포구 백범로20길 4 1층,37.5467947,126.9437475,https://www.instagram.com/dadadamapo,,,,['데이트'],대흥동,,,local,,"{""title"": ""다다다 마포본점"", ""link"": ""https://www.instagram.com/dadadamapo"", ""category"": ""음식점>양식"", ""description"": NaN, ""telephone"": NaN, ""address"": ""서울특별시 마포구 대흥동 241-2 1층"", ""roadAddress"": ""서울특별시 마포구 백범로20길 4 1층"", ""mapx"": 1269437475, ""mapy"": 375467947, ""dong"": ""대흥동"", ""category_keyword"": ""양식""}",2026-09-14T03:22:55.003523+00:00
1275241f-6856-5a70-8be2-864c9c74f3a1,빌라토,"이탈리아음식>스파게티,파스타전문",서울특별시 마포구 대흥동 465 1층 Villato,서울특별시 마포구 독막로 277 1층 Villato,37.5454736,126.9442109,https://app.catchtable.co.kr/ct/shop/bst?from=share&type=VISIT_RESERVATION,,,,['데이트'],대흥동,,,local,,"{""title"": ""빌라토"", ""link"": ""https://app.catchtable.co.kr/ct/shop/bst?from=share&type=VISIT_RESERVATION"", ""category"": ""이탈리아음식>스파게티,파스타전문"", ""description"": NaN, ""telephone"": NaN, ""address"": ""서울특별시 마포구 대흥동 465 1층 Villato"", ""roadAddress"": ""서울특별시 마포구 독막로 277 1층 Villato"", ""mapx"": 1269442109, ""mapy"": 375454736, ""dong"": ""대흥동"", ""category_keyword"": ""양식""}",2026-09-14T03:22:55.003647+00:00
0f2fab63-aea5-572d-93b8-020633f0724a,스마일 꼬마김밥,분식>김밥,서울특별시 마포구 대흥동 259 1층 102호,서울특별시 마포구 백범로16길 8 1층 102호,37.5472534,126.9423618,,,,,['혼밥'],대흥동,,,local,,"{""title"": ""스마일 꼬마김밥"", ""link"": NaN, ""category"": ""분식>김밥"", ""description"": NaN, ""telephone"": NaN, ""address"": ""서울특별시 마포구 대흥동 259 1층 102호"", ""roadAddress"": ""서울특별시 마포구 백범로16길 8 1층 102호"", ""mapx"": 1269423618, ""mapy"": 375472534, ""dong"": ""대흥동"", ""category_keyword"": ""분식""}",2026-09-14T03:22:55.003760+00:00
e9ab2e80-71d4-5849-bad4-756d3752425d,강선생마포숯불갈비,"한식>육류,고기요리",서울특별시 마포구 대흥동 131-1,서울특별시 마포구 대흥로 92,37.5480574,126.9422789,https://www.instagram.com/kangsunseng_mapogalbi_kbbq/,,,,"['모임', '가족동반']",대흥동,,,local,,"{""title"": ""강선생마포숯불갈비"", ""link"": ""https://www.instagram.com/kangsunseng_mapogalbi_kbbq/"", ""category"": ""한식>육류,고기요리"", ""description"": NaN, ""telephone"": NaN, ""address"": ""서울특별시 마포구 대흥동 131-1"", ""roadAddress"": ""서울특별시 마포구 대흥로 92"", ""mapx"": 1269422789, ""mapy"": 375480574, ""dong"": ""대흥동"", ""category_keyword"": ""고깃집""}",2026-09-14T03:22:55.003874+00:00
d6e867bd-9dd0-579c-abbb-16073a07d7b0,콘피 합정점,"음식점>카페,디저트",서울특별시 마포구 서교동 395-45 1층 101호,서울특별시 마포구 양화로 66 1층 101호,37.5506234,126.9159184,https://www.instagram.com/cafe_confi_,,,,['조용함'],서교동,,,local,,"{""title"": ""콘피 합정점"", ""link"": ""https://www.instagram.com/cafe_confi_"", ""category"": ""음식점>카페,디저트"", ""description"": NaN, ""telephone"": NaN, ""address"": ""서울특별시 마포구 서교동 395-45 1층 101호"", ""roadAddress"": ""서울특별시 마포구 양화로 66 1층 101호"", ""mapx"": 1269159184, ""mapy"": 375506234, ""dong"": ""서교동"", ""category_keyword"": ""카페""}",2026-09-14T03:22:55.003986+00:00
ea66672b-3ad7-5cb0-8219-5801d773d462,멧커피 홍대점,"음식점>카페,디저트","서울특별시 마포구 서교동 398-5 1층, 3층","서울특별시 마포구 어울마당로5길 42 1층, 3층",37.5498728,126.9184179,http://www.instagram.com/met.coffee_,,,,['모임'],서교동,,,local,,"{""title"": ""멧커피 홍대점"", ""link"": ""http://www.instagram.com/met.coffee_"", ""category"": ""음식점>카페,디저트"", ""description"": NaN, ""telephone"": NaN, ""address"": ""서울특별시 마포구 서교동 398-5 1층, 3층"", ""roadAddress"": ""서울특별시 마포구 어울마당로5길 42 1층, 3층"", ""mapx"": 1269184179, ""mapy"": 375498728, ""dong"": ""서교동"", ""category_keyword"": ""카페""}",2026-09-14T03:22:55.004100+00:00
7a1c044a-7c7e-51f3-a4ee-d48ac57d11d3,더 윈드,브런치카페,서울특별시 마포구 서교동 372-9 1층,서울특별시 마포구 잔다리로6길 5 1층,37.5521473,126.9194398,https://www.instagram.com/thewind.cafe,,,,"['데이트', '감성적', '사진맛집', '힙함']",서교동,,,local,,"{""title"": ""더 윈드"", ""link"": ""https://www.instagram.com/thewind.cafe"", ""category"": ""브런치카페"", ""description"": NaN, ""telephone"": NaN, ""address"": ""서울특별시 마포구 서교동 372-9 1층"", ""roadAddress"": ""서울특별시 마포구 잔다리로6길 5 1층"", ""mapx"": 1269194398, ""mapy"": 375521473, ""dong"": ""서교동"", ""category_keyword"": ""카페""}",2026-09-14T03:22:55.004215+00:00
c65b93f9-b7d4-5902-9178-92958a20d7d8,스타벅스 홍대공항철도역점,"카페,디저트>카페",서울특별시 마포구 동교동 166-1,서울특별시 마포구 양화로 178 (동교동),37.557491,126.925146,http://www.starbucks.co.kr/,,,,"['감성적', '사진맛집', '힙함']",서교동,,,local,,"{""title"": ""스타벅스 홍대공항철도역점"", ""link"": ""http://www.starbucks.co.kr/"", ""category"": ""카페,디저트>카페"", ""description"": NaN, ""telephone"": NaN, ""address"": ""서울특별시 마포구 동교동 166-1"", ""roadAddress"": ""서울특별시 마포구 양화로 178 (동교동)"", ""mapx"": 1269251460, ""mapy"": 375574910, ""dong"": ""서교동"", ""category_keyword"": ""브런치카페""}",2026-09-14T03:22:55.004329+00:00
f1c1cfd3-7fe0-5e8b-bcbd-f0f4fb8b16c7,훌리건 커피,"음식점>카페,디저트",서울특별시 마포구 서교동 332-28 1층,서울특별시 마포구 와우산로29바길 11-5 1층,37.5557157,126.9263659,https://www.instagram.com/hooligan_coffee,,,,"['감성적', '힙함']",서교동,,,local,,"{""title"": ""훌리건 커피"", ""link"": ""https://www.instagram.com/hooligan_coffee"", ""category"": ""음식점>카페,디저트"", ""description"": NaN, ""telephone"": NaN, ""address"": ""서울특별시 마포구 서교동 332-28 1층"", ""roadAddress"": ""서울특별시 마포구 와우산로29바길 11-5 1층"", ""mapx"": 1269263659, ""mapy"": 375557157, ""dong"": ""서교동"", ""category_keyword"": ""브런치카페""}",2026-09-14T03:22:55.004443+00:00
5bb156f6-0f93-598a-9202-14007365e2cf,올라운드커피,"음식점>카페,디저트","서울특별시 마포구 서교동 386-6 1F, B1F","서울특별시 마포구 양화로7길 30 1F, B1F",37.5520647,126.9144871,,,,,"['감성적', '사진맛집', '힙함']",서교동,,,local,,"{""title"": ""올라운드커피"", ""link"": NaN, ""category"": ""음식점>카페,디저트"", ""description"": NaN, ""telephone"": NaN, ""address"": ""서울특별시 마포구 서교동 386-6 1F, B1F"", ""roadAddress"": ""서울특별시 마포구 양화로7길 30 1F, B1F"", ""mapx"": 1269144871, ""mapy"": 375520647, ""dong"": ""서교동"", ""category_keyword"": ""브런치카페""}",2026-09-14T03:22:55.004556+00:00
6c66e287-f21e-5812-b7eb-b26d6d0bc8b5,콜린,"음식점>카페,디저트",서울특별시 마포구 서교동 403-13 1~2층,서울특별시 마포구 어울마당로 45 1~2층,37.549231,126.9204345,https://www.instagram.com/colline_cafe/,,,,"['감성적', '사진맛집', '힙함']",서교동,,,local,,"{""title"": ""콜린"", ""link"": ""https://www.instagram.com/colline_cafe/"", ""category"": ""음식점>카페,디저트"", ""description"": NaN, ""telephone"": NaN, ""address"": ""서울특별시 마포구 서교동 403-13 1~2층"", ""roadAddress"": ""서울특별시 마포구 어울마당로 45 1~2층"", ""mapx"": 1269204345, ""mapy"": 375492310, ""dong"": ""서교동"", ""category_keyword"": ""브런치카페""}",2026-09-14T03:22:55.004697+00:00
6658f50d-6287-5c14-aecd-992fd518a272,도피,브런치카페,서울특별시 마포구 서교동 458-6 1층,서울특별시 마포구 동교로17길 45 1층,37.5568711,126.9149185,https://www.instagram.com/cafe_dopy,,,,"['데이트', '감성적', '사진맛집', '힙함']",서교동,,,local,,"{""title"": ""도피"", ""link"": ""https://www.instagram.com/cafe_dopy"", ""category"": ""브런치카페"", ""description"": NaN, ""telephone"": NaN, ""address"": ""서울특별시 마포구 서교동 458-6 1층"", ""roadAddress"": ""서울특별시 마포구 동교로17길 45 1층"", ""mapx"": 1269149185, ""mapy"": 375568711, ""dong"": ""서교동"", ""category_keyword"": ""브런치카페""}",2026-09-14T03:22:55.004820+00:00
e449931c-33dc-5553-b6f4-d029949aa771,코코넛박스 카페,"음식점>카페,디저트",서울특별시 마포구 서교동 357-1 지하 2층,서울특별시 마포구 홍익로3길 20 지하 2층,37.5535252,126.9217041,https://www.instagram.com/coconut.box/,,,,['데이트'],서교동,,,local,,"{""title"": ""코코넛박스 <b>카페</b>"", ""link"": ""https://www.instagram.com/coconut.box/"", ""category"": ""음식점>카페,디저트"", ""description"": NaN, ""telephone"": NaN, ""address"": ""서울특별시 마포구 서교동 357-1 지하 2층"", ""roadAddress"": ""서울특별시 마포구 홍익로3길 20 지하 2층"", ""mapx"": 1269217041, ""mapy"": 375535252, ""dong"": ""서교동"", ""category_keyword"": ""베이커리카페""}",2026-09-14T03:22:55.004952+00:00
e548cd97-061c-56f1-b894-f82e4d1003ef,김진환 제과점,"카페,디저트>베이커리",서울특별시 마포구 동교동 186-22,서울특별시 마포구 와우산로32길 41,37.5548424,126.9324894,,,,,"['감성적', '사진맛집', '힙함']",서교동,,,local,,"{""title"": ""김진환 제과점"", ""link"": NaN, ""category"": ""카페,디저트>베이커리"", ""description"": NaN, ""telephone"": NaN, ""address"": ""서울특별시 마포구 동교동 186-22"", ""roadAddress"": ""서울특별시 마포구 와우산로32길 41"", ""mapx"": 1269324894, ""mapy"": 375548424, ""dong"": ""서교동"", ""category_keyword"": ""베이커리카페""}",2026-09-14T03:22:55.005189+00:00
756780dc-ed73-5b3e-95ad-f50f3ab5b51e,커피폴리,"음식점>카페,디저트",서울특별시 마포구 서교동 378-19 커피폴리 1층 2층,서울특별시 마포구 양화로11길 14 커피폴리 1층 2층,37.5520535,126.91592,http://instagram.com/coffeepauly,,,,"['감성적', '사진맛집', '힙함']",서교동,,,local,,"{""title"": ""커피폴리"", ""link"": ""http://instagram.com/coffeepauly"", ""category"": ""음식점>카페,디저트"", ""description"": NaN, ""telephone"": NaN, ""address"": ""서울특별시 마포구 서교동 378-19 커피폴리 1층 2층"", ""roadAddress"": ""서울특별시 마포구 양화로11길 14 커피폴리 1층 2층"", ""mapx"": 1269159200, ""mapy"": 375520535, ""dong"": ""서교동"", ""category_keyword"": ""베이커리카페""}",2026-09-14T03:22:55.005304+00:00
ceab738a-0be9-5664-9682-b6feb09802ad,버터베이커리,"카페,디저트>베이커리",서울특별시 마포구 동교동 152-1,서울특별시 마포구 동교로 226,37.5600148,126.9239956,https://www.instagram.com/butterbakery.official/,,,,"['감성적', '사진맛집', '힙함']",서교동,,,local,,"{""title"": ""버터<b>베이커리</b>"", ""link"": ""https://www.instagram.com/butterbakery.official/"", ""category"": ""카페,디저트>베이커리"", ""description"": NaN, ""telephone"": NaN, ""address"": ""서울특별시 마포구 동교동 152-1"", ""roadAddress"": ""서울특별시 마포구 동교로 226"", ""mapx"": 1269239956, ""mapy"": 375600148, ""dong"": ""서교동"", ""category_keyword"": ""베이커리카페""}",2026-09-14T03:22:55.005419+00:00
2ad10bce-b8e3-5630-aebd-acef39ebf593,더블유오앤,"음식점>카페,디저트","서울특별시 마포구 서교동 366-7 1층, B1층","서울특별시 마포구 잔다리로6길 20-9 1층, B1층",37.5518519,126.920544,https://www.instagram.com/w.oncoffee,,,,['감성적'],서교동,,,local,,"{""title"": ""더블유오앤"", ""link"": ""https://www.instagram.com/w.oncoffee"", ""category"": ""음식점>카페,디저트"", ""description"": NaN, ""telephone"": NaN, ""address"": ""서울특별시 마포구 서교동 366-7 1층, B1층"", ""roadAddress"": ""서울특별시 마포구 잔다리로6길 20-9 1층, B1층"", ""mapx"": 1269205440, ""mapy"": 375518519, ""dong"": ""서교동"", ""category_keyword"": ""애견동반카페""}",2026-09-14T03:22:55.005533+00:00
a17f5395-e61e-5089-82e3-2c9f02d83a98,바이앤드커피,"음식점>카페,디저트","서울특별시 마포구 서교동 395-124 2층 우측호, 3층","서울특별시 마포구 잔다리로3안길 44 2층 우측호, 3층",37.5506239,126.919172,https://www.instagram.com/viand_coffee,,,,"['감성적', '사진맛집', '힙함']",서교동,,,local,,"{""title"": ""바이앤드커피"", ""link"": ""https://www.instagram.com/viand_coffee"", ""category"": ""음식점>카페,디저트"", ""description"": NaN, ""telephone"": NaN, ""address"": ""서울특별시 마포구 서교동 395-124 2층 우측호, 3층"", ""roadAddress"": ""서울특별시 마포구 잔다리로3안길 44 2층 우측호, 3층"", ""mapx"": 1269191720, ""mapy"": 375506239, ""dong"": ""서교동"", ""category_keyword"": ""애견동반카페""}",2026-09-14T03:22:55.005648+00:00
88322650-ab73-5bb9-b255-9f9597fd1f1e,엘로커피바 합정,"음식점>카페,디저트",서울특별시 마포구 서교동 394-82 1층,서울특별시 마포구 양화로8길 16-9 1층,37.5496647,126.9159709,https://www.instagram.com/ello_coffeebar,,,,"['혼밥', '데이트', '감성적']",서교동,,,local,,"{""title"": ""엘로커피바 합정"", ""link"": ""https://www.instagram.com/ello_coffeebar"", ""category"": ""음식점>카페,디저트"", ""description"": NaN, ""telephone"": NaN, ""address"": ""서울특별시 마포구 서교동 394-82 1층"", ""roadAddress"": ""서울특별시 마포구 양화로8길 16-9 1층"", ""mapx"": 1269159709, ""mapy"": 375496647, ""dong"": ""서교동"", ""category_keyword"": ""애견동반카페""}",2026-09-14T03:22:55.005768+00:00
4a8a3284-9616-5ad9-be63-4c932c64dc43,24시커피101,"음식점>카페,디저트",서울특별시 마포구 서교동 332-5 1층 커피101,서울특별시 마포구 와우산로29마길 6 1층 커피101,37.5558262,126.9267205,,,,,"['감성적', '사진맛집', '힙함']",서교동,,,local,,"{""title"": ""24시커피101"", ""link"": NaN, ""category"": ""음식점>카페,디저트"", ""description"": NaN, ""telephone"": NaN, ""address"": ""서울특별시 마포구 서교동 332-5 1층 커피101"", ""roadAddress"": ""서울특별시 마포구 와우산로29마길 6 1층 커피101"", ""mapx"": 1269267205, ""mapy"": 375558262, ""dong"": ""서교동"", ""category_keyword"": ""애견동반카페""}",2026-09-14T03:22:55.005880+00:00
6a424f43-e68f-5a52-a909-492cee21cba0,서원안길 합정,브런치카페,"서울특별시 마포구 서교동 395-174 1층, 2층","서울특별시 마포구 잔다리로3길 34 1층, 2층",37.5506711,126.9178776,https://www.instagram.com/seowonangil_hj,,,,"['데이트', '감성적', '사진맛집', '힙함']",서교동,,,local,,"{""title"": ""서원안길 합정"", ""link"": ""https://www.instagram.com/seowonangil_hj"", ""category"": ""브런치카페"", ""description"": NaN, ""telephone"": NaN, ""address"": ""서울특별시 마포구 서교동 395-174 1층, 2층"", ""roadAddress"": ""서울특별시 마포구 잔다리로3길 34 1층, 2층"", ""mapx"": 1269178776, ""mapy"": 375506711, ""dong"": ""서교동"", ""category_keyword"": ""애견동반카페""}",2026-09-14T03:22:55.005989+00:00
5fcc81fd-a995-5496-8aaa-398990444fb4,피지피지 PZPZ,음식점>이탈리아음식,서울특별시 마포구 서교동 408-11 1층,서울특별시 마포구 와우산로17길 19-18 1층,37.5495591,126.9213204,https://www.instagram.com/pzpzseoul,,,,"['힙함', '감성적', '가족동반']",서교동,,,local,,"{""title"": ""피지피지 PZPZ"", ""link"": ""https://www.instagram.com/pzpzseoul"", ""category"": ""음식점>이탈리아음식"", ""description"": NaN, ""telephone"": NaN, ""address"": ""서울특별시 마포구 서교동 408-11 1층"", ""roadAddress"": ""서울특별시 마포구 와우산로17길 19-18 1층"", ""mapx"": 1269213204, ""mapy"": 375495591, ""dong"": ""서교동"", ""category_keyword"": ""맛집""}",2026-09-14T03:22:55.006102+00:00
3fec201a-3f1d-598a-a710-e13f4e882376,꼬꼬랜드,술집>요리주점,"서울특별시 마포구 서교동 364-14 1,2층","서울특별시 마포구 와우산로19길 18 1,2층",37.5513182,126.9221635,https://www.instagram.com/kkokko_land_/?hl=ko,,,,"['모임', '데이트']",서교동,,,local,,"{""title"": ""꼬꼬랜드"", ""link"": ""https://www.instagram.com/kkokko_land_/?hl=ko"", ""category"": ""술집>요리주점"", ""description"": NaN, ""telephone"": NaN, ""address"": ""서울특별시 마포구 서교동 364-14 1,2층"", ""roadAddress"": ""서울특별시 마포구 와우산로19길 18 1,2층"", ""mapx"": 1269221635, ""mapy"": 375513182, ""dong"": ""서교동"", ""category_keyword"": ""맛집""}",2026-09-14T03:22:55.006223+00:00
d1e344d3-3dd9-5d66-9356-764ed98692c4,친구훠궈 홍대점,중식>중식당,서울특별시 마포구 서교동 358-1 2층,서울특별시 마포구 홍익로 19 2층,37.5540578,126.9225421,,,,,['모임'],서교동,,,local,,"{""title"": ""친구훠궈 홍대점"", ""link"": NaN, ""category"": ""중식>중식당"", ""description"": NaN, ""telephone"": NaN, ""address"": ""서울특별시 마포구 서교동 358-1 2층"", ""roadAddress"": ""서울특별시 마포구 홍익로 19 2층"", ""mapx"": 1269225421, ""mapy"": 375540578, ""dong"": ""서교동"", ""category_keyword"": ""맛집""}",2026-09-14T03:22:55.006342+00:00
9fe2419e-ddda-50a2-a03c-de2e6861e53e,삼평식당 홍대본점,"한식>육류,고기요리",서울특별시 마포구 서교동 351-27 1층,서울특별시 마포구 동교로 164 1층,37.5557101,126.9201019,,,,,"['모임', '가족동반']",서교동,,,local,,"{""title"": ""삼평식당 홍대본점"", ""link"": NaN, ""category"": ""한식>육류,고기요리"", ""description"": NaN, ""telephone"": NaN, ""address"": ""서울특별시 마포구 서교동 351-27 1층"", ""roadAddress"": ""서울특별시 마포구 동교로 164 1층"", ""mapx"": 1269201019, ""mapy"": 375557101, ""dong"": ""서교동"", ""category_keyword"": ""맛집""}",2026-09-14T03:22:55.006456+00:00
2d7982f7-d18d-5121-b0c0-b9d7db39e7a8,우동키노야 합정점,"음식점>일식>우동,소바","서울특별시 마포구 서교동 490 몰동 지1층 B1103, B1104호","서울특별시 마포구 양화로 45 몰동 지1층 B1103, B1104호",37.5513069,126.9133714,https://udonkinoya.com,,,,"['혼밥', '힙함']",서교동,,,local,,"{""title"": ""우동키노야 합정점"", ""link"": ""https://udonkinoya.com"", ""category"": ""음식점>일식>우동,소바"", ""description"": NaN, ""telephone"": NaN, ""address"": ""서울특별시 마포구 서교동 490 몰동 지1층 B1103, B1104호"", ""roadAddress"": ""서울특별시 마포구 양화로 45 몰동 지1층 B1103, B1104호"", ""mapx"": 1269133714, ""mapy"": 375513069, ""dong"": ""서교동"", ""category_keyword"": ""맛집""}",2026-09-14T03:22:55.006570+00:00
97123fca-b1ee-55c7-8709-0a5f0e8281df,피그바,"한식>육류,고기요리",서울특별시 마포구 서교동 396-49 1층,서울특별시 마포구 독막로3길 28-7 1층,37.5495161,126.9174996,https://blog.naver.com/pigbar94,,,,"['모임', '가족동반']",서교동,,,local,,"{""title"": ""피그바"", ""link"": ""https://blog.naver.com/pigbar94"", ""category"": ""한식>육류,고기요리"", ""description"": NaN, ""telephone"": NaN, ""address"": ""서울특별시 마포구 서교동 396-49 1층"", ""roadAddress"": ""서울특별시 마포구 독막로3길 28-7 1층"", ""mapx"": 1269174996, ""mapy"": 375495161, ""dong"": ""서교동"", ""category_keyword"": ""한식""}",2026-09-14T03:22:55.006702+00:00
c3e33744-18e1-5897-9c55-ff943e461ded,밥장인 홍대점,"한식>찌개,전골",서울특별시 마포구 동교동 169-29 1층 밥장인돼지찌개 홍대점,서울특별시 마포구 양화로18안길 16 1층 밥장인돼지찌개 홍대점,37.5567605,126.9254245,http://www.babjangin.com,,,,['혼밥'],서교동,,,local,,"{""title"": ""밥장인 홍대점"", ""link"": ""http://www.babjangin.com"", ""category"": ""한식>찌개,전골"", ""description"": NaN, ""telephone"": NaN, ""address"": ""서울특별시 마포구 동교동 169-29 1층 밥장인돼지찌개 홍대점"", ""roadAddress"": ""서울특별시 마포구 양화로18안길 16 1층 밥장인돼지찌개 홍대점"", ""mapx"": 1269254245, ""mapy"": 375567605, ""dong"": ""서교동"", ""category_keyword"": ""한식""}",2026-09-14T03:22:55.006825+00:00
d2c9e1dd-8399-5d70-a6a6-7754679f47b5,이자카야무세이,술집>이자카야,서울특별시 마포구 동교동 164-9,서울특별시 마포구 어울마당로 127-1,37.5559662,126.9240861,https://www.instagram.com/izakaya_musei,,,,"['모임', '시끌벅적함']",서교동,,,local,,"{""title"": ""이자카야무세이"", ""link"": ""https://www.instagram.com/izakaya_musei"", ""category"": ""술집>이자카야"", ""description"": NaN, ""telephone"": NaN, ""address"": ""서울특별시 마포구 동교동 164-9"", ""roadAddress"": ""서울특별시 마포구 어울마당로 127-1"", ""mapx"": 1269240861, ""mapy"": 375559662, ""dong"": ""서교동"", ""category_keyword"": ""일식""}",2026-09-14T03:22:55.006939+00:00
37b9214f-f37e-5f11-8273-caec51854d52,테즈쿠리 홍대본점,음식점>일식>일식당,서울특별시 마포구 서교동 355-5 홍대가자2 빌딩 2층,서울특별시 마포구 홍익로5안길 32 홍대가자2 빌딩 2층,37.5534765,126.9211783,https://app.catchtable.co.kr/ct/shop/tezkuri,,,,"['조용함', '데이트', '모임']",서교동,,,local,,"{""title"": ""테즈쿠리 홍대본점"", ""link"": ""https://app.catchtable.co.kr/ct/shop/tezkuri"", ""category"": ""음식점>일식>일식당"", ""description"": NaN, ""telephone"": NaN, ""address"": ""서울특별시 마포구 서교동 355-5 홍대가자2 빌딩 2층"", ""roadAddress"": ""서울특별시 마포구 홍익로5안길 32 홍대가자2 빌딩 2층"", ""mapx"": 1269211783, ""mapy"": 375534765, ""dong"": ""서교동"", ""category_keyword"": ""일식""}",2026-09-14T03:22:55.007056+00:00
5a0a4883-108d-5c33-b375-331aae514a75,하카타나카,음식점>일식>일식당,서울특별시 마포구 서교동 346-36 2F,서울특별시 마포구 와우산로23길 50 2F,37.555045,126.9236732,,,,,['웨이팅있음'],서교동,,,local,,"{""title"": ""하카타나카"", ""link"": NaN, ""category"": ""음식점>일식>일식당"", ""description"": NaN, ""telephone"": NaN, ""address"": ""서울특별시 마포구 서교동 346-36 2F"", ""roadAddress"": ""서울특별시 마포구 와우산로23길 50 2F"", ""mapx"": 1269236732, ""mapy"": 375550450, ""dong"": ""서교동"", ""category_keyword"": ""일식""}",2026-09-14T03:22:55.007174+00:00
5e7c86cd-39f9-573e-8962-4e33ad823618,치쿠린 서울,음식점>일식>일식당,서울특별시 마포구 서교동 446-6 2층,서울특별시 마포구 동교로 155 2층,37.555751,126.9190821,https://app.catchtable.co.kr/ct/shop/ChikurinSeoul?from=share&type=DINING,,,,['데이트'],서교동,,,local,,"{""title"": ""치쿠린 서울"", ""link"": ""https://app.catchtable.co.kr/ct/shop/ChikurinSeoul?from=share&type=DINING"", ""category"": ""음식점>일식>일식당"", ""description"": NaN, ""telephone"": NaN, ""address"": ""서울특별시 마포구 서교동 446-6 2층"", ""roadAddress"": ""서울특별시 마포구 동교로 155 2층"", ""mapx"": 1269190821, ""mapy"": 375557510, ""dong"": ""서교동"", ""category_keyword"": ""일식""}",2026-09-14T03:22:55.007287+00:00
5156fd85-d133-5006-a996-12f92ebc4e3b,왕소야 홍대점,중식>중식당,서울특별시 마포구 서교동 342-3 2층,서울특별시 마포구 와우산로25길 13 2층,37.5539894,126.9258355,https://www.instagram.com/,,,,['모임'],서교동,,,local,,"{""title"": ""왕소야 홍대점"", ""link"": ""https://www.instagram.com/"", ""category"": ""중식>중식당"", ""description"": NaN, ""telephone"": NaN, ""address"": ""서울특별시 마포구 서교동 342-3 2층"", ""roadAddress"": ""서울특별시 마포구 와우산로25길 13 2층"", ""mapx"": 1269258355, ""mapy"": 375539894, ""dong"": ""서교동"", ""category_keyword"": ""중식""}",2026-09-14T03:22:55.007402+00:00
76595ffc-0238-5826-ad7d-44cabe75d72f,동보성,중식>중식당,서울특별시 마포구 동교동 154-19,서울특별시 마포구 양화로19길 16,37.558252,126.9241239,,,,,"['웨이팅있음', '데이트']",서교동,,,local,,"{""title"": ""동보성"", ""link"": NaN, ""category"": ""중식>중식당"", ""description"": NaN, ""telephone"": NaN, ""address"": ""서울특별시 마포구 동교동 154-19"", ""roadAddress"": ""서울특별시 마포구 양화로19길 16"", ""mapx"": 1269241239, ""mapy"": 375582520, ""dong"": ""서교동"", ""category_keyword"": ""중식""}",2026-09-14T03:22:55.007513+00:00
dcfb7f6f-8429-56a7-8030-36380dfe53bc,진진,중식>중식당,서울특별시 마포구 서교동 375-35 1층 진진,서울특별시 마포구 월드컵북로1길 60 1층 진진,37.5537804,126.918479,http://pf.kakao.com/_xifMGb,,,,['모임'],서교동,,,local,,"{""title"": ""진진"", ""link"": ""http://pf.kakao.com/_xifMGb"", ""category"": ""중식>중식당"", ""description"": NaN, ""telephone"": NaN, ""address"": ""서울특별시 마포구 서교동 375-35 1층 진진"", ""roadAddress"": ""서울특별시 마포구 월드컵북로1길 60 1층 진진"", ""mapx"": 1269184790, ""mapy"": 375537804, ""dong"": ""서교동"", ""category_keyword"": ""중식""}",2026-09-14T03:22:55.007624+00:00
80cfecf3-ee12-5ea8-8893-9f12bbda6a9b,중화복춘,중식>중식당,서울특별시 마포구 동교동 152-11 101호,서울특별시 마포구 동교로 220-7 101호,37.5595498,126.9242399,https://youtube.com/@zhonghuafuchun3080?si=qpkqHqcFbPAIAuBF,,,,"['가족동반', '데이트', '모임']",서교동,,,local,,"{""title"": ""중화복춘"", ""link"": ""https://youtube.com/@zhonghuafuchun3080?si=qpkqHqcFbPAIAuBF"", ""category"": ""중식>중식당"", ""description"": NaN, ""telephone"": NaN, ""address"": ""서울특별시 마포구 동교동 152-11 101호"", ""roadAddress"": ""서울특별시 마포구 동교로 220-7 101호"", ""mapx"": 1269242399, ""mapy"": 375595498, ""dong"": ""서교동"", ""category_keyword"": ""중식""}",2026-09-14T03:22:55.007736+00:00
b7399287-b099-5d86-9976-fd120183c2a2,오밀 홍대,음식점>양식,서울특별시 마포구 동교동 166-3 2층,서울특별시 마포구 양화로 178-8 2층,37.5574612,126.9254618,https://www.instagram.com/ohmeal.official,,,,"['데이트', '힙함']",서교동,,,local,,"{""title"": ""오밀 홍대"", ""link"": ""https://www.instagram.com/ohmeal.official"", ""category"": ""음식점>양식"", ""description"": NaN, ""telephone"": NaN, ""address"": ""서울특별시 마포구 동교동 166-3 2층"", ""roadAddress"": ""서울특별시 마포구 양화로 178-8 2층"", ""mapx"": 1269254618, ""mapy"": 375574612, ""dong"": ""서교동"", ""category_keyword"": ""양식""}",2026-09-14T03:22:55.007848+00:00
9adb23d7-7451-5864-8e6a-ce641b4aea57,비스트로사랑방,음식점>양식,"서울특별시 마포구 서교동 408-25 BISTRO 사랑방 , 2층","서울특별시 마포구 와우산로15길 40 BISTRO 사랑방 , 2층",37.5489875,126.9212055,https://catchtable.co.kr/bistrosarangbang,,,,['데이트'],서교동,,,local,,"{""title"": ""비스트로사랑방"", ""link"": ""https://catchtable.co.kr/bistrosarangbang"", ""category"": ""음식점>양식"", ""description"": NaN, ""telephone"": NaN, ""address"": ""서울특별시 마포구 서교동 408-25 BISTRO 사랑방 , 2층"", ""roadAddress"": ""서울특별시 마포구 와우산로15길 40 BISTRO 사랑방 , 2층"", ""mapx"": 1269212055, ""mapy"": 375489875, ""dong"": ""서교동"", ""category_keyword"": ""양식""}",2026-09-14T03:22:55.007960+00:00
a80bd606-0e4c-55d2-9695-18558d71d241,연남취향,음식점>양식,서울특별시 마포구 동교동 113-25 1.5층,서울특별시 마포구 연희로1길 36 1.5층,37.5604362,126.9257071,,,,,"['데이트', '힙함']",서교동,,,local,,"{""title"": ""연남취향"", ""link"": NaN, ""category"": ""음식점>양식"", ""description"": NaN, ""telephone"": NaN, ""address"": ""서울특별시 마포구 동교동 113-25 1.5층"", ""roadAddress"": ""서울특별시 마포구 연희로1길 36 1.5층"", ""mapx"": 1269257071, ""mapy"": 375604362, ""dong"": ""서교동"", ""category_keyword"": ""양식""}",2026-09-14T03:22:55.008070+00:00
ec70806b-0eb3-5465-b05e-9611ccbf4191,홍대IN파스타,음식점>양식,서울특별시 마포구 서교동 355-5 준빌라,서울특별시 마포구 홍익로5안길 32 준빌라,37.5534442,126.9211407,https://www.instagram.com/hongdae_in_pasta,,,,['데이트'],서교동,,,local,,"{""title"": ""홍대IN파스타"", ""link"": ""https://www.instagram.com/hongdae_in_pasta"", ""category"": ""음식점>양식"", ""description"": NaN, ""telephone"": NaN, ""address"": ""서울특별시 마포구 서교동 355-5 준빌라"", ""roadAddress"": ""서울특별시 마포구 홍익로5안길 32 준빌라"", ""mapx"": 1269211407, ""mapy"": 375534442, ""dong"": ""서교동"", ""category_keyword"": ""양식""}",2026-09-14T03:22:55.008182+00:00
cade95d7-66ad-5e83-853d-f76c7f58e9df,랑트 연남,음식점>양식,서울특별시 마포구 동교동 154-29 1.5층,서울특별시 마포구 양화로19길 22-30 1.5층,37.5590003,126.9247157,https://www.instagram.com/langt.official/,,,,"['데이트', '힙함']",서교동,,,local,,"{""title"": ""랑트 연남"", ""link"": ""https://www.instagram.com/langt.official/"", ""category"": ""음식점>양식"", ""description"": NaN, ""telephone"": NaN, ""address"": ""서울특별시 마포구 동교동 154-29 1.5층"", ""roadAddress"": ""서울특별시 마포구 양화로19길 22-30 1.5층"", ""mapx"": 1269247157, ""mapy"": 375590003, ""dong"": ""서교동"", ""category_keyword"": ""양식""}",2026-09-14T03:22:55.008293+00:00
cafca1bc-b530-5656-9bc7-093f5109fcd7,홍대조폭떡볶이 본점,분식>종합분식,서울특별시 마포구 서교동 328-18 1층,서울특별시 마포구 와우산로29길 26 1층,37.5552696,126.9284793,,,,,['혼밥'],서교동,,,local,,"{""title"": ""홍대조폭떡볶이 본점"", ""link"": NaN, ""category"": ""분식>종합분식"", ""description"": NaN, ""telephone"": NaN, ""address"": ""서울특별시 마포구 서교동 328-18 1층"", ""roadAddress"": ""서울특별시 마포구 와우산로29길 26 1층"", ""mapx"": 1269284793, ""mapy"": 375552696, ""dong"": ""서교동"", ""category_keyword"": ""분식""}",2026-09-14T03:22:55.008407+00:00
93111375-d3d6-5d22-ba50-0374a5c52235,그동네떡볶이 홍대본점,분식>종합분식,서울특별시 마포구 서교동 335-16 그동네떡볶이,서울특별시 마포구 와우산로27길 14 그동네떡볶이,37.5541034,126.9275396,,,,,['혼밥'],서교동,,,local,,"{""title"": ""그동네떡볶이 홍대본점"", ""link"": NaN, ""category"": ""분식>종합분식"", ""description"": NaN, ""telephone"": NaN, ""address"": ""서울특별시 마포구 서교동 335-16 그동네떡볶이"", ""roadAddress"": ""서울특별시 마포구 와우산로27길 14 그동네떡볶이"", ""mapx"": 1269275396, ""mapy"": 375541034, ""dong"": ""서교동"", ""category_keyword"": ""분식""}",2026-09-14T03:22:55.008521+00:00
41723f48-35f4-50ae-8889-741975bf7df5,마포만두 합정점,분식>만두,서울특별시 마포구 서교동 391-17,서울특별시 마포구 양화로7길 12,37.5513732,126.9151835,http://mapomandu.com/,,,,['혼밥'],서교동,,,local,,"{""title"": ""마포만두 합정점"", ""link"": ""http://mapomandu.com/"", ""category"": ""분식>만두"", ""description"": NaN, ""telephone"": NaN, ""address"": ""서울특별시 마포구 서교동 391-17"", ""roadAddress"": ""서울특별시 마포구 양화로7길 12"", ""mapx"": 1269151835, ""mapy"": 375513732, ""dong"": ""서교동"", ""category_keyword"": ""분식""}",2026-09-14T03:22:55.008632+00:00
dfd227d5-7bca-52c5-9ef4-8d3298c86c9a,도트블랭킷 연남 브런치카페,음식점>브런치,서울특별시 마포구 동교동 148-9 2층,서울특별시 마포구 양화로23길 28 2층,37.5596068,126.9250363,https://www.instagram.com/dotblanket_official,,,,"['힙함', '감성적']",서교동,,,local,,"{""title"": ""도트블랭킷 연남 <b>브런치</b>카페"", ""link"": ""https://www.instagram.com/dotblanket_official"", ""category"": ""음식점>브런치"", ""description"": NaN, ""telephone"": NaN, ""address"": ""서울특별시 마포구 동교동 148-9 2층"", ""roadAddress"": ""서울특별시 마포구 양화로23길 28 2층"", ""mapx"": 1269250363, ""mapy"": 375596068, ""dong"": ""서교동"", ""category_keyword"": ""브런치""}",2026-09-14T03:22:55.008809+00:00
39071da7-27c9-5296-a519-ebb7d81cf19e,클로벨리,음식점>브런치,서울특별시 마포구 서교동 373-16 1층,서울특별시 마포구 양화로12길 19 1층,37.5519592,126.9181794,https://www.instagram.com/clovelly_brunch/?igsh=MWpyYjB0YXFudWo0aA%3D%3D,,,,['데이트'],서교동,,,local,,"{""title"": ""클로벨리"", ""link"": ""https://www.instagram.com/clovelly_brunch/?igsh=MWpyYjB0YXFudWo0aA%3D%3D"", ""category"": ""음식점>브런치"", ""description"": NaN, ""telephone"": NaN, ""address"": ""서울특별시 마포구 서교동 373-16 1층"", ""roadAddress"": ""서울특별시 마포구 양화로12길 19 1층"", ""mapx"": 1269181794, ""mapy"": 375519592, ""dong"": ""서교동"", ""category_keyword"": ""브런치""}",2026-09-14T03:22:55.008927+00:00
55867b1b-3b92-55e8-b8b2-0273c0371bf7,고기꾼김춘배 홍대본점,"한식>육류,고기요리",서울특별시 마포구 서교동 369-44 3층,서울특별시 마포구 홍익로3길 36 3층,37.5528341,126.9215517,https://catchtable.co.kr/gokiggun_hd,,,,"['모임', '가족동반']",서교동,,,local,,"{""title"": ""고기꾼김춘배 홍대본점"", ""link"": ""https://catchtable.co.kr/gokiggun_hd"", ""category"": ""한식>육류,고기요리"", ""description"": NaN, ""telephone"": NaN, ""address"": ""서울특별시 마포구 서교동 369-44 3층"", ""roadAddress"": ""서울특별시 마포구 홍익로3길 36 3층"", ""mapx"": 1269215517, ""mapy"": 375528341, ""dong"": ""서교동"", ""category_keyword"": ""고깃집""}",2026-09-14T03:22:55.009039+00:00
950347a3-dacd-5cb3-a97b-2c5ef3287f36,김숙성 합정점,"한식>육류,고기요리",서울특별시 마포구 서교동 394-12 1층,서울특별시 마포구 양화로8길 38 1층,37.549099,126.9166848,,,,,"['감성적', '데이트', '모임']",서교동,,,local,,"{""title"": ""김숙성 합정점"", ""link"": NaN, ""category"": ""한식>육류,고기요리"", ""description"": NaN, ""telephone"": NaN, ""address"": ""서울특별시 마포구 서교동 394-12 1층"", ""roadAddress"": ""서울특별시 마포구 양화로8길 38 1층"", ""mapx"": 1269166848, ""mapy"": 375490990, ""dong"": ""서교동"", ""category_keyword"": ""고깃집""}",2026-09-14T03:22:55.009153+00:00
c1444683-0878-558d-b7ff-c257e955f304,올더어글리쿠키&amp;트레몽,"음식점>카페,디저트","서울특별시 마포구 합정동 368-36 1, 2층","서울특별시 마포구 토정로 45 1, 2층",37.5456431,126.9159323,https://smartstore.naver.com/alltheuglycookie/products/7535745074,,,,"['웨이팅있음', '감성적']",합정동,,,local,,"{""title"": ""올더어글리쿠키&amp;트레몽"", ""link"": ""https://smartstore.naver.com/alltheuglycookie/products/7535745074"", ""category"": ""음식점>카페,디저트"", ""description"": NaN, ""telephone"": NaN, ""address"": ""서울특별시 마포구 합정동 368-36 1, 2층"", ""roadAddress"": ""서울특별시 마포구 토정로 45 1, 2층"", ""mapx"": 1269159323, ""mapy"": 375456431, ""dong"": ""합정동"", ""category_keyword"": ""카페""}",2026-09-14T03:22:55.009274+00:00
0a267d42-7f4f-58ed-bb9a-d41ac9996358,폴리 합정,"음식점>카페,디저트",서울특별시 마포구 합정동 393-18,서울특별시 마포구 포은로 14,37.5495045,126.9092347,https://www.instagram.com/poly_cafe,,,,"['감성적', '사진맛집', '힙함']",합정동,,,local,,"{""title"": ""폴리 합정"", ""link"": ""https://www.instagram.com/poly_cafe"", ""category"": ""음식점>카페,디저트"", ""description"": NaN, ""telephone"": NaN, ""address"": ""서울특별시 마포구 합정동 393-18"", ""roadAddress"": ""서울특별시 마포구 포은로 14"", ""mapx"": 1269092347, ""mapy"": 375495045, ""dong"": ""합정동"", ""category_keyword"": ""카페""}",2026-09-14T03:22:55.009389+00:00
6c65073c-d5ea-5805-af71-426d60565f32,빈브라더스 합정,"카페,디저트>카페",서울특별시 마포구 합정동 368-3,서울특별시 마포구 토정로 35-1,37.5456938,126.9149771,http://beanbrothers.co.kr,,,,['감성적'],합정동,,,local,,"{""title"": ""빈브라더스 합정"", ""link"": ""http://beanbrothers.co.kr"", ""category"": ""카페,디저트>카페"", ""description"": NaN, ""telephone"": NaN, ""address"": ""서울특별시 마포구 합정동 368-3"", ""roadAddress"": ""서울특별시 마포구 토정로 35-1"", ""mapx"": 1269149771, ""mapy"": 375456938, ""dong"": ""합정동"", ""category_keyword"": ""카페""}",2026-09-14T03:22:55.009501+00:00
71df2992-3156-59ec-8d3e-cf592bbb8278,밤부 베이커리&amp;브루잉,"음식점>카페,디저트",서울특별시 마포구 합정동 386-11,서울특별시 마포구 월드컵로5길 33-23,37.5505875,126.9109582,http://coffeedna.co.kr/index.html,,,,['혼밥'],합정동,,,local,,"{""title"": ""밤부 베이커리&amp;브루잉"", ""link"": ""http://coffeedna.co.kr/index.html"", ""category"": ""음식점>카페,디저트"", ""description"": NaN, ""telephone"": NaN, ""address"": ""서울특별시 마포구 합정동 386-11"", ""roadAddress"": ""서울특별시 마포구 월드컵로5길 33-23"", ""mapx"": 1269109582, ""mapy"": 375505875, ""dong"": ""합정동"", ""category_keyword"": ""브런치카페""}",2026-09-14T03:22:55.009614+00:00
8b0a8fc4-6593-5d83-aefa-db0e2cf35193,그레이랩,"음식점>카페,디저트",서울특별시 마포구 합정동 367-9 1층,서울특별시 마포구 토정로3길 16 1층,37.5462626,126.9143495,https://www.facebook.com/greylab-357618961799843,,,,"['감성적', '사진맛집', '힙함']",합정동,,,local,,"{""title"": ""그레이랩"", ""link"": ""https://www.facebook.com/greylab-357618961799843"", ""category"": ""음식점>카페,디저트"", ""description"": NaN, ""telephone"": NaN, ""address"": ""서울특별시 마포구 합정동 367-9 1층"", ""roadAddress"": ""서울특별시 마포구 토정로3길 16 1층"", ""mapx"": 1269143495, ""mapy"": 375462626, ""dong"": ""합정동"", ""category_keyword"": ""브런치카페""}",2026-09-14T03:22:55.009724+00:00
e2c39f2c-a02f-5fce-86ff-35415c0f8749,pancake cafe 번트 오렌지,브런치카페,서울특별시 마포구 합정동 360-1 1층,서울특별시 마포구 독막로6길 27 1층,37.5467384,126.9171719,https://www.idus.com/burntorange,,,,['감성적'],합정동,,,local,,"{""title"": ""pancake cafe 번트 오렌지"", ""link"": ""https://www.idus.com/burntorange"", ""category"": ""브런치카페"", ""description"": NaN, ""telephone"": NaN, ""address"": ""서울특별시 마포구 합정동 360-1 1층"", ""roadAddress"": ""서울특별시 마포구 독막로6길 27 1층"", ""mapx"": 1269171719, ""mapy"": 375467384, ""dong"": ""합정동"", ""category_keyword"": ""브런치카페""}",2026-09-14T03:22:55.009839+00:00
acf9d4d5-d349-51eb-90c6-ea9cc2ae96eb,오베이글하우스,브런치카페,서울특별시 마포구 합정동 431-21 오베이글하우스,서울특별시 마포구 월드컵로7길 41 오베이글하우스,37.5528385,126.9098036,https://www.instagram.com/obagel_house_kr,,,,"['데이트', '감성적', '사진맛집', '힙함']",합정동,,,local,,"{""title"": ""오베이글하우스"", ""link"": ""https://www.instagram.com/obagel_house_kr"", ""category"": ""브런치카페"", ""description"": NaN, ""telephone"": NaN, ""address"": ""서울특별시 마포구 합정동 431-21 오베이글하우스"", ""roadAddress"": ""서울특별시 마포구 월드컵로7길 41 오베이글하우스"", ""mapx"": 1269098036, ""mapy"": 375528385, ""dong"": ""합정동"", ""category_keyword"": ""브런치카페""}",2026-09-14T03:22:55.009952+00:00
155fafce-ad65-52a6-8f56-9cdbaa5e933d,클루미유니버스,"음식점>카페,디저트",서울특별시 마포구 합정동 355-14 1층,서울특별시 마포구 독막로8길 21 1층,37.5469607,126.91807,https://www.instagram.com/clumi.universe,,,,"['감성적', '사진맛집', '힙함']",합정동,,,local,,"{""title"": ""클루미유니버스"", ""link"": ""https://www.instagram.com/clumi.universe"", ""category"": ""음식점>카페,디저트"", ""description"": NaN, ""telephone"": NaN, ""address"": ""서울특별시 마포구 합정동 355-14 1층"", ""roadAddress"": ""서울특별시 마포구 독막로8길 21 1층"", ""mapx"": 1269180700, ""mapy"": 375469607, ""dong"": ""합정동"", ""category_keyword"": ""브런치카페""}",2026-09-14T03:22:55.010066+00:00
eb950599-a18d-5709-8f2c-d6610291b758,민규아빠네베이글 합정점,"카페,디저트>베이글",서울특별시 마포구 합정동 355-24 1층,서울특별시 마포구 독막로8길 15 1층,37.5471801,126.9181967,,,,,"['혼밥', '감성적', '사진맛집', '힙함']",합정동,,,local,,"{""title"": ""민규아빠네베이글 합정점"", ""link"": NaN, ""category"": ""카페,디저트>베이글"", ""description"": NaN, ""telephone"": NaN, ""address"": ""서울특별시 마포구 합정동 355-24 1층"", ""roadAddress"": ""서울특별시 마포구 독막로8길 15 1층"", ""mapx"": 1269181967, ""mapy"": 375471801, ""dong"": ""합정동"", ""category_keyword"": ""브런치카페""}",2026-09-14T03:22:55.010179+00:00
d0f8cde1-b4fd-57bc-a811-61317afd85e9,합정카페 웨하로스터스,"음식점>카페,디저트",서울특별시 마포구 합정동 364-9 1층,서울특별시 마포구 성지1길 35 1층,37.5480169,126.9154868,https://www.instagram.com/wehigh.coffee,,,,['조용함'],합정동,,,local,,"{""title"": ""합정<b>카페</b> 웨하로스터스"", ""link"": ""https://www.instagram.com/wehigh.coffee"", ""category"": ""음식점>카페,디저트"", ""description"": NaN, ""telephone"": NaN, ""address"": ""서울특별시 마포구 합정동 364-9 1층"", ""roadAddress"": ""서울특별시 마포구 성지1길 35 1층"", ""mapx"": 1269154868, ""mapy"": 375480169, ""dong"": ""합정동"", ""category_keyword"": ""브런치카페""}",2026-09-14T03:22:55.010298+00:00
65e7692b-1f6e-5288-9314-9efb7e76f637,볼베르,"음식점>카페,디저트",서울특별시 마포구 합정동 427-18 2층 VOLVER,서울특별시 마포구 월드컵로 41 2층 VOLVER,37.5529747,126.9118691,https://www.instagram.com/kafevolver,,,,['감성적'],합정동,,,local,,"{""title"": ""볼베르"", ""link"": ""https://www.instagram.com/kafevolver"", ""category"": ""음식점>카페,디저트"", ""description"": NaN, ""telephone"": NaN, ""address"": ""서울특별시 마포구 합정동 427-18 2층 VOLVER"", ""roadAddress"": ""서울특별시 마포구 월드컵로 41 2층 VOLVER"", ""mapx"": 1269118691, ""mapy"": 375529747, ""dong"": ""합정동"", ""category_keyword"": ""베이커리카페""}",2026-09-14T03:22:55.010530+00:00
9a33a465-947e-54ac-83bd-31121d25b000,폴드 베이커리,"카페,디저트>베이커리",서울특별시 마포구 합정동 366-12 1층,서울특별시 마포구 독막로2길 31 1층,37.5471718,126.9145148,https://www.instagram.com/fold_bakery_,,,,"['감성적', '사진맛집', '힙함']",합정동,,,local,,"{""title"": ""폴드 <b>베이커리</b>"", ""link"": ""https://www.instagram.com/fold_bakery_"", ""category"": ""카페,디저트>베이커리"", ""description"": NaN, ""telephone"": NaN, ""address"": ""서울특별시 마포구 합정동 366-12 1층"", ""roadAddress"": ""서울특별시 마포구 독막로2길 31 1층"", ""mapx"": 1269145148, ""mapy"": 375471718, ""dong"": ""합정동"", ""category_keyword"": ""베이커리카페""}",2026-09-14T03:22:55.010647+00:00
805f25b9-c7a5-5049-a3f8-0223eae578c8,밀토니아,"카페,디저트>베이커리",서울특별시 마포구 합정동 434-36 1층 좌2호,서울특별시 마포구 월드컵로7길 73 1층 좌2호,37.552468,126.9082439,,,,,"['감성적', '사진맛집', '힙함']",합정동,,,local,,"{""title"": ""밀토니아"", ""link"": NaN, ""category"": ""카페,디저트>베이커리"", ""description"": NaN, ""telephone"": NaN, ""address"": ""서울특별시 마포구 합정동 434-36 1층 좌2호"", ""roadAddress"": ""서울특별시 마포구 월드컵로7길 73 1층 좌2호"", ""mapx"": 1269082439, ""mapy"": 375524680, ""dong"": ""합정동"", ""category_keyword"": ""베이커리카페""}",2026-09-14T03:22:55.010778+00:00
058e4b9e-06f3-54b9-8601-271fc62671e2,바리아토,"음식점>카페,디저트",서울특별시 마포구 합정동 449-2 1층 101호,서울특별시 마포구 동교로 16 1층 101호,37.5517718,126.9044835,https://www.instagram.com/variato_coffee,,,,"['감성적', '조용함', '데이트']",합정동,,,local,,"{""title"": ""바리아토"", ""link"": ""https://www.instagram.com/variato_coffee"", ""category"": ""음식점>카페,디저트"", ""description"": NaN, ""telephone"": NaN, ""address"": ""서울특별시 마포구 합정동 449-2 1층 101호"", ""roadAddress"": ""서울특별시 마포구 동교로 16 1층 101호"", ""mapx"": 1269044835, ""mapy"": 375517718, ""dong"": ""합정동"", ""category_keyword"": ""애견동반카페""}",2026-09-14T03:22:55.011013+00:00
723f6303-31d4-55ad-b63f-fc573fd2a726,부니기,"음식점>카페,디저트",서울특별시 마포구 합정동 439-8 Boonigi 1층,서울특별시 마포구 희우정로 42-3 Boonigi 1층,37.5508753,126.9066612,,,,,['감성적'],합정동,,,local,,"{""title"": ""부니기"", ""link"": NaN, ""category"": ""음식점>카페,디저트"", ""description"": NaN, ""telephone"": NaN, ""address"": ""서울특별시 마포구 합정동 439-8 Boonigi 1층"", ""roadAddress"": ""서울특별시 마포구 희우정로 42-3 Boonigi 1층"", ""mapx"": 1269066612, ""mapy"": 375508753, ""dong"": ""합정동"", ""category_keyword"": ""애견동반카페""}",2026-09-14T03:22:55.011125+00:00
fea11ad6-22d0-5a10-8f67-5a1c88130596,가보자라이브7080,"카페,디저트>라이브카페",서울특별시 마포구 합정동 383-31 합정역8번출구,서울특별시 마포구 월드컵로1길 11 합정역8번출구,37.5494625,126.9123016,,,,,"['힙함', '데이트']",합정동,,,local,,"{""title"": ""가보자라이브7080"", ""link"": NaN, ""category"": ""카페,디저트>라이브카페"", ""description"": NaN, ""telephone"": NaN, ""address"": ""서울특별시 마포구 합정동 383-31 합정역8번출구"", ""roadAddress"": ""서울특별시 마포구 월드컵로1길 11 합정역8번출구"", ""mapx"": 1269123016, ""mapy"": 375494625, ""dong"": ""합정동"", ""category_keyword"": ""애견동반카페""}",2026-09-14T03:22:55.011236+00:00
8d47ee06-a5c9-588f-a827-c8045d243f41,레오띠,애견카페,서울특별시 마포구 망원동 396-3 1층 101호,서울특별시 마포구 망원로2길 96 1층 101호,37.5532923,126.9039479,https://www.instagram.com/,,,,['데이트'],합정동,,,local,,"{""title"": ""레오띠"", ""link"": ""https://www.instagram.com/"", ""category"": ""애견카페"", ""description"": NaN, ""telephone"": NaN, ""address"": ""서울특별시 마포구 망원동 396-3 1층 101호"", ""roadAddress"": ""서울특별시 마포구 망원로2길 96 1층 101호"", ""mapx"": 1269039479, ""mapy"": 375532923, ""dong"": ""합정동"", ""category_keyword"": ""애견동반카페""}",2026-09-14T03:22:55.011345+00:00
cda6eba4-f6f7-5682-9b26-9dbf294f8693,청와옥 합정역직영점,"음식점>한식>육류,고기요리>순대,순댓국",서울특별시 마포구 합정동 414-1 1층,서울특별시 마포구 양화로 50 1층,37.5495669,126.9144579,,,,,['모임'],합정동,,,local,,"{""title"": ""청와옥 합정역직영점"", ""link"": NaN, ""category"": ""음식점>한식>육류,고기요리>순대,순댓국"", ""description"": NaN, ""telephone"": NaN, ""address"": ""서울특별시 마포구 합정동 414-1 1층"", ""roadAddress"": ""서울특별시 마포구 양화로 50 1층"", ""mapx"": 1269144579, ""mapy"": 375495669, ""dong"": ""합정동"", ""category_keyword"": ""맛집""}",2026-09-14T03:22:55.011457+00:00
5fbe95f1-5cce-59b5-891a-7f19a30b026a,시센,중식>중식당,서울특별시 마포구 합정동 386-39 2층,서울특별시 마포구 양화로3길 37 2층,37.5505639,126.9112176,https://www.instagram.com/shisen_seoul?igsh=MXd4ajRzb2V4ODFtMA%3D%3D&utm_source=qr,,,,['모임'],합정동,,,local,,"{""title"": ""시센"", ""link"": ""https://www.instagram.com/shisen_seoul?igsh=MXd4ajRzb2V4ODFtMA%3D%3D&utm_source=qr"", ""category"": ""중식>중식당"", ""description"": NaN, ""telephone"": NaN, ""address"": ""서울특별시 마포구 합정동 386-39 2층"", ""roadAddress"": ""서울특별시 마포구 양화로3길 37 2층"", ""mapx"": 1269112176, ""mapy"": 375505639, ""dong"": ""합정동"", ""category_keyword"": ""맛집""}",2026-09-14T03:22:55.011569+00:00
08528c2a-ed9d-50f1-af17-d491a6274416,대나무숙성회관 합정점,한식>생선회,서울특별시 마포구 합정동 387-3 1층,서울특별시 마포구 월드컵로3길 31 1층,37.5502124,126.9110497,https://www.instagram.com/bamboohapjeong,,,,"['모임', '가족동반']",합정동,,,local,,"{""title"": ""대나무숙성회관 합정점"", ""link"": ""https://www.instagram.com/bamboohapjeong"", ""category"": ""한식>생선회"", ""description"": NaN, ""telephone"": NaN, ""address"": ""서울특별시 마포구 합정동 387-3 1층"", ""roadAddress"": ""서울특별시 마포구 월드컵로3길 31 1층"", ""mapx"": 1269110497, ""mapy"": 375502124, ""dong"": ""합정동"", ""category_keyword"": ""한식""}",2026-09-14T03:22:55.011682+00:00
01cf8a93-5022-5b15-8015-cf63a99d3160,만로 합정점,"한식>장어,먹장어요리",서울특별시 마포구 합정동 383-9 1층,서울특별시 마포구 월드컵로1길 7 1층,37.5494833,126.9125123,https://www.instagram.com/manrohapjung?igsi=aWFidjlkazlxcmE3,,,,['모임'],합정동,,,local,,"{""title"": ""만로 합정점"", ""link"": ""https://www.instagram.com/manrohapjung?igsi=aWFidjlkazlxcmE3"", ""category"": ""한식>장어,먹장어요리"", ""description"": NaN, ""telephone"": NaN, ""address"": ""서울특별시 마포구 합정동 383-9 1층"", ""roadAddress"": ""서울특별시 마포구 월드컵로1길 7 1층"", ""mapx"": 1269125123, ""mapy"": 375494833, ""dong"": ""합정동"", ""category_keyword"": ""한식""}",2026-09-14T03:22:55.011798+00:00
4856b398-60e0-519e-99c8-8ce4371bc8ab,시오 합정점,음식점>일식>일식당,서울특별시 마포구 합정동 372-17 1층,서울특별시 마포구 독막로2길 30 1층,37.5472597,126.9143486,,,,,"['데이트', '힙함']",합정동,,,local,,"{""title"": ""시오 합정점"", ""link"": NaN, ""category"": ""음식점>일식>일식당"", ""description"": NaN, ""telephone"": NaN, ""address"": ""서울특별시 마포구 합정동 372-17 1층"", ""roadAddress"": ""서울특별시 마포구 독막로2길 30 1층"", ""mapx"": 1269143486, ""mapy"": 375472597, ""dong"": ""합정동"", ""category_keyword"": ""일식""}",2026-09-14T03:22:55.011908+00:00
7176f5db-bb57-560e-9b5a-88c4d877fbe5,토후 합정본점,음식점>일식>일식당,서울특별시 마포구 합정동 388-10 지상 1.5층,서울특별시 마포구 월드컵로3길 31-8 지상 1.5층,37.5500567,126.9109042,https://www.instagram.com/tofu_hapjeong,,,,"['감성적', '웨이팅있음']",합정동,,,local,,"{""title"": ""토후 합정본점"", ""link"": ""https://www.instagram.com/tofu_hapjeong"", ""category"": ""음식점>일식>일식당"", ""description"": NaN, ""telephone"": NaN, ""address"": ""서울특별시 마포구 합정동 388-10 지상 1.5층"", ""roadAddress"": ""서울특별시 마포구 월드컵로3길 31-8 지상 1.5층"", ""mapx"": 1269109042, ""mapy"": 375500567, ""dong"": ""합정동"", ""category_keyword"": ""일식""}",2026-09-14T03:22:55.012017+00:00
4002491a-5e88-514a-a3a5-18b7e8c14f08,봉선화빛,음식점>일식>일식당,서울특별시 마포구 합정동 359-27 1층,서울특별시 마포구 성지3길 60 1층,37.5461332,126.9161502,https://app.catchtable.co.kr/ct/shop/bongsunhwabit,,,,['모임'],합정동,,,local,,"{""title"": ""봉선화빛"", ""link"": ""https://app.catchtable.co.kr/ct/shop/bongsunhwabit"", ""category"": ""음식점>일식>일식당"", ""description"": NaN, ""telephone"": NaN, ""address"": ""서울특별시 마포구 합정동 359-27 1층"", ""roadAddress"": ""서울특별시 마포구 성지3길 60 1층"", ""mapx"": 1269161502, ""mapy"": 375461332, ""dong"": ""합정동"", ""category_keyword"": ""일식""}",2026-09-14T03:22:55.012131+00:00
18791a06-ec33-53b9-ac31-cf04489af8cc,연희중식,중식>중식당,서울특별시 마포구 합정동 388-29 2층,서울특별시 마포구 양화로1길 32 2층,37.5500931,126.9105383,,,,,['모임'],합정동,,,local,,"{""title"": ""연희<b>중식</b>"", ""link"": NaN, ""category"": ""중식>중식당"", ""description"": NaN, ""telephone"": NaN, ""address"": ""서울특별시 마포구 합정동 388-29 2층"", ""roadAddress"": ""서울특별시 마포구 양화로1길 32 2층"", ""mapx"": 1269105383, ""mapy"": 375500931, ""dong"": ""합정동"", ""category_keyword"": ""중식""}",2026-09-14T03:22:55.019510+00:00
88743dad-a762-5b1e-aadc-59848f90d873,자자,중식>중식당,서울특별시 마포구 합정동 364-29,서울특별시 마포구 독막로 18,37.5483795,126.9152746,https://www.instagram.com/jiajia_hapjeong?igshid=YmMyMTA2M2Y=,,,,['모임'],합정동,,,local,,"{""title"": ""자자"", ""link"": ""https://www.instagram.com/jiajia_hapjeong?igshid=YmMyMTA2M2Y="", ""category"": ""중식>중식당"", ""description"": NaN, ""telephone"": NaN, ""address"": ""서울특별시 마포구 합정동 364-29"", ""roadAddress"": ""서울특별시 마포구 독막로 18"", ""mapx"": 1269152746, ""mapy"": 375483795, ""dong"": ""합정동"", ""category_keyword"": ""중식""}",2026-09-14T03:22:55.019946+00:00
d86530b2-9701-5ff9-ae66-458cfbe60199,미미본관,중식>중식당,서울특별시 마포구 합정동 392-3 1층,서울특별시 마포구 포은로2가길 65 1층,37.5494261,126.9103058,http://catchtable.co.kr/mimibongwan,,,,['감성적'],합정동,,,local,,"{""title"": ""미미본관"", ""link"": ""http://catchtable.co.kr/mimibongwan"", ""category"": ""중식>중식당"", ""description"": NaN, ""telephone"": NaN, ""address"": ""서울특별시 마포구 합정동 392-3 1층"", ""roadAddress"": ""서울특별시 마포구 포은로2가길 65 1층"", ""mapx"": 1269103058, ""mapy"": 375494261, ""dong"": ""합정동"", ""category_keyword"": ""중식""}",2026-09-14T03:22:55.020578+00:00
b895a548-9c9e-50ef-962e-6c9ad4a3c36e,한길비스트로 합정,음식점>양식,서울특별시 마포구 합정동 413-5 A동 2층,서울특별시 마포구 독막로 13 A동 2층,37.5488129,126.9150537,https://blog.naver.com/hg_bistro,,,,"['데이트', '감성적']",합정동,,,local,,"{""title"": ""한길비스트로 합정"", ""link"": ""https://blog.naver.com/hg_bistro"", ""category"": ""음식점>양식"", ""description"": NaN, ""telephone"": NaN, ""address"": ""서울특별시 마포구 합정동 413-5 A동 2층"", ""roadAddress"": ""서울특별시 마포구 독막로 13 A동 2층"", ""mapx"": 1269150537, ""mapy"": 375488129, ""dong"": ""합정동"", ""category_keyword"": ""양식""}",2026-09-14T03:22:55.020801+00:00
126dd957-4e84-59da-b0b4-72a7cfe514a1,도트 합정,음식점>이탈리아음식,서울특별시 마포구 합정동 363-20 1층 도트,서울특별시 마포구 성지1길 69 1층 도트,37.5476247,126.9172703,https://toss.place/_lb/VxDiS5lvG,,,,"['데이트', '힙함']",합정동,,,local,,"{""title"": ""도트 합정"", ""link"": ""https://toss.place/_lb/VxDiS5lvG"", ""category"": ""음식점>이탈리아음식"", ""description"": NaN, ""telephone"": NaN, ""address"": ""서울특별시 마포구 합정동 363-20 1층 도트"", ""roadAddress"": ""서울특별시 마포구 성지1길 69 1층 도트"", ""mapx"": 1269172703, ""mapy"": 375476247, ""dong"": ""합정동"", ""category_keyword"": ""양식""}",2026-09-14T03:22:55.020975+00:00
fc8d9c4a-97a0-5f80-b725-3969efe724c0,스프링비스트로,음식점>이탈리아음식,서울특별시 마포구 합정동 392-13 2층,서울특별시 마포구 양화로1길 25 2층,37.5498429,126.9103664,http://instagram.com/springbistro.kr,,,,['감성적'],합정동,,,local,,"{""title"": ""스프링비스트로"", ""link"": ""http://instagram.com/springbistro.kr"", ""category"": ""음식점>이탈리아음식"", ""description"": NaN, ""telephone"": NaN, ""address"": ""서울특별시 마포구 합정동 392-13 2층"", ""roadAddress"": ""서울특별시 마포구 양화로1길 25 2층"", ""mapx"": 1269103664, ""mapy"": 375498429, ""dong"": ""합정동"", ""category_keyword"": ""양식""}",2026-09-14T03:22:55.021139+00:00
ea4c0893-0ddf-5d47-93f6-60caa3b7e282,오스테리아샘킴,음식점>양식,서울특별시 마포구 합정동 472 딜라이트스퀘어 A동 1차 2층,서울특별시 마포구 월드컵로1길 14 딜라이트스퀘어 A동 1차 2층,37.5500843,126.9125646,,,,,['주차가능'],합정동,,,local,,"{""title"": ""오스테리아샘킴"", ""link"": NaN, ""category"": ""음식점>양식"", ""description"": NaN, ""telephone"": NaN, ""address"": ""서울특별시 마포구 합정동 472 딜라이트스퀘어 A동 1차 2층"", ""roadAddress"": ""서울특별시 마포구 월드컵로1길 14 딜라이트스퀘어 A동 1차 2층"", ""mapx"": 1269125646, ""mapy"": 375500843, ""dong"": ""합정동"", ""category_keyword"": ""양식""}",2026-09-14T03:22:55.021271+00:00
4a7201bb-ae1f-5923-bbff-9213cd70f684,라구 합정,음식점>양식,서울특별시 마포구 합정동 367-41 지1층,서울특별시 마포구 토정로3안길 29 지1층,37.5460252,126.9157647,https://www.instagram.com/ragusteak,,,,"['데이트', '힙함']",합정동,,,local,,"{""title"": ""라구 합정"", ""link"": ""https://www.instagram.com/ragusteak"", ""category"": ""음식점>양식"", ""description"": NaN, ""telephone"": NaN, ""address"": ""서울특별시 마포구 합정동 367-41 지1층"", ""roadAddress"": ""서울특별시 마포구 토정로3안길 29 지1층"", ""mapx"": 1269157647, ""mapy"": 375460252, ""dong"": ""합정동"", ""category_keyword"": ""양식""}",2026-09-14T03:22:55.021402+00:00
d73fa807-67b2-52de-afa3-816697f72d05,우엉,분식>김밥,서울특별시 마포구 합정동 368-2 1층 102호,서울특별시 마포구 토정로 37 1층 102호,37.5456616,126.915247,https://www.instagram.com/woo_eoung,,,,['혼밥'],합정동,,,local,,"{""title"": ""우엉"", ""link"": ""https://www.instagram.com/woo_eoung"", ""category"": ""분식>김밥"", ""description"": NaN, ""telephone"": NaN, ""address"": ""서울특별시 마포구 합정동 368-2 1층 102호"", ""roadAddress"": ""서울특별시 마포구 토정로 37 1층 102호"", ""mapx"": 1269152470, ""mapy"": 375456616, ""dong"": ""합정동"", ""category_keyword"": ""분식""}",2026-09-14T03:22:55.021531+00:00
1bfd697e-dac8-5563-98da-eecbb96683c2,좋은열매,분식>종합분식,서울특별시 마포구 합정동 392-3 B동,서울특별시 마포구 포은로2가길 65 B동,37.5493104,126.9104388,http://fruit.food-an.com/,,,,['혼밥'],합정동,,,local,,"{""title"": ""좋은열매"", ""link"": ""http://fruit.food-an.com/"", ""category"": ""분식>종합분식"", ""description"": NaN, ""telephone"": NaN, ""address"": ""서울특별시 마포구 합정동 392-3 B동"", ""roadAddress"": ""서울특별시 마포구 포은로2가길 65 B동"", ""mapx"": 1269104388, ""mapy"": 375493104, ""dong"": ""합정동"", ""category_keyword"": ""분식""}",2026-09-14T03:22:55.021652+00:00
2ea87f9a-89c2-513b-8b4c-56ac0026fb55,합정고깃집,"한식>육류,고기요리",서울특별시 마포구 합정동 392-3 1층 합정고깃집,서울특별시 마포구 양화로1길 21 1층 합정고깃집,37.5496434,126.9104527,,,,,"['모임', '가족동반']",합정동,,,local,,"{""title"": ""합정<b>고깃집</b>"", ""link"": NaN, ""category"": ""한식>육류,고기요리"", ""description"": NaN, ""telephone"": NaN, ""address"": ""서울특별시 마포구 합정동 392-3 1층 합정고깃집"", ""roadAddress"": ""서울특별시 마포구 양화로1길 21 1층 합정고깃집"", ""mapx"": 1269104527, ""mapy"": 375496434, ""dong"": ""합정동"", ""category_keyword"": ""고깃집""}",2026-09-14T03:22:55.021770+00:00
c3f47e95-71f8-59d9-808b-1a29ea7bf67b,정육도,"한식>육류,고기요리",서울특별시 마포구 합정동 414-16 2층 정육도,서울특별시 마포구 양화로6길 14 2층 정육도,37.5491951,126.9148751,https://www.jungyukdo.com/,,,,['모임'],합정동,,,local,,"{""title"": ""정육도"", ""link"": ""https://www.jungyukdo.com/"", ""category"": ""한식>육류,고기요리"", ""description"": NaN, ""telephone"": NaN, ""address"": ""서울특별시 마포구 합정동 414-16 2층 정육도"", ""roadAddress"": ""서울특별시 마포구 양화로6길 14 2층 정육도"", ""mapx"": 1269148751, ""mapy"": 375491951, ""dong"": ""합정동"", ""category_keyword"": ""고깃집""}",2026-09-14T03:22:55.021887+00:00
18ad52f1-6a23-58f2-aa0e-89db15e76235,국제양식,"한식>육류,고기요리",서울특별시 마포구 합정동 389-16 대운행복아파트 1층 102호,서울특별시 마포구 양화로1길 38 대운행복아파트 1층 102호,37.5503681,126.9105244,https://app.catchtable.co.kr/ct/shop/kukje_yangsik,,,,"['모임', '가족동반']",합정동,,,local,,"{""title"": ""국제양식"", ""link"": ""https://app.catchtable.co.kr/ct/shop/kukje_yangsik"", ""category"": ""한식>육류,고기요리"", ""description"": NaN, ""telephone"": NaN, ""address"": ""서울특별시 마포구 합정동 389-16 대운행복아파트 1층 102호"", ""roadAddress"": ""서울특별시 마포구 양화로1길 38 대운행복아파트 1층 102호"", ""mapx"": 1269105244, ""mapy"": 375503681, ""dong"": ""합정동"", ""category_keyword"": ""고깃집""}",2026-09-14T03:22:55.022024+00:00
689c0e01-0853-5744-b1c0-ef6a57d1d131,코리야 망원,"카페,디저트>빙수",서울특별시 마포구 망원동 376-15 1층 코리야,서울특별시 마포구 월드컵로15길 27 1층 코리야,37.5557181,126.9085448,https://www.instagram.com/koriya_mangwon?igsh=MWFwY3hzMGl1Zm5vOQ%3D%3D&utm_source=qr,,,,"['데이트', '사진맛집', '감성적', '힙함']",망원동,,,local,,"{""title"": ""코리야 망원"", ""link"": ""https://www.instagram.com/koriya_mangwon?igsh=MWFwY3hzMGl1Zm5vOQ%3D%3D&utm_source=qr"", ""category"": ""카페,디저트>빙수"", ""description"": NaN, ""telephone"": NaN, ""address"": ""서울특별시 마포구 망원동 376-15 1층 코리야"", ""roadAddress"": ""서울특별시 마포구 월드컵로15길 27 1층 코리야"", ""mapx"": 1269085448, ""mapy"": 375557181, ""dong"": ""망원동"", ""category_keyword"": ""카페""}",2026-09-14T03:22:55.022156+00:00
8ea3e4fc-a5c8-5252-991a-5aac365f53f8,픽트로스터리 망원점,"음식점>카페,디저트",서울특별시 마포구 망원동 412-50 1층,서울특별시 마포구 월드컵로23길 45 1층,37.5558894,126.9072652,,,,,"['조용함', '데이트']",망원동,,,local,,"{""title"": ""픽트로스터리 망원점"", ""link"": NaN, ""category"": ""음식점>카페,디저트"", ""description"": NaN, ""telephone"": NaN, ""address"": ""서울특별시 마포구 망원동 412-50 1층"", ""roadAddress"": ""서울특별시 마포구 월드컵로23길 45 1층"", ""mapx"": 1269072652, ""mapy"": 375558894, ""dong"": ""망원동"", ""category_keyword"": ""카페""}",2026-09-14T03:22:55.022275+00:00
0856dc2d-3f7c-5412-849d-f642b8349d54,블랑제리코팡,"카페,디저트>베이커리",서울특별시 마포구 망원동 455-17 1층,서울특별시 마포구 희우정로 115 1층,37.5549243,126.9004943,https://www.threads.com/@boulangerie_copain_,,,,"['감성적', '사진맛집', '힙함']",망원동,,,local,,"{""title"": ""블랑제리코팡"", ""link"": ""https://www.threads.com/@boulangerie_copain_"", ""category"": ""카페,디저트>베이커리"", ""description"": NaN, ""telephone"": NaN, ""address"": ""서울특별시 마포구 망원동 455-17 1층"", ""roadAddress"": ""서울특별시 마포구 희우정로 115 1층"", ""mapx"": 1269004943, ""mapy"": 375549243, ""dong"": ""망원동"", ""category_keyword"": ""카페""}",2026-09-14T03:22:55.022395+00:00
f15833f3-39e6-5fb2-910f-9f86d58aa7d8,오무스,"카페,디저트>베이커리",서울특별시 마포구 망원동 376-15 1층,서울특별시 마포구 월드컵로15길 27 1층,37.5556785,126.9085284,https://www.instagram.com/o.mousse_official,,,,['사진맛집'],망원동,,,local,,"{""title"": ""오무스"", ""link"": ""https://www.instagram.com/o.mousse_official"", ""category"": ""카페,디저트>베이커리"", ""description"": NaN, ""telephone"": NaN, ""address"": ""서울특별시 마포구 망원동 376-15 1층"", ""roadAddress"": ""서울특별시 마포구 월드컵로15길 27 1층"", ""mapx"": 1269085284, ""mapy"": 375556785, ""dong"": ""망원동"", ""category_keyword"": ""카페""}",2026-09-14T03:22:55.022512+00:00
eb1acda6-7882-5c22-a080-c179e21322d9,당도,"카페,디저트>아이스크림",서울특별시 마포구 망원동 414-16,서울특별시 마포구 포은로 106,37.5564448,126.9048403,http://instagram.com/gelateria_dangdo,,,,"['사진맛집', '데이트', '감성적', '힙함']",망원동,,,local,,"{""title"": ""당도"", ""link"": ""http://instagram.com/gelateria_dangdo"", ""category"": ""카페,디저트>아이스크림"", ""description"": NaN, ""telephone"": NaN, ""address"": ""서울특별시 마포구 망원동 414-16"", ""roadAddress"": ""서울특별시 마포구 포은로 106"", ""mapx"": 1269048403, ""mapy"": 375564448, ""dong"": ""망원동"", ""category_keyword"": ""브런치카페""}",2026-09-14T03:22:55.022627+00:00
9c83b073-1830-5fd0-9c33-3ca547237fbb,Alive214,브런치카페,서울특별시 마포구 망원동 375-8 1층,서울특별시 마포구 월드컵로13길 34 1층,37.5556761,126.9083788,https://instagram.com/alive214.kr,,,,['감성적'],망원동,,,local,,"{""title"": ""Alive214"", ""link"": ""https://instagram.com/alive214.kr"", ""category"": ""브런치카페"", ""description"": NaN, ""telephone"": NaN, ""address"": ""서울특별시 마포구 망원동 375-8 1층"", ""roadAddress"": ""서울특별시 마포구 월드컵로13길 34 1층"", ""mapx"": 1269083788, ""mapy"": 375556761, ""dong"": ""망원동"", ""category_keyword"": ""브런치카페""}",2026-09-14T03:22:55.022908+00:00
c6f90fd8-203b-56ea-8616-d9946fe87329,오탄틱,"음식점>카페,디저트",서울특별시 마포구 망원동 57-61 2층,서울특별시 마포구 월드컵로19길 29 2층,37.5561582,126.9080302,https://www.instagram.com/otantik_seoul,,,,['데이트'],망원동,,,local,,"{""title"": ""오탄틱"", ""link"": ""https://www.instagram.com/otantik_seoul"", ""category"": ""음식점>카페,디저트"", ""description"": NaN, ""telephone"": NaN, ""address"": ""서울특별시 마포구 망원동 57-61 2층"", ""roadAddress"": ""서울특별시 마포구 월드컵로19길 29 2층"", ""mapx"": 1269080302, ""mapy"": 375561582, ""dong"": ""망원동"", ""category_keyword"": ""브런치카페""}",2026-09-14T03:22:55.023022+00:00
17e15ead-143d-5819-b3d9-fa9cde0813e9,구황작물,"음식점>카페,디저트",서울특별시 마포구 망원동 394-109 1층,서울특별시 마포구 동교로 27-8 1층,37.552663,126.9053784,https://www.instagram.com/relieffarmingplants,,,,['감성적'],망원동,,,local,,"{""title"": ""구황작물"", ""link"": ""https://www.instagram.com/relieffarmingplants"", ""category"": ""음식점>카페,디저트"", ""description"": NaN, ""telephone"": NaN, ""address"": ""서울특별시 마포구 망원동 394-109 1층"", ""roadAddress"": ""서울특별시 마포구 동교로 27-8 1층"", ""mapx"": 1269053784, ""mapy"": 375526630, ""dong"": ""망원동"", ""category_keyword"": ""브런치카페""}",2026-09-14T03:22:55.023132+00:00
42b915d5-a28b-507a-9f38-b939ad7389f8,투떰즈업,"카페,디저트>베이커리",서울특별시 마포구 망원동 404-42 1층,서울특별시 마포구 희우정로16길 53 1층,37.554922,126.9048319,https://www.instagram.com/two_thumbsup_/,,,,['데이트'],망원동,,,local,,"{""title"": ""투떰즈업"", ""link"": ""https://www.instagram.com/two_thumbsup_/"", ""category"": ""카페,디저트>베이커리"", ""description"": NaN, ""telephone"": NaN, ""address"": ""서울특별시 마포구 망원동 404-42 1층"", ""roadAddress"": ""서울특별시 마포구 희우정로16길 53 1층"", ""mapx"": 1269048319, ""mapy"": 375549220, ""dong"": ""망원동"", ""category_keyword"": ""베이커리카페""}",2026-09-14T03:22:55.023472+00:00
08eb10c7-59d7-5d66-bfac-f5fb674bf168,코토베이커리,"카페,디저트>베이커리",서울특별시 마포구 망원동 420-15 1층,서울특별시 마포구 망원로1길 6 1층,37.556729,126.9004014,https://www.instagram.com/cotobakery_?igsh=ZXI0bXlzanFiMHA3,,,,"['감성적', '웨이팅있음']",망원동,,,local,,"{""title"": ""코토<b>베이커리</b>"", ""link"": ""https://www.instagram.com/cotobakery_?igsh=ZXI0bXlzanFiMHA3"", ""category"": ""카페,디저트>베이커리"", ""description"": NaN, ""telephone"": NaN, ""address"": ""서울특별시 마포구 망원동 420-15 1층"", ""roadAddress"": ""서울특별시 마포구 망원로1길 6 1층"", ""mapx"": 1269004014, ""mapy"": 375567290, ""dong"": ""망원동"", ""category_keyword"": ""베이커리카페""}",2026-09-14T03:22:55.023584+00:00
f1647c7d-6513-5822-9b21-579021577a5c,카펫,"음식점>카페,디저트","서울특별시 마포구 망원동 57-12 1,2층","서울특별시 마포구 동교로9길 72 1,2층",37.5567674,126.9086488,http://instagram.com/capet_coffeeworks,,,,['감성적'],망원동,,,local,,"{""title"": ""카펫"", ""link"": ""http://instagram.com/capet_coffeeworks"", ""category"": ""음식점>카페,디저트"", ""description"": NaN, ""telephone"": NaN, ""address"": ""서울특별시 마포구 망원동 57-12 1,2층"", ""roadAddress"": ""서울특별시 마포구 동교로9길 72 1,2층"", ""mapx"": 1269086488, ""mapy"": 375567674, ""dong"": ""망원동"", ""category_keyword"": ""애견동반카페""}",2026-09-14T03:22:55.023696+00:00
bf4c646a-6873-5b77-a2e0-0653ce80087d,코코하우스,"음식점>카페,디저트",서울특별시 마포구 망원동 517 1-029호,서울특별시 마포구 월드컵로25길 26 1-029호,37.5586659,126.9061374,https://www.instagram.com/coco.haus_coffee,,,,"['감성적', '사진맛집', '힙함']",망원동,,,local,,"{""title"": ""코코하우스"", ""link"": ""https://www.instagram.com/coco.haus_coffee"", ""category"": ""음식점>카페,디저트"", ""description"": NaN, ""telephone"": NaN, ""address"": ""서울특별시 마포구 망원동 517 1-029호"", ""roadAddress"": ""서울특별시 마포구 월드컵로25길 26 1-029호"", ""mapx"": 1269061374, ""mapy"": 375586659, ""dong"": ""망원동"", ""category_keyword"": ""애견동반카페""}",2026-09-14T03:22:55.023806+00:00
7ab8e377-803d-5653-b01c-85b38774f0ba,리틀메도우,"음식점>카페,디저트",서울특별시 마포구 망원동 57-208 1층,서울특별시 마포구 월드컵로11길 80 1층,37.5537191,126.9067275,https://www.instagram.com/cafelittlemeadow/,,,,['감성적'],망원동,,,local,,"{""title"": ""리틀메도우"", ""link"": ""https://www.instagram.com/cafelittlemeadow/"", ""category"": ""음식점>카페,디저트"", ""description"": NaN, ""telephone"": NaN, ""address"": ""서울특별시 마포구 망원동 57-208 1층"", ""roadAddress"": ""서울특별시 마포구 월드컵로11길 80 1층"", ""mapx"": 1269067275, ""mapy"": 375537191, ""dong"": ""망원동"", ""category_keyword"": ""애견동반카페""}",2026-09-14T03:22:55.023923+00:00
615d091d-226f-540d-bad1-6138f3c23696,두몽,한식>두부요리,서울특별시 마포구 망원동 57-94 1층,서울특별시 마포구 월드컵로17길 47 1층,37.5551987,126.9078612,https://www.instagram.com/dumong_official/,,,,['데이트'],망원동,,,local,,"{""title"": ""두몽"", ""link"": ""https://www.instagram.com/dumong_official/"", ""category"": ""한식>두부요리"", ""description"": NaN, ""telephone"": NaN, ""address"": ""서울특별시 마포구 망원동 57-94 1층"", ""roadAddress"": ""서울특별시 마포구 월드컵로17길 47 1층"", ""mapx"": 1269078612, ""mapy"": 375551987, ""dong"": ""망원동"", ""category_keyword"": ""맛집""}",2026-09-14T03:22:55.024051+00:00
16e23ed9-40a9-5cbd-8754-0b1c17a287d7,레이지오프,음식점>햄버거,서울특별시 마포구 망원동 57-283 지하1층,서울특별시 마포구 월드컵로17길 50 지하1층,37.5551547,126.9077111,https://www.instagram.com/lazyoff_,,,,"['혼밥', '힙함']",망원동,,,local,,"{""title"": ""레이지오프"", ""link"": ""https://www.instagram.com/lazyoff_"", ""category"": ""음식점>햄버거"", ""description"": NaN, ""telephone"": NaN, ""address"": ""서울특별시 마포구 망원동 57-283 지하1층"", ""roadAddress"": ""서울특별시 마포구 월드컵로17길 50 지하1층"", ""mapx"": 1269077111, ""mapy"": 375551547, ""dong"": ""망원동"", ""category_keyword"": ""맛집""}",2026-09-14T03:22:55.024176+00:00
a1b3c2b3-8bce-5661-9a28-b73ecbc15570,망원돈,한식>돼지고기구이,서울특별시 마포구 망원동 419-16 1층,서울특별시 마포구 망원로 29 1층,37.556478,126.9001391,https://www.instagram.com/mangwon_don?igsh=cnZzamZtdGlwZjNs,,,,['모임'],망원동,,,local,,"{""title"": ""망원돈"", ""link"": ""https://www.instagram.com/mangwon_don?igsh=cnZzamZtdGlwZjNs"", ""category"": ""한식>돼지고기구이"", ""description"": NaN, ""telephone"": NaN, ""address"": ""서울특별시 마포구 망원동 419-16 1층"", ""roadAddress"": ""서울특별시 마포구 망원로 29 1층"", ""mapx"": 1269001391, ""mapy"": 375564780, ""dong"": ""망원동"", ""category_keyword"": ""한식""}",2026-09-14T03:22:55.024296+00:00
2eadfb25-8c38-5a3c-93e2-022a72db51d0,순대일번지 망원본점,"한식>순대,순댓국",서울특별시 마포구 망원동 481-5,서울특별시 마포구 월드컵로 117,37.5586417,126.9074875,https://www.순대일번지.com,,,,['혼밥'],망원동,,,local,,"{""title"": ""순대일번지 망원본점"", ""link"": ""https://www.순대일번지.com"", ""category"": ""한식>순대,순댓국"", ""description"": NaN, ""telephone"": NaN, ""address"": ""서울특별시 마포구 망원동 481-5"", ""roadAddress"": ""서울특별시 마포구 월드컵로 117"", ""mapx"": 1269074875, ""mapy"": 375586417, ""dong"": ""망원동"", ""category_keyword"": ""한식""}",2026-09-14T03:22:55.024410+00:00
5794b279-c561-500a-b52e-77277c17ef05,돼지방앗간,"한식>육류,고기요리",서울특별시 마포구 망원동 57-33 2층,서울특별시 마포구 월드컵로 95 2층,37.5571618,126.9087718,https://www.instagram.com/porkmillhouse/,,,,"['모임', '가족동반']",망원동,,,local,,"{""title"": ""돼지방앗간"", ""link"": ""https://www.instagram.com/porkmillhouse/"", ""category"": ""한식>육류,고기요리"", ""description"": NaN, ""telephone"": NaN, ""address"": ""서울특별시 마포구 망원동 57-33 2층"", ""roadAddress"": ""서울특별시 마포구 월드컵로 95 2층"", ""mapx"": 1269087718, ""mapy"": 375571618, ""dong"": ""망원동"", ""category_keyword"": ""한식""}",2026-09-14T03:22:55.024521+00:00
123aaa5a-cfe2-5280-8f23-78604c6f83b3,로스트비프 산볼 망원본점,음식점>일식>일식당,서울특별시 마포구 망원동 57-284 1층,서울특별시 마포구 월드컵로19길 90 1층,37.5538802,126.9064008,https://www.instagram.com/sanbowl_official,,,,"['웨이팅있음', '데이트']",망원동,,,local,,"{""title"": ""로스트비프 산볼 망원본점"", ""link"": ""https://www.instagram.com/sanbowl_official"", ""category"": ""음식점>일식>일식당"", ""description"": NaN, ""telephone"": NaN, ""address"": ""서울특별시 마포구 망원동 57-284 1층"", ""roadAddress"": ""서울특별시 마포구 월드컵로19길 90 1층"", ""mapx"": 1269064008, ""mapy"": 375538802, ""dong"": ""망원동"", ""category_keyword"": ""일식""}",2026-09-14T03:22:55.024634+00:00
0a6d7879-afa4-5a8e-9506-e4906ef27a9b,나고미칸,음식점>일식>일식당,서울특별시 마포구 망원동 57-39 지층,서울특별시 마포구 월드컵로19길 16 지층,37.5567526,126.9081784,https://www.instagram.com/nagomi.kan,,,,['데이트'],망원동,,,local,,"{""title"": ""나고미칸"", ""link"": ""https://www.instagram.com/nagomi.kan"", ""category"": ""음식점>일식>일식당"", ""description"": NaN, ""telephone"": NaN, ""address"": ""서울특별시 마포구 망원동 57-39 지층"", ""roadAddress"": ""서울특별시 마포구 월드컵로19길 16 지층"", ""mapx"": 1269081784, ""mapy"": 375567526, ""dong"": ""망원동"", ""category_keyword"": ""일식""}",2026-09-14T03:22:55.024747+00:00
86bb55a4-5122-553f-9554-229eec37cee0,파동,음식점>일식>일식당,서울특별시 마포구 망원동 57-94 지하1층,서울특별시 마포구 월드컵로17길 47 지하1층,37.5552206,126.9078206,https://app.catchtable.co.kr/ct/shop/padong__official?from=share&type=WAITING,,,,"['데이트', '힙함']",망원동,,,local,,"{""title"": ""파동"", ""link"": ""https://app.catchtable.co.kr/ct/shop/padong__official?from=share&type=WAITING"", ""category"": ""음식점>일식>일식당"", ""description"": NaN, ""telephone"": NaN, ""address"": ""서울특별시 마포구 망원동 57-94 지하1층"", ""roadAddress"": ""서울특별시 마포구 월드컵로17길 47 지하1층"", ""mapx"": 1269078206, ""mapy"": 375552206, ""dong"": ""망원동"", ""category_keyword"": ""일식""}",2026-09-14T03:22:55.024859+00:00
9709fd24-ab9c-58a1-9186-5535fc4947b4,키친갈매기,음식점>일식>일식당,서울특별시 마포구 망원동 395-5 2층,서울특별시 마포구 포은로 73 2층,37.5535916,126.9058133,https://www.instagram.com/galmegi_kitchen,,,,"['데이트', '힙함']",망원동,,,local,,"{""title"": ""키친갈매기"", ""link"": ""https://www.instagram.com/galmegi_kitchen"", ""category"": ""음식점>일식>일식당"", ""description"": NaN, ""telephone"": NaN, ""address"": ""서울특별시 마포구 망원동 395-5 2층"", ""roadAddress"": ""서울특별시 마포구 포은로 73 2층"", ""mapx"": 1269058133, ""mapy"": 375535916, ""dong"": ""망원동"", ""category_keyword"": ""일식""}",2026-09-14T03:22:55.024979+00:00
30da7f9c-efbb-5fe9-8d03-9181bd9a2bc2,정든그릇 망원점,음식점>일식>돈가스,서울특별시 마포구 망원동 405-32 지1층,서울특별시 마포구 망원로6길 50 지1층,37.5547333,126.903773,https://www.instagram.com/jungdeun_mangwon,,,,"['혼밥', '데이트']",망원동,,,local,,"{""title"": ""정든그릇 망원점"", ""link"": ""https://www.instagram.com/jungdeun_mangwon"", ""category"": ""음식점>일식>돈가스"", ""description"": NaN, ""telephone"": NaN, ""address"": ""서울특별시 마포구 망원동 405-32 지1층"", ""roadAddress"": ""서울특별시 마포구 망원로6길 50 지1층"", ""mapx"": 1269037730, ""mapy"": 375547333, ""dong"": ""망원동"", ""category_keyword"": ""일식""}",2026-09-14T03:22:55.025091+00:00
0d53f7a9-89e1-5a77-aa6a-fd025ea987cf,강동원,중식>중식당,서울특별시 마포구 망원동 453-43 1층,서울특별시 마포구 망원로 3 1층,37.5558947,126.8973056,,,,,['웨이팅있음'],망원동,,,local,,"{""title"": ""강동원"", ""link"": NaN, ""category"": ""중식>중식당"", ""description"": NaN, ""telephone"": NaN, ""address"": ""서울특별시 마포구 망원동 453-43 1층"", ""roadAddress"": ""서울특별시 마포구 망원로 3 1층"", ""mapx"": 1268973056, ""mapy"": 375558947, ""dong"": ""망원동"", ""category_keyword"": ""중식""}",2026-09-14T03:22:55.025200+00:00
d24084ce-805d-5fd4-815e-94f8727679a4,신화루,중식>중식당,서울특별시 마포구 망원동 483-5 1층,서울특별시 마포구 망원로11길 3 1층,37.5581008,126.9072468,,,,,['모임'],망원동,,,local,,"{""title"": ""신화루"", ""link"": NaN, ""category"": ""중식>중식당"", ""description"": NaN, ""telephone"": NaN, ""address"": ""서울특별시 마포구 망원동 483-5 1층"", ""roadAddress"": ""서울특별시 마포구 망원로11길 3 1층"", ""mapx"": 1269072468, ""mapy"": 375581008, ""dong"": ""망원동"", ""category_keyword"": ""중식""}",2026-09-14T03:22:55.025307+00:00
a1887545-2dd1-5e29-a87f-22d32f2dd819,레이키친,음식점>이탈리아음식,서울특별시 마포구 망원동 394-89 1층 레이키친,서울특별시 마포구 포은로 63 1층 레이키친,37.5529046,126.906314,http://instagram.com/raykitchen_mangwon,,,,['감성적'],망원동,,,local,,"{""title"": ""레이키친"", ""link"": ""http://instagram.com/raykitchen_mangwon"", ""category"": ""음식점>이탈리아음식"", ""description"": NaN, ""telephone"": NaN, ""address"": ""서울특별시 마포구 망원동 394-89 1층 레이키친"", ""roadAddress"": ""서울특별시 마포구 포은로 63 1층 레이키친"", ""mapx"": 1269063140, ""mapy"": 375529046, ""dong"": ""망원동"", ""category_keyword"": ""양식""}",2026-09-14T03:22:55.025419+00:00
e37d64d4-ce43-5595-9536-f2fde361c3d8,노주,음식점>이탈리아음식,서울특별시 마포구 망원동 377-12 2층,서울특별시 마포구 동교로9길 56 2층,37.5562251,126.9092149,https://blog.naver.com/noju_dining,,,,['데이트'],망원동,,,local,,"{""title"": ""노주"", ""link"": ""https://blog.naver.com/noju_dining"", ""category"": ""음식점>이탈리아음식"", ""description"": NaN, ""telephone"": NaN, ""address"": ""서울특별시 마포구 망원동 377-12 2층"", ""roadAddress"": ""서울특별시 마포구 동교로9길 56 2층"", ""mapx"": 1269092149, ""mapy"": 375562251, ""dong"": ""망원동"", ""category_keyword"": ""양식""}",2026-09-14T03:22:55.025529+00:00
f5408dc8-6519-5001-a1cb-fa7a335e1178,페리도트 망원,"이탈리아음식>스파게티,파스타전문",서울특별시 마포구 망원동 414-17 1층,서울특별시 마포구 포은로 106-1 1층,37.5565167,126.9047782,http://instagram.com/peridot_mangwon,,,,['데이트'],망원동,,,local,,"{""title"": ""페리도트 망원"", ""link"": ""http://instagram.com/peridot_mangwon"", ""category"": ""이탈리아음식>스파게티,파스타전문"", ""description"": NaN, ""telephone"": NaN, ""address"": ""서울특별시 마포구 망원동 414-17 1층"", ""roadAddress"": ""서울특별시 마포구 포은로 106-1 1층"", ""mapx"": 1269047782, ""mapy"": 375565167, ""dong"": ""망원동"", ""category_keyword"": ""양식""}",2026-09-14T03:22:55.025638+00:00
622e7b01-b9c1-53e6-b613-3d554fec2bbe,철길떡볶이 망원시장점,분식>종합분식,서울특별시 마포구 망원동 403-21 1층 101호,서울특별시 마포구 월드컵로13길 70 1층 101호,37.5552671,126.9063925,,,,,['혼밥'],망원동,,,local,,"{""title"": ""철길떡볶이 망원시장점"", ""link"": NaN, ""category"": ""분식>종합분식"", ""description"": NaN, ""telephone"": NaN, ""address"": ""서울특별시 마포구 망원동 403-21 1층 101호"", ""roadAddress"": ""서울특별시 마포구 월드컵로13길 70 1층 101호"", ""mapx"": 1269063925, ""mapy"": 375552671, ""dong"": ""망원동"", ""category_keyword"": ""분식""}",2026-09-14T03:22:55.025750+00:00
54300c2a-245f-543b-9cc1-ae0bb29eea34,고손수제군만두 망원,분식>만두,서울특별시 마포구 망원동 414-44 망원시장 A구역 3,서울특별시 마포구 망원로 80 망원시장 A구역 3,37.5573489,126.9056799,https://www.instagram.com/goson_mangwon/,,,,['혼밥'],망원동,,,local,,"{""title"": ""고손수제군만두 망원"", ""link"": ""https://www.instagram.com/goson_mangwon/"", ""category"": ""분식>만두"", ""description"": NaN, ""telephone"": NaN, ""address"": ""서울특별시 마포구 망원동 414-44 망원시장 A구역 3"", ""roadAddress"": ""서울특별시 마포구 망원로 80 망원시장 A구역 3"", ""mapx"": 1269056799, ""mapy"": 375573489, ""dong"": ""망원동"", ""category_keyword"": ""분식""}",2026-09-14T03:22:55.025863+00:00
99ddceed-4ffb-53d4-80f0-1cfd24e5b0de,망리단길분식,분식>종합분식,서울특별시 마포구 망원동 394-86 1층,서울특별시 마포구 포은로 67 1층,37.5532787,126.9061153,,,,,['혼밥'],망원동,,,local,,"{""title"": ""망리단길<b>분식</b>"", ""link"": NaN, ""category"": ""분식>종합분식"", ""description"": NaN, ""telephone"": NaN, ""address"": ""서울특별시 마포구 망원동 394-86 1층"", ""roadAddress"": ""서울특별시 마포구 포은로 67 1층"", ""mapx"": 1269061153, ""mapy"": 375532787, ""dong"": ""망원동"", ""category_keyword"": ""분식""}",2026-09-14T03:22:55.025979+00:00
70884a2f-0dc6-5c30-8134-b39702bd4e0b,604seoul,음식점>브런치,서울특별시 마포구 망원동 338-78 정하빌딩 1층,서울특별시 마포구 동교로 49 정하빌딩 1층,37.5530594,126.9075776,http://www.instagram.com/604seoul,,,,['힙함'],망원동,,,local,,"{""title"": ""604seoul"", ""link"": ""http://www.instagram.com/604seoul"", ""category"": ""음식점>브런치"", ""description"": NaN, ""telephone"": NaN, ""address"": ""서울특별시 마포구 망원동 338-78 정하빌딩 1층"", ""roadAddress"": ""서울특별시 마포구 동교로 49 정하빌딩 1층"", ""mapx"": 1269075776, ""mapy"": 375530594, ""dong"": ""망원동"", ""category_keyword"": ""브런치""}",2026-09-14T03:22:55.026147+00:00
1efd9832-04f5-57e0-84bf-13aea595443c,마핑파,음식점>브런치,서울특별시 마포구 망원동 401-34 2층,서울특별시 마포구 포은로 74 2층,37.5538788,126.9057668,http://www.instagram.com/mapingpa,,,,"['사진맛집', '감성적']",망원동,,,local,,"{""title"": ""마핑파"", ""link"": ""http://www.instagram.com/mapingpa"", ""category"": ""음식점>브런치"", ""description"": NaN, ""telephone"": NaN, ""address"": ""서울특별시 마포구 망원동 401-34 2층"", ""roadAddress"": ""서울특별시 마포구 포은로 74 2층"", ""mapx"": 1269057668, ""mapy"": 375538788, ""dong"": ""망원동"", ""category_keyword"": ""브런치""}",2026-09-14T03:22:55.026270+00:00
1b3100b1-10f7-5cd7-bb5d-8f301f0edf94,망원 굽,"한식>육류,고기요리",서울특별시 마포구 망원동 421-15 1층 망원 굽,서울특별시 마포구 망원로 53 1층 망원 굽,37.5570262,126.9028199,https://app.catchtable.co.kr/ct/shop/mangwon_goob,,,,"['모임', '가족동반']",망원동,,,local,,"{""title"": ""망원 굽"", ""link"": ""https://app.catchtable.co.kr/ct/shop/mangwon_goob"", ""category"": ""한식>육류,고기요리"", ""description"": NaN, ""telephone"": NaN, ""address"": ""서울특별시 마포구 망원동 421-15 1층 망원 굽"", ""roadAddress"": ""서울특별시 마포구 망원로 53 1층 망원 굽"", ""mapx"": 1269028199, ""mapy"": 375570262, ""dong"": ""망원동"", ""category_keyword"": ""고깃집""}",2026-09-14T03:22:55.026383+00:00
c856f0ec-7412-5251-a3df-4e1b46e73f2c,망원동고기집 본점,"한식>육류,고기요리",서울특별시 마포구 망원동 415-26 1층 고기집,서울특별시 마포구 망원로 66 1층 망원동고기집,37.5570898,126.904193,https://pf.kakao.com/_yxoPIxl,,,,"['모임', '가족동반']",망원동,,,local,,"{""title"": ""<b>망원동</b>고기집 본점"", ""link"": ""https://pf.kakao.com/_yxoPIxl"", ""category"": ""한식>육류,고기요리"", ""description"": NaN, ""telephone"": NaN, ""address"": ""서울특별시 마포구 망원동 415-26 1층 고기집"", ""roadAddress"": ""서울특별시 마포구 망원로 66 1층 망원동고기집"", ""mapx"": 1269041930, ""mapy"": 375570898, ""dong"": ""망원동"", ""category_keyword"": ""고깃집""}",2026-09-14T03:22:55.026499+00:00
56e374eb-c71c-5c55-bf7b-f9b32ea08399,뿔,한식>소고기구이,서울특별시 마포구 망원동 57-225 1층,서울특별시 마포구 월드컵로19길 86 1층,37.5539773,126.9064812,https://app.catchtable.co.kr/ct/shop/yakinikubbul?from=share,,,,"['모임', '가족동반']",망원동,,,local,,"{""title"": ""뿔"", ""link"": ""https://app.catchtable.co.kr/ct/shop/yakinikubbul?from=share"", ""category"": ""한식>소고기구이"", ""description"": NaN, ""telephone"": NaN, ""address"": ""서울특별시 마포구 망원동 57-225 1층"", ""roadAddress"": ""서울특별시 마포구 월드컵로19길 86 1층"", ""mapx"": 1269064812, ""mapy"": 375539773, ""dong"": ""망원동"", ""category_keyword"": ""고깃집""}",2026-09-14T03:22:55.026612+00:00
4ce06430-c0e1-57c9-bd97-d5a91a8d720b,롱베케이션,"음식점>카페,디저트",서울특별시 마포구 연남동 390-39 2층,서울특별시 마포구 동교로38길 33-10 2층,37.5615622,126.9261745,https://www.instagram.com/long_vacation.official,,,,['감성적'],연남동,,,local,,"{""title"": ""롱베케이션"", ""link"": ""https://www.instagram.com/long_vacation.official"", ""category"": ""음식점>카페,디저트"", ""description"": NaN, ""telephone"": NaN, ""address"": ""서울특별시 마포구 연남동 390-39 2층"", ""roadAddress"": ""서울특별시 마포구 동교로38길 33-10 2층"", ""mapx"": 1269261745, ""mapy"": 375615622, ""dong"": ""연남동"", ""category_keyword"": ""카페""}",2026-09-14T03:22:55.026728+00:00
09df0c0b-cf20-5d35-a064-4d1d931597ac,팻어케이크 연남점,"카페,디저트>케이크전문",서울특별시 마포구 연남동 383-38 2층,서울특별시 마포구 연희로1길 45 2층,37.5610355,126.9259443,,,,,['조용함'],연남동,,,local,,"{""title"": ""팻어케이크 연남점"", ""link"": NaN, ""category"": ""카페,디저트>케이크전문"", ""description"": NaN, ""telephone"": NaN, ""address"": ""서울특별시 마포구 연남동 383-38 2층"", ""roadAddress"": ""서울특별시 마포구 연희로1길 45 2층"", ""mapx"": 1269259443, ""mapy"": 375610355, ""dong"": ""연남동"", ""category_keyword"": ""카페""}",2026-09-14T03:22:55.026838+00:00
d580e17e-a7cf-5042-9d92-318fa657edb3,터틀힙 연남,"음식점>카페,디저트",서울특별시 마포구 연남동 565-19 1층 터틀힙,서울특별시 마포구 연남로1길 44 1층 터틀힙,37.5598114,126.920694,https://turtlehip.com,,,,['감성적'],연남동,,,local,,"{""title"": ""터틀힙 연남"", ""link"": ""https://turtlehip.com"", ""category"": ""음식점>카페,디저트"", ""description"": NaN, ""telephone"": NaN, ""address"": ""서울특별시 마포구 연남동 565-19 1층 터틀힙"", ""roadAddress"": ""서울특별시 마포구 연남로1길 44 1층 터틀힙"", ""mapx"": 1269206940, ""mapy"": 375598114, ""dong"": ""연남동"", ""category_keyword"": ""카페""}",2026-09-14T03:22:55.026949+00:00
b4f5c923-64ac-5564-ae10-8a76a038d66b,웅기로 연남,"음식점>카페,디저트",서울특별시 마포구 연남동 256-7,서울특별시 마포구 성미산로26길 26,37.5627236,126.9228473,https://www.instagram.com/ungkiro_cafe,,,,['감성적'],연남동,,,local,,"{""title"": ""웅기로 연남"", ""link"": ""https://www.instagram.com/ungkiro_cafe"", ""category"": ""음식점>카페,디저트"", ""description"": NaN, ""telephone"": NaN, ""address"": ""서울특별시 마포구 연남동 256-7"", ""roadAddress"": ""서울특별시 마포구 성미산로26길 26"", ""mapx"": 1269228473, ""mapy"": 375627236, ""dong"": ""연남동"", ""category_keyword"": ""카페""}",2026-09-14T03:22:55.027064+00:00
52b20607-de1f-556a-a2a7-1b187cbda5d8,카페 레이어드 연남점,"음식점>카페,디저트",서울특별시 마포구 연남동 223-20,서울특별시 마포구 성미산로 161-4,37.5649954,126.9242086,https://app.catchtable.co.kr/ct/shop/cafelayered_yeonnam?type=PICKUP&pickup-date=230418,,,,['감성적'],연남동,,,local,,"{""title"": ""<b>카페</b> 레이어드 연남점"", ""link"": ""https://app.catchtable.co.kr/ct/shop/cafelayered_yeonnam?type=PICKUP&pickup-date=230418"", ""category"": ""음식점>카페,디저트"", ""description"": NaN, ""telephone"": NaN, ""address"": ""서울특별시 마포구 연남동 223-20"", ""roadAddress"": ""서울특별시 마포구 성미산로 161-4"", ""mapx"": 1269242086, ""mapy"": 375649954, ""dong"": ""연남동"", ""category_keyword"": ""브런치카페""}",2026-09-14T03:22:55.027178+00:00
11575849-4b41-5305-a1c6-13e563c40b64,오뗄드꾸뜨,음식점>양식,서울특별시 마포구 연남동 387-19 101호 1.5층,서울특별시 마포구 동교로46길 7 101호 1.5층,37.5627102,126.9253227,https://www.instagram.com/hotel_de_ggoodd?igsh=ODA1NTc5OTg5Nw==,,,,"['데이트', '웨이팅있음']",연남동,,,local,,"{""title"": ""오뗄드꾸뜨"", ""link"": ""https://www.instagram.com/hotel_de_ggoodd?igsh=ODA1NTc5OTg5Nw=="", ""category"": ""음식점>양식"", ""description"": NaN, ""telephone"": NaN, ""address"": ""서울특별시 마포구 연남동 387-19 101호 1.5층"", ""roadAddress"": ""서울특별시 마포구 동교로46길 7 101호 1.5층"", ""mapx"": 1269253227, ""mapy"": 375627102, ""dong"": ""연남동"", ""category_keyword"": ""브런치카페""}",2026-09-14T03:22:55.027291+00:00
e26f2e33-7692-5153-8a42-7c7ad5b3453c,잼잼,"음식점>카페,디저트",서울특별시 마포구 연남동 241-31 지하1층,서울특별시 마포구 성미산로29길 24 지하1층,37.565055,126.9223616,https://www.instagram.com/jamjam.cafe/,,,,['사진맛집'],연남동,,,local,,"{""title"": ""잼잼"", ""link"": ""https://www.instagram.com/jamjam.cafe/"", ""category"": ""음식점>카페,디저트"", ""description"": NaN, ""telephone"": NaN, ""address"": ""서울특별시 마포구 연남동 241-31 지하1층"", ""roadAddress"": ""서울특별시 마포구 성미산로29길 24 지하1층"", ""mapx"": 1269223616, ""mapy"": 375650550, ""dong"": ""연남동"", ""category_keyword"": ""브런치카페""}",2026-09-14T03:22:55.027404+00:00
48df8386-9f46-586b-8bcd-7038ebb5fdb0,허그허그러브,브런치카페,서울특별시 마포구 연남동 453-9 2층,서울특별시 마포구 동교로51길 111 2층,37.5663007,126.9208511,https://www.instagram.com/hughugluv,,,,['감성적'],연남동,,,local,,"{""title"": ""허그허그러브"", ""link"": ""https://www.instagram.com/hughugluv"", ""category"": ""브런치카페"", ""description"": NaN, ""telephone"": NaN, ""address"": ""서울특별시 마포구 연남동 453-9 2층"", ""roadAddress"": ""서울특별시 마포구 동교로51길 111 2층"", ""mapx"": 1269208511, ""mapy"": 375663007, ""dong"": ""연남동"", ""category_keyword"": ""브런치카페""}",2026-09-14T03:22:55.027513+00:00
703dd80c-a898-5743-880c-c6465038215f,땡스오트 연남,"음식점>카페,디저트",서울특별시 마포구 연남동 375-113 삼각지붕 하얀벽돌집,서울특별시 마포구 성미산로23길 68 삼각지붕 하얀벽돌집,37.5662125,126.9198923,https://www.thanksoat.co.kr/,,,,"['감성적', '데이트']",연남동,,,local,,"{""title"": ""땡스오트 연남"", ""link"": ""https://www.thanksoat.co.kr/"", ""category"": ""음식점>카페,디저트"", ""description"": NaN, ""telephone"": NaN, ""address"": ""서울특별시 마포구 연남동 375-113 삼각지붕 하얀벽돌집"", ""roadAddress"": ""서울특별시 마포구 성미산로23길 68 삼각지붕 하얀벽돌집"", ""mapx"": 1269198923, ""mapy"": 375662125, ""dong"": ""연남동"", ""category_keyword"": ""브런치카페""}",2026-09-14T03:22:55.027835+00:00
d386327b-5771-552f-85ae-c140708e9c32,그리즈,"음식점>카페,디저트",서울특별시 마포구 연남동 487-237 1층,서울특별시 마포구 성미산로17길 46 1층,37.5634911,126.9177873,https://www.instagram.com/cafegrise,,,,['데이트'],연남동,,,local,,"{""title"": ""그리즈"", ""link"": ""https://www.instagram.com/cafegrise"", ""category"": ""음식점>카페,디저트"", ""description"": NaN, ""telephone"": NaN, ""address"": ""서울특별시 마포구 연남동 487-237 1층"", ""roadAddress"": ""서울특별시 마포구 성미산로17길 46 1층"", ""mapx"": 1269177873, ""mapy"": 375634911, ""dong"": ""연남동"", ""category_keyword"": ""브런치카페""}",2026-09-14T03:22:55.028236+00:00
c1d0602e-4035-5225-b269-b3e9504e1712,작당모의,"음식점>카페,디저트",서울특별시 마포구 연남동 381-15 1층,서울특별시 마포구 동교로32길 19 1층,37.5606034,126.925354,http://www.instagram.com/zakdangmoi,,,,['감성적'],연남동,,,local,,"{""title"": ""작당모의"", ""link"": ""http://www.instagram.com/zakdangmoi"", ""category"": ""음식점>카페,디저트"", ""description"": NaN, ""telephone"": NaN, ""address"": ""서울특별시 마포구 연남동 381-15 1층"", ""roadAddress"": ""서울특별시 마포구 동교로32길 19 1층"", ""mapx"": 1269253540, ""mapy"": 375606034, ""dong"": ""연남동"", ""category_keyword"": ""베이커리카페""}",2026-09-14T03:22:55.028483+00:00
39b81f5a-6e51-55e6-9cc4-d36eb9a71062,마가렛 연남,"음식점>카페,디저트",서울특별시 마포구 연남동 240-49 1층,서울특별시 마포구 성미산로29길 10 1층,37.5645929,126.9228116,https://www.instagram.com/cafe.margaret,,,,['데이트'],연남동,,,local,,"{""title"": ""마가렛 연남"", ""link"": ""https://www.instagram.com/cafe.margaret"", ""category"": ""음식점>카페,디저트"", ""description"": NaN, ""telephone"": NaN, ""address"": ""서울특별시 마포구 연남동 240-49 1층"", ""roadAddress"": ""서울특별시 마포구 성미산로29길 10 1층"", ""mapx"": 1269228116, ""mapy"": 375645929, ""dong"": ""연남동"", ""category_keyword"": ""베이커리카페""}",2026-09-14T03:22:55.028681+00:00
99c4495b-cc07-5372-aca5-78614db91adb,솔트빵 연남점,"카페,디저트>베이커리",서울특별시 마포구 연남동 255-24 1층,서울특별시 마포구 동교로39길 10 1층,37.5621326,126.9237369,https://s.baemin.com/KO000GjKX6GVh,,,,"['감성적', '사진맛집', '힙함']",연남동,,,local,,"{""title"": ""솔트빵 연남점"", ""link"": ""https://s.baemin.com/KO000GjKX6GVh"", ""category"": ""카페,디저트>베이커리"", ""description"": NaN, ""telephone"": NaN, ""address"": ""서울특별시 마포구 연남동 255-24 1층"", ""roadAddress"": ""서울특별시 마포구 동교로39길 10 1층"", ""mapx"": 1269237369, ""mapy"": 375621326, ""dong"": ""연남동"", ""category_keyword"": ""베이커리카페""}",2026-09-14T03:22:55.028857+00:00
3ac6b071-70bb-5996-ad4e-cde2b30ef26b,녹녹,"음식점>카페,디저트","서울특별시 마포구 연남동 249-11 1층,2층 녹녹","서울특별시 마포구 성미산로 139 1층,2층 녹녹",37.5637823,126.9220025,https://www.instagram.com/cafe_knockknock,,,,['조용함'],연남동,,,local,,"{""title"": ""녹녹"", ""link"": ""https://www.instagram.com/cafe_knockknock"", ""category"": ""음식점>카페,디저트"", ""description"": NaN, ""telephone"": NaN, ""address"": ""서울특별시 마포구 연남동 249-11 1층,2층 녹녹"", ""roadAddress"": ""서울특별시 마포구 성미산로 139 1층,2층 녹녹"", ""mapx"": 1269220025, ""mapy"": 375637823, ""dong"": ""연남동"", ""category_keyword"": ""베이커리카페""}",2026-09-14T03:22:55.029053+00:00
1b8529b4-448c-5fd1-a03d-77ebd7d9683e,보따리제과점 연남,"카페,디저트>베이커리",서울특별시 마포구 연남동 255-20 1층,서울특별시 마포구 동교로 251 1층,37.5623973,126.9242598,https://www.instagram.com/bottari_bakery,,,,"['감성적', '사진맛집', '힙함']",연남동,,,local,,"{""title"": ""보따리제과점 연남"", ""link"": ""https://www.instagram.com/bottari_bakery"", ""category"": ""카페,디저트>베이커리"", ""description"": NaN, ""telephone"": NaN, ""address"": ""서울특별시 마포구 연남동 255-20 1층"", ""roadAddress"": ""서울특별시 마포구 동교로 251 1층"", ""mapx"": 1269242598, ""mapy"": 375623973, ""dong"": ""연남동"", ""category_keyword"": ""베이커리카페""}",2026-09-14T03:22:55.029245+00:00
ed396c9a-c14f-57f3-8640-d1b1421d7838,코코리코,"카페,디저트>베이커리",서울특별시 마포구 연남동 255-21 1층,서울특별시 마포구 동교로39길 4 1층,37.5623227,126.9240918,https://www.instagram.com/cocorico_bread,,,,['감성적'],연남동,,,local,,"{""title"": ""코코리코"", ""link"": ""https://www.instagram.com/cocorico_bread"", ""category"": ""카페,디저트>베이커리"", ""description"": NaN, ""telephone"": NaN, ""address"": ""서울특별시 마포구 연남동 255-21 1층"", ""roadAddress"": ""서울특별시 마포구 동교로39길 4 1층"", ""mapx"": 1269240918, ""mapy"": 375623227, ""dong"": ""연남동"", ""category_keyword"": ""베이커리카페""}",2026-09-14T03:22:55.029409+00:00
4b1db97a-5a03-5369-9423-5932621e4562,연남동벚꽃집,"음식점>카페,디저트",서울특별시 마포구 연남동 256-9,서울특별시 마포구 동교로29길 50,37.5626466,126.9227122,http://www.instagram.com/yn_cherryblossom,,,,"['감성적', '사진맛집', '힙함']",연남동,,,local,,"{""title"": ""<b>연남동</b>벚꽃집"", ""link"": ""http://www.instagram.com/yn_cherryblossom"", ""category"": ""음식점>카페,디저트"", ""description"": NaN, ""telephone"": NaN, ""address"": ""서울특별시 마포구 연남동 256-9"", ""roadAddress"": ""서울특별시 마포구 동교로29길 50"", ""mapx"": 1269227122, ""mapy"": 375626466, ""dong"": ""연남동"", ""category_keyword"": ""애견동반카페""}",2026-09-14T03:22:55.029706+00:00
daa164ac-1243-5ae9-8782-bdbb4a465164,코티지블루,음식점>브런치,서울특별시 마포구 연남동 565-14 2층 코티지블루,서울특별시 마포구 동교로27길 61 2층 코티지블루,37.560408,126.9207305,https://app.catchtable.co.kr/ct/shop/cottageblue,,,,"['조용함', '감성적', '데이트']",연남동,,,local,,"{""title"": ""코티지블루"", ""link"": ""https://app.catchtable.co.kr/ct/shop/cottageblue"", ""category"": ""음식점>브런치"", ""description"": NaN, ""telephone"": NaN, ""address"": ""서울특별시 마포구 연남동 565-14 2층 코티지블루"", ""roadAddress"": ""서울특별시 마포구 동교로27길 61 2층 코티지블루"", ""mapx"": 1269207305, ""mapy"": 375604080, ""dong"": ""연남동"", ""category_keyword"": ""애견동반카페""}",2026-09-14T03:22:55.029855+00:00
9437c770-1e94-5f66-a5b5-c86cf3791eef,커피냅로스터스 연남동,"카페,디저트>카페",서울특별시 마포구 연남동 453-32,서울특별시 마포구 성미산로27길 70,37.5664366,126.9202199,https://smartstore.naver.com/coffeenaproasters,,,,['조용함'],연남동,,,local,,"{""title"": ""커피냅로스터스 <b>연남동</b>"", ""link"": ""https://smartstore.naver.com/coffeenaproasters"", ""category"": ""카페,디저트>카페"", ""description"": NaN, ""telephone"": NaN, ""address"": ""서울특별시 마포구 연남동 453-32"", ""roadAddress"": ""서울특별시 마포구 성미산로27길 70"", ""mapx"": 1269202199, ""mapy"": 375664366, ""dong"": ""연남동"", ""category_keyword"": ""애견동반카페""}",2026-09-14T03:22:55.030108+00:00
a9a50aad-d5c0-507a-a16d-abae234defc5,하우스 키루,"카페,디저트>카페",서울특별시 마포구 연남동 229-3 1층,서울특별시 마포구 성미산로 174 1층,37.5639638,126.9249783,https://www.instagram.com/haus.kiru,,,,['감성적'],연남동,,,local,,"{""title"": ""하우스 키루"", ""link"": ""https://www.instagram.com/haus.kiru"", ""category"": ""카페,디저트>카페"", ""description"": NaN, ""telephone"": NaN, ""address"": ""서울특별시 마포구 연남동 229-3 1층"", ""roadAddress"": ""서울특별시 마포구 성미산로 174 1층"", ""mapx"": 1269249783, ""mapy"": 375639638, ""dong"": ""연남동"", ""category_keyword"": ""애견동반카페""}",2026-09-14T03:22:55.030257+00:00
bcb0cf2f-fd77-5193-8d79-868d2fe572ab,호안끼엠,"음식점>카페,디저트",서울특별시 마포구 연남동 383-91,서울특별시 마포구 동교로46길 42-9,37.5617899,126.9266496,http://www.instagram.com/hoankiem_cafe,,,,"['감성적', '사진맛집', '힙함']",연남동,,,local,,"{""title"": ""호안끼엠"", ""link"": ""http://www.instagram.com/hoankiem_cafe"", ""category"": ""음식점>카페,디저트"", ""description"": NaN, ""telephone"": NaN, ""address"": ""서울특별시 마포구 연남동 383-91"", ""roadAddress"": ""서울특별시 마포구 동교로46길 42-9"", ""mapx"": 1269266496, ""mapy"": 375617899, ""dong"": ""연남동"", ""category_keyword"": ""애견동반카페""}",2026-09-14T03:22:55.030385+00:00
9bfb2789-31bb-582d-a4c5-883699b18a29,히사시돈부리 연남본점,음식점>일식>덮밥,서울특별시 마포구 연남동 383-40 지하1층,서울특별시 마포구 동교로38길 33-16 지하1층,37.5618861,126.9263016,,,,,['데이트'],연남동,,,local,,"{""title"": ""히사시돈부리 연남본점"", ""link"": NaN, ""category"": ""음식점>일식>덮밥"", ""description"": NaN, ""telephone"": NaN, ""address"": ""서울특별시 마포구 연남동 383-40 지하1층"", ""roadAddress"": ""서울특별시 마포구 동교로38길 33-16 지하1층"", ""mapx"": 1269263016, ""mapy"": 375618861, ""dong"": ""연남동"", ""category_keyword"": ""맛집""}",2026-09-14T03:22:55.030514+00:00
d1e7ad4a-e716-5914-be4a-aea6efbf0150,팔계집,"한식>육류,고기요리",서울특별시 마포구 연남동 227-34 1층,서울특별시 마포구 성미산로 194-4 1층,37.5626376,126.9262666,https://blog.naver.com/hello7stranger,,,,['감성적'],연남동,,,local,,"{""title"": ""팔계집"", ""link"": ""https://blog.naver.com/hello7stranger"", ""category"": ""한식>육류,고기요리"", ""description"": NaN, ""telephone"": NaN, ""address"": ""서울특별시 마포구 연남동 227-34 1층"", ""roadAddress"": ""서울특별시 마포구 성미산로 194-4 1층"", ""mapx"": 1269262666, ""mapy"": 375626376, ""dong"": ""연남동"", ""category_keyword"": ""맛집""}",2026-09-14T03:22:55.030645+00:00
318fc882-3d7b-5a1c-8f56-ea6e96688860,죠죠 연남점,음식점>일식>일식당,서울특별시 마포구 연남동 229-51 1층,서울특별시 마포구 동교로 255-1 1층,37.5627221,126.9245743,https://app.catchtable.co.kr/ct/shop/jyojyo_yeonnam,,,,['데이트'],연남동,,,local,,"{""title"": ""죠죠 연남점"", ""link"": ""https://app.catchtable.co.kr/ct/shop/jyojyo_yeonnam"", ""category"": ""음식점>일식>일식당"", ""description"": NaN, ""telephone"": NaN, ""address"": ""서울특별시 마포구 연남동 229-51 1층"", ""roadAddress"": ""서울특별시 마포구 동교로 255-1 1층"", ""mapx"": 1269245743, ""mapy"": 375627221, ""dong"": ""연남동"", ""category_keyword"": ""맛집""}",2026-09-14T03:22:55.030776+00:00
1f2020d6-cfd3-5e03-8d73-78ae932a04c5,송경솥밥 연남점,음식점>한식,서울특별시 마포구 연남동 241-30 2층,서울특별시 마포구 성미산로29길 20 2층,37.5649752,126.9225249,https://www.instagram.com/songkyung_sotbab/,,,,"['감성적', '데이트']",연남동,,,local,,"{""title"": ""송경솥밥 연남점"", ""link"": ""https://www.instagram.com/songkyung_sotbab/"", ""category"": ""음식점>한식"", ""description"": NaN, ""telephone"": NaN, ""address"": ""서울특별시 마포구 연남동 241-30 2층"", ""roadAddress"": ""서울특별시 마포구 성미산로29길 20 2층"", ""mapx"": 1269225249, ""mapy"": 375649752, ""dong"": ""연남동"", ""category_keyword"": ""한식""}",2026-09-14T03:22:55.030901+00:00
36d08bd8-9be6-58f9-a6c8-07372c8fb99f,진청유점,음식점>한식,서울특별시 마포구 연남동 385-3 1층,서울특별시 마포구 동교로46길 27 1층,37.5622612,126.9263097,https://linktr.ee/jincheongyujeom,,,,"['감성적', '웨이팅있음']",연남동,,,local,,"{""title"": ""진청유점"", ""link"": ""https://linktr.ee/jincheongyujeom"", ""category"": ""음식점>한식"", ""description"": NaN, ""telephone"": NaN, ""address"": ""서울특별시 마포구 연남동 385-3 1층"", ""roadAddress"": ""서울특별시 마포구 동교로46길 27 1층"", ""mapx"": 1269263097, ""mapy"": 375622612, ""dong"": ""연남동"", ""category_keyword"": ""한식""}",2026-09-14T03:22:55.031026+00:00
0f7d8b32-b52d-5c6b-9759-aa56f72cd24f,우삼집,"한식>육류,고기요리","서울특별시 마포구 연남동 260-39 1층, 2층","서울특별시 마포구 동교로34길 11 1층, 2층",37.5610495,126.9250208,https://app.catchtable.co.kr/ct/shop/woosamjip?from=share&type=WAITING,,,,['웨이팅있음'],연남동,,,local,,"{""title"": ""우삼집"", ""link"": ""https://app.catchtable.co.kr/ct/shop/woosamjip?from=share&type=WAITING"", ""category"": ""한식>육류,고기요리"", ""description"": NaN, ""telephone"": NaN, ""address"": ""서울특별시 마포구 연남동 260-39 1층, 2층"", ""roadAddress"": ""서울특별시 마포구 동교로34길 11 1층, 2층"", ""mapx"": 1269250208, ""mapy"": 375610495, ""dong"": ""연남동"", ""category_keyword"": ""한식""}",2026-09-14T03:22:55.031224+00:00
5a214299-79cf-53f1-9528-079fba27d9d6,종로대성식당,"한식>찌개,전골",서울특별시 마포구 연남동 390-41 지1층,서울특별시 마포구 동교로38길 33-6 지1층,37.5614545,126.9258835,https://www.instagram.com/1984.daesung,,,,['혼밥'],연남동,,,local,,"{""title"": ""종로대성식당"", ""link"": ""https://www.instagram.com/1984.daesung"", ""category"": ""한식>찌개,전골"", ""description"": NaN, ""telephone"": NaN, ""address"": ""서울특별시 마포구 연남동 390-41 지1층"", ""roadAddress"": ""서울특별시 마포구 동교로38길 33-6 지1층"", ""mapx"": 1269258835, ""mapy"": 375614545, ""dong"": ""연남동"", ""category_keyword"": ""한식""}",2026-09-14T03:22:55.031348+00:00
6bac3eae-0eae-56a6-adaa-fa86fb1d54a9,카츠몬스터 연남본점,음식점>일식>돈가스,서울특별시 마포구 연남동 382-18 1층 101호 카츠몬스터 연남본점,서울특별시 마포구 동교로38길 42-6 1층 101호 카츠몬스터 연남본점,37.5610304,126.9255679,https://www.instagram.com/katsumon.ynd,,,,"['혼밥', '힙함']",연남동,,,local,,"{""title"": ""카츠몬스터 연남본점"", ""link"": ""https://www.instagram.com/katsumon.ynd"", ""category"": ""음식점>일식>돈가스"", ""description"": NaN, ""telephone"": NaN, ""address"": ""서울특별시 마포구 연남동 382-18 1층 101호 카츠몬스터 연남본점"", ""roadAddress"": ""서울특별시 마포구 동교로38길 42-6 1층 101호 카츠몬스터 연남본점"", ""mapx"": 1269255679, ""mapy"": 375610304, ""dong"": ""연남동"", ""category_keyword"": ""일식""}",2026-09-14T03:22:55.031461+00:00
4e5505c1-e829-5a58-8ade-3483eeb43370,쿠로코식당 연남점,음식점>일식>일식당,서울특별시 마포구 연남동 562-26 1층,서울특별시 마포구 동교로27길 83 1층,37.5612471,126.9200428,https://blog.naver.com/wcd0713,,,,"['감성적', '데이트']",연남동,,,local,,"{""title"": ""쿠로코식당 연남점"", ""link"": ""https://blog.naver.com/wcd0713"", ""category"": ""음식점>일식>일식당"", ""description"": NaN, ""telephone"": NaN, ""address"": ""서울특별시 마포구 연남동 562-26 1층"", ""roadAddress"": ""서울특별시 마포구 동교로27길 83 1층"", ""mapx"": 1269200428, ""mapy"": 375612471, ""dong"": ""연남동"", ""category_keyword"": ""일식""}",2026-09-14T03:22:55.031571+00:00
4893b456-fee6-5078-b3cc-6db839ff426e,카츠스위스,음식점>일식>일식당,"서울특별시 마포구 연남동 260-12 1, 2층","서울특별시 마포구 동교로38길 6 1, 2층",37.5616943,126.9246994,,,,,"['데이트', '힙함']",연남동,,,local,,"{""title"": ""카츠스위스"", ""link"": NaN, ""category"": ""음식점>일식>일식당"", ""description"": NaN, ""telephone"": NaN, ""address"": ""서울특별시 마포구 연남동 260-12 1, 2층"", ""roadAddress"": ""서울특별시 마포구 동교로38길 6 1, 2층"", ""mapx"": 1269246994, ""mapy"": 375616943, ""dong"": ""연남동"", ""category_keyword"": ""일식""}",2026-09-14T03:22:55.031682+00:00
ec20d6e5-00c2-5bff-b340-4622440c16f2,종로돈부리 연남,음식점>일식>일식당,서울특별시 마포구 연남동 387-18 B1,서울특별시 마포구 동교로46길 9 B1,37.562598,126.925406,https://www.instagram.com/jongnodonburi,,,,"['데이트', '힙함']",연남동,,,local,,"{""title"": ""종로돈부리 연남"", ""link"": ""https://www.instagram.com/jongnodonburi"", ""category"": ""음식점>일식>일식당"", ""description"": NaN, ""telephone"": NaN, ""address"": ""서울특별시 마포구 연남동 387-18 B1"", ""roadAddress"": ""서울특별시 마포구 동교로46길 9 B1"", ""mapx"": 1269254060, ""mapy"": 375625980, ""dong"": ""연남동"", ""category_keyword"": ""일식""}",2026-09-14T03:22:55.031798+00:00
58d17f3e-e28b-59b7-94cc-cc3a7144dd82,진가,중식>중식당,서울특별시 마포구 연남동 260-41 2층 진가,서울특별시 마포구 동교로34길 12 2층 진가,37.5609162,126.9249833,https://app.catchtable.co.kr/ct/shop/jinga_maop,,,,['데이트'],연남동,,,local,,"{""title"": ""진가"", ""link"": ""https://app.catchtable.co.kr/ct/shop/jinga_maop"", ""category"": ""중식>중식당"", ""description"": NaN, ""telephone"": NaN, ""address"": ""서울특별시 마포구 연남동 260-41 2층 진가"", ""roadAddress"": ""서울특별시 마포구 동교로34길 12 2층 진가"", ""mapx"": 1269249833, ""mapy"": 375609162, ""dong"": ""연남동"", ""category_keyword"": ""중식""}",2026-09-14T03:22:55.031912+00:00
6210a3e6-e2fa-5616-a163-5aac4e75fa06,월량관,중식>중식당,서울특별시 마포구 연남동 387-45 1층,서울특별시 마포구 동교로46길 10 1층,37.5625777,126.9253276,http://instagram.com/wolryanggwan,,,,"['모임', '데이트']",연남동,,,local,,"{""title"": ""월량관"", ""link"": ""http://instagram.com/wolryanggwan"", ""category"": ""중식>중식당"", ""description"": NaN, ""telephone"": NaN, ""address"": ""서울특별시 마포구 연남동 387-45 1층"", ""roadAddress"": ""서울특별시 마포구 동교로46길 10 1층"", ""mapx"": 1269253276, ""mapy"": 375625777, ""dong"": ""연남동"", ""category_keyword"": ""중식""}",2026-09-14T03:22:55.032096+00:00
49c57807-cac3-5e2d-a4fc-8c5c1f49899c,향미 연남동점,중식>중식당,서울특별시 마포구 연남동 226-21,서울특별시 마포구 성미산로 193,37.5628671,126.9266397,http://www.instagram.com/hyangmi_yeonnam,,,,['모임'],연남동,,,local,,"{""title"": ""향미 <b>연남동</b>점"", ""link"": ""http://www.instagram.com/hyangmi_yeonnam"", ""category"": ""중식>중식당"", ""description"": NaN, ""telephone"": NaN, ""address"": ""서울특별시 마포구 연남동 226-21"", ""roadAddress"": ""서울특별시 마포구 성미산로 193"", ""mapx"": 1269266397, ""mapy"": 375628671, ""dong"": ""연남동"", ""category_keyword"": ""중식""}",2026-09-14T03:22:55.032225+00:00
da4817f2-79b8-5402-9b4e-bd1aa8ca4235,서양면옥 연남,음식점>양식,서울특별시 마포구 연남동 382-2 1층 101호,서울특별시 마포구 연희로1길 43 1층 101호,37.5609624,126.9257279,https://www.instagram.com/seoyangmyunok.seoul,,,,['감성적'],연남동,,,local,,"{""title"": ""서양면옥 연남"", ""link"": ""https://www.instagram.com/seoyangmyunok.seoul"", ""category"": ""음식점>양식"", ""description"": NaN, ""telephone"": NaN, ""address"": ""서울특별시 마포구 연남동 382-2 1층 101호"", ""roadAddress"": ""서울특별시 마포구 연희로1길 43 1층 101호"", ""mapx"": 1269257279, ""mapy"": 375609624, ""dong"": ""연남동"", ""category_keyword"": ""양식""}",2026-09-14T03:22:55.032342+00:00
dc26208d-4f15-5771-aea4-9a697de9861f,리차드하우스 연남,음식점>양식,서울특별시 마포구 연남동 227-9 1층,서울특별시 마포구 동교로46길 36 1층,37.5621271,126.9265903,https://catchtable.co.kr/richardhaus,,,,['감성적'],연남동,,,local,,"{""title"": ""리차드하우스 연남"", ""link"": ""https://catchtable.co.kr/richardhaus"", ""category"": ""음식점>양식"", ""description"": NaN, ""telephone"": NaN, ""address"": ""서울특별시 마포구 연남동 227-9 1층"", ""roadAddress"": ""서울특별시 마포구 동교로46길 36 1층"", ""mapx"": 1269265903, ""mapy"": 375621271, ""dong"": ""연남동"", ""category_keyword"": ""양식""}",2026-09-14T03:22:55.032574+00:00
eed09707-b7c6-536a-878f-f0065cf47cb8,응큼떡볶이 연남점,분식>종합분식,서울특별시 마포구 연남동 229-55 1층,서울특별시 마포구 동교로 257-1 1층,37.5628987,126.9247562,https://www.eungkeum.com/,,,,['혼밥'],연남동,,,local,,"{""title"": ""응큼떡볶이 연남점"", ""link"": ""https://www.eungkeum.com/"", ""category"": ""분식>종합분식"", ""description"": NaN, ""telephone"": NaN, ""address"": ""서울특별시 마포구 연남동 229-55 1층"", ""roadAddress"": ""서울특별시 마포구 동교로 257-1 1층"", ""mapx"": 1269247562, ""mapy"": 375628987, ""dong"": ""연남동"", ""category_keyword"": ""분식""}",2026-09-14T03:22:55.032686+00:00
342b2e51-431a-5331-90b6-e6591c35d862,소풍김밥,분식>김밥,서울특별시 마포구 연남동 255-20,서울특별시 마포구 동교로 251,37.5623802,126.9241853,,,,,['혼밥'],연남동,,,local,,"{""title"": ""소풍김밥"", ""link"": NaN, ""category"": ""분식>김밥"", ""description"": NaN, ""telephone"": NaN, ""address"": ""서울특별시 마포구 연남동 255-20"", ""roadAddress"": ""서울특별시 마포구 동교로 251"", ""mapx"": 1269241853, ""mapy"": 375623802, ""dong"": ""연남동"", ""category_keyword"": ""분식""}",2026-09-14T03:22:55.032801+00:00
27b79fd5-24ed-5d57-8211-4872bab4be9f,사르르 연남,음식점>양식,"서울특별시 마포구 연남동 383-100 2,3층","서울특별시 마포구 연희로1길 63 2,3층",37.5615468,126.9265918,https://www.instagram.com/sarr_yeonnam,,,,"['데이트', '힙함']",연남동,,,local,,"{""title"": ""사르르 연남"", ""link"": ""https://www.instagram.com/sarr_yeonnam"", ""category"": ""음식점>양식"", ""description"": NaN, ""telephone"": NaN, ""address"": ""서울특별시 마포구 연남동 383-100 2,3층"", ""roadAddress"": ""서울특별시 마포구 연희로1길 63 2,3층"", ""mapx"": 1269265918, ""mapy"": 375615468, ""dong"": ""연남동"", ""category_keyword"": ""브런치""}",2026-09-14T03:22:55.032913+00:00
b4ac9ec5-d7fc-5632-b0f1-3459f6639184,썸모어델리,음식점>브런치,서울특별시 마포구 연남동 454-10 1층,서울특별시 마포구 동교로51길 131 1층,37.5664806,126.9198725,https://www.instagram.com/somemore.deli/,,,,['조용함'],연남동,,,local,,"{""title"": ""썸모어델리"", ""link"": ""https://www.instagram.com/somemore.deli/"", ""category"": ""음식점>브런치"", ""description"": NaN, ""telephone"": NaN, ""address"": ""서울특별시 마포구 연남동 454-10 1층"", ""roadAddress"": ""서울특별시 마포구 동교로51길 131 1층"", ""mapx"": 1269198725, ""mapy"": 375664806, ""dong"": ""연남동"", ""category_keyword"": ""브런치""}",2026-09-14T03:22:55.033030+00:00
4837f8c4-6def-516c-b4b3-3e81c0d3fe8d,형제특수부위 연남점,"한식>육류,고기요리","서울특별시 마포구 연남동 228-35 1,2층","서울특별시 마포구 동교로 258 1,2층",37.5626988,126.9249473,,,,,['데이트'],연남동,,,local,,"{""title"": ""형제특수부위 연남점"", ""link"": NaN, ""category"": ""한식>육류,고기요리"", ""description"": NaN, ""telephone"": NaN, ""address"": ""서울특별시 마포구 연남동 228-35 1,2층"", ""roadAddress"": ""서울특별시 마포구 동교로 258 1,2층"", ""mapx"": 1269249473, ""mapy"": 375626988, ""dong"": ""연남동"", ""category_keyword"": ""고깃집""}",2026-09-14T03:22:55.033176+00:00
913ea78a-c503-57d8-8ae4-a960cfb2d2bc,새벽숯불가든 새숯가,"한식>육류,고기요리",서울특별시 마포구 연남동 570-27 1층,서울특별시 마포구 동교로25길 49 1층,37.5588916,126.9203174,,,,,"['힙함', '데이트']",연남동,,,local,,"{""title"": ""새벽숯불가든 새숯가"", ""link"": NaN, ""category"": ""한식>육류,고기요리"", ""description"": NaN, ""telephone"": NaN, ""address"": ""서울특별시 마포구 연남동 570-27 1층"", ""roadAddress"": ""서울특별시 마포구 동교로25길 49 1층"", ""mapx"": 1269203174, ""mapy"": 375588916, ""dong"": ""연남동"", ""category_keyword"": ""고깃집""}",2026-09-14T03:22:55.033293+00:00
b6dcef8b-0deb-53ba-8f3a-9388c2e784c8,뉴욕베이글&amp;피자 상암본점,"카페,디저트>베이커리",서울특별시 마포구 상암동 11-5 1층,서울특별시 마포구 매봉산로 72 1층,37.5780796,126.8936562,https://www.newyorkbagel.co.kr,,,,['감성적'],상암동,,,local,,"{""title"": ""뉴욕베이글&amp;피자 상암본점"", ""link"": ""https://www.newyorkbagel.co.kr"", ""category"": ""카페,디저트>베이커리"", ""description"": NaN, ""telephone"": NaN, ""address"": ""서울특별시 마포구 상암동 11-5 1층"", ""roadAddress"": ""서울특별시 마포구 매봉산로 72 1층"", ""mapx"": 1268936562, ""mapy"": 375780796, ""dong"": ""상암동"", ""category_keyword"": ""카페""}",2026-09-14T03:22:55.033406+00:00
339d6788-d164-5991-8262-3acef83d6d5d,브레딕트 상암점,브런치카페,서울특별시 마포구 상암동 6-1 1층,서울특별시 마포구 매봉산로2안길 8 1층,37.578118,126.8948674,https://www.instagram.com/bredict_official?igsh=MWV2M3liZDEyMGJxMA==,,,,['웨이팅있음'],상암동,,,local,,"{""title"": ""브레딕트 상암점"", ""link"": ""https://www.instagram.com/bredict_official?igsh=MWV2M3liZDEyMGJxMA=="", ""category"": ""브런치카페"", ""description"": NaN, ""telephone"": NaN, ""address"": ""서울특별시 마포구 상암동 6-1 1층"", ""roadAddress"": ""서울특별시 마포구 매봉산로2안길 8 1층"", ""mapx"": 1268948674, ""mapy"": 375781180, ""dong"": ""상암동"", ""category_keyword"": ""카페""}",2026-09-14T03:22:55.033522+00:00
b7586ae4-c9ac-506a-a784-e080f177728a,라운지엑스24h 상암DMC역점,"카페,디저트>카페",서울특별시 마포구 상암동 1258 1층,서울특별시 마포구 성암로 205 1층,37.5778425,126.896764,https://www.instagram.com/loungexcafe,,,,['조용함'],상암동,,,local,,"{""title"": ""라운지엑스24h 상암DMC역점"", ""link"": ""https://www.instagram.com/loungexcafe"", ""category"": ""카페,디저트>카페"", ""description"": NaN, ""telephone"": NaN, ""address"": ""서울특별시 마포구 상암동 1258 1층"", ""roadAddress"": ""서울특별시 마포구 성암로 205 1층"", ""mapx"": 1268967640, ""mapy"": 375778425, ""dong"": ""상암동"", ""category_keyword"": ""카페""}",2026-09-14T03:22:55.033639+00:00
b5f9c182-66ef-52f7-afa3-6528031b1fd2,82년생 김민경 X 카페르세,"음식점>카페,디저트",서울특별시 마포구 상암동 1615 파크엠 1층,서울특별시 마포구 매봉산로 80 파크엠 1층,37.5784823,126.8939924,https://blog.naver.com/incube8,,,,"['데이트', '모임', '조용함']",상암동,,,local,,"{""title"": ""82년생 김민경 X <b>카페</b>르세"", ""link"": ""https://blog.naver.com/incube8"", ""category"": ""음식점>카페,디저트"", ""description"": NaN, ""telephone"": NaN, ""address"": ""서울특별시 마포구 상암동 1615 파크엠 1층"", ""roadAddress"": ""서울특별시 마포구 매봉산로 80 파크엠 1층"", ""mapx"": 1268939924, ""mapy"": 375784823, ""dong"": ""상암동"", ""category_keyword"": ""카페""}",2026-09-14T03:22:55.033756+00:00
d523ff7d-a962-5e9a-9d4e-baf1e9a2da2e,투썸플레이스 디지털미디어시티역점,"카페,디저트>카페",서울특별시 마포구 상암동 1622 중소기업DMC타워 1층,서울특별시 마포구 성암로 189 중소기업DMC타워 1층,37.5770516,126.8977561,,,,,"['감성적', '사진맛집']",상암동,,,local,,"{""title"": ""투썸플레이스 디지털미디어시티역점"", ""link"": NaN, ""category"": ""카페,디저트>카페"", ""description"": NaN, ""telephone"": NaN, ""address"": ""서울특별시 마포구 상암동 1622 중소기업DMC타워 1층"", ""roadAddress"": ""서울특별시 마포구 성암로 189 중소기업DMC타워 1층"", ""mapx"": 1268977561, ""mapy"": 375770516, ""dong"": ""상암동"", ""category_keyword"": ""카페""}",2026-09-14T03:22:55.033875+00:00
4e5f4a69-6d53-5845-a0db-60ec386cb3ca,베브릿지 상암IT점,"음식점>카페,디저트",서울특별시 마포구 상암동 1590 상암IT타워 1층 115호 베브릿지,서울특별시 마포구 월드컵북로 434 상암IT타워 1층 115호 베브릿지,37.5814991,126.8862505,https://www.worldbebridge.co.kr/,,,,"['감성적', '사진맛집']",상암동,,,local,,"{""title"": ""베브릿지 상암IT점"", ""link"": ""https://www.worldbebridge.co.kr/"", ""category"": ""음식점>카페,디저트"", ""description"": NaN, ""telephone"": NaN, ""address"": ""서울특별시 마포구 상암동 1590 상암IT타워 1층 115호 베브릿지"", ""roadAddress"": ""서울특별시 마포구 월드컵북로 434 상암IT타워 1층 115호 베브릿지"", ""mapx"": 1268862505, ""mapy"": 375814991, ""dong"": ""상암동"", ""category_keyword"": ""브런치카페""}",2026-09-14T03:22:55.034104+00:00
1fd76cf6-7b44-59ab-8742-e7ad582cf98b,커피루소 상암,브런치카페,서울특별시 마포구 상암동 1610 DDMC 101~103호,서울특별시 마포구 매봉산로 75 DDMC 101~103호,37.578519,126.8929514,https://smartstore.naver.com/lussolab,,,,"['데이트', '감성적', '사진맛집']",상암동,,,local,,"{""title"": ""커피루소 상암"", ""link"": ""https://smartstore.naver.com/lussolab"", ""category"": ""브런치카페"", ""description"": NaN, ""telephone"": NaN, ""address"": ""서울특별시 마포구 상암동 1610 DDMC 101~103호"", ""roadAddress"": ""서울특별시 마포구 매봉산로 75 DDMC 101~103호"", ""mapx"": 1268929514, ""mapy"": 375785190, ""dong"": ""상암동"", ""category_keyword"": ""브런치카페""}",2026-09-14T03:22:55.034216+00:00
07133f88-2cfa-540f-b10e-829ce48f7d04,팬케이크샵커피,"음식점>카페,디저트",서울특별시 마포구 상암동 2-194 1층,서울특별시 마포구 월드컵북로42라길 3 1층,37.5755293,126.8967894,http://instagram.com/pancakeshop_coffee,,,,"['감성적', '사진맛집']",상암동,,,local,,"{""title"": ""팬케이크샵커피"", ""link"": ""http://instagram.com/pancakeshop_coffee"", ""category"": ""음식점>카페,디저트"", ""description"": NaN, ""telephone"": NaN, ""address"": ""서울특별시 마포구 상암동 2-194 1층"", ""roadAddress"": ""서울특별시 마포구 월드컵북로42라길 3 1층"", ""mapx"": 1268967894, ""mapy"": 375755293, ""dong"": ""상암동"", ""category_keyword"": ""브런치카페""}",2026-09-14T03:22:55.034330+00:00
ea60bd84-3817-5066-878e-e2e6ff9fb1c5,바나프레소 상암DMC점,"카페,디저트>카페",서울특별시 마포구 상암동 1605 누리꿈 스퀘어 1층,서울특별시 마포구 월드컵북로 396 누리꿈 스퀘어 1층,37.5797228,126.8902206,https://www.banapresso.com/,,,,"['감성적', '사진맛집']",상암동,,,local,,"{""title"": ""바나프레소 상암DMC점"", ""link"": ""https://www.banapresso.com/"", ""category"": ""카페,디저트>카페"", ""description"": NaN, ""telephone"": NaN, ""address"": ""서울특별시 마포구 상암동 1605 누리꿈 스퀘어 1층"", ""roadAddress"": ""서울특별시 마포구 월드컵북로 396 누리꿈 스퀘어 1층"", ""mapx"": 1268902206, ""mapy"": 375797228, ""dong"": ""상암동"", ""category_keyword"": ""베이커리카페""}",2026-09-14T03:22:55.034442+00:00
c61be26d-14e7-56a3-9747-8f92a9d06f4b,파리바게뜨 상암점,"카페,디저트>베이커리",서울특별시 마포구 상암동 1751 1751 1층,서울특별시 마포구 월드컵북로 497 (상암동 1751) 1층,37.5845454,126.8794088,https://www.paris.co.kr/,,,,"['감성적', '사진맛집']",상암동,,,local,,"{""title"": ""파리바게뜨 상암점"", ""link"": ""https://www.paris.co.kr/"", ""category"": ""카페,디저트>베이커리"", ""description"": NaN, ""telephone"": NaN, ""address"": ""서울특별시 마포구 상암동 1751 1751 1층"", ""roadAddress"": ""서울특별시 마포구 월드컵북로 497 (상암동 1751) 1층"", ""mapx"": 1268794088, ""mapy"": 375845454, ""dong"": ""상암동"", ""category_keyword"": ""베이커리카페""}",2026-09-14T03:22:55.034552+00:00
35d65de0-2542-5606-893f-aebeb3e2daaf,파리바게뜨상암KBS점,"카페,디저트>베이커리",서울특별시 마포구 상암동 1652 KBS미디어센타 KBS 상암 미디어센터 1층 로비 위치,서울특별시 마포구 매봉산로 45 KBS미디어센타 KBS 상암 미디어센터 1층 로비 위치,37.5763899,126.8911436,https://www.paris.co.kr/,,,,"['감성적', '사진맛집']",상암동,,,local,,"{""title"": ""파리바게뜨상암KBS점"", ""link"": ""https://www.paris.co.kr/"", ""category"": ""카페,디저트>베이커리"", ""description"": NaN, ""telephone"": NaN, ""address"": ""서울특별시 마포구 상암동 1652 KBS미디어센타 KBS 상암 미디어센터 1층 로비 위치"", ""roadAddress"": ""서울특별시 마포구 매봉산로 45 KBS미디어센타 KBS 상암 미디어센터 1층 로비 위치"", ""mapx"": 1268911436, ""mapy"": 375763899, ""dong"": ""상암동"", ""category_keyword"": ""베이커리카페""}",2026-09-14T03:22:55.034664+00:00
b44879b0-8ac1-51cc-80c1-3f8c9549ae50,더브래드팬트리,"카페,디저트>베이커리",서울특별시 마포구 상암동 20-9 리솜하우스,서울특별시 마포구 매봉산로2길 64 리솜하우스,37.5765917,126.8961159,,,,,"['감성적', '사진맛집']",상암동,,,local,,"{""title"": ""더브래드팬트리"", ""link"": NaN, ""category"": ""카페,디저트>베이커리"", ""description"": NaN, ""telephone"": NaN, ""address"": ""서울특별시 마포구 상암동 20-9 리솜하우스"", ""roadAddress"": ""서울특별시 마포구 매봉산로2길 64 리솜하우스"", ""mapx"": 1268961159, ""mapy"": 375765917, ""dong"": ""상암동"", ""category_keyword"": ""베이커리카페""}",2026-09-14T03:22:55.034774+00:00
ff177641-7f5e-53af-9608-f499f924252b,코테슬로,"음식점>카페,디저트",서울특별시 마포구 상암동 2-141 코테슬로,서울특별시 마포구 월드컵북로42다길 32 코테슬로,37.5763064,126.8967391,https://instagram.com/cottesloe_coffeeshop?igshid=YmMyMTA2M2Y=,,,,['데이트'],상암동,,,local,,"{""title"": ""코테슬로"", ""link"": ""https://instagram.com/cottesloe_coffeeshop?igshid=YmMyMTA2M2Y="", ""category"": ""음식점>카페,디저트"", ""description"": NaN, ""telephone"": NaN, ""address"": ""서울특별시 마포구 상암동 2-141 코테슬로"", ""roadAddress"": ""서울특별시 마포구 월드컵북로42다길 32 코테슬로"", ""mapx"": 1268967391, ""mapy"": 375763064, ""dong"": ""상암동"", ""category_keyword"": ""베이커리카페""}",2026-09-14T03:22:55.034887+00:00
16e7a30c-17c7-5b5c-8bc0-5ddcaa0fdaad,대한제빵소,"카페,디저트>베이커리","서울특별시 마포구 상암동 1601 케이지아이티센터 1층 120, 121호 대한제빵소","서울특별시 마포구 월드컵북로 402 케이지아이티센터 1층 120, 121호 대한제빵소",37.5799468,126.8897114,https://www.instagram.com/daehanjebbangso,,,,"['감성적', '사진맛집']",상암동,,,local,,"{""title"": ""대한제빵소"", ""link"": ""https://www.instagram.com/daehanjebbangso"", ""category"": ""카페,디저트>베이커리"", ""description"": NaN, ""telephone"": NaN, ""address"": ""서울특별시 마포구 상암동 1601 케이지아이티센터 1층 120, 121호 대한제빵소"", ""roadAddress"": ""서울특별시 마포구 월드컵북로 402 케이지아이티센터 1층 120, 121호 대한제빵소"", ""mapx"": 1268897114, ""mapy"": 375799468, ""dong"": ""상암동"", ""category_keyword"": ""베이커리카페""}",2026-09-14T03:22:55.035001+00:00
af87434d-9a5a-59b3-bbfc-dc780d21c5ee,에이프로커피,"음식점>카페,디저트",서울특별시 마포구 상암동 1596 101호 APRO COFFEE,서울특별시 마포구 월드컵북로54길 25 101호 APRO COFFEE,37.5816732,126.8890399,,,,,"['감성적', '사진맛집']",상암동,,,local,,"{""title"": ""에이프로커피"", ""link"": NaN, ""category"": ""음식점>카페,디저트"", ""description"": NaN, ""telephone"": NaN, ""address"": ""서울특별시 마포구 상암동 1596 101호 APRO COFFEE"", ""roadAddress"": ""서울특별시 마포구 월드컵북로54길 25 101호 APRO COFFEE"", ""mapx"": 1268890399, ""mapy"": 375816732, ""dong"": ""상암동"", ""category_keyword"": ""애견동반카페""}",2026-09-14T03:22:55.035132+00:00
44ea9fbc-f9a8-5d2b-99de-e337713b811e,네마,"음식점>카페,디저트",서울특별시 서대문구 북가좌동 316-32,서울특별시 서대문구 거북골로 208-1,37.5790294,126.9083227,https://www.instagram.com/nema_seoul,,,,"['감성적', '사진맛집']",상암동,,,local,,"{""title"": ""네마"", ""link"": ""https://www.instagram.com/nema_seoul"", ""category"": ""음식점>카페,디저트"", ""description"": NaN, ""telephone"": NaN, ""address"": ""서울특별시 서대문구 북가좌동 316-32"", ""roadAddress"": ""서울특별시 서대문구 거북골로 208-1"", ""mapx"": 1269083227, ""mapy"": 375790294, ""dong"": ""상암동"", ""category_keyword"": ""애견동반카페""}",2026-09-14T03:22:55.035251+00:00
5521ca89-d1a3-5b9a-8dbf-736253b72466,헨쇼,"음식점>카페,디저트",서울특별시 서대문구 북가좌동 376-9 1층,서울특별시 서대문구 거북골로21길 21 1층,37.5783061,126.9070697,https://100원커피이벤트-선착순주문하기.com,,,,"['감성적', '사진맛집']",상암동,,,local,,"{""title"": ""헨쇼"", ""link"": ""https://100원커피이벤트-선착순주문하기.com"", ""category"": ""음식점>카페,디저트"", ""description"": NaN, ""telephone"": NaN, ""address"": ""서울특별시 서대문구 북가좌동 376-9 1층"", ""roadAddress"": ""서울특별시 서대문구 거북골로21길 21 1층"", ""mapx"": 1269070697, ""mapy"": 375783061, ""dong"": ""상암동"", ""category_keyword"": ""애견동반카페""}",2026-09-14T03:22:55.035380+00:00
f817e8ac-cb0f-5002-bc28-35aa85f36cce,장흥집 상암점,"한식>육류,고기요리",서울특별시 마포구 상암동 1462 1층,서울특별시 마포구 성암로15길 35 1층,37.5773764,126.8963775,,,,,"['모임', '가족동반']",상암동,,,local,,"{""title"": ""장흥집 상암점"", ""link"": NaN, ""category"": ""한식>육류,고기요리"", ""description"": NaN, ""telephone"": NaN, ""address"": ""서울특별시 마포구 상암동 1462 1층"", ""roadAddress"": ""서울특별시 마포구 성암로15길 35 1층"", ""mapx"": 1268963775, ""mapy"": 375773764, ""dong"": ""상암동"", ""category_keyword"": ""맛집""}",2026-09-14T03:22:55.035499+00:00
0feec28a-3d1f-5177-8679-35d694273431,등촌샤브칼국수 상암점,"음식점>한식>칼국수,만두",서울특별시 마포구 상암동 1593 우리기술사옥 2층,서울특별시 마포구 월드컵북로56길 9 우리기술사옥 2층,37.5814131,126.8876627,,,,,['혼밥'],상암동,,,local,,"{""title"": ""등촌샤브칼국수 상암점"", ""link"": NaN, ""category"": ""음식점>한식>칼국수,만두"", ""description"": NaN, ""telephone"": NaN, ""address"": ""서울특별시 마포구 상암동 1593 우리기술사옥 2층"", ""roadAddress"": ""서울특별시 마포구 월드컵북로56길 9 우리기술사옥 2층"", ""mapx"": 1268876627, ""mapy"": 375814131, ""dong"": ""상암동"", ""category_keyword"": ""맛집""}",2026-09-14T03:22:55.035612+00:00
6964614d-ca35-5c5a-8292-848f523f3592,임짬뽕,중식>중식당,서울특별시 마포구 상암동 12-78 1층 101호,서울특별시 마포구 월드컵북로44길 72 1층 101호,37.5775847,126.8939905,,,,,['모임'],상암동,,,local,,"{""title"": ""임짬뽕"", ""link"": NaN, ""category"": ""중식>중식당"", ""description"": NaN, ""telephone"": NaN, ""address"": ""서울특별시 마포구 상암동 12-78 1층 101호"", ""roadAddress"": ""서울특별시 마포구 월드컵북로44길 72 1층 101호"", ""mapx"": 1268939905, ""mapy"": 375775847, ""dong"": ""상암동"", ""category_keyword"": ""맛집""}",2026-09-14T03:22:55.035723+00:00
59f8a310-045d-5c1a-9b37-f660c470bd65,수레갈비,"한식>육류,고기요리",서울특별시 마포구 상암동 2-51 1층,서울특별시 마포구 매봉산로2길 19-6 1층,37.5783069,126.8953737,,,,,['모임'],상암동,,,local,,"{""title"": ""수레갈비"", ""link"": NaN, ""category"": ""한식>육류,고기요리"", ""description"": NaN, ""telephone"": NaN, ""address"": ""서울특별시 마포구 상암동 2-51 1층"", ""roadAddress"": ""서울특별시 마포구 매봉산로2길 19-6 1층"", ""mapx"": 1268953737, ""mapy"": 375783069, ""dong"": ""상암동"", ""category_keyword"": ""한식""}",2026-09-14T03:22:55.035836+00:00
1a746f2d-5ffd-5572-9321-00384cf8fcd3,시카노이에 상암점,음식점>일식>일식당,서울특별시 마포구 상암동 1466 1층,서울특별시 마포구 성암로13길 16 1층,37.5772684,126.8965746,,,,,['감성적'],상암동,,,local,,"{""title"": ""시카노이에 상암점"", ""link"": NaN, ""category"": ""음식점>일식>일식당"", ""description"": NaN, ""telephone"": NaN, ""address"": ""서울특별시 마포구 상암동 1466 1층"", ""roadAddress"": ""서울특별시 마포구 성암로13길 16 1층"", ""mapx"": 1268965746, ""mapy"": 375772684, ""dong"": ""상암동"", ""category_keyword"": ""일식""}",2026-09-14T03:22:55.035944+00:00
7adc1194-1032-5efa-b6c2-9adb544db083,온돈부리,음식점>일식>일식당,서울특별시 마포구 상암동 1596 상암 푸르지오 시티 218호,서울특별시 마포구 월드컵북로54길 25 상암 푸르지오 시티 218호,37.5819488,126.8895372,https://www.instagram.com/on_donburi,,,,['데이트'],상암동,,,local,,"{""title"": ""온돈부리"", ""link"": ""https://www.instagram.com/on_donburi"", ""category"": ""음식점>일식>일식당"", ""description"": NaN, ""telephone"": NaN, ""address"": ""서울특별시 마포구 상암동 1596 상암 푸르지오 시티 218호"", ""roadAddress"": ""서울특별시 마포구 월드컵북로54길 25 상암 푸르지오 시티 218호"", ""mapx"": 1268895372, ""mapy"": 375819488, ""dong"": ""상암동"", ""category_keyword"": ""일식""}",2026-09-14T03:22:55.036060+00:00
9a017254-e553-5c14-9220-592a9bdd4a82,모리타,음식점>일식>일식당,서울특별시 마포구 상암동 35-1 2층,서울특별시 마포구 월드컵북로44길 49 2층,37.5768396,126.8947383,,,,,['모임'],상암동,,,local,,"{""title"": ""모리타"", ""link"": NaN, ""category"": ""음식점>일식>일식당"", ""description"": NaN, ""telephone"": NaN, ""address"": ""서울특별시 마포구 상암동 35-1 2층"", ""roadAddress"": ""서울특별시 마포구 월드컵북로44길 49 2층"", ""mapx"": 1268947383, ""mapy"": 375768396, ""dong"": ""상암동"", ""category_keyword"": ""일식""}",2026-09-14T03:22:55.036174+00:00
31b485c1-7b52-5d65-9aa1-69f86e89c0cd,오카야 상암본점,술집>이자카야,서울특별시 마포구 상암동 41-10 2층 오카야,서울특별시 마포구 월드컵북로50길 9 2층 오카야,37.5771971,126.8935734,https://app.catchtable.co.kr/ct/shop/okaya,,,,['데이트'],상암동,,,local,,"{""title"": ""오카야 상암본점"", ""link"": ""https://app.catchtable.co.kr/ct/shop/okaya"", ""category"": ""술집>이자카야"", ""description"": NaN, ""telephone"": NaN, ""address"": ""서울특별시 마포구 상암동 41-10 2층 오카야"", ""roadAddress"": ""서울특별시 마포구 월드컵북로50길 9 2층 오카야"", ""mapx"": 1268935734, ""mapy"": 375771971, ""dong"": ""상암동"", ""category_keyword"": ""일식""}",2026-09-14T03:22:55.036289+00:00
5fae40a9-2657-5f78-b37a-7c5d1e122e99,실일식,음식점>일식>일식당,서울특별시 마포구 상암동 1592 더팬엔터테인먼트 사옥빌딩 2층,서울특별시 마포구 월드컵북로58길 10 더팬엔터테인먼트 사옥빌딩 2층,37.5817132,126.8870462,https://www.instagram.com/sililsik/,,,,['모임'],상암동,,,local,,"{""title"": ""실<b>일식</b>"", ""link"": ""https://www.instagram.com/sililsik/"", ""category"": ""음식점>일식>일식당"", ""description"": NaN, ""telephone"": NaN, ""address"": ""서울특별시 마포구 상암동 1592 더팬엔터테인먼트 사옥빌딩 2층"", ""roadAddress"": ""서울특별시 마포구 월드컵북로58길 10 더팬엔터테인먼트 사옥빌딩 2층"", ""mapx"": 1268870462, ""mapy"": 375817132, ""dong"": ""상암동"", ""category_keyword"": ""일식""}",2026-09-14T03:22:55.036405+00:00
37ca2fd1-1da4-5d3f-a5a7-226092fb2298,더차이 상암MBC몰 본점,중식>중식당,"서울특별시 마포구 상암동 1603 2층,204호,205호 (,(주)문화방송) 더차이","서울특별시 마포구 성암로 267 2층,204호,205호 (상암동,(주)문화방송) 더차이",37.5811234,126.890989,,,,,['모임'],상암동,,,local,,"{""title"": ""더차이 상암MBC몰 본점"", ""link"": NaN, ""category"": ""중식>중식당"", ""description"": NaN, ""telephone"": NaN, ""address"": ""서울특별시 마포구 상암동 1603 2층,204호,205호 (,(주)문화방송) 더차이"", ""roadAddress"": ""서울특별시 마포구 성암로 267 2층,204호,205호 (상암동,(주)문화방송) 더차이"", ""mapx"": 1268909890, ""mapy"": 375811234, ""dong"": ""상암동"", ""category_keyword"": ""중식""}",2026-09-14T03:22:55.036520+00:00
50ba8b44-3e84-5a5f-8c8d-bb2c223fbbd3,홍월이륙,중식>중식당,서울특별시 마포구 상암동 33-8 1층,서울특별시 마포구 월드컵북로44길 35-3 1층,37.5762753,126.8953908,,,,,['감성적'],상암동,,,local,,"{""title"": ""홍월이륙"", ""link"": NaN, ""category"": ""중식>중식당"", ""description"": NaN, ""telephone"": NaN, ""address"": ""서울특별시 마포구 상암동 33-8 1층"", ""roadAddress"": ""서울특별시 마포구 월드컵북로44길 35-3 1층"", ""mapx"": 1268953908, ""mapy"": 375762753, ""dong"": ""상암동"", ""category_keyword"": ""중식""}",2026-09-14T03:22:55.036636+00:00
76a3c769-995e-5f90-bd70-1fb7ae553d5e,더차이 상암 디지털큐브점,중식>중식당,서울특별시 마포구 상암동 1647 디지털큐브빌딩 1층,서울특별시 마포구 상암산로 34 디지털큐브빌딩 1층,37.5762185,126.8895758,,,,,['모임'],상암동,,,local,,"{""title"": ""더차이 상암 디지털큐브점"", ""link"": NaN, ""category"": ""중식>중식당"", ""description"": NaN, ""telephone"": NaN, ""address"": ""서울특별시 마포구 상암동 1647 디지털큐브빌딩 1층"", ""roadAddress"": ""서울특별시 마포구 상암산로 34 디지털큐브빌딩 1층"", ""mapx"": 1268895758, ""mapy"": 375762185, ""dong"": ""상암동"", ""category_keyword"": ""중식""}",2026-09-14T03:22:55.036753+00:00
d9d6d788-75f1-5e0f-bd27-058f1c2b01df,셰셰,중식>중식당,서울특별시 마포구 상암동 40 1층 셰셰,서울특별시 마포구 월드컵북로50길 14-6 1층 셰셰,37.5770375,126.893978,https://www.instagram.com/xiexie__sangam,,,,['모임'],상암동,,,local,,"{""title"": ""셰셰"", ""link"": ""https://www.instagram.com/xiexie__sangam"", ""category"": ""중식>중식당"", ""description"": NaN, ""telephone"": NaN, ""address"": ""서울특별시 마포구 상암동 40 1층 셰셰"", ""roadAddress"": ""서울특별시 마포구 월드컵북로50길 14-6 1층 셰셰"", ""mapx"": 1268939780, ""mapy"": 375770375, ""dong"": ""상암동"", ""category_keyword"": ""중식""}",2026-09-14T03:22:55.036867+00:00
21732436-d98f-54ff-ab3e-b894fb34810d,달리181 상암점,음식점>양식,서울특별시 마포구 상암동 1597 사보이시티디엠씨 지하1층 b116호 달리181,서울특별시 마포구 월드컵북로54길 17 사보이시티디엠씨 지하1층 b116호 달리181,37.5813386,126.8885633,https://app.catchtable.co.kr/ct/shop/dalisa181,,,,['데이트'],상암동,,,local,,"{""title"": ""달리181 상암점"", ""link"": ""https://app.catchtable.co.kr/ct/shop/dalisa181"", ""category"": ""음식점>양식"", ""description"": NaN, ""telephone"": NaN, ""address"": ""서울특별시 마포구 상암동 1597 사보이시티디엠씨 지하1층 b116호 달리181"", ""roadAddress"": ""서울특별시 마포구 월드컵북로54길 17 사보이시티디엠씨 지하1층 b116호 달리181"", ""mapx"": 1268885633, ""mapy"": 375813386, ""dong"": ""상암동"", ""category_keyword"": ""양식""}",2026-09-14T03:22:55.036980+00:00
53888dd8-0699-5834-9925-687352ea21a1,헤비스테이크 상암DMC점,음식점>양식,서울특별시 마포구 상암동 1605 누리꿈스퀘어 제1층 제알117호,서울특별시 마포구 월드컵북로 396 누리꿈스퀘어 제1층 제알117호,37.5799611,126.8901623,http://www.heavysteak.co.kr,,,,"['혼밥', '웨이팅있음']",상암동,,,local,,"{""title"": ""헤비스테이크 상암DMC점"", ""link"": ""http://www.heavysteak.co.kr"", ""category"": ""음식점>양식"", ""description"": NaN, ""telephone"": NaN, ""address"": ""서울특별시 마포구 상암동 1605 누리꿈스퀘어 제1층 제알117호"", ""roadAddress"": ""서울특별시 마포구 월드컵북로 396 누리꿈스퀘어 제1층 제알117호"", ""mapx"": 1268901623, ""mapy"": 375799611, ""dong"": ""상암동"", ""category_keyword"": ""양식""}",2026-09-14T03:22:55.037108+00:00
95682c73-8dd9-5a5b-bb2e-04f45e5773d9,라쿤피자 상암직영점,음식점>피자,서울특별시 마포구 상암동 16-5 3층,서울특별시 마포구 월드컵북로44길 50 3층,37.5769106,126.8949094,https://www.lacoonpizza.com/,,,,['데이트'],상암동,,,local,,"{""title"": ""라쿤피자 상암직영점"", ""link"": ""https://www.lacoonpizza.com/"", ""category"": ""음식점>피자"", ""description"": NaN, ""telephone"": NaN, ""address"": ""서울특별시 마포구 상암동 16-5 3층"", ""roadAddress"": ""서울특별시 마포구 월드컵북로44길 50 3층"", ""mapx"": 1268949094, ""mapy"": 375769106, ""dong"": ""상암동"", ""category_keyword"": ""양식""}",2026-09-14T03:22:55.037231+00:00
2bbe3ceb-eb31-59c0-afef-476be7a31a8d,쿠차라 상암MBC몰점,"음식점>멕시코,남미음식",서울특별시 마포구 상암동 1603,서울특별시 마포구 성암로 267,37.5811748,126.8907857,https://www.instagram.com/cuchara_official,,,,"['데이트', '가족동반']",상암동,,,local,,"{""title"": ""쿠차라 상암MBC몰점"", ""link"": ""https://www.instagram.com/cuchara_official"", ""category"": ""음식점>멕시코,남미음식"", ""description"": NaN, ""telephone"": NaN, ""address"": ""서울특별시 마포구 상암동 1603"", ""roadAddress"": ""서울특별시 마포구 성암로 267"", ""mapx"": 1268907857, ""mapy"": 375811748, ""dong"": ""상암동"", ""category_keyword"": ""양식""}",2026-09-14T03:22:55.037344+00:00
b8be338b-5b16-5002-a515-7ebd2b0e51c9,옥토끼떡볶이,분식>떡볶이,서울특별시 마포구 상암동 1605 지하1층 1076호,서울특별시 마포구 월드컵북로 396 지하1층 1076호,37.5793419,126.889819,,,,,['혼밥'],상암동,,,local,,"{""title"": ""옥토끼떡볶이"", ""link"": NaN, ""category"": ""분식>떡볶이"", ""description"": NaN, ""telephone"": NaN, ""address"": ""서울특별시 마포구 상암동 1605 지하1층 1076호"", ""roadAddress"": ""서울특별시 마포구 월드컵북로 396 지하1층 1076호"", ""mapx"": 1268898190, ""mapy"": 375793419, ""dong"": ""상암동"", ""category_keyword"": ""분식""}",2026-09-14T03:22:55.037457+00:00
fb8e5d2c-95f7-522d-a744-a9a97eb87846,동대문엽기떡볶이 상암점,음식점>분식,서울특별시 마포구 상암동 36-11 1층,서울특별시 마포구 월드컵북로48길 9 1층,37.5767274,126.8942668,https://blog.naver.com/ddm_yupdduk,,,,['혼밥'],상암동,,,local,,"{""title"": ""동대문엽기떡볶이 상암점"", ""link"": ""https://blog.naver.com/ddm_yupdduk"", ""category"": ""음식점>분식"", ""description"": NaN, ""telephone"": NaN, ""address"": ""서울특별시 마포구 상암동 36-11 1층"", ""roadAddress"": ""서울특별시 마포구 월드컵북로48길 9 1층"", ""mapx"": 1268942668, ""mapy"": 375767274, ""dong"": ""상암동"", ""category_keyword"": ""분식""}",2026-09-14T03:22:55.037570+00:00
7f120953-fc96-59b7-b138-a532342b4d00,용수라면,분식>라면,서울특별시 마포구 상암동 33-4 1층 일부호 용수라면,서울특별시 마포구 월드컵북로44길 25 1층 일부호 용수라면,37.5761318,126.89589,,,,,['혼밥'],상암동,,,local,,"{""title"": ""용수라면"", ""link"": NaN, ""category"": ""분식>라면"", ""description"": NaN, ""telephone"": NaN, ""address"": ""서울특별시 마포구 상암동 33-4 1층 일부호 용수라면"", ""roadAddress"": ""서울특별시 마포구 월드컵북로44길 25 1층 일부호 용수라면"", ""mapx"": 1268958900, ""mapy"": 375761318, ""dong"": ""상암동"", ""category_keyword"": ""분식""}",2026-09-14T03:22:55.037683+00:00
546b5a8f-5c44-5a9e-a1d1-bb0aa53a2b59,몽미 상암본점,한식>돼지고기구이,서울특별시 마포구 상암동 2-98 1층,서울특별시 마포구 월드컵북로48길 50 1층,37.5776864,126.8961991,https://app.catchtable.co.kr/ct/shop/mongmi,,,,['모임'],상암동,,,local,,"{""title"": ""몽미 상암본점"", ""link"": ""https://app.catchtable.co.kr/ct/shop/mongmi"", ""category"": ""한식>돼지고기구이"", ""description"": NaN, ""telephone"": NaN, ""address"": ""서울특별시 마포구 상암동 2-98 1층"", ""roadAddress"": ""서울특별시 마포구 월드컵북로48길 50 1층"", ""mapx"": 1268961991, ""mapy"": 375776864, ""dong"": ""상암동"", ""category_keyword"": ""고깃집""}",2026-09-14T03:22:55.037798+00:00
e8dbc46a-2a11-5732-80e6-139d26bce80f,상암고깃집 상암본점,"한식>육류,고기요리",서울특별시 마포구 상암동 2-300 1층,서울특별시 마포구 성암로 213 1층,37.5783642,126.8959891,https://www.instagram.com/sangam_gogitjip,,,,"['모임', '가족동반']",상암동,,,local,,"{""title"": ""상암<b>고깃집</b> 상암본점"", ""link"": ""https://www.instagram.com/sangam_gogitjip"", ""category"": ""한식>육류,고기요리"", ""description"": NaN, ""telephone"": NaN, ""address"": ""서울특별시 마포구 상암동 2-300 1층"", ""roadAddress"": ""서울특별시 마포구 성암로 213 1층"", ""mapx"": 1268959891, ""mapy"": 375783642, ""dong"": ""상암동"", ""category_keyword"": ""고깃집""}",2026-09-14T03:22:55.037916+00:00
68158aba-57b6-5847-89ae-cf99386d7819,홍대 꾸감 더 현대 대구 팝업 스토어,팝업스토어,서울 마포구 서교동 일대에서,,,,https://blog.naver.com/ggugam1/224405873675,,,,['데이트'],서교동,,,blog_popup,"홍대 꾸감 더현대 대구 팝업스토어 오픈 예고
​
​
서울 마포구 서교동 일대에서
새로운 미식 트렌드로 굳건히 자리 잡은
자켓 포테이토 전문 브랜드 홍대꾸감이
드디어 영남권 고객님들과 첫 만남을 갖습니다.
​
최근 성공적으로 마무리된
서울 여의도 팝업 행사에서 보내주신
엄청난 성원과 긍정적인 피드백에 힘입어
다가오는 9월 11일 금요일부터
더현대대구 식품관에 새로운 팝업 부스를
오픈하게 되었습니다.
​
📌행사 일정
9월 11일(금)부터 9월 17일(목)
​
📍위치
더현대 대구 B1층 꾸온 매장 앞
​
​
​
더현대대구 지하 1층 식품관
꾸온 매장 맞은편에서 단 일주일간
한정적으로 진행할 예정입니다.
​
주말을 맞이하여 실내 데이트나
더현대대구 쇼핑 중간에 들러 이색적이고
든든한 메뉴로 홍대꾸감의 매력을
느껴보심이 어떨까요?
​
홍대꾸감은 단순길거리 간식의 범주를 넘어
양질의 탄수화물 베이스와 풍성한
단백질 부재료가 완벽한 영양적 균형을
이루는 완성도 높은 한 끼 식사를 지향합니다.
​
더현대 서울 팝업스토어 현장
​
오븐에서 갓 구워내 포슬포슬한
큼직한 통감자 위로 다채로운 프리미엄 토핑을
산더미처럼 쌓아 올리는 조리 방식을
더현대대구 현장에서도 동일하게 고수합니다.
​
서울 본점의 엄격한 조리 매뉴얼과
신선한 식재료를 그대로 공수하여
처음 홍대꾸감을 맛보시는 분들도
단번에 만족하실 수 있도록
최상의 퀄리티를 구현할 예정입니다.
​
이번 더현대대구 팝업 현장에서는
베스트 시그니처 라인업 4종을
엄선하여 선보입니다.
​
​
​
'방콕치킨'
이국적인 푸팟퐁커리와 매콤한 스파이시 닭고기가 어우러진 꾸감
​
'맨해튼 스테이크'
육즙을 가둬 구워낸 큐브 스테이크가 올라간 꾸감
​
'맥앤파이어'
진한 더블 맥앤치즈와 불닭마요의 조화가 일품인
​
'베지터블 스페셜'
신선한 구운 채소 조합으로 깔끔함을 살린
​
각자의 취향을 두루 만족시킬 수 있는
홍대꾸감만의 차별화된 메뉴 라인업을 만나보세요.
​
단 7일간 펼쳐지는 특별한 미식의 향연에
많은 관심과 방문을 부탁드립니다.
​
꾸감
서울특별시 마포구 와우산로23길 44 1층
현대백화점 더현대 대구
대구광역시 중구 달구벌대로 2077 더현대 대구
​","{""title"": ""더현대대구에 상륙한 홍대 꾸감 팝업스토어 예고"", ""link"": ""https://blog.naver.com/ggugam1/224405873675"", ""description"": ""홍대 꾸감 더현대 대구 팝업스토어 오픈 예고 서울 마포구 서교동 일대에서 새로운 미식 트렌드로 굳건히 자리 잡은 자켓 포테이토 전문 브랜드 홍대꾸감이 드디어 영남권 고객님들과 첫 만남을 갖습니다. 최근... "", ""bloggername"": ""꾸감"", ""bloggerlink"": ""https://blog.naver.com/ggugam1"", ""postdate"": 20260909, ""query"": ""마포구 팝업스토어"", ""content"": ""홍대 꾸감 더현대 대구 팝업스토어 오픈 예고\n​\n​\n서울 마포구 서교동 일대에서\n새로운 미식 트렌드로 굳건히 자리 잡은\n자켓 포테이토 전문 브랜드 홍대꾸감이\n드디어 영남권 고객님들과 첫 만남을 갖습니다.\n​\n최근 성공적으로 마무리된\n서울 여의도 팝업 행사에서 보내주신\n엄청난 성원과 긍정적인 피드백에 힘입어\n다가오는 9월 11일 금요일부터\n더현대대구 식품관에 새로운 팝업 부스를\n오픈하게 되었습니다.\n​\n📌행사 일정\n9월 11일(금)부터 9월 17일(목)\n​\n📍위치\n더현대 대구 B1층 꾸온 매장 앞\n​\n​\n​\n더현대대구 지하 1층 식품관\n꾸온 매장 맞은편에서 단 일주일간\n한정적으로 진행할 예정입니다.\n​\n주말을 맞이하여 실내 데이트나\n더현대대구 쇼핑 중간에 들러 이색적이고\n든든한 메뉴로 홍대꾸감의 매력을\n느껴보심이 어떨까요?\n​\n홍대꾸감은 단순길거리 간식의 범주를 넘어\n양질의 탄수화물 베이스와 풍성한\n단백질 부재료가 완벽한 영양적 균형을\n이루는 완성도 높은 한 끼 식사를 지향합니다.\n​\n더현대 서울 팝업스토어 현장\n​\n오븐에서 갓 구워내 포슬포슬한\n큼직한 통감자 위로 다채로운 프리미엄 토핑을\n산더미처럼 쌓아 올리는 조리 방식을\n더현대대구 현장에서도 동일하게 고수합니다.\n​\n서울 본점의 엄격한 조리 매뉴얼과\n신선한 식재료를 그대로 공수하여\n처음 홍대꾸감을 맛보시는 분들도\n단번에 만족하실 수 있도록\n최상의 퀄리티를 구현할 예정입니다.\n​\n이번 더현대대구 팝업 현장에서는\n베스트 시그니처 라인업 4종을\n엄선하여 선보입니다.\n​\n​\n​\n'방콕치킨'\n이국적인 푸팟퐁커리와 매콤한 스파이시 닭고기가 어우러진 꾸감\n​\n'맨해튼 스테이크'\n육즙을 가둬 구워낸 큐브 스테이크가 올라간 꾸감\n​\n'맥앤파이어'\n진한 더블 맥앤치즈와 불닭마요의 조화가 일품인\n​\n'베지터블 스페셜'\n신선한 구운 채소 조합으로 깔끔함을 살린\n​\n각자의 취향을 두루 만족시킬 수 있는\n홍대꾸감만의 차별화된 메뉴 라인업을 만나보세요.\n​\n단 7일간 펼쳐지는 특별한 미식의 향연에\n많은 관심과 방문을 부탁드립니다.\n​\n꾸감\n서울특별시 마포구 와우산로23길 44 1층\n현대백화점 더현대 대구\n대구광역시 중구 달구벌대로 2077 더현대 대구\n​""}",2026-09-14T03:23:00.378504+00:00
5d24b188-2283-5752-b3c6-0ebfe97b9c6b,매력 팝업,팝업스토어,서울 마포구 양화로 162 좋은사람들빌딩 1~3층,,,,https://blog.naver.com/sweetmayoyo/224405317231,,,,"['가족동반', '데이트', '사진맛집']",,,,blog_popup,"홍대에서 그냥 지나칠 수 없는
매력적 팝업 공간 홍대 플래그십 스토어!
아니 이번엔 폼폼푸린이닷?!
안 갈 수 없잖아?! 울 로디랑 데이트 하며 다녀옴!
​
폼폼푸린 X 카카오프렌즈 팝업
​
​
📍서울 마포구 양화로 162 좋은사람들빌딩 1~3층
🗓26.08.20.(목) ~ 09.13.(일)
⏰️10:30 - 22:00
📞02-6010-0104
❗️
폼폼푸린 X 카카오프렌즈 팝업 한눈에 보기
​
​
1. 한국의 디저트 문화 콘셉트 포토존
2. 폼폼푸린 콜라보 13종 굿즈
3. 감자봉투 포장 서비스
4. 춘식이네 그로서리 마켓 굿즈
5. 옛날옛춘 포토존 및 굿즈
6. 볼거리 많은 2층
​
​
✨️
한국의 디저트 문화 콘셉트 포토존
​
​
역시나 카카오 홍대!
입구로 들어서자마자 시선을 확 끌어당긴다!
​
춘 심은데 춘 나고, 폼 심은데 폼 난다!
​
한국의 제철 간식을 만들러 온 폼폼푸린과
그 여정에 동참한 춘식이.
아니 이 귀요미들 어쩔. 😍
​
입구 바로 옆에는 ‘
옥수수 포토존
’이 있어서 춘식이와 폼폼푸린과 사진을 남길 수 있다.
​
​
이번 팝업은 ‘
폼폼푸린이 춘식이와 함께 경험하는 한국의 디저트 문화’
라는 메인 콘셉트
로 폼폼푸린과 카카오프렌즈 캐릭터를 색다른 분위기에서 만나볼 수 있음!
​
귀여운 캐릭터와 한국적인 디저트 분위기가 더해져서
사진 찍기 좋은 포토존으로도 딱! 갓 수확한 옥수수와 감자를 테마라 포토존은 진심 넘나 귀엽.시골 바이브 제대로다.
​
​
✨️
폼폼푸린 콜라보 13종 굿즈
​
​
춘식이와 폼폼푸린이 K-농장을 체험하고 새참을 먹는 모습 등을 통해,
한국의 농촌 풍경이 포토존 및 캐릭터 굿즈에
담겨 있음.
​
출시되는
굿즈는 총 13종
이다. 중형인형, 키링인형, 클릭커 등 리빙·문구류부터 고무장갑, 미숫가루 잔 등 K-농장을 연상시키는 이색 상품까지 다양하게 구성됐다.
​
​
✨️
감자봉투 포장 서비스
​
​
카카오프렌즈 홍대 플래그십 스토어에서는
구매자를 대상으로 ‘감자봉투’ 포장 서비스
를 제공한다. 봉투 마케팅까지 감다살이라니. 카카오프렌즈 일잘러들!
​
​
✨️
춘식이네 그로서리 마켓 굿즈
​
​
폼폼푸린 콜라보 굿즈뿐만 아니라, 춘식이네 그로서리 마켓 콘셉트의 굿즈도 볼 수 있다. 아니 어쩜저리 귀여운지. 오늘은 사지 말아야지 하다 무한정 구매하게 되는 마법. 😆
​
​
✨️
옛날옛춘 포토존 및 굿즈
​
​
또 하나의 테마 공간은 바로 옛날옛춘!
갓 까지 놓인 포토존
과 관련 굿즈들! 앞쪽의 폼폼푸린 콜라보 공간과는 또 다른 느낌임.
​
이렇게 귀여운데 사진 안찍으면 반칙 😉
특히 캐릭터 팝업은 굿즈만 보고 나오는 것보다 테마별 공간에서 무조건 사진 팡팡!
​
​
✨️
볼거리 많은 2층
​
​
역시나 2층도 놓치지 않는 카카오 홍대!
복슝복슝이 2층에 그대로라 왠지 반갑. 카카오프렌즈는 어른 아이 할 것 없이 다 좋아하니까, 데이트 가기도 좋고 아이랑 가기도 좋음!
​
​
입구부터 시선을 사로잡는 홍대 카카오프렌즈 홍대플래그십 스토어! 폼폼푸린 좋아한다면 굿즈부터 포토존까지 볼거리 찍을 거리가 많으니, 아이랑 함께 가면 사진 찍어주기도 좋다.
​
폼폼푸린 팝업은 이번주 일요일까지
하니까 끝나기전에 귀요미들 만나러 꼭 한번 가보기! 😉
​
ⓒ 2026. 달콤마요 ALL RIGHTS RESERVED.
​
#폼폼푸린팝업
#홍대카카오프렌즈샵
#카카오프렌즈홍대플래그십스토어
#폼폼푸린
#아이랑홍대
#아이랑홍대놀거리
#여행올키즈
#마요
#달콤마요
​
​
폼폼푸린 X 카카오프렌즈 팝업
서울특별시 마포구 양화로 162
카카오프렌즈 홍대플래그십 스토어
서울특별시 마포구 양화로 162 좋은사람들빌딩 1~3층","{""title"": ""폼폼푸린 팝업 카카오프렌즈 홍대플래그십 스토어 아이랑 옛날옛춘...."", ""link"": ""https://blog.naver.com/sweetmayoyo/224405317231"", ""description"": ""홍대에서 그냥 지나칠 수 없는 매력적 팝업 공간 홍대 플래그십 스토어! 아니 이번엔 폼폼푸린이닷?! 안 갈 수 없잖아?! 울 로디랑 데이트 하며 다녀옴! 폼폼푸린 X 카카오프렌즈 팝업 서울 마포구 양화로 162... "", ""bloggername"": ""달콤마요의 여행올(All) 키즈(Kids)"", ""bloggerlink"": ""https://blog.naver.com/sweetmayoyo"", ""postdate"": 20260908, ""query"": ""마포구 팝업스토어"", ""content"": ""홍대에서 그냥 지나칠 수 없는\n매력적 팝업 공간 홍대 플래그십 스토어!\n아니 이번엔 폼폼푸린이닷?!\n안 갈 수 없잖아?! 울 로디랑 데이트 하며 다녀옴!\n​\n폼폼푸린 X 카카오프렌즈 팝업\n​\n​\n📍서울 마포구 양화로 162 좋은사람들빌딩 1~3층\n🗓26.08.20.(목) ~ 09.13.(일)\n⏰️10:30 - 22:00\n📞02-6010-0104\n❗️\n폼폼푸린 X 카카오프렌즈 팝업 한눈에 보기\n​\n​\n1. 한국의 디저트 문화 콘셉트 포토존\n2. 폼폼푸린 콜라보 13종 굿즈\n3. 감자봉투 포장 서비스\n4. 춘식이네 그로서리 마켓 굿즈\n5. 옛날옛춘 포토존 및 굿즈\n6. 볼거리 많은 2층\n​\n​\n✨️\n한국의 디저트 문화 콘셉트 포토존\n​\n​\n역시나 카카오 홍대!\n입구로 들어서자마자 시선을 확 끌어당긴다!\n​\n춘 심은데 춘 나고, 폼 심은데 폼 난다!\n​\n한국의 제철 간식을 만들러 온 폼폼푸린과\n그 여정에 동참한 춘식이.\n아니 이 귀요미들 어쩔. 😍\n​\n입구 바로 옆에는 ‘\n옥수수 포토존\n’이 있어서 춘식이와 폼폼푸린과 사진을 남길 수 있다.\n​\n​\n이번 팝업은 ‘\n폼폼푸린이 춘식이와 함께 경험하는 한국의 디저트 문화’\n라는 메인 콘셉트\n로 폼폼푸린과 카카오프렌즈 캐릭터를 색다른 분위기에서 만나볼 수 있음!\n​\n귀여운 캐릭터와 한국적인 디저트 분위기가 더해져서\n사진 찍기 좋은 포토존으로도 딱! 갓 수확한 옥수수와 감자를 테마라 포토존은 진심 넘나 귀엽.시골 바이브 제대로다.\n​\n​\n✨️\n폼폼푸린 콜라보 13종 굿즈\n​\n​\n춘식이와 폼폼푸린이 K-농장을 체험하고 새참을 먹는 모습 등을 통해,\n한국의 농촌 풍경이 포토존 및 캐릭터 굿즈에\n담겨 있음.\n​\n출시되는\n굿즈는 총 13종\n이다. 중형인형, 키링인형, 클릭커 등 리빙·문구류부터 고무장갑, 미숫가루 잔 등 K-농장을 연상시키는 이색 상품까지 다양하게 구성됐다.\n​\n​\n✨️\n감자봉투 포장 서비스\n​\n​\n카카오프렌즈 홍대 플래그십 스토어에서는\n구매자를 대상으로 ‘감자봉투’ 포장 서비스\n를 제공한다. 봉투 마케팅까지 감다살이라니. 카카오프렌즈 일잘러들!\n​\n​\n✨️\n춘식이네 그로서리 마켓 굿즈\n​\n​\n폼폼푸린 콜라보 굿즈뿐만 아니라, 춘식이네 그로서리 마켓 콘셉트의 굿즈도 볼 수 있다. 아니 어쩜저리 귀여운지. 오늘은 사지 말아야지 하다 무한정 구매하게 되는 마법. 😆\n​\n​\n✨️\n옛날옛춘 포토존 및 굿즈\n​\n​\n또 하나의 테마 공간은 바로 옛날옛춘!\n갓 까지 놓인 포토존\n과 관련 굿즈들! 앞쪽의 폼폼푸린 콜라보 공간과는 또 다른 느낌임.\n​\n이렇게 귀여운데 사진 안찍으면 반칙 😉\n특히 캐릭터 팝업은 굿즈만 보고 나오는 것보다 테마별 공간에서 무조건 사진 팡팡!\n​\n​\n✨️\n볼거리 많은 2층\n​\n​\n역시나 2층도 놓치지 않는 카카오 홍대!\n복슝복슝이 2층에 그대로라 왠지 반갑. 카카오프렌즈는 어른 아이 할 것 없이 다 좋아하니까, 데이트 가기도 좋고 아이랑 가기도 좋음!\n​\n​\n입구부터 시선을 사로잡는 홍대 카카오프렌즈 홍대플래그십 스토어! 폼폼푸린 좋아한다면 굿즈부터 포토존까지 볼거리 찍을 거리가 많으니, 아이랑 함께 가면 사진 찍어주기도 좋다.\n​\n폼폼푸린 팝업은 이번주 일요일까지\n하니까 끝나기전에 귀요미들 만나러 꼭 한번 가보기! 😉\n​\nⓒ 2026. 달콤마요 ALL RIGHTS RESERVED.\n​\n#폼폼푸린팝업\n#홍대카카오프렌즈샵\n#카카오프렌즈홍대플래그십스토어\n#폼폼푸린\n#아이랑홍대\n#아이랑홍대놀거리\n#여행올키즈\n#마요\n#달콤마요\n​\n​\n폼폼푸린 X 카카오프렌즈 팝업\n서울특별시 마포구 양화로 162\n카카오프렌즈 홍대플래그십 스토어\n서울특별시 마포구 양화로 162 좋은사람들빌딩 1~3층""}",2026-09-14T03:23:00.693015+00:00
b84c8b63-0692-5858-a72b-c903fda69b8c,홍대 AK플라자 이누야샤 팝업 스토어,팝업스토어,"서울 마포구 양화로 188 (동교동, 애경타워) AK PLAZA 홍대 4층 LIMI",,,,https://blog.naver.com/nabong_zip/224403819771,,,,['사진맛집'],,2026-09-01,2026-09-22,blog_popup,"안녕하세요, 나봉입니다🎀
​
어릴 때 제 심장을 두근두근하게 만들었던
​
이누야샤
,,
팝업스토어 한다길래 바로 사전예약 걸어두고 홍대 AK플라자 다녀왔어요!!!
​
일상 후기 시작합니다!(*๓´꒳`๓*)
​
​
📍 이누야샤 팝업스토어
📍
서울 마포구 양화로 188 (동교동, 애경타워) AK PLAZA 홍대 4층 LIMITION
🗓️
일정: 2026.09.01~09.22
🕐월~금 11:00~22:00 / 토~일 10:30~22:00
이누야샤 팝업 @홍대
서울특별시 마포구 양화로 188 (동교동, 애경타워) AK PLAZA 홍대 4층 LIMITION
사전 예약 및 굿즈 리스트
​
저는 사전예약 후 방문했는데요!
사전예약은 8.24(월) 18:00에 네이버 예약으로 진행했어요.
대기번호가 뜨긴 했는데 그래도 원하는 시간대로 예약 완료~!😄
​
​
인스타그램 게시물로 업로드된 굿즈 품목을 보며
제일 갖고 싶었던 건 바로 사혼의 구슬 부적 키링,,,, 가방에 데롱데롱 달고 다니고 싶어효...( ˘🙏˘ )
​
​
2만원 이상 구매 시 랜덤 캐릭터 코스터 1종을
5만원 이상 구매 시 랜덤 메모리얼 카드 1종을 증정한다고 해요~!
​
입장
​
Previous image
Next image
​
예약 당일, AK플라자 4층으로 바로 올라갔는데요!
4층에 올라가자마자 우측에 있는 대형 등신대(포토존)이 바로 눈에 들어와서 헤맬 일이 전혀 없었어요.
​
예약 시간 10분 전에 도착해서 포토존에서 사진 좀 찍고~ 사전예약 대기줄로 바로 이동했어요.
​
예약 확인이랑 신분증 확인 받고 구매용 바구니를 전달받았고,
입장시간까지 대기하면서 실물 굿즈 구경해줬어요.
(타인에게 양도 불가하여 예약자 정보와 신분증을 대조하니 신분증 꼭 지참하셔요!!)
​
Previous image
Next image
대기열에는 이렇게 굿즈 실물을 미리 확인할 수 있었는데요!
사혼의 구슬 부적 키링,, 실물로 보니까 너무 탐나서 당장 구매 갈기고 싶었어요,,
​
매장 내부
​
​
들어가자마자 반겨주는 일러스트 액자들,,추억이 새록새록ㅠㅠ
다시 정주행 욕구가ㅎㅎ😏😏
​
​
매대를 둘러보는데,, 제일 갖고 싶었던 사혼의 구슬 부적 키링은 품절ㅠㅠㅠㅠ
페어 아크릴 스탠드(이누야샤&가영), 셋쇼마루 족자도 품절이었어요ㅠㅠ..
​
9월 1일 오픈이었고 제가 9월 5일에 방문했는데도 벌써 품절된 상품이 있다니...
​
예약 주문은 가능하다길래 키링을 주문하려고 했는데
택배 발송이 안 되고 무조건 현장 수령만 가능하다는 거예요....
지방 사는 사람은 수령하러 왕복 이동 비용을 또 들여야 하는 거라 이 부분이 매우매우매우 아쉬웠어요😡
​
과연 저는 여기서 무엇을 결제했을까요~~~~?
​
저는 결국
스프링 아크릴 스탠드
(16,000원)과
사혼의 구슬 캔배지(랜덤)
(6,000원)을 구매했구요!
총 22,000원 결제해서 2만원 이상 구매 특전인 캐릭터 코스터 1종을 랜덤으로 받았어요.
​
카페에 들러 랜덤 상품 깡 해봤는데,,
캔배지는 가영이, 코스터는 금강이 나왔답니다~~
이누야샤 전여친, 현여친 조합으로 당첨ㅋㅋㅋㅋㅋㅋㅋㅋㅋㅋㅋㅋㅋ
방문 후기
Previous image
Next image
​
물량이 조금 더 넉넉했거나,
예약주문 시 택배 배송이 가능했다면 더 좋았을 팝업이었어요.
돈 쓰고 싶어도 못 쓰는 상황이 아쉬웠지만, 그래도 오랜만에 추억 여행하고 왔으니 그거 하나로 만족하려구요ㅎㅎ
​
이누야샤 팬이시라면 한 번쯤 들러보세요!
​
​
​
(번외)
Previous image
Next image
아래층 굿즈샵 메가캠퍼스에도 잠깐 들렀어요.
혹시 이누야샤 피규어가 있나 찾아봤는데,
너무 데려오고 싶었던 이누야샤&셋쇼마루 형제를 발견했지만
재고가 없어서 눈으로만 담고 왔어요ㅠㅠㅠㅠ엉엉슨","{""title"": ""홍대 AK플라자 이누야샤 팝업스토어, 사전예약 방문 후기"", ""link"": ""https://blog.naver.com/nabong_zip/224403819771"", ""description"": ""일상 후기 시작합니다!(*๓´꒳`๓*)  이누야샤 팝업스토어  서울 마포구 양화로 188 (동교동, 애경타워) AK PLAZA 홍대 4층 LIMITION ️일정: 2026.09.01~09.22 월~금 11:00~22:00 / 토~일 10:30~22:00 사전 예약 및 굿즈 리스트... "", ""bloggername"": ""나봉.zip ♡"", ""bloggerlink"": ""https://blog.naver.com/nabong_zip"", ""postdate"": 20260907, ""query"": ""마포구 팝업스토어"", ""content"": ""안녕하세요, 나봉입니다🎀\n​\n어릴 때 제 심장을 두근두근하게 만들었던\n​\n이누야샤\n,,\n팝업스토어 한다길래 바로 사전예약 걸어두고 홍대 AK플라자 다녀왔어요!!!\n​\n일상 후기 시작합니다!(*๓´꒳`๓*)\n​\n​\n📍 이누야샤 팝업스토어\n📍\n서울 마포구 양화로 188 (동교동, 애경타워) AK PLAZA 홍대 4층 LIMITION\n🗓️\n일정: 2026.09.01~09.22\n🕐월~금 11:00~22:00 / 토~일 10:30~22:00\n이누야샤 팝업 @홍대\n서울특별시 마포구 양화로 188 (동교동, 애경타워) AK PLAZA 홍대 4층 LIMITION\n사전 예약 및 굿즈 리스트\n​\n저는 사전예약 후 방문했는데요!\n사전예약은 8.24(월) 18:00에 네이버 예약으로 진행했어요.\n대기번호가 뜨긴 했는데 그래도 원하는 시간대로 예약 완료~!😄\n​\n​\n인스타그램 게시물로 업로드된 굿즈 품목을 보며\n제일 갖고 싶었던 건 바로 사혼의 구슬 부적 키링,,,, 가방에 데롱데롱 달고 다니고 싶어효...( ˘🙏˘ )\n​\n​\n2만원 이상 구매 시 랜덤 캐릭터 코스터 1종을\n5만원 이상 구매 시 랜덤 메모리얼 카드 1종을 증정한다고 해요~!\n​\n입장\n​\nPrevious image\nNext image\n​\n예약 당일, AK플라자 4층으로 바로 올라갔는데요!\n4층에 올라가자마자 우측에 있는 대형 등신대(포토존)이 바로 눈에 들어와서 헤맬 일이 전혀 없었어요.\n​\n예약 시간 10분 전에 도착해서 포토존에서 사진 좀 찍고~ 사전예약 대기줄로 바로 이동했어요.\n​\n예약 확인이랑 신분증 확인 받고 구매용 바구니를 전달받았고,\n입장시간까지 대기하면서 실물 굿즈 구경해줬어요.\n(타인에게 양도 불가하여 예약자 정보와 신분증을 대조하니 신분증 꼭 지참하셔요!!)\n​\nPrevious image\nNext image\n대기열에는 이렇게 굿즈 실물을 미리 확인할 수 있었는데요!\n사혼의 구슬 부적 키링,, 실물로 보니까 너무 탐나서 당장 구매 갈기고 싶었어요,,\n​\n매장 내부\n​\n​\n들어가자마자 반겨주는 일러스트 액자들,,추억이 새록새록ㅠㅠ\n다시 정주행 욕구가ㅎㅎ😏😏\n​\n​\n매대를 둘러보는데,, 제일 갖고 싶었던 사혼의 구슬 부적 키링은 품절ㅠㅠㅠㅠ\n페어 아크릴 스탠드(이누야샤&가영), 셋쇼마루 족자도 품절이었어요ㅠㅠ..\n​\n9월 1일 오픈이었고 제가 9월 5일에 방문했는데도 벌써 품절된 상품이 있다니...\n​\n예약 주문은 가능하다길래 키링을 주문하려고 했는데\n택배 발송이 안 되고 무조건 현장 수령만 가능하다는 거예요....\n지방 사는 사람은 수령하러 왕복 이동 비용을 또 들여야 하는 거라 이 부분이 매우매우매우 아쉬웠어요😡\n​\n과연 저는 여기서 무엇을 결제했을까요~~~~?\n​\n저는 결국\n스프링 아크릴 스탠드\n(16,000원)과\n사혼의 구슬 캔배지(랜덤)\n(6,000원)을 구매했구요!\n총 22,000원 결제해서 2만원 이상 구매 특전인 캐릭터 코스터 1종을 랜덤으로 받았어요.\n​\n카페에 들러 랜덤 상품 깡 해봤는데,,\n캔배지는 가영이, 코스터는 금강이 나왔답니다~~\n이누야샤 전여친, 현여친 조합으로 당첨ㅋㅋㅋㅋㅋㅋㅋㅋㅋㅋㅋㅋㅋ\n방문 후기\nPrevious image\nNext image\n​\n물량이 조금 더 넉넉했거나,\n예약주문 시 택배 배송이 가능했다면 더 좋았을 팝업이었어요.\n돈 쓰고 싶어도 못 쓰는 상황이 아쉬웠지만, 그래도 오랜만에 추억 여행하고 왔으니 그거 하나로 만족하려구요ㅎㅎ\n​\n이누야샤 팬이시라면 한 번쯤 들러보세요!\n​\n​\n​\n(번외)\nPrevious image\nNext image\n아래층 굿즈샵 메가캠퍼스에도 잠깐 들렀어요.\n혹시 이누야샤 피규어가 있나 찾아봤는데,\n너무 데려오고 싶었던 이누야샤&셋쇼마루 형제를 발견했지만\n재고가 없어서 눈으로만 담고 왔어요ㅠㅠㅠㅠ엉엉슨""}",2026-09-14T03:23:02.041494+00:00
e29aa6b2-0684-5bc1-abe0-89f7a37cc566,홍대 AK플라자 이누야샤 팝업 스토어,팝업스토어,서울 마포구 양화로 188 AK플라자 홍대 4층 LIMITION,,,,https://blog.naver.com/sandy00_/224403695566,,,,"['사진맛집', '힙함']",,2026-09-01,2026-09-22,blog_popup,"​
안녕하세요, 밍땡입니다!
​
​
오늘은 홍대 AK플라자에 오픈한
이누야샤 팝업스토어에서
구매한 굿즈 리뷰해볼게요 ㅎㅎ!
​
제일 갖고 싶었던 이누야샤 엽서세트는
품절되서 위시에 없었던 랜덤제품을
구매하고 특전까지 야무지게 받아왔어용!
​
이누야샤 팝업스토어
✔️주소
: 서울 마포구 양화로 188 AK플라자 홍대 4층 LIMITION
✔️팝업기간
: 2026.09.01(화) ~ 09.22(화)
✔️운영시간
: 월~금 11:00 ~ 22:00, 토~일 10:30 ~ 22:00
​
​
AK PLAZA 홍대
서울특별시 마포구 양화로 188
이누야샤 팝업 @홍대
서울특별시 마포구 양화로 188 (동교동, 애경타워) AK PLAZA 홍대 4층 LIMITION
이누야샤 굿즈 구매 후기
​
✅
캐릭터카드
5,000
​
이누야샤 랜덤 캐릭터카드로
총 12종, 1팩 2매입으로 구성되어 있어요.
​
카드치곤 얇고 비싼 것 같아
2개만 구매해봤는데
이누야샤, 셋쇼마루가 한 번에 나왔어요!
​
남자들만 나온 이누야샤 카드!ㅎㅋ
너무너무 맘에 듭니다 ㅎㅎ
​
​
뒷면은 이누야샤 로고가 그려져 있어요.
​
랜덤카드라 재미로 해보기 좋았습니당bb
​
​
✅
네컷필름
4,000
​
랜덤 8종으로 1개만 구매했어요!
​
네컷필름도 랜덤이라 걱정했는데
유명한 짤인 장면이 나와서 대만족ㅎㅎ
(산고,미륵,금강만 아니면 되긴 함...)
​
이 장면은 모르는 분들 없으시겠죠?🌟
이누야샤는 몰라도 이 장면은 알더라구요ㅎㅋ!
​
​
✅
페어 아크릴스탠드
22,000
​
이누야샤&가영, 산고&미륵 버전으로
2가지 아크릴스탠드가 있었어요.
​
비용이슈 때문에 이누야샤&가영만 구매!
2개 다 구매하시는 걸 추천해요 ㅜㅜ
너무 이쁘고 퀄 좋아요bb
​
​
제일 갖고 싶었던 스탠드!!
이거 품절될까봐 평일에 후다닥 방문했어요.
​
구매할 땐 자세히 못봤는데
배경지도 너무 이쁜 일러스트가 있어서
구매하길 잘한 굿즈!!🔥
​
​
색감이랑 포즈가 너무 예뻐요 ㅠㅠ
완전 이누야샤 고전감성.......
자세히보면 이누야샤 볼 빨간게 포인트!!😚💗
​
필름지를 벗겨야 조립할 수 있어요!
억지로 조립하려다 부러질 수 있으니 조심!!
​
​
✅
스프링 아크릴스탠드
16,000
​
이누야샤 아크릴 스탠드로 너무 귀여워서
꼭 갖고 싶었어요..ㅎㅎ
​
넘 귀여워서 품절될 줄 알았는데 엽서가 품절..ㅎ
생각보다 재고 많이 남아 있더라구요.
​
​
완성품으로 판매 중일 줄 알았는데
직접 스프링에 스티커를 떼고
아크릴 조립하면 됩니다.
​
이누야샤 포즈랑 스프링이
너무 잘 어울리고 귀여워요.
완전 강추하는 굿즈!👏🏻
​
​
✅
홍대 AK플라자 이누야샤 팝업에서
2만원 이상, 5만원 이상 구매해 받은
이누야샤 팝업 특전!!
​
캐릭터 코스터는 8종으로
산고, 미륵이 나왔고,
​
메모리얼 카드도 8종으로
산고, 미륵 일러스트가 나왔어요.
(이것만 아니면 돼..였는데..ㅎㅎ)
어떻게 이렇게 받을 수 있죠…🥲
​
✅
혹시 특전 산고&미륵 세트
구매하고 싶으신 분 댓 남겨주세용ㅋ-ㅋ
​
홍대 AK플라자에 오픈한
이누야샤 팝업스토어에 사전예약하고
빠르게 방문해봤는데요!
​
이누야샤 팝업 아쉬운 점
✅3일차에 방문했는데 벌써 품절인 굿즈
✅싯포 굿즈가 거의 없음
(이번 팝업은 셋쇼마루 비중이 높은 느낌!)
​
팝업 끝나기 전에 구경하러
ak플라자 홍대 팝업 방문해보세요🔥
​
​
▼▼2026 이누야샤 홍대 팝업 방문 후기▼▼
홍대 AK플라자 이누야샤 팝업 사전예약 후기,굿즈종류,특전 총정리
안녕하세요, 밍땡입니다! 오늘은 홍대 AK플라자에 오픈한 이누야샤 팝업에 다녀왔습니다. 어렸을 때 좋아...
blog.naver.com
​
▼▼2026 꿈빛파티시엘 팝업 콜라보 카페 방문 후기▼▼
홍대 AK플라자 꿈빛파티시엘 팝업 콜라보 카페 굿즈 종류, 방문 후기
안녕하세요, 밍땡입니다! 오늘은 홍대 AK플라자에서 오픈한 꿈빛파티시엘 콜라보 카페에 다녀왔습니다. ...
blog.naver.com
'공감•댓글 환영합니다'
🖤","{""title"": ""AK플라자 홍대 팝업 이누야샤 굿즈 구매 후기, 랜덤굿즈, 아크릴스탠...."", ""link"": ""https://blog.naver.com/sandy00_/224403695566"", ""description"": ""이누야샤 팝업스토어 ✔️주소 : 서울 마포구 양화로 188 AK플라자 홍대 4층 LIMITION ✔️팝업기간 : 2026.09.01(화) ~ 09.22(화) ✔️운영시간 : 월~금 11:00 ~ 22:00, 토~일 10:30 ~ 22:00 이누야샤 굿즈 구매 후기... "", ""bloggername"": ""행복한 일상기록♥"", ""bloggerlink"": ""https://blog.naver.com/sandy00_"", ""postdate"": 20260907, ""query"": ""마포구 팝업스토어"", ""content"": ""​\n안녕하세요, 밍땡입니다!\n​\n​\n오늘은 홍대 AK플라자에 오픈한\n이누야샤 팝업스토어에서\n구매한 굿즈 리뷰해볼게요 ㅎㅎ!\n​\n제일 갖고 싶었던 이누야샤 엽서세트는\n품절되서 위시에 없었던 랜덤제품을\n구매하고 특전까지 야무지게 받아왔어용!\n​\n이누야샤 팝업스토어\n✔️주소\n: 서울 마포구 양화로 188 AK플라자 홍대 4층 LIMITION\n✔️팝업기간\n: 2026.09.01(화) ~ 09.22(화)\n✔️운영시간\n: 월~금 11:00 ~ 22:00, 토~일 10:30 ~ 22:00\n​\n​\nAK PLAZA 홍대\n서울특별시 마포구 양화로 188\n이누야샤 팝업 @홍대\n서울특별시 마포구 양화로 188 (동교동, 애경타워) AK PLAZA 홍대 4층 LIMITION\n이누야샤 굿즈 구매 후기\n​\n✅\n캐릭터카드\n5,000\n​\n이누야샤 랜덤 캐릭터카드로\n총 12종, 1팩 2매입으로 구성되어 있어요.\n​\n카드치곤 얇고 비싼 것 같아\n2개만 구매해봤는데\n이누야샤, 셋쇼마루가 한 번에 나왔어요!\n​\n남자들만 나온 이누야샤 카드!ㅎㅋ\n너무너무 맘에 듭니다 ㅎㅎ\n​\n​\n뒷면은 이누야샤 로고가 그려져 있어요.\n​\n랜덤카드라 재미로 해보기 좋았습니당bb\n​\n​\n✅\n네컷필름\n4,000\n​\n랜덤 8종으로 1개만 구매했어요!\n​\n네컷필름도 랜덤이라 걱정했는데\n유명한 짤인 장면이 나와서 대만족ㅎㅎ\n(산고,미륵,금강만 아니면 되긴 함...)\n​\n이 장면은 모르는 분들 없으시겠죠?🌟\n이누야샤는 몰라도 이 장면은 알더라구요ㅎㅋ!\n​\n​\n✅\n페어 아크릴스탠드\n22,000\n​\n이누야샤&가영, 산고&미륵 버전으로\n2가지 아크릴스탠드가 있었어요.\n​\n비용이슈 때문에 이누야샤&가영만 구매!\n2개 다 구매하시는 걸 추천해요 ㅜㅜ\n너무 이쁘고 퀄 좋아요bb\n​\n​\n제일 갖고 싶었던 스탠드!!\n이거 품절될까봐 평일에 후다닥 방문했어요.\n​\n구매할 땐 자세히 못봤는데\n배경지도 너무 이쁜 일러스트가 있어서\n구매하길 잘한 굿즈!!🔥\n​\n​\n색감이랑 포즈가 너무 예뻐요 ㅠㅠ\n완전 이누야샤 고전감성.......\n자세히보면 이누야샤 볼 빨간게 포인트!!😚💗\n​\n필름지를 벗겨야 조립할 수 있어요!\n억지로 조립하려다 부러질 수 있으니 조심!!\n​\n​\n✅\n스프링 아크릴스탠드\n16,000\n​\n이누야샤 아크릴 스탠드로 너무 귀여워서\n꼭 갖고 싶었어요..ㅎㅎ\n​\n넘 귀여워서 품절될 줄 알았는데 엽서가 품절..ㅎ\n생각보다 재고 많이 남아 있더라구요.\n​\n​\n완성품으로 판매 중일 줄 알았는데\n직접 스프링에 스티커를 떼고\n아크릴 조립하면 됩니다.\n​\n이누야샤 포즈랑 스프링이\n너무 잘 어울리고 귀여워요.\n완전 강추하는 굿즈!👏🏻\n​\n​\n✅\n홍대 AK플라자 이누야샤 팝업에서\n2만원 이상, 5만원 이상 구매해 받은\n이누야샤 팝업 특전!!\n​\n캐릭터 코스터는 8종으로\n산고, 미륵이 나왔고,\n​\n메모리얼 카드도 8종으로\n산고, 미륵 일러스트가 나왔어요.\n(이것만 아니면 돼..였는데..ㅎㅎ)\n어떻게 이렇게 받을 수 있죠…🥲\n​\n✅\n혹시 특전 산고&미륵 세트\n구매하고 싶으신 분 댓 남겨주세용ㅋ-ㅋ\n​\n홍대 AK플라자에 오픈한\n이누야샤 팝업스토어에 사전예약하고\n빠르게 방문해봤는데요!\n​\n이누야샤 팝업 아쉬운 점\n✅3일차에 방문했는데 벌써 품절인 굿즈\n✅싯포 굿즈가 거의 없음\n(이번 팝업은 셋쇼마루 비중이 높은 느낌!)\n​\n팝업 끝나기 전에 구경하러\nak플라자 홍대 팝업 방문해보세요🔥\n​\n​\n▼▼2026 이누야샤 홍대 팝업 방문 후기▼▼\n홍대 AK플라자 이누야샤 팝업 사전예약 후기,굿즈종류,특전 총정리\n안녕하세요, 밍땡입니다! 오늘은 홍대 AK플라자에 오픈한 이누야샤 팝업에 다녀왔습니다. 어렸을 때 좋아...\nblog.naver.com\n​\n▼▼2026 꿈빛파티시엘 팝업 콜라보 카페 방문 후기▼▼\n홍대 AK플라자 꿈빛파티시엘 팝업 콜라보 카페 굿즈 종류, 방문 후기\n안녕하세요, 밍땡입니다! 오늘은 홍대 AK플라자에서 오픈한 꿈빛파티시엘 콜라보 카페에 다녀왔습니다. ...\nblog.naver.com\n'공감•댓글 환영합니다'\n🖤""}",2026-09-14T03:23:02.328156+00:00
bc67ed26-8885-5385-bfbb-4237d1a985b5,UP STORE 라이브 청바지 팝업 스토어,팝업스토어,"서울 마포구 양화로 178-5,",,,,https://blog.naver.com/yhc3640/224402162206,,,,"['사진맛집', '힙함']",,,,blog_popup,"청춘은 바로 지금!
Summer MT POP-UP STORE
​
팬베이스 홍대점
(서울 마포구 양화로 178-5,
LC타워 별관 지하 2층,
팬베이스)
팬베이스 홍대점
FAN BASE
내려가는 길
팝업스토어는
LC타워 지하 2층에 위치한
팬베이스 홍대점에서 진행중이다.
​
팝업스토어 입구
입구의 전광판이다.
이번 팝업의 주인공인
시라카미 후부키와 오오카미 미오의 일러스트이다.
​
이 전광판을 기준으로
왼쪽엔 포토 존, 오른쪽엔 굿즈 존이 있다.
​
포토 존
집합
왼쪽 공간으로 들어서면
후부키, 미오 등신대와 함께
정류장과 횡단보도 컨셉의 전시 공간이 있다.
정류장
SD등신대
시라카미 후부키 & 오오카미 미오
횡단보도
LD등신대
시라카미 후부키 & 오오카미 미오
​
입구 바로 왼편에는 첫 번째 스탬프존이 있다.
​
라이브 메시지 월
MEDIA WALL
방문자들의 메시지를 띄워주는 전광판이다.
태블릿으로 메시지를 직접 작성해볼 수 있다.
​
포토부스
안쪽으로 더 들어가면
이번 팝업스토어에서만 만나볼 수 있는
스페셜 프레임 포토이즘 부스가 있다.
포토이즘 부스 옆에 두 번째 스탬프존이 있다.
​
노래방
노래방 컨셉의 미디어룸이다.
암막 커튼으로 된 입구 앞에는
탬버린과 노래방 리모컨이 준비되어있다.
​
굿즈(MD) 존
기념품샵
전경
굿즈(MD) 전시
굿즈존 중앙에 이번 팝업 굿즈 및
다양한 홀로라이브 굿즈들을 전시해두었다.
첫 번째 매대
첫 번째 매대 전경
랜덤 캔뱃지/아크릴 페어 키링 세트/티켓 키링/러기지 택/스포츠 타올
폴라로이드 세트/아크릴 디오라마/필름 카메라
마그넷 오프너/아크릴 페어 키링 세트/아크릴 디오라마
두 번째 매대
두 번째 매대 전경
레디백/스티커 세트/캔뱃지 풀패키지
세 번째 매대
세 번째 매대 전경
일러스트 타포린백/목베게
미니 백팩 파우치/와펜 세트
​
카운터
구매부스
카운터와 출구 옆에
각각 세 번째, 네 번째 스탬프 존이 있다.","{""title"": ""청춘은 바로 지금! Summer MT POP-UP STORE 홀로라이브 청바지 팝업 스토어"", ""link"": ""https://blog.naver.com/yhc3640/224402162206"", ""description"": ""Summer MT POP-UP STORE 팬베이스 홍대점 (서울 마포구 양화로 178-5, LC타워 별관 지하 2층, 팬베이스) 팬베이스 홍대점 FAN BASE 내려가는 길 팝업스토어는 LC타워 지하 2층에 위치한 팬베이스 홍대점에서 진행중이다.... "", ""bloggername"": ""FANTA"", ""bloggerlink"": ""https://blog.naver.com/yhc3640"", ""postdate"": 20260905, ""query"": ""마포구 팝업스토어"", ""content"": ""청춘은 바로 지금!\nSummer MT POP-UP STORE\n​\n팬베이스 홍대점\n(서울 마포구 양화로 178-5,\nLC타워 별관 지하 2층,\n팬베이스)\n팬베이스 홍대점\nFAN BASE\n내려가는 길\n팝업스토어는\nLC타워 지하 2층에 위치한\n팬베이스 홍대점에서 진행중이다.\n​\n팝업스토어 입구\n입구의 전광판이다.\n이번 팝업의 주인공인\n시라카미 후부키와 오오카미 미오의 일러스트이다.\n​\n이 전광판을 기준으로\n왼쪽엔 포토 존, 오른쪽엔 굿즈 존이 있다.\n​\n포토 존\n집합\n왼쪽 공간으로 들어서면\n후부키, 미오 등신대와 함께\n정류장과 횡단보도 컨셉의 전시 공간이 있다.\n정류장\nSD등신대\n시라카미 후부키 & 오오카미 미오\n횡단보도\nLD등신대\n시라카미 후부키 & 오오카미 미오\n​\n입구 바로 왼편에는 첫 번째 스탬프존이 있다.\n​\n라이브 메시지 월\nMEDIA WALL\n방문자들의 메시지를 띄워주는 전광판이다.\n태블릿으로 메시지를 직접 작성해볼 수 있다.\n​\n포토부스\n안쪽으로 더 들어가면\n이번 팝업스토어에서만 만나볼 수 있는\n스페셜 프레임 포토이즘 부스가 있다.\n포토이즘 부스 옆에 두 번째 스탬프존이 있다.\n​\n노래방\n노래방 컨셉의 미디어룸이다.\n암막 커튼으로 된 입구 앞에는\n탬버린과 노래방 리모컨이 준비되어있다.\n​\n굿즈(MD) 존\n기념품샵\n전경\n굿즈(MD) 전시\n굿즈존 중앙에 이번 팝업 굿즈 및\n다양한 홀로라이브 굿즈들을 전시해두었다.\n첫 번째 매대\n첫 번째 매대 전경\n랜덤 캔뱃지/아크릴 페어 키링 세트/티켓 키링/러기지 택/스포츠 타올\n폴라로이드 세트/아크릴 디오라마/필름 카메라\n마그넷 오프너/아크릴 페어 키링 세트/아크릴 디오라마\n두 번째 매대\n두 번째 매대 전경\n레디백/스티커 세트/캔뱃지 풀패키지\n세 번째 매대\n세 번째 매대 전경\n일러스트 타포린백/목베게\n미니 백팩 파우치/와펜 세트\n​\n카운터\n구매부스\n카운터와 출구 옆에\n각각 세 번째, 네 번째 스탬프 존이 있다.""}",2026-09-14T03:23:02.982916+00:00
2fb989cb-3f9a-5864-bf2c-dfe992434b58,이누야샤 팝업 @홍대,팝업스토어,서울특별시 마포구 동교동 190-1,"서울특별시 마포구 양화로 188 (동교동, 애경타워) AK PLAZA 홍대 4층 LIMITION",37.5577032,126.9265652,https://www.instagram.com/p/Dbsaax7zweT/,,,,"['사진맛집', '힙함']",,2026-09-01,2026-09-22,blog_popup,"안녕하세요 여러분🫶🏻
오늘은 따끈따끈하게 어제 다녀온
이누야샤 팝업스토어 후기를 가져왔어요!!
이누야샤 POP-UP STORE
​
​
📌 장소 : AK PLAZA 홍대 4층 LIMITION
📌 주소 : 서울 마포구 양화로 188
AK PLAZA 홍대 4층
📅 행사 기간 : 2026.09.01 ~ 2026.09.22
⏰ 월~금 : 11:00 ~ 22:00
⏰ 토~일 : 10:30 ~ 22:00
🚇 홍대입구역 5번 출구 바로 앞
​
🚗 AK PLAZA 홍대 주차요금
평일 : 최초 30분 3,000원 / 이후 10분당 1,000원
주말 : 최초 30분 5,000원 / 이후 30분당 5,000원
※ 무료 회차시간 5분
구매금액별 무료주차
1만원 이상 → 1시간 무료
3만원 이상 → 2시간 무료
5만원 이상 → 3시간 무료
​
(( 홍대뿐 아니라 AK플라자 수원 5층 SMG STORE에서도 같은 기간 팝업이 진행되고 있어요))
홍대점은 평일 오전 11시 오픈이라
저는 10시 30분쯤 도착했어요
다른 팝업 오픈런 하시는 분들도 계셔서
줄이 꽤 길었답니다
​
이건 팁인데 건물 정면에서 봤을 때
우측 골목 중간에 있는 옆문으로 가면
에스컬레이터와 가장 가깝답니다✨️
​
11시 되자마자 올라갔고
1등으로 들어가서 구매할 수 있었어요
덕분에 입장도 1등,
구경도 1등,
굿즈 구매도 1등으로 완료✌🏻
(입장 시 예약자 이름과 신분증 대조 확인합니다)
​
처음에는 사람이 거의 없어서
사진도 편하게 찍을 수 있었는데
시간이 지나면서 사람들이 점점 몰리더라고요
원하는 굿즈가 확실하게 있다면
일찍 방문하는 걸 추천하고 싶어요!
​
근데 제가 방문한 9월 3일 오전 기준,
사려고 했던 엽서 세트는 이미 품절이었어요ㅠㅠ
행사 시작한 지 며칠 안 됐는데 벌써 품절이라니...
​
인기 있는 굿즈들은 재고 상황이
빠르게 달라질 수 있을 것 같아서
특정 굿즈를 노리고 방문하신다면
가기 전에 공식 계정에서 최신 품절/재고 공지를 확인하고 가는 걸 추천드립니다!
(X에 올라오지만 저는 X없어서 그냥 감)
​
팝업 규모 자체는 크지 않지만
캐릭터 포토존도 있고, 포토부스도 있고,
무엇보다 굿즈 종류가 꽤 있어서
팬이라면 구경하는 재미가 있었습니다ㅎㅎ
​
그리고 이누야샤 말고 주술회전이나
다른 애니도 있었어요!
​
하지만 저의 목적은 단 하나...
셋쇼마루.
ㅋㅋㅋㅋㅋㅋㅋㅋ
저한테 셋쇼마루는 그냥 캐릭터가 아닙니다...
제 2D 첫사랑이에요🥹🤍
그래서 이번 팝업에서도
셋쇼마루 관련 굿즈는 거의 다 담아왔어요
​
장패드부터 족자봉까지
보이는 족족 주워 담기 시작했는데
정신 차리고 보니↓
💸 총 결제금액 145,700원
그래도 후회는 없습니다.
셋쇼마루니까요.
(( 생각보다는 많이 안 씀 ))
​
셋쇼마루 굿즈도 왕창 사고
특전도 거의 다 받아와서 만족스러웠어요ㅋㅋㅋ
14만 5천원을 태웠지만 행복하다...⭐
이누야샤 좋아하셨던 분들이라면
9월 22일 끝나기 전에 한 번 다녀와 보세요🫶🏻
​
👇 이누야샤 팝업 기간·예약·굿즈 가격·구매 특전
총정리글 보러가기 →
[서울 홍대·수원] 이누야샤 팝업스토어 총정리｜기간·예약·굿즈 가격·구매 특전
안녕하세요 여러분🙌🏻 현재 홍대와 수원에서 진행 중인 이누야샤 팝업! 9월 22일까지 진행되는 기간 ...
m.blog.naver.com","{""title"": ""<b>이누야샤 팝업</b> @홍대"", ""link"": ""https://www.instagram.com/p/Dbsaax7zweT/"", ""category"": ""팝업스토어"", ""description"": """", ""telephone"": """", ""address"": ""서울특별시 마포구 동교동 190-1"", ""roadAddress"": ""서울특별시 마포구 양화로 188 (동교동, 애경타워) AK PLAZA 홍대 4층 LIMITION"", ""mapx"": ""1269265652"", ""mapy"": ""375577032""}",2026-09-14T03:23:03.312857+00:00
59c24d9d-502b-56da-b868-09b1f54be52e,홍대 다마고치 팝업 스토어,팝업스토어,서울 마포구 양화로 188 AK PLAZA 홍대 4F,,,,https://blog.naver.com/travel0202/224399659052,,,,"['사진맛집', '힙함']",,2026-09-24,2026-10-13,blog_popup,"홍대에서 추억의 캐릭터들과 다마고치 팝업스토어를 연다고 합니다 !
​
타이틀은
[다모여 FESTA]
일정
운영 장소 : 서울 마포구 양화로 188 AK PLAZA 홍대 4F
운영 기간 : 2026년 9월 24일 목요일 ~ 2026년 10월 13일 화요일
운영 시간 : 월-금 11:00 ~ 22:00
토-일 10:30 ~ 22:00
AK PLAZA 홍대
서울특별시 마포구 양화로 188
​
​
​
​
​
​
​
​
MD 리스트
이번 팝업에 들어온 캐릭터들은 디지몬, 프리큐어, 아이엠스타, 다마고치로 예전에 유행했던 캐릭터들의 공식 굿즈를 다시 판매한다고 하더라구요 !! 여기에 요즘 유행하는(?) 다마고치까지 있으니 안 갈 이유 없음 !! 구하기 힘들다던 다마고치 파라다이스도 판매한다고 해요 !
​
​
​
​
​
​
​
​
​
이벤트
현재 인스타그램 게시물 댓글로 기대평을 남기면,
추첨을 통해 3분께 페스타에서 판매하는
‘랜덤 포토필름’ 풀세트를 선물로 주는 행사를 하고 있다고 해요 !!
9/23일까지 한다고 하고 관심 있으신 분들은
아래 인스타그램 주소 남겨놓을 테니까
참여해보세요 !
​
※ 디지몬 어드벤처 / 프리큐어 / 아이엠스타! 중 1종의 풀세트가 랜덤으로 증정됩니다.
​
Instagram의 SMG STORE님 : ""🙌우리의 모든 최애가 모이다! ─ 다 모여 FESTA! 9월 24일 COMING SOON! 반다이남코코리아와 SMG홀딩스가 함께 선보이는 다 모여 페스타! 추억의 IP 공식 굿즈와 다마고치 파라다이스 체험까지 한 공간에서 즐겨보세요✨ ◈본 게시물 댓글로 기대평을 남겨주시면, 추첨을 통해 3분께 페스타에서 판매하는 ‘랜덤 포토필름’ 풀세트를 선물로 드립니다! (~9/23) ※디지몬 어드벤처 / 프리큐어 / 아이엠스타! 중 1종의 풀세트가 랜덤으로 증정됩니다. 🎁MD LIST - 디지몬 - 프리큐어 - 아이엠스타! - 다마고치 ※이벤트 관련 문의는 SMG STORE로 부탁드립니다. #다모여페스타 일정: 9/24(목)~10/13(화) 장소: AK PLAZA 홍대 4F""
550 likes, 68 comments - smgstore_kr - August 31, 2026: ""🙌우리의 모든 최애가 모이다! ─ 다 모여 FESTA! 9월 24일 COMING SOON! 반다이남코코리아와 SMG홀딩스가 함께 선보이는 다 모여 페스타! 추억의 IP 공식 굿즈와 다마고치 파라다이스 체험까지 한 공간에서 즐겨보세요✨ ◈본 게시물 댓글로 기대평을 남겨주시면, 추첨을 통해 3분께 페스타에서 판매하는 ‘랜덤 포토필름’ 풀세트를 선물로 드립니다! (~9/23) ※디지몬 어드벤처 / 프리큐어 / 아이엠스타! 중 1종의 풀...
www.instagram.com
모든 사진 출처 :
@
smgstore_kr
저도 어렸을 때부터 보고 자랐던 것들인데
이게 이렇게 추억의 캐릭터들이 된 걸 보니 아쉽기도 하고
오랜만에 들으니까 또 반갑기도 하네요 !!
특히, 디지몬이나 다마고치는 요즘도 많이 유행하고 있으니
관심 있으신 분들은 한 번 방문해보세요 ~
​
​
​
​
​
​
​
​
​
​
​
​
#다모여페스타
#다모여FESTA
#홍대팝업추천
#다마고치팝업
#다마고치추천
#디지몬팝업
#프리큐어팝업
#아이엠스타팝업
#캐릭터팝업추천","{""title"": ""2026 다모여 페스타 FESTA 캐릭터 팝업 스토어 다마고치 디지몬 프리큐...."", ""link"": ""https://blog.naver.com/travel0202/224399659052"", ""description"": ""홍대에서 추억의 캐릭터들과 다마고치 팝업스토어를 연다고 합니다 ! 타이틀은 [다모여 FESTA] 일정 운영 장소 : 서울 마포구 양화로 188 AK PLAZA 홍대 4F 운영 기간 : 2026년 9월 24일 목요일 ~ 2026년 10월 13일... "", ""bloggername"": ""일상기록지"", ""bloggerlink"": ""https://blog.naver.com/travel0202"", ""postdate"": 20260903, ""query"": ""마포구 팝업스토어"", ""content"": ""홍대에서 추억의 캐릭터들과 다마고치 팝업스토어를 연다고 합니다 !\n​\n타이틀은\n[다모여 FESTA]\n일정\n운영 장소 : 서울 마포구 양화로 188 AK PLAZA 홍대 4F\n운영 기간 : 2026년 9월 24일 목요일 ~ 2026년 10월 13일 화요일\n운영 시간 : 월-금 11:00 ~ 22:00\n토-일 10:30 ~ 22:00\nAK PLAZA 홍대\n서울특별시 마포구 양화로 188\n​\n​\n​\n​\n​\n​\n​\n​\nMD 리스트\n이번 팝업에 들어온 캐릭터들은 디지몬, 프리큐어, 아이엠스타, 다마고치로 예전에 유행했던 캐릭터들의 공식 굿즈를 다시 판매한다고 하더라구요 !! 여기에 요즘 유행하는(?) 다마고치까지 있으니 안 갈 이유 없음 !! 구하기 힘들다던 다마고치 파라다이스도 판매한다고 해요 !\n​\n​\n​\n​\n​\n​\n​\n​\n​\n이벤트\n현재 인스타그램 게시물 댓글로 기대평을 남기면,\n추첨을 통해 3분께 페스타에서 판매하는\n‘랜덤 포토필름’ 풀세트를 선물로 주는 행사를 하고 있다고 해요 !!\n9/23일까지 한다고 하고 관심 있으신 분들은\n아래 인스타그램 주소 남겨놓을 테니까\n참여해보세요 !\n​\n※ 디지몬 어드벤처 / 프리큐어 / 아이엠스타! 중 1종의 풀세트가 랜덤으로 증정됩니다.\n​\nInstagram의 SMG STORE님 : \""🙌우리의 모든 최애가 모이다! ─ 다 모여 FESTA! 9월 24일 COMING SOON! 반다이남코코리아와 SMG홀딩스가 함께 선보이는 다 모여 페스타! 추억의 IP 공식 굿즈와 다마고치 파라다이스 체험까지 한 공간에서 즐겨보세요✨ ◈본 게시물 댓글로 기대평을 남겨주시면, 추첨을 통해 3분께 페스타에서 판매하는 ‘랜덤 포토필름’ 풀세트를 선물로 드립니다! (~9/23) ※디지몬 어드벤처 / 프리큐어 / 아이엠스타! 중 1종의 풀세트가 랜덤으로 증정됩니다. 🎁MD LIST - 디지몬 - 프리큐어 - 아이엠스타! - 다마고치 ※이벤트 관련 문의는 SMG STORE로 부탁드립니다. #다모여페스타 일정: 9/24(목)~10/13(화) 장소: AK PLAZA 홍대 4F\""\n550 likes, 68 comments - smgstore_kr - August 31, 2026: \""🙌우리의 모든 최애가 모이다! ─ 다 모여 FESTA! 9월 24일 COMING SOON! 반다이남코코리아와 SMG홀딩스가 함께 선보이는 다 모여 페스타! 추억의 IP 공식 굿즈와 다마고치 파라다이스 체험까지 한 공간에서 즐겨보세요✨ ◈본 게시물 댓글로 기대평을 남겨주시면, 추첨을 통해 3분께 페스타에서 판매하는 ‘랜덤 포토필름’ 풀세트를 선물로 드립니다! (~9/23) ※디지몬 어드벤처 / 프리큐어 / 아이엠스타! 중 1종의 풀...\nwww.instagram.com\n모든 사진 출처 :\n@\nsmgstore_kr\n저도 어렸을 때부터 보고 자랐던 것들인데\n이게 이렇게 추억의 캐릭터들이 된 걸 보니 아쉽기도 하고\n오랜만에 들으니까 또 반갑기도 하네요 !!\n특히, 디지몬이나 다마고치는 요즘도 많이 유행하고 있으니\n관심 있으신 분들은 한 번 방문해보세요 ~\n​\n​\n​\n​\n​\n​\n​\n​\n​\n​\n​\n​\n#다모여페스타\n#다모여FESTA\n#홍대팝업추천\n#다마고치팝업\n#다마고치추천\n#디지몬팝업\n#프리큐어팝업\n#아이엠스타팝업\n#캐릭터팝업추천""}",2026-09-14T03:23:03.664316+00:00
b620fb0e-144a-59eb-9d19-d63daada39f1,어노브 파워퍼프걸 홍대 올리브영 팝업 스토어,팝업스토어,서울 마포구 홍익로6길 57 OLIVE YOUNG,,,,https://blog.naver.com/rlarlxo0930/224398980269,,,,['사진맛집'],,2026-08-30,2026-09-30,blog_popup,"UNOVE SUPER POWERFUL REPAIRI POP-UP STORE
서울 마포구 홍익로6길 57 OLIVE YOUNG
기간 2026.08.30 ~ 2026.09.30
이번에 홍대 팝업 행사를 통해 어노브 파워퍼프걸 콜라보 제품을 만나볼 수 있다는 소식을 듣고 보러 다녀왔어요.
​
12시부터 입장 시 팜플렛이 제공되는데 3가지 스탬프를 모두 채우면 파워퍼프걸 굿즈가 포함된 럭키드로우 뽑기 기회가 주어집니다.
​
​
홍대 어노브 팝업 인테리어를 파워퍼프걸 컨셉에 맞춰서 예쁘게 꾸며놓은 모습입니다.
포토존도 잘 해놓은게 인증샷 찍으면서 추억 남겨보셔도 좋겠죠.
​
​
한쪽에는 럭키드로우 상품이랑 어노브 파워퍼프걸 굿즈가 실물로 전시되어 있으니 쇼핑에 앞서 한 번 참고해보세요.
​
이번 콜라보 특전이 전체적으로 예쁘게 나와서 평소에 잘 안쓰는 핸드크림을 구매해서라도 받고 싶은 마음입니다.
​
​
중앙 메인 진열 공간에는 어노브 화장품과 함께 제품 사용 전 후를 비교할 수 있도록 거울을 배치해뒀어요.
​
저는 마침 손이 건조해서 바디로션을 체험해봤는데 향이 너무 좋더라고요.
간단한 외출시에는 향수 대용으로도 괜찮을 것 같아요.
​
​
이번 어노브 팝업 특전 중에서 파워퍼프걸 캡 키링이 특히 눈에 띄네요.
키링 형태로 디자인도 예쁘고 핸드크림 뚜껑 위에 씌울 수 있어서 휴대용으로 손이 건조할 때 꺼내 쓰면 딱이겠어요.
​
그 밖에도 요즘 유행하는 키캡 키링도 한 번 눌러보고 감성 가득한 인테리어들을 구경하는 재미가 또 쏠쏠했습니다.
​
​
마지막으로 포토부스 촬영하고 모든 미션 완료입니다.
사진은 파워퍼프걸 포토존 배경으로 출력되서 소장하기에 좋아요:)
​
그럼 대망의 럭키드로우 하러 가보겠습니다.
​
​
가방을 포함한 트라이얼 키트부터 캡 키링 등 파워퍼프걸 굿즈가 여러가지 있는데 과연 뭐가 나올까요?
두구두구두구두구~
저는 헤어 브러쉬 당첨입니다!
​
​
오늘은 이렇게 올리브영 어노브 팝업 후기를 남겨봤는데 파워퍼프걸 즐겨 보는 분들은 들려서 체험해보셔도 좋을 것 같아요~^^
​
​
어노브 X 파워퍼프걸 팝업 @홍대
서울특별시 마포구 홍익로6길 57 (동교동, 윤성타워) 올리브영 홍대타운점","{""title"": ""어노브 파워퍼프걸 홍대 올리브영 팝업스토어 특전 굿즈"", ""link"": ""https://blog.naver.com/rlarlxo0930/224398980269"", ""description"": ""UNOVE SUPER POWERFUL REPAIRI POP-UP STORE 서울 마포구 홍익로6길 57 OLIVE YOUNG 기간 2026.08.30 ~ 2026.09.30 이번에 홍대 팝업 행사를 통해 어노브 파워퍼프걸 콜라보 제품을 만나볼 수 있다는 소식을 듣고 보러 다녀왔어요.... "", ""bloggername"": ""Achamtae cultural life"", ""bloggerlink"": ""https://blog.naver.com/rlarlxo0930"", ""postdate"": 20260902, ""query"": ""마포구 팝업스토어"", ""content"": ""UNOVE SUPER POWERFUL REPAIRI POP-UP STORE\n서울 마포구 홍익로6길 57 OLIVE YOUNG\n기간 2026.08.30 ~ 2026.09.30\n이번에 홍대 팝업 행사를 통해 어노브 파워퍼프걸 콜라보 제품을 만나볼 수 있다는 소식을 듣고 보러 다녀왔어요.\n​\n12시부터 입장 시 팜플렛이 제공되는데 3가지 스탬프를 모두 채우면 파워퍼프걸 굿즈가 포함된 럭키드로우 뽑기 기회가 주어집니다.\n​\n​\n홍대 어노브 팝업 인테리어를 파워퍼프걸 컨셉에 맞춰서 예쁘게 꾸며놓은 모습입니다.\n포토존도 잘 해놓은게 인증샷 찍으면서 추억 남겨보셔도 좋겠죠.\n​\n​\n한쪽에는 럭키드로우 상품이랑 어노브 파워퍼프걸 굿즈가 실물로 전시되어 있으니 쇼핑에 앞서 한 번 참고해보세요.\n​\n이번 콜라보 특전이 전체적으로 예쁘게 나와서 평소에 잘 안쓰는 핸드크림을 구매해서라도 받고 싶은 마음입니다.\n​\n​\n중앙 메인 진열 공간에는 어노브 화장품과 함께 제품 사용 전 후를 비교할 수 있도록 거울을 배치해뒀어요.\n​\n저는 마침 손이 건조해서 바디로션을 체험해봤는데 향이 너무 좋더라고요.\n간단한 외출시에는 향수 대용으로도 괜찮을 것 같아요.\n​\n​\n이번 어노브 팝업 특전 중에서 파워퍼프걸 캡 키링이 특히 눈에 띄네요.\n키링 형태로 디자인도 예쁘고 핸드크림 뚜껑 위에 씌울 수 있어서 휴대용으로 손이 건조할 때 꺼내 쓰면 딱이겠어요.\n​\n그 밖에도 요즘 유행하는 키캡 키링도 한 번 눌러보고 감성 가득한 인테리어들을 구경하는 재미가 또 쏠쏠했습니다.\n​\n​\n마지막으로 포토부스 촬영하고 모든 미션 완료입니다.\n사진은 파워퍼프걸 포토존 배경으로 출력되서 소장하기에 좋아요:)\n​\n그럼 대망의 럭키드로우 하러 가보겠습니다.\n​\n​\n가방을 포함한 트라이얼 키트부터 캡 키링 등 파워퍼프걸 굿즈가 여러가지 있는데 과연 뭐가 나올까요?\n두구두구두구두구~\n저는 헤어 브러쉬 당첨입니다!\n​\n​\n오늘은 이렇게 올리브영 어노브 팝업 후기를 남겨봤는데 파워퍼프걸 즐겨 보는 분들은 들려서 체험해보셔도 좋을 것 같아요~^^\n​\n​\n어노브 X 파워퍼프걸 팝업 @홍대\n서울특별시 마포구 홍익로6길 57 (동교동, 윤성타워) 올리브영 홍대타운점""}",2026-09-14T03:23:03.991192+00:00
df0659ab-cc2a-592d-90eb-fabd2bdd302b,명탐정 코난: 하이웨이의 타천사 &amp; 야이바 팝업스토어,"팝업스토어>웹툰, 애니메이션 팝업",서울특별시 마포구 동교동 167-24 LC타워 별관 지하2층 팬베이스,서울특별시 마포구 양화로 178-5 LC타워 별관 지하2층 팬베이스,37.5577033,126.9254156,https://fanding.me/conana_yaiba_naverbooking,,,,['사진맛집'],,,,blog_popup,"🗺️ 명탐정 코난 : 하이웨이의 타천사 팝업
​
📍주소 | 서울 마포구 양화로 178-5 LC타워 별관
지하 2층 팬베이스
🗓️ 전시 기간 | 2026.08.12.(수)~08.30.(일)
⏰ 운영 시간 | 매일 11:00~20:00
🚗 주차 | 인근 주차장 이용
안녕하세요!
​
얼마 전 더현대 팝업에 이어
명탐정 코난 팝업 중
홍대에서 열리는
하이웨이의 타천서 팝업에 다녀왔습니다.
​
홍대에서는 크게
팬베이스 홍대점에서 진행되는 극장판 팝업과
AK에서 진행되는 30주년 팝업이
동시에 진행되고 있는데요.
​
30주년 팝업은 따로 입장료가 있고
사고 싶은 굿즈가 품절이라ㅠ
재입고만 기다리면서
일단 기한이 얼마 남지 않은
하이웨이의 타천사 팝업에 다녀왔습니다!
지하 2층에 위치하고 있는데요.
팝업 스토에 홍보물 바로 옆에 있는
계단으로 내려가거나
건물 엘리베이터를 이용하여
지하로 내려가시면 바로 팝업 현장이 나오게 됩니다!
​
따로 사전예매를 하지 않고
저는 평일 4시쯤 방문했는데요.
현장 대기가 전혀 없었고
바로 입장했습니다.
팝업의 규모는 크지 않았지만
굉장히 알차게 꾸며져 있고
구성도 좋았어요.
팝업을 좀 더 재밌게 즐길 수 있는
체험형 전시가 준비되어 있어요!
입장하자마자 지류를 나눠주시는데요.
약간 보물찾기하듯
팝업 현장 곳곳에 있는  QR 코드를 찾아
암호를 해독해주시면 됩니다.
QR코드를 찍으면
하이웨이의 타천서 등장인물이
랜덤으로 등장하는데요.
​
그중 어린이 탐정단이 나오면 꽝이고
어른들(?)이 나오면 카드를 눌러
뒷면의 알파벳을 확인할 수 있습니다.
​
그 알파벳을 모아 단어를 조합하면
암호가 해독되는 형태였어요!
총 15개의 QR코드가 있고
그중에서 7개만 꽝이 아닌데요.
생각보다 1~2개가 정말 구석에 숨겨져 있어
찾기 힘들었습니다...
(진짜 15분 걸린 듯 ㅋㅋ)
팝업 규모가 크지 않은데도
포토존도 나름 현장감 있고
입체적으로 꾸며져 있어
사진 찍기에도 좋았습니다!
켄지와 마츠다 등신대도 있어서
제 마츠다 솜뭉치와도 함께 찍어줫슴다
그리고 실제 직원분의
소장 굿즈들도 전시되어 있어
보는 게 정말 좋았어요!!
​
정말 사랑하는 마음이 가득 느껴지는
굿즈 모음이었습니다...
하이웨이 타천사 등장인물과 함께
인생네컷 사진을 찍을 수 있는
포토부스도 있었어요!
​
가격이 좀 비싼 편이기는 하지만...
그래도 남는 건 사진뿐이니^^
찍어주었습니다!
​
코난 마취총에 맞을 수 있는(?)
거울 포토존도 있어서
찍어주었습니다. 훗.
다음 커튼으로 막힌 방으로 이동하면
이렇게 뭔가 비밀스러운 공간으로 온 듯한
분위기가 나는 방이 있어요.
​
한쪽은 전면 거울이고
다른 쪽은 위에 사진처럼 디스플레이가 있는데요.
직접 그림을 그리거나
메시지를 적어 화면에 송출할 수 있는
체험 전시였어요!
공간 분위기에 맞게
마치 경찰 수사실에 온 느낌처럼
소품 디테일도 좋아서
진짜 좋았어요!
다들 금손이셔서...
저는 흡연 중인 마츠다를
C급으로 그려보았습니다...
(진짜 10초만에 그림)
​
원래는 ""당신을 꽤 좋아했어""
이지만 그냥 ""좋아해""라고 적었음요.
(사심)
방에서 나오면 이제
굿즈를 자유롭게 구경 및
구매할 수 있는 마지막 공간이 나와요!
​
굿즈 종류도 아크릴 스탠드, 자수 배지,
테이프, 키링 등등
정말 다양한 구성이 있어 구경하는 재미가 있어요.
​
무엇보다 자주 등장하지 않는
캐릭터들이 나오는 이번 극장판이 만큼
해당 캐릭터를 좋아하시는 분들이라면
이번 팝업 및 굿즈가 정말 소중할 것 같더라고요...
저는 원래 이 경찰 동기들의 명찰,
명함 케이스, 증이 가지고 싶었는데...
늦게 가서 품절이었습니다 흑흑
​
팝업 종료 후에는
온라인 판매를 예정하고 있다는데
그때 물량이 풀리기를 기대 중입니다...(제발!@@!@)
그리고 진짜 살 뻔한
진페이 안경 거치대 ㅋㅋㅋㅋㅋ
하 진짜 돈 많았으면 샀다...
암튼 극장판 팝업이라
팝업 운영 기간이 길지 않다는 아쉬움은 있지만 ㅠㅠ
역시 다른 곳에서는 보기 힘든
굿즈를 볼 수 있어서 재밌었던 팝업이었습니다.
​
AK 팝업도 곧 다녀오려고요!!
명탐정 코난: 하이웨이의 타천사
애니메이션
2026
하스이 타카히로
팬베이스 홍대점
서울특별시 마포구 양화로 178-5 LC타워 별관 지하2층
​","{""title"": ""명탐정 코난: <b>하이웨이</b>의 <b>타천사</b> &amp; 야이바 <b>팝업</b>스토어"", ""link"": ""https://fanding.me/conana_yaiba_naverbooking"", ""category"": ""팝업스토어>웹툰, 애니메이션 팝업"", ""description"": """", ""telephone"": """", ""address"": ""서울특별시 마포구 동교동 167-24 LC타워 별관 지하2층 팬베이스"", ""roadAddress"": ""서울특별시 마포구 양화로 178-5 LC타워 별관 지하2층 팬베이스"", ""mapx"": ""1269254156"", ""mapy"": ""375577033""}",2026-09-14T03:23:04.895749+00:00
c89f5333-1da4-54a7-9ad9-5fd9e1f37f05,명동 팝업 스토어,팝업스토어,서울특별시 마포구 홍익로6길 57 올리브영 홍대 타운,,,,https://blog.naver.com/yugioh1130/224393562653,,,,"['사진맛집', '힙함']",,,,blog_popup,"올리브영 홍대 타운
서울특별시 마포구 홍익로6길 57 올리브영 홍대 타운
올리브영 센트럴 명동 타운
서울특별시 중구 명동8길 27
​
서울시 마포구 홍익로6길 57 올리브영 홍대 타운
서울시 중구 명동8길 27 올리브영 센트럴 명동 타운점
2026.08.30(일) - 2026.09.30(수)
올리브영 홍대 타운 12:00 - 21:00
올리브영 센트럴 명동 타운점 10:00 - 22:00
​
Instagram의 어노브 한국 공식 계정 UNOVE KR OFFICIAL님 : ""💌 𝑆𝑝𝑒𝑐𝑖𝑎𝑙 𝑁𝑜𝑡𝑖𝑐𝑒 파워퍼프걸💖어노브 𝗣𝗢𝗣-𝗨𝗣 지루하고 평범한 일상을 기분좋게 바꿔줄 ​ 파워퍼프걸의 비밀 공간에 초대합니다.​ 부드러움과 은은한 향기로 가득한 어노브 파워업 룸에서 ​ Super Powerful Repair를 경험하고, ​ 긍정 에너지를 가득 충전해보세요!​🪄 올리브영 홍대타운점에서만 만날 수 있는 귀여운 리본 키캡 키링&파우치까지 놓치지 말기! 📍LOCATION - 올리브영 홍대타운점 - 올리브영 센트럴 명동타운점 📍SCHEDULE - 26.8.30 - 26.9.30 - 팝업/매장 운영 시간은 이미지 참고 어노브와 파워퍼프걸이 전하는​ 강력한 Super Powerful Repair와 함께​ 당신의 하루는 더 파워풀해질 거예요. 이번 주 일요일부터, 우리 팝업에서 만나요! *명동 센트럴타워 점에서는 테스트존 외 별도 체험 프로그램은 운영되지 않습니다. *구매 금액별 증정 굿즈는 지류 영수증 지참 필수 #ThePowerPuffGirls #PPG #파워퍼프걸 #파워퍼프걸팝업 #어노브팝업 The Powerpuff Girls 💖 UNOVE 𝗣𝗢𝗣-𝗨𝗣 Step into the Powerpuff Girls’ secret space and turn an ordinary day into something a little more special. In the UNOVE POWER UP ROOM, filled with softness and subtle fragrance, experience Super Powerful Repair and recharge with a boost of positive energy! 🪄 Don’t miss the adorable Ribbon Keycap Keyring, available exclusively at the Olive Young Hongdae Town pop-up! 📍 LOCATION – Olive Young Hongdae Town – Olive Young Central Myeongdong Town 📍 SCHEDULE – Aug. 30, 2026 – Sep. 30, 2026 – Please refer to the image for operating hours. With the powerful Super Powerful Repair from UNOVE and the Powerpuff Girls, your everyday moments are about to get a whole lot more powerful. ✨ *At the Myeongdong Central Town location, no experience programs other than the product testing zone will be available.""
556 likes, 0 comments - unove.kr - August 27, 2026: ""💌 𝑆𝑝𝑒𝑐𝑖𝑎𝑙 𝑁𝑜𝑡𝑖𝑐𝑒 파워퍼프걸💖어노브 𝗣𝗢𝗣-𝗨𝗣 지루하고 평범한 일상을 기분좋게 바꿔줄 ​ 파워퍼프걸의 비밀 공간에 초대합니다.​ 부드러움과 은은한 향기로 가득한 어노브 파워업 룸에서 ​ Super Powerful Repair를 경험하고, ​ 긍정 에너지를 가득 충전해보세요!​🪄 올리브영 홍대타운점에서만 만날 수 있는 귀여운 리본 키캡 키링&파우치까지 놓치지 말기! 📍LOCATION - ...
www.instagram.com
​
지루하고 평범한 일상을 기분 좋게 바꿔줄 ​
파워퍼프걸의 비밀 공간에 초대합니다.​
​
부드러움과 은은한 향기로 가득한
어노브 파워업 룸에서 ​Super Powerful Repair를
경험하고, ​긍정 에너지를 가득 충전해 보세요! ​
​","{""title"": ""어노브 X 파워퍼프걸 홍대 / 명동 팝업 스토어 정보"", ""link"": ""https://blog.naver.com/yugioh1130/224393562653"", ""description"": ""서울시 마포구 홍익로6길 57 올리브영 홍대 타운 서울시 중구 명동8길 27 올리브영 센트럴 명동 타운점 2026.08.30(일) - 2026.09.30(수) 올리브영 홍대 타운 12:00 - 21:00 올리브영 센트럴 명동 타운점 10... "", ""bloggername"": ""終着"", ""bloggerlink"": ""https://blog.naver.com/yugioh1130"", ""postdate"": 20260828, ""query"": ""마포구 팝업스토어"", ""content"": ""올리브영 홍대 타운\n서울특별시 마포구 홍익로6길 57 올리브영 홍대 타운\n올리브영 센트럴 명동 타운\n서울특별시 중구 명동8길 27\n​\n서울시 마포구 홍익로6길 57 올리브영 홍대 타운\n서울시 중구 명동8길 27 올리브영 센트럴 명동 타운점\n2026.08.30(일) - 2026.09.30(수)\n올리브영 홍대 타운 12:00 - 21:00\n올리브영 센트럴 명동 타운점 10:00 - 22:00\n​\nInstagram의 어노브 한국 공식 계정 UNOVE KR OFFICIAL님 : \""💌 𝑆𝑝𝑒𝑐𝑖𝑎𝑙 𝑁𝑜𝑡𝑖𝑐𝑒 파워퍼프걸💖어노브 𝗣𝗢𝗣-𝗨𝗣 지루하고 평범한 일상을 기분좋게 바꿔줄 ​ 파워퍼프걸의 비밀 공간에 초대합니다.​ 부드러움과 은은한 향기로 가득한 어노브 파워업 룸에서 ​ Super Powerful Repair를 경험하고, ​ 긍정 에너지를 가득 충전해보세요!​🪄 올리브영 홍대타운점에서만 만날 수 있는 귀여운 리본 키캡 키링&파우치까지 놓치지 말기! 📍LOCATION - 올리브영 홍대타운점 - 올리브영 센트럴 명동타운점 📍SCHEDULE - 26.8.30 - 26.9.30 - 팝업/매장 운영 시간은 이미지 참고 어노브와 파워퍼프걸이 전하는​ 강력한 Super Powerful Repair와 함께​ 당신의 하루는 더 파워풀해질 거예요. 이번 주 일요일부터, 우리 팝업에서 만나요! *명동 센트럴타워 점에서는 테스트존 외 별도 체험 프로그램은 운영되지 않습니다. *구매 금액별 증정 굿즈는 지류 영수증 지참 필수 #ThePowerPuffGirls #PPG #파워퍼프걸 #파워퍼프걸팝업 #어노브팝업 The Powerpuff Girls 💖 UNOVE 𝗣𝗢𝗣-𝗨𝗣 Step into the Powerpuff Girls’ secret space and turn an ordinary day into something a little more special. In the UNOVE POWER UP ROOM, filled with softness and subtle fragrance, experience Super Powerful Repair and recharge with a boost of positive energy! 🪄 Don’t miss the adorable Ribbon Keycap Keyring, available exclusively at the Olive Young Hongdae Town pop-up! 📍 LOCATION – Olive Young Hongdae Town – Olive Young Central Myeongdong Town 📍 SCHEDULE – Aug. 30, 2026 – Sep. 30, 2026 – Please refer to the image for operating hours. With the powerful Super Powerful Repair from UNOVE and the Powerpuff Girls, your everyday moments are about to get a whole lot more powerful. ✨ *At the Myeongdong Central Town location, no experience programs other than the product testing zone will be available.\""\n556 likes, 0 comments - unove.kr - August 27, 2026: \""💌 𝑆𝑝𝑒𝑐𝑖𝑎𝑙 𝑁𝑜𝑡𝑖𝑐𝑒 파워퍼프걸💖어노브 𝗣𝗢𝗣-𝗨𝗣 지루하고 평범한 일상을 기분좋게 바꿔줄 ​ 파워퍼프걸의 비밀 공간에 초대합니다.​ 부드러움과 은은한 향기로 가득한 어노브 파워업 룸에서 ​ Super Powerful Repair를 경험하고, ​ 긍정 에너지를 가득 충전해보세요!​🪄 올리브영 홍대타운점에서만 만날 수 있는 귀여운 리본 키캡 키링&파우치까지 놓치지 말기! 📍LOCATION - ...\nwww.instagram.com\n​\n지루하고 평범한 일상을 기분 좋게 바꿔줄 ​\n파워퍼프걸의 비밀 공간에 초대합니다.​\n​\n부드러움과 은은한 향기로 가득한\n어노브 파워업 룸에서 ​Super Powerful Repair를\n경험하고, ​긍정 에너지를 가득 충전해 보세요! ​\n​""}",2026-09-14T03:23:05.209339+00:00
df883cba-85c7-51fe-a5c2-cd4e7d99082f,나가노 마켓 팝업,팝업스토어,,,,,https://blog.naver.com/mha0715/224393431541,,,,"['사진맛집', '힙함']",,,,blog_popup,"안녕하세욧. 나가노마켓 팝업샵이 2026년 8월 28일 ~ 2026년 10월 11일까지 서울에서 개최됩니다! 서울 9월 ~ 10월 팝업스토어로 추천드려요! 홍대나가노마켓 위치는 서울시 마포구 월드컵북로2길 29 0% SEOUL이에요!
홍대 0% SEOUL 나가노마켓에서 만나볼 수 있는 농담곰 굿즈입니다.
푹신말랑! 블랙 한가득 인형 뽑기는 1인 3회까지 이용 가능해요.
말랑폭신! 담곰이만 한가득 인형 뽑기도 1인 3회 제한입니다!
나가노마켓 팝업스토어 네이버 사전 예약 및 현장 예약 안내입니다.
​
밑에 링크는 나가노마켓 사전예약 하는 곳 이에요.
네이버 예약 :: 나가노마켓 SEOUL
* 나가노마켓 SEOUL 공식 문의 : info@juice-inc.kr * nagano market SEOUL Official Please direct all inquiries to [info@juice-inc.kr] * 영업시간 - 11:00 ~ 20:00 * 입장마감 - 19:30 * 결제마감 - 19:50 연중무휴 상시 운영하는 매장이오나, 매장 상황에 따라 사전 또는 현장 예약제로 운영되는 날이 있습니다. [나가노마켓 SEOUL] 공식 X(구 트위터)에서 공지사항 확인을 부탁드립니다. 감사합니다. * Business Hour...
booking.naver.com
30,000원 이상 구매 시 스티커 1장 증정해준다고 하니 참고해주세요. 농담곰 좋아하시는분들은 농담곰 굿즈가 가득한 홍대 팝업스토어 나가노마켓을 방문해보세용!","{""title"": ""서울 9월~10월 팝업스토어, 홍대 팝업스토어, 나가노마켓 농담곰 팝...."", ""link"": ""https://blog.naver.com/mha0715/224393431541"", ""description"": ""서울 9월 ~ 10월 팝업스토어로 추천드려요! 홍대나가노마켓 위치는 서울시 마포구 월드컵북로2길 29 0% SEOUL이에요! 홍대 0% SEOUL 나가노마켓에서 만나볼 수 있는 농담곰 굿즈입니다. 푹신말랑! 블랙 한가득... "", ""bloggername"": ""제아링의 파우치"", ""bloggerlink"": ""https://blog.naver.com/mha0715"", ""postdate"": 20260828, ""query"": ""마포구 팝업스토어"", ""content"": ""안녕하세욧. 나가노마켓 팝업샵이 2026년 8월 28일 ~ 2026년 10월 11일까지 서울에서 개최됩니다! 서울 9월 ~ 10월 팝업스토어로 추천드려요! 홍대나가노마켓 위치는 서울시 마포구 월드컵북로2길 29 0% SEOUL이에요!\n홍대 0% SEOUL 나가노마켓에서 만나볼 수 있는 농담곰 굿즈입니다.\n푹신말랑! 블랙 한가득 인형 뽑기는 1인 3회까지 이용 가능해요.\n말랑폭신! 담곰이만 한가득 인형 뽑기도 1인 3회 제한입니다!\n나가노마켓 팝업스토어 네이버 사전 예약 및 현장 예약 안내입니다.\n​\n밑에 링크는 나가노마켓 사전예약 하는 곳 이에요.\n네이버 예약 :: 나가노마켓 SEOUL\n* 나가노마켓 SEOUL 공식 문의 : info@juice-inc.kr * nagano market SEOUL Official Please direct all inquiries to [info@juice-inc.kr] * 영업시간 - 11:00 ~ 20:00 * 입장마감 - 19:30 * 결제마감 - 19:50 연중무휴 상시 운영하는 매장이오나, 매장 상황에 따라 사전 또는 현장 예약제로 운영되는 날이 있습니다. [나가노마켓 SEOUL] 공식 X(구 트위터)에서 공지사항 확인을 부탁드립니다. 감사합니다. * Business Hour...\nbooking.naver.com\n30,000원 이상 구매 시 스티커 1장 증정해준다고 하니 참고해주세요. 농담곰 좋아하시는분들은 농담곰 굿즈가 가득한 홍대 팝업스토어 나가노마켓을 방문해보세용!""}",2026-09-14T03:23:05.526608+00:00
25823e88-53c7-57a1-a46d-d9270ecf6dd2,가정교사 히트맨 리본 20주년 기념,"팝업스토어>웹툰, 애니메이션 팝업",서울특별시 마포구 동교동 190-1 AK PLAZA 1층,서울특별시 마포구 양화로 188 AK PLAZA 1층,37.5577702,126.9265109,https://www.instagram.com/smc_somaco/,,,,"['사진맛집', '힙함']",,,,blog_popup,"가정교사 히트맨 리본 20주년 팝업 스토어가
홍대 AK 플라자에서 열린다고 하여 방문했다.
​
가정교사 히트맨 리본 20주년 팝업 스토어
​
▶
서울 마포구 양화로 188 AK 플라자 1층
​
▶ 월 ~ 금 11:00 - 22:00 / 토일 10:30 - 22:00
​
▶ 2026년 8월 17일 (월) ~ 2026년 9월 1일 (화)
AK PLAZA 홍대
서울특별시 마포구 양화로 188
가정교사 히트맨 리본, 약칭 가히리 20주년 팝업이
홍대 AK플라자 1층에서 열렸다.
​
가리리 팝업 오픈 일에는 사전 예약을 할 만큼
많은 방문자가 예상되었는데,
​
내가 방문한 24일에는 팝업이 오픈한 지도
시간이 조금 지났고 월요일이라 그런지
별다른 사전 예약 없이 바로 입장할 수 있었다.
​
그래도 팝업 내부에 방문자는 꽤 많아서
팝업 스토어 내부는 조금 혼잡했다.
​
굿즈의 종류는 위 사진과 같은데
가정교사 히트맨 리본 팝업 현장에서 보니
굿즈 실물도 더 이쁘고, 종류도 더 다양했다.
​
특히 아크릴 스탠드의 종류가 많았는데
리본과 츠나요시는 물론이고, 고쿠데라,
야마모토, 히바리, 도쿠로, 무쿠로 등
​
당시 인기 있던 캐릭터들이
높은 퀄리티의 아크릴 스탠드로 재현되어
방문자들의 구매욕을 자극했다.
​
이외 랜덤 아이디풍 포토카드가
이쁘게 잘 뽑혔으나
전부 품절
이었다.
​
이외 요새 트렌드에 맞춰 LED 1구 키캡이나
랜덤 금속 무기 키링 등 사전 예고에 없던
다양한 굿즈들이 진열되어 있었다.
​
위에서 언급했듯이 아크릴 스탠드의 종류가
정말 다양했는데 가장 이뻤던 20주년 버전부터
​
아카데미 연구원 버전, 영국 패션 버전,
브라운 버전 등 다양한 버전이 준비되어 있어
아크릴 스탠드를 구경하는 재미만도 쏠쏠했다.
​
구매 특전 이벤트도 진행 중이었는데
구매 특전 내용은 아래와 같다.
​
구매 특전 1. 일러스트 부채
2만원 이상 구매 시
1종 중 1장 랜덤 지급
(1인당 1회 증정)
​
구매 특전 2. 일러스트 엽서
5만원 이상 구매 시
11종 중 1장 랜덤 지급
(1인당 1회 증정)
​
구매 특전 3. 홀로그램 포스터
7만원 이상 구매 시
6종 중 1장 랜덤 지급
(1인당 1회 증정)
​
여기에 2주 차 구매 특전이 따로 있다.
2주 차 이벤트 기간 :
2026년 8월 24일 (월) - 9월 1일 (화)
​
2주 차 구매 특전
랜덤 포토카드 이벤트
3만원 이상 구매 시
12종 중 1장 랜덤 지급
(1인당 1회 증정)
​
굿즈도 다양하게 준비되어 있고,
구매 특전 이벤트도 빵빵하니
​
평소 가정교사 히트맨 리본을 좋아하던 팬이라면
가히리 홍대 팝업에 방문해 볼 것을 강력 추천한다.
​","{""title"": ""<b>가정교사 히트맨 리본 20</b>주년 기념"", ""link"": ""https://www.instagram.com/smc_somaco/"", ""category"": ""팝업스토어>웹툰, 애니메이션 팝업"", ""description"": """", ""telephone"": """", ""address"": ""서울특별시 마포구 동교동 190-1 AK PLAZA 1층"", ""roadAddress"": ""서울특별시 마포구 양화로 188 AK PLAZA 1층"", ""mapx"": ""1269265109"", ""mapy"": ""375577702""}",2026-09-14T03:23:05.844989+00:00
25d2601b-b9e3-5c32-a8bd-bf75edc7c8dc,홍대 반프레스토 x 치비구루미 팝업,팝업스토어,서울 마포구 양화로 188 AK프라자 3층,,,,https://blog.naver.com/plush-voyage/224388626526,,,,"['사진맛집', '힙함']",,,,blog_popup,"◽
장소: 홍대 반프레스토 x 치비구루미 팝업(AK프라자)
◽주소:
서울 마포구 양화로 188 AK프라자 3층
◽
영업시간
월~금 11:00~22:00
토~일 10:30~22:00
◽
입장료 없음
서울 홍대 AK플라자에서 반프레스토 치비구루미 팝업 스토어가 열렸다. 다양한 종류의 정품 반프레스토 피규어 굿즈와 치비구루미 인형을 전시 판매하고있으니 직접 보고 구매할 수 있는 기회다.
반프레스토 X 치비구루미 팝업
서울특별시 마포구 양화로 188
팝업 기간 및 위치
홍대 반프레스토 치비구루미 팝업 스토어는 홍대 AK플라자 3층에 위치해있다. 에스컬레이터 옆에 있어서 3층으로 올라가자마자 오른쪽으로 바로 보인다. 대중교통 이용시 지하철 홍대입구역 4번출구로 나오면 AK플라자가 바로 앞에 있다.
반프레스토 X 치비구루미 팝업 기간은 8월21일부터 9월 10일 목요일까지이며, 운영 시간은 월~금 평일 11:00~22:00 이고, 토요일과 일요일 주말은 10:30~22:00 이다.
​
반프레스토 럭키박스
입구에 들어서자마자 눈을 사로 잡는 것은 바로 반프레스토 럭키박스다. 럭키박스는 한정수량으로 소진시 종료될 수 있으며,
가격은 35,000원이고
구매제한이 없다.
럭키박스 구성은 피규어가 3~4개 랜덤으로 들어있으며, 럭키박스 당 IP 1종이 단일 구성으로 함께 들어있다.
구성 IP는 원피스, 나루토, 세일러문, 귀멸의칼날, 드래곤볼, 히로아카 등 인기 캐릭터 들이다.
랜덤이므로 구매 후 교환은 불가하니 참고하도록 하자.
​
반프레스토 피규어 종류 및 가격
손오공, 베지터, 원펀맨 등 인기 애니메이션 피규어가 전시되어있는데 하나 쯤 소장하고 싶은 생각이 절로 든다. 특히 원펀맨의 황금색 수트가 아주 마음에 든다.
원피스에 등장하는 야마토, 흰수염의 젊은시절 모습과, 밀집모자 루피의 어릴적 모습 그리고 루피 니카 피규어까지 다양하게 보인다.
나의 히어로 아카데미아에 등장하는 프로 히어로 아이자와쇼타와 영역전개를 하는 듯한 주술회전 후시구로메구미 피규어를 비롯해 나루토 하타케 카카시 피규어까지 역동적인 동작이 돋보인다.
드래곤볼 셀과 인조인간 16호, 피콜로도
보인다. 미도리야 이즈쿠, 바쿠고 카츠키 그리고 특유의 미소가 돋보이는 토가히미코까지
나의 히어로 아케데미아 피규어들의 표정이 하나하나 살아있다.
진열장 안에는 판매하는 피규어 굿즈가 가득하다. 드래곤볼 손오공의 가격은 90,000원~120,000원인데 적지않은 가격임에도 소장하고싶어진다. 개구리 중사 케로로, 장송의 프리렌, 카드캡터체리, 약사의혼잣말 마오마오 등 다양한 반프레스토 정품 피규어가 가득하다.
전시되어있던 셀과 인조인간16호와 귀멸의 칼날은 26,000원에 판매중이다.
헌터X헌터에 등장하는 곤과 크라피카, 단다단의 오카룽, 지지 피규어에 아야세 모모까지 종류도 다양하다.
그 옆으로는 짱구는 못말려 맹구, 전생했더니 슬라임이었던 건에대하여, 오버로드, 죠죠의 기묘한 모험 등 또 다른 피규어들도 진열 전시 되어있다.
데이트 어 라이브 토키사키쿠루미, 투러브 트러블 다크니스, 원피스 니코로빈, 렘, 하츠네미쿠, 디아블로 피규어도 보인다. 다양한 반프레스토 정품 피규어를 직접 보고 구매하고 싶다면 홍대로 달려가보자.
​
치비구루미 종류 및 가격
반프레스토 피규어 바로 옆으로는 치비구루미 코너가 마련되어있다. 밖에서는 입구가 구분되어있지만 안에서는 이어지는 구조다.
치비구루미란 일본 반프레스토에서 만든 10cm 정도의 작은 봉제인형 누이구루미 시리즈를 말하는데 폭신하면서 휴대하기 좋아서 가방에 주렁주렁 매달고 다니기 좋다.
치비구루미 인형들이 트리 가득 장식되어있는데 그야말로 장관이다. 알록달록 빛나는 트리와 귀여운 누이가 은근 잘 어울린다.
트리의 가장 위에는 하츠네 미쿠가 있는데 모바일게임 냥코대전쟁에서 콜라보하면서 알게 된 애니메이션 캐릭으로 홍대AK플라자를 비롯해 많은 곳에서 콜라보 및 팝업을 열 정도로 인기가 상당하다.
트리를 장식중인 인형중에는 진열 매대에 없는 상품도 섞여있는데 추가 판매하진 않는다고 한다.
트리 옆으로는 치비구루미 인형 판매 진열대가 있는데 종류가 무척 많다. 은혼, 주술회전, 귀멸의칼날, 약사의혼잣말, 하이큐, 장송의 프리렌, 죠죠의 기묘한모험, 블루 아카이브 등 인기 애니메이션 누이가 진열대 위에 가득한 모습이다.
치비구루미 인형의 가격은 개당 20,000원인데 상품마다 재고가 3개~9개 정도 밖에 없어서 인기캐릭터는 금방 품절 될듯 싶다.
벽면에도 다양한 라인업의 치비구루미 정품 인형이 걸려있으니 최애캐를 찾아보자.
치비구루미 2개 이상 구매시 치비구루미PVC백을 증정한다고 하며, 공식 SNS필로우 후 반프레스토 피규어 구매를 할 경우에는 클러어파일을 증정한다고 한다.
PVC백에는 치비구루미 인형이 쏙 들어가서 보관 및 휴대하기 좋다.
보컬로이드, 약사의 혼잣말, 나루토 등 치바구루미 종류가 워낙 많으니 최애캐릭터를 놓치지않도록 천천히 둘러보자.
홍대 반프레스토 X 치바구루미 팝업 스토어에는 다양한 인기 애니메이션 캐릭터 피규어 굿즈 인형들이 있으니 이번 팝업 기간을 놓치지말고 방문해보자.
고양스타필드 건담베이스 입고 재고 반다이 건담 프라모델 종류 가격
◽장소: 고양스타필드 건담베이스 ◽주소: 경기 고양시 덕양구 고양대로 1955 2층 ◽운영시간 10:00~22:00 ...
blog.naver.com
타마시네이션 스토어 매장 피규어 종류 가격
◽장소: 고양 스타필드 건담베이스 타마시네이션 ◽주소: 경기 고양시 덕양구 고양대로 1955 2층 ◽영업시...
blog.naver.com
토이월드와 장난감가게 키덜트 액션피규어 애니굿즈 건프라 프라모델 동대문장난감 창신동문구거리
*장소: 서울 동대문 토이월드와 장난감가게 *주소: 서울 종로구 종로52길 30 *주차장: 1. 서울 종로구 종로...
blog.naver.com
하남 스타필드 토이킹덤 장난감매장 가챠부터 게임존까지
◽장소: 매튜 앤 조엘스 토이킹덤 스타필드 하남점 ◽주소: 경기 하남시 미사대로 750 스타필드 하남 3층 ...
blog.naver.com
​","{""title"": ""홍대 반프레스토 치비구루미 팝업 스토어 피규어 인형 전시 판매"", ""link"": ""https://blog.naver.com/plush-voyage/224388626526"", ""description"": ""◽장소: 홍대 반프레스토 x 치비구루미 팝업(AK프라자) ◽주소: 서울 마포구 양화로 188 AK프라자 3층... 치비구루미 팝업 스토어가 열렸다. 다양한 종류의 정품 반프레스토 피규어 굿즈와 치비구루미 인형을... "", ""bloggername"": ""세도아의 일상여행"", ""bloggerlink"": ""https://blog.naver.com/plush-voyage"", ""postdate"": 20260825, ""query"": ""마포구 팝업스토어"", ""content"": ""◽\n장소: 홍대 반프레스토 x 치비구루미 팝업(AK프라자)\n◽주소:\n서울 마포구 양화로 188 AK프라자 3층\n◽\n영업시간\n월~금 11:00~22:00\n토~일 10:30~22:00\n◽\n입장료 없음\n서울 홍대 AK플라자에서 반프레스토 치비구루미 팝업 스토어가 열렸다. 다양한 종류의 정품 반프레스토 피규어 굿즈와 치비구루미 인형을 전시 판매하고있으니 직접 보고 구매할 수 있는 기회다.\n반프레스토 X 치비구루미 팝업\n서울특별시 마포구 양화로 188\n팝업 기간 및 위치\n홍대 반프레스토 치비구루미 팝업 스토어는 홍대 AK플라자 3층에 위치해있다. 에스컬레이터 옆에 있어서 3층으로 올라가자마자 오른쪽으로 바로 보인다. 대중교통 이용시 지하철 홍대입구역 4번출구로 나오면 AK플라자가 바로 앞에 있다.\n반프레스토 X 치비구루미 팝업 기간은 8월21일부터 9월 10일 목요일까지이며, 운영 시간은 월~금 평일 11:00~22:00 이고, 토요일과 일요일 주말은 10:30~22:00 이다.\n​\n반프레스토 럭키박스\n입구에 들어서자마자 눈을 사로 잡는 것은 바로 반프레스토 럭키박스다. 럭키박스는 한정수량으로 소진시 종료될 수 있으며,\n가격은 35,000원이고\n구매제한이 없다.\n럭키박스 구성은 피규어가 3~4개 랜덤으로 들어있으며, 럭키박스 당 IP 1종이 단일 구성으로 함께 들어있다.\n구성 IP는 원피스, 나루토, 세일러문, 귀멸의칼날, 드래곤볼, 히로아카 등 인기 캐릭터 들이다.\n랜덤이므로 구매 후 교환은 불가하니 참고하도록 하자.\n​\n반프레스토 피규어 종류 및 가격\n손오공, 베지터, 원펀맨 등 인기 애니메이션 피규어가 전시되어있는데 하나 쯤 소장하고 싶은 생각이 절로 든다. 특히 원펀맨의 황금색 수트가 아주 마음에 든다.\n원피스에 등장하는 야마토, 흰수염의 젊은시절 모습과, 밀집모자 루피의 어릴적 모습 그리고 루피 니카 피규어까지 다양하게 보인다.\n나의 히어로 아카데미아에 등장하는 프로 히어로 아이자와쇼타와 영역전개를 하는 듯한 주술회전 후시구로메구미 피규어를 비롯해 나루토 하타케 카카시 피규어까지 역동적인 동작이 돋보인다.\n드래곤볼 셀과 인조인간 16호, 피콜로도\n보인다. 미도리야 이즈쿠, 바쿠고 카츠키 그리고 특유의 미소가 돋보이는 토가히미코까지\n나의 히어로 아케데미아 피규어들의 표정이 하나하나 살아있다.\n진열장 안에는 판매하는 피규어 굿즈가 가득하다. 드래곤볼 손오공의 가격은 90,000원~120,000원인데 적지않은 가격임에도 소장하고싶어진다. 개구리 중사 케로로, 장송의 프리렌, 카드캡터체리, 약사의혼잣말 마오마오 등 다양한 반프레스토 정품 피규어가 가득하다.\n전시되어있던 셀과 인조인간16호와 귀멸의 칼날은 26,000원에 판매중이다.\n헌터X헌터에 등장하는 곤과 크라피카, 단다단의 오카룽, 지지 피규어에 아야세 모모까지 종류도 다양하다.\n그 옆으로는 짱구는 못말려 맹구, 전생했더니 슬라임이었던 건에대하여, 오버로드, 죠죠의 기묘한 모험 등 또 다른 피규어들도 진열 전시 되어있다.\n데이트 어 라이브 토키사키쿠루미, 투러브 트러블 다크니스, 원피스 니코로빈, 렘, 하츠네미쿠, 디아블로 피규어도 보인다. 다양한 반프레스토 정품 피규어를 직접 보고 구매하고 싶다면 홍대로 달려가보자.\n​\n치비구루미 종류 및 가격\n반프레스토 피규어 바로 옆으로는 치비구루미 코너가 마련되어있다. 밖에서는 입구가 구분되어있지만 안에서는 이어지는 구조다.\n치비구루미란 일본 반프레스토에서 만든 10cm 정도의 작은 봉제인형 누이구루미 시리즈를 말하는데 폭신하면서 휴대하기 좋아서 가방에 주렁주렁 매달고 다니기 좋다.\n치비구루미 인형들이 트리 가득 장식되어있는데 그야말로 장관이다. 알록달록 빛나는 트리와 귀여운 누이가 은근 잘 어울린다.\n트리의 가장 위에는 하츠네 미쿠가 있는데 모바일게임 냥코대전쟁에서 콜라보하면서 알게 된 애니메이션 캐릭으로 홍대AK플라자를 비롯해 많은 곳에서 콜라보 및 팝업을 열 정도로 인기가 상당하다.\n트리를 장식중인 인형중에는 진열 매대에 없는 상품도 섞여있는데 추가 판매하진 않는다고 한다.\n트리 옆으로는 치비구루미 인형 판매 진열대가 있는데 종류가 무척 많다. 은혼, 주술회전, 귀멸의칼날, 약사의혼잣말, 하이큐, 장송의 프리렌, 죠죠의 기묘한모험, 블루 아카이브 등 인기 애니메이션 누이가 진열대 위에 가득한 모습이다.\n치비구루미 인형의 가격은 개당 20,000원인데 상품마다 재고가 3개~9개 정도 밖에 없어서 인기캐릭터는 금방 품절 될듯 싶다.\n벽면에도 다양한 라인업의 치비구루미 정품 인형이 걸려있으니 최애캐를 찾아보자.\n치비구루미 2개 이상 구매시 치비구루미PVC백을 증정한다고 하며, 공식 SNS필로우 후 반프레스토 피규어 구매를 할 경우에는 클러어파일을 증정한다고 한다.\nPVC백에는 치비구루미 인형이 쏙 들어가서 보관 및 휴대하기 좋다.\n보컬로이드, 약사의 혼잣말, 나루토 등 치바구루미 종류가 워낙 많으니 최애캐릭터를 놓치지않도록 천천히 둘러보자.\n홍대 반프레스토 X 치바구루미 팝업 스토어에는 다양한 인기 애니메이션 캐릭터 피규어 굿즈 인형들이 있으니 이번 팝업 기간을 놓치지말고 방문해보자.\n고양스타필드 건담베이스 입고 재고 반다이 건담 프라모델 종류 가격\n◽장소: 고양스타필드 건담베이스 ◽주소: 경기 고양시 덕양구 고양대로 1955 2층 ◽운영시간 10:00~22:00 ...\nblog.naver.com\n타마시네이션 스토어 매장 피규어 종류 가격\n◽장소: 고양 스타필드 건담베이스 타마시네이션 ◽주소: 경기 고양시 덕양구 고양대로 1955 2층 ◽영업시...\nblog.naver.com\n토이월드와 장난감가게 키덜트 액션피규어 애니굿즈 건프라 프라모델 동대문장난감 창신동문구거리\n*장소: 서울 동대문 토이월드와 장난감가게 *주소: 서울 종로구 종로52길 30 *주차장: 1. 서울 종로구 종로...\nblog.naver.com\n하남 스타필드 토이킹덤 장난감매장 가챠부터 게임존까지\n◽장소: 매튜 앤 조엘스 토이킹덤 스타필드 하남점 ◽주소: 경기 하남시 미사대로 750 스타필드 하남 3층 ...\nblog.naver.com\n​""}",2026-09-14T03:23:06.170797+00:00
3af3fa8a-cb97-58b2-85de-c6e700b77f95,크래비티 크크루 팝업 스토어,팝업스토어,서울 마포구 양화로 188 AK PLAZA 홍대 1층,,,,https://blog.naver.com/travel0202/224388314785,,,,"['사진맛집', '힙함']",,,,blog_popup,"크래비티 캐릭터인 크크루의 팝업스토어를 홍대에서 연다고 합니다 ~
얼른 정보 알아보러 갈게요 !
​
타이틀은
[
DETECTIVE CCREW]
일정
운영 장소 : 서울 마포구 양화로 188 AK PLAZA 홍대 1층
운영 기간 : 2026년 9월 2일 수요일 ~ 2026년 9월 10일 목요일
운영 시간 : 월~금 11:00 ~ 22:00
토~일 10:30 ~ 22:00
AK PLAZA 홍대
서울특별시 마포구 양화로 188
​
​
​
​
​
​
​
​
​
특전
[Welcome Gift]
​
팝업스토어 방문 시 1인 1회,
크크루 도무송 엽서 9종 중 1종 랜덤 증정
* 일일 한정 수량으로 당일 수량 소진 시 증정 종료
​
​
[MD REWARD EVENT]
MD 구매 영수증 당 1인 1회,
크크루 미니 핀버튼 9종 중 1종 랜덤 증정
​
​
[MD REWARD EVENT]
MD 구매 금액 7만원 당
포토카드 9종 중 1종 랜덤 증정
(14만원 이상 구매 시 9종 중 2종 랜덤 증정...)
​
​
* 이벤트 증정품은 한정 수량으로 조기 마감될 수 있습니다.
* 본 이벤트는 상품 판매가 기준으로 적용되며 상품 판매는 원화(KRW)로만 이루어집니다.
* 이벤트 참여 시 당일 영수증에 한해 단일 영수증 금액으로 참여 가능하며,
영수증 합산 및 분할은 불가합니다.
* 구매 상품 취소/환불/반품 시 증정품도 함께 반품하셔야 정상적인 처리가 가능합니다.
​
​
​
​
​
​
입장 안내
* 본 팝업스토어는 사전 예약 없이 현장에 방문하여 입장 대기 시스템 등록 후 순차적으로 입장이 가능합니다.
* 오든 전 대기 인원이 있을 경우 오전 10시부터 홍대입구역 4번 출구 앞에서 웨이팅 등록이 진행될 예정입니다.
* 입장을 원하시는 인원 모두 1인 1등록 필수이며 대기줄에 없는 인원의 대리 등록은 불가합니다.
* 입장 차례가 되면 입장 알람이 발송됩니다. 입장 알림 호출을 받으시면 수신 후 15분 이내 입장 부탁드립니다. 15분 초과 시에 대기 예약이 자동 취소됩니다.
* 입장 등록은 현장 상황에 따라 조기 마감될 수 있습니다. 입장 등록을 완료하였더라도 대기 인원에 따라 입장이 제한될 수 있습니다.
* 입장 대기 인원이 없는 경우 자율 입장으로 진행됩니다.
* 퇴장 후 재입장은 불가하며 재입장을 원하시는 고객님께서는 새로운 대기 등록이 필요하니 주의해주시기 바랍니다.
​
​
​
​
​
​
​
​
MD 리스트
모든 사진 출처 : @
withmuu
* 입장 후 상품 구매는 1인 1회만 가능하며 퇴장 시 재입장이 불가합니다.
* 모든 상품은 한정 수량으로 판매되어 조기 품절 될 수 있으며
품목/옵션 별 1인 3개
까지 구매 가능합니다.
* 모든 거래는 한국 원화(KRW)로만 이루어지며 신용카드 결제만 가능합니다.
* 현금 결제 및 상품권 결제는 불가합니다.
* 정부 정책에 따라 팝업 내일회용 쇼핑백 무상 제공이 금지되어 있으며 쇼핑백을 유상으로 판매합니다.
​
​
​
​
​
​
​
​
​
​
​
​
​
​
#크래비티
#CRAVITY
#크래비티팝업
#크크루팝업
#크래비티캐릭터팝업
#홍대팝업추천
#
DETECTIVECCREW
#크래비티팝업스토어추천","{""title"": ""2026 크래비티 CRAVITY 팝업 스토어 [DETECTIVE CCREW] POP UP 추천 일정 MD 리...."", ""link"": ""https://blog.naver.com/travel0202/224388314785"", ""description"": ""크래비티 캐릭터인 크크루의 팝업스토어를 홍대에서 연다고 합니다 ~ 얼른 정보 알아보러 갈게요 ! 타이틀은 [DETECTIVE CCREW] 일정 운영 장소 : 서울 마포구 양화로 188 AK PLAZA 홍대 1층 운영 기간 : 2026년... "", ""bloggername"": ""일상기록지"", ""bloggerlink"": ""https://blog.naver.com/travel0202"", ""postdate"": 20260824, ""query"": ""마포구 팝업스토어"", ""content"": ""크래비티 캐릭터인 크크루의 팝업스토어를 홍대에서 연다고 합니다 ~\n얼른 정보 알아보러 갈게요 !\n​\n타이틀은\n[\nDETECTIVE CCREW]\n일정\n운영 장소 : 서울 마포구 양화로 188 AK PLAZA 홍대 1층\n운영 기간 : 2026년 9월 2일 수요일 ~ 2026년 9월 10일 목요일\n운영 시간 : 월~금 11:00 ~ 22:00\n토~일 10:30 ~ 22:00\nAK PLAZA 홍대\n서울특별시 마포구 양화로 188\n​\n​\n​\n​\n​\n​\n​\n​\n​\n특전\n[Welcome Gift]\n​\n팝업스토어 방문 시 1인 1회,\n크크루 도무송 엽서 9종 중 1종 랜덤 증정\n* 일일 한정 수량으로 당일 수량 소진 시 증정 종료\n​\n​\n[MD REWARD EVENT]\nMD 구매 영수증 당 1인 1회,\n크크루 미니 핀버튼 9종 중 1종 랜덤 증정\n​\n​\n[MD REWARD EVENT]\nMD 구매 금액 7만원 당\n포토카드 9종 중 1종 랜덤 증정\n(14만원 이상 구매 시 9종 중 2종 랜덤 증정...)\n​\n​\n* 이벤트 증정품은 한정 수량으로 조기 마감될 수 있습니다.\n* 본 이벤트는 상품 판매가 기준으로 적용되며 상품 판매는 원화(KRW)로만 이루어집니다.\n* 이벤트 참여 시 당일 영수증에 한해 단일 영수증 금액으로 참여 가능하며,\n영수증 합산 및 분할은 불가합니다.\n* 구매 상품 취소/환불/반품 시 증정품도 함께 반품하셔야 정상적인 처리가 가능합니다.\n​\n​\n​\n​\n​\n​\n입장 안내\n* 본 팝업스토어는 사전 예약 없이 현장에 방문하여 입장 대기 시스템 등록 후 순차적으로 입장이 가능합니다.\n* 오든 전 대기 인원이 있을 경우 오전 10시부터 홍대입구역 4번 출구 앞에서 웨이팅 등록이 진행될 예정입니다.\n* 입장을 원하시는 인원 모두 1인 1등록 필수이며 대기줄에 없는 인원의 대리 등록은 불가합니다.\n* 입장 차례가 되면 입장 알람이 발송됩니다. 입장 알림 호출을 받으시면 수신 후 15분 이내 입장 부탁드립니다. 15분 초과 시에 대기 예약이 자동 취소됩니다.\n* 입장 등록은 현장 상황에 따라 조기 마감될 수 있습니다. 입장 등록을 완료하였더라도 대기 인원에 따라 입장이 제한될 수 있습니다.\n* 입장 대기 인원이 없는 경우 자율 입장으로 진행됩니다.\n* 퇴장 후 재입장은 불가하며 재입장을 원하시는 고객님께서는 새로운 대기 등록이 필요하니 주의해주시기 바랍니다.\n​\n​\n​\n​\n​\n​\n​\n​\nMD 리스트\n모든 사진 출처 : @\nwithmuu\n* 입장 후 상품 구매는 1인 1회만 가능하며 퇴장 시 재입장이 불가합니다.\n* 모든 상품은 한정 수량으로 판매되어 조기 품절 될 수 있으며\n품목/옵션 별 1인 3개\n까지 구매 가능합니다.\n* 모든 거래는 한국 원화(KRW)로만 이루어지며 신용카드 결제만 가능합니다.\n* 현금 결제 및 상품권 결제는 불가합니다.\n* 정부 정책에 따라 팝업 내일회용 쇼핑백 무상 제공이 금지되어 있으며 쇼핑백을 유상으로 판매합니다.\n​\n​\n​\n​\n​\n​\n​\n​\n​\n​\n​\n​\n​\n​\n#크래비티\n#CRAVITY\n#크래비티팝업\n#크크루팝업\n#크래비티캐릭터팝업\n#홍대팝업추천\n#\nDETECTIVECCREW\n#크래비티팝업스토어추천""}",2026-09-14T03:23:06.795149+00:00
e52d839c-c809-5fd8-a0ed-279446682443,오아시스랩,팝업스토어,서울특별시 마포구 서교동 395-116 1층,서울특별시 마포구 잔다리로3안길 12 1층,37.5509326,126.9191068,https://www.instagram.com/oasislab_seoul/,,,,['감성적'],서교동,,,blog_popup,"▲ 따뜻한 자연광이 드는 창가 테이블 위, 오아시스 팝업 정보를 기록한 노트와 예술 소품이 어우러진 지적인 감성 스냅과 '오아시스팝업' 타이틀.
​
오아시스 재결합 1주년을 맞아
서울 마포구에서 공식 팝업스토어가
개최되면서 국내 록 팬들의 발길이
이어지고 있습니다.
이번 오아시스팝업 행사는 단순한
굿즈 판매를 넘어 밴드의 음악적
유산을 경험할 수 있는 전시형
공간으로 마련되었습니다.
운영 일정과 장소는 어떻게 되나요?
이번 행사는 서울 마포구 서강로
78, 2층 LOUNGE M에서
열리고 있습니다.
구체적인 진행 기간은 2026년
7월 4일부터 7월 19일까지이며
매주 화요일은 휴무일로 지정되어
있습니다.
운영 시간은 오후 2시부터 오후
8시까지 운영되므로 방문 전
일정을 확인하는 편이 좋습니다.
예약 방법과 사전 접수 과정은 무엇인가요?
혼잡을 줄이기 위해 이번 행사는
온라인 사전 예약 시스템을 통해
운영되고 있습니다.
지정된 플랫폼인 팝플리를 통해
원하는 날짜와 회차를 선택하는
방식으로 진행됩니다.
인기 시간대의 경우 빠르게
마감되는 경향이 있어 오픈 일정에
맞춰 미리 신청하는 것이 유리합니다.
현장 대기 및 본인 확인 시 주의할 점은 무엇인가요?
현장에 도착하면 본인 확인을 위해
신분증 지참이 필수적으로 요구됩니다.
타인 명의로 예약한 경우 입장이
제한될 수 있어 주의가 필요합니다.
그리고 예약 시간보다 조금 여유
있게 도착해 대기 줄을 안내받는
편이 안전합니다.
어떤 한정판 MD와 굿즈를 만날 수 있나요?
현장에서는 포스터와 음반을 비롯해
다양한 한정판 아이템이 전시되고
있습니다.
펜으로 체크하여 주문서를 작성하는
방식으로 운영되어 결제 과정을
빠르게 진행할 수 있도록 돕고 있습니다.
인기 품목은 조기 소진될 가능성이
있어 원하는 상품이 있다면 빠른
확인이 필요합니다.
방문 시 참고해야 할 이용 팁은 무엇인가요?
굿즈 주문서에 체크했다고 해서
해당 품목의 재고가 확실히
남아있는 것은 아니며 실제 결제
창구에서 최종 확인이 가능합니다.
비치된 QR코드를 통해 상세
정보를 실시간으로 확인하며
둘러보는 방식을 활용하면 더욱
편리합니다.
핵심 요약
행사명: 오아시스 팝업스토어
장소: 서울 마포구 서강로 78 2층 LOUNGE M
기간: 2026년 7월 4일부터 7월 19일까지 운영
시간: 오후 2시부터 오후 8시까지 (매주 화요일 휴무) 예약
방식: 팝플리 온라인 사전 예약제 운영
​
​
💡
함께 읽으면 좋은 추천
돈키호테 추천템 성공적인 쇼핑을 위한 필수 리스트
일본 여행을 떠나기 전 수많은 후기를 찾아보아도 막상 매장에 들어서면 수많은 물건 속에서 무엇을 담아야...
blog.naver.com
​","{""title"": ""<b>오아시스</b>랩"", ""link"": ""https://www.instagram.com/oasislab_seoul/"", ""category"": ""카페,디저트>카페"", ""description"": """", ""telephone"": """", ""address"": ""서울특별시 마포구 서교동 395-116 1층"", ""roadAddress"": ""서울특별시 마포구 잔다리로3안길 12 1층"", ""mapx"": ""1269191068"", ""mapy"": ""375509326""}",2026-09-14T03:23:07.429716+00:00
84c9045a-dd30-5c8e-aca3-de43e675b7f1,라테일 20주년 팝업스토어,팝업스토어>게임 팝업,서울특별시 마포구 동교동 148-12 스페이스비 연남,서울특별시 마포구 동교로30길 21 스페이스비 연남,37.5598953,126.9250711,,,,,"['사진맛집', '힙함']",,,,blog_popup,"안녕하세요 몽글입니당>.<
제가 즐겨하는 게임인
라테일이 20주년
을 맞아!
팝업스토어를 열어 방문한 후기 들고왔습니다~
​
이미 끝난 팝업이지만 라테일.. 좋아해서
그냥 블로그 씁니다
호호
​
라테일 20주년 팝업스토어
현재 종료!
스페이스비 연남
서울특별시 마포구 동교로30길 21
♡팝업 위치
서울특별시 마포구 동교로30길 21
스페이스비 연남
​
♡팝업기간
현재는 종료되었습니다!
​
흥미롭고 놀라운 이야기, '라테일(LaTale)'
샤이닝 3차 업데이트-변화의 빛 중요 (수정) 7월 22일(수) 샤이닝 - 무대 위의 빛 업데이트 안내 전체 공지 점검 패치 이벤트 8월 한정판매 Change 배틀패스 8월 뉴스타일 펭펭이랑 노래할펭 8월 이리스의 선물 패션 특별판매 여름 특별판매 WELCOME! 신규 복귀 특별판매 이전 03 99 다음 게임 시작 로그인 회원가입 아이디/비밀번호 찾기
www.latale.com
라테일 찍먹해보시라고 링크 남겨드려요
뉴비들 하기 좋고 완전 귀여우니까 하세요
꼭꼭
시작하면 제가 도와드리겠습니다!!!!!!
(니가 뭔데)
오늘의 저의 팝업메이트입니다
이 사진은 나오자마자 신발끈 끊어져서
신발부터 사러갔습니다..
연남 착한구두에서 샀어용
멀리서부터 대왕 프리링이 저를맞이해줬어요
사람들이 은근 많았고 저는 예약을 먼저 해서
오후 1:30 방문을 했습니다!
사실 스트레스볼 키링을 갖고싶었는데
방문하자마자 바로 품절되어있었어용 휴휴 ..
대기하면서 프리링 부채를 나눠줬는데
이거 요긴하게 썼어요..
짱더워서 부채 짱!!!
입구 바깥벽에는
카즈노 이리스 초엔팜
일러스트가 있었어요 귀여워..
입장해서는 대왕 프리링 간판이 있었구
스탬프투어를 할 수 있었어요!
그래서 딱히 굿즈를 사지 않아도
할거리가 꽤나 많아서 좋았어용ㅎㅎㅎ
굿즈들을 집어서 사는것이 아니라
보고난 후
체크리스트에 적어서
앞에서 결제하고 담아주는 식으로
진행했습니다
갠적으로 이 귀여운 쪼마난 뜨개프리링
팔아주면 좋겠어요..
얜 파는게 아니예요
앞쪽에서 퀴즈도 맞출 수 있었는데
라테일 나름... 오래 한 사람으로
틀릴까봐 걱정했는데
난이도 하중에 완전 하!!!
​
다맞췄답니다 요호호
그리고 사는동안 여러개가 또 품절이 됐는데
장패드 진짜 딱 제가 마지막이여서
문닫고 사서 좀 쫄렸어요.. 휴!!!!
완전 럭키비키였어요
라테일은 또 브금이 대박이거든요..
브금 월드컵했는데 전 옛날부터
엘아노르 평원 동부
​
노래를 좋아했어요
짜루짜루 진짜루..
한번만 들어주세요 제발요!!!!!!!!
벽에는 전 직업 일러스트가 그려져있었습니다
저는 파픈스타라는 기타쓰는 직업을 하고있어요
일러스트 보는맛도 너무 좋았어요
귀여워!!!!!!!
아니 심지어 네컷짜리 사진 공짜였어요
전 당연히 돈내고 찍는줄알았는데
돈내도 물론 찍으려 했는데 공짜라니.....
뭐가 남나요..
(여러분이요)
마지막으로 포토카드까지 뽑아서 팝업 즐기기 끝!
심지어 키링도 줬어요...
사진이없네용 근데 짱짱 귀여워욤
라테일 제발 건강하게 살아다오
굿즈 안사도
즐길거리 대박 많았다
20주년 축하해 라테일아
아프지말고 건강해야해..!
​","{""title"": ""<b>라테일 20</b>주년 <b>팝업</b>스토어"", ""link"": """", ""category"": ""팝업스토어>게임 팝업"", ""description"": """", ""telephone"": """", ""address"": ""서울특별시 마포구 동교동 148-12 스페이스비 연남"", ""roadAddress"": ""서울특별시 마포구 동교로30길 21 스페이스비 연남"", ""mapx"": ""1269250711"", ""mapy"": ""375598953""}",2026-09-14T03:23:07.738950+00:00
24ecd4c7-3668-53bf-b3ee-26692b11d1c7,상암동 KCON JAPAN 2026 팝업 스토어,팝업스토어,서울 마포구 상암동,,,,https://blog.naver.com/greamwall/224383112262,,,,['사진맛집'],상암동,,,blog_popup,"안녕하세요, LED 전광판 직접 시공 전문 업체
그림월
입니다.
​
저희는 기획부터 제작, 시공, AS까지 외주 없이 전 과정을 직접 진행합니다. 오늘은 서울
상암동에서 진행한 KCON JAPAN 2026 팝업스토어현장을 소개해드립니다
설치개요
항목
내용
지역
서울 마포구 상암동
업종
K-POP 팝업스토어 (체험형 리테일)
전광판 사이즈
640×1920mm (5대 조합) 외 존별 상이
해상도 / 픽셀피치
344×1032 / P1.86 (실내용 고해상도)
설치 목적
브랜드 영상 송출, 무대 실황 재생, 포토존
시공 과정 — ""세로 배너형""으로 포토존 및 브랜등 영상 송출
행사 기간 동안 렌탈 설치 및 운영을 목적으로 고객사에서 의뢰해 주셨습니다.
설치 위치는 방문객의 첫인상을 좌우하는 입구 포토존과 대기 공간이었고, 몰입도를 높
이기 위해 실내용 고해상도 세로형 LED 전광판 5대를 시공하기로 했습니다.
실내에서 영상을 보다 선명하게 송출하고, 특히 포토존으로 활용되는 만큼 근접 거리에서 화면을 보더라도 픽셀이 거슬리지 않도록 컬러와 텍스트를 정교하게 표현하기 위해
“
P1.86 픽셀피치
” 를 사용했습니다.
MZ세대에게
익숙한 팝업스토어 환경에서 사진과 영상 촬영은 SNS 콘텐츠 제작의 핵심 순간이기 때문에, 고해상도 연출 여부가 방문객 경험에 큰 차이를 만듭니다.
여기서 잠깐...픽셀피치는 어떻게 선택하나요?
픽셀피치별 특징 비교 (실내 / 실외 / 옥외)
구분
픽셀피치
특징
적합한 장소
실내용
P1.2~P1.9
초근접 시야에도 선명, 정밀한 영상 표현
매장 내부, 로비, 무대 영상 (
이번 현장
)
실외용
P2.5~P4
근~중거리 시야 기준, 방수 사양
상가 간판, 건물 저층부
옥외용
P5 이상
원거리 시야 기준, 높은 밝기와 내구성
대형 빌보드, 고층 건물 외벽
세로형 LED 배너를 팝업스토어에 최적인 이유
▶세로형 LED 전광판은 공간을 보다 넓어 보이게 만듭니다.
천장방향으로 방문객들의 시선을 이끌어 공간이 답답하지 않고 시원한 개방감을 줍니다.
​
▶SNS 촬영에 최적화 되었습니다.
MZ들의 소통방식은 릴스, 숏츠, 스토리에 그들의 일상을 올리고 공유하는 문화입니다.
대부분 연출되는 이미지와 영상의 비율이 세로이므로 이에 적합한 환경을 제공합니다.
​
▶콘텐츠 교체가 쉽습니다.
행사장 상황에 따라 송출되는 텍스트나 영상의 수정 및 교체가 즉각적이며 쉽습니다.
드디어 완성된 모습
KCON JAPAN 2026 무대 실황이 대형 스크린에 송출됩니다. 관람객이 가까이서 관람하
는 구조라 고해상도 세팅이 필수였던 구역입니다.
비용은 얼마나 드나요?
사이즈, 픽셀피치, 실내·실외 여부에 따라 차이가 큽니다. 특히 기둥 코너처럼 특수 형태 시공은 구조물 제작비가 추가될 수 있어, 정확한 견적은 현장 실측 후 산정해드립니다.
​
렌탈도 가능한가요?
네, 이번 현장도 2주 단기 렌탈로 진행했습니다. 팝업스토어나 행사처럼 짧은 기간만 필요하시면 구매보다 렌탈이 훨씬 경제적입니다.
​
AS는 어떻게 대응하나요?
직접 시공한 현장이기 때문에 문제 발생 시 저희가 바로 대응합니다. 시공팀과 AS팀이
분리되어 있지 않아 응대 속도가 빠릅니다
​
이번 현장은 관람객이 매우 가까이 접근하는 실내 환경이었기 때문에
P1.86 고해상도
실내용
을 선택했습니다. 설치 환경에 안 맞는 피치를 선택하면 화면이 거칠어지거나, 반
대로 고장 위험이 커지므로 견적만큼 중요한 선택 기준입니다.
​
기존 간판 대비 LED 전광판의 장점
콘텐츠 교체 자유도: 재제작 없이 영상·이미지를 즉시 교체 가능
시선 집중력: 정지된 간판보다 동 콘텐츠의 주목도가 훨씬 높음
입체적 연출: 이번 현장처럼 기둥 코너를 감싸는 시공도 가능해 평면 간판으로는 낼 수 없는 공간감을 구현
타사 대비 저희 업체의 차별점
직접 시공: 기획-제작-시공-AS 전 과정을 한 팀이 전담
현장 실측 기반 견적: 도면만으로 견적을 내지 않고 반드시 현장 확인
단기 렌탈 대응: 팝업스토어, 행사장 등 짧은 설치 기간도 유연하게 대응
다구역 동시 시공 경험: 여러 존을 동시에 진행하는 복잡한 현장도 효율적으로 운영
현장 후기
비록 2주간의 렌탈을 위한 현장이었지만, 방문객이 많고 동선이 넓고 혼잡한 환경이라 안전에 신경을 많이 썼던 현장이었습니다.
​
깔끔한 배선 정리는 물론, 세로형 LED가 포토존으로 활용되는 만큼 전광판 앞으로 관람객들이 촬영 및 관람을 위해 모이는 구역이라 패널 및 모듈 간 설치 과정을 꼼꼼하게 진행했습니다.
​
​
LED 의 모든 것 언제든지 연락주세요
010-8921-2286
매장 기둥·코너 등 특수 형태에 LED 설치를 고민 중이신 분
팝업스토어, 전시 부스처럼 여러 존을 동시에 구성해야 하는 분 단기 렌탈 LED 전광판
이 필요하신 분
실측부터 설치, 운영, 철거까지 직접 진행하기 때문에 복잡한 현장에서도 빠르게 대응합
니다.
편하게 문의 주세요 😊
​
그림월 벽면인쇄 - 네이버톡톡
독일의 혁신적인 기술로 모든 표면위에 현장인쇄 서비스를 진행해 드립니다.
talk.naver.com
그림월_월펜
벽면 공간의 새로운 가치를 창출하는 솔루션 제공자
pf.kakao.com
LED_전광판 제작 문의
네이버 폼 설문에 바로 참여해 보세요.
form.naver.com
#그림월
#전광판
#LED
전광판
#상암동전광판
# 팝업스토어전광판
#RGB
#실내용전광판
#전시장LED
#전시장전광판
#LED디스플레이
#KCONJAPAN2026","{""title"": ""[상암동 KCON JAPAN 2026 팝업스토어] LED 전광판 설치 후기 — 코너형 시...."", ""link"": ""https://blog.naver.com/greamwall/224383112262"", ""description"": ""오늘은 서울 상암동에서 진행한 KCON JAPAN 2026 팝업스토어현장을 소개해드립니다 설치개요 항목 내용 지역 서울 마포구 상암동 업종 K-POP 팝업스토어 (체험형 리테일) 전광판 사이즈 640×1920mm (5대 조합) 외... "", ""bloggername"": ""Greamwall"", ""bloggerlink"": ""https://blog.naver.com/greamwall"", ""postdate"": 20260819, ""query"": ""마포구 팝업스토어"", ""content"": ""안녕하세요, LED 전광판 직접 시공 전문 업체\n그림월\n입니다.\n​\n저희는 기획부터 제작, 시공, AS까지 외주 없이 전 과정을 직접 진행합니다. 오늘은 서울\n상암동에서 진행한 KCON JAPAN 2026 팝업스토어현장을 소개해드립니다\n설치개요\n항목\n내용\n지역\n서울 마포구 상암동\n업종\nK-POP 팝업스토어 (체험형 리테일)\n전광판 사이즈\n640×1920mm (5대 조합) 외 존별 상이\n해상도 / 픽셀피치\n344×1032 / P1.86 (실내용 고해상도)\n설치 목적\n브랜드 영상 송출, 무대 실황 재생, 포토존\n시공 과정 — \""세로 배너형\""으로 포토존 및 브랜등 영상 송출\n행사 기간 동안 렌탈 설치 및 운영을 목적으로 고객사에서 의뢰해 주셨습니다.\n설치 위치는 방문객의 첫인상을 좌우하는 입구 포토존과 대기 공간이었고, 몰입도를 높\n이기 위해 실내용 고해상도 세로형 LED 전광판 5대를 시공하기로 했습니다.\n실내에서 영상을 보다 선명하게 송출하고, 특히 포토존으로 활용되는 만큼 근접 거리에서 화면을 보더라도 픽셀이 거슬리지 않도록 컬러와 텍스트를 정교하게 표현하기 위해\n“\nP1.86 픽셀피치\n” 를 사용했습니다.\nMZ세대에게\n익숙한 팝업스토어 환경에서 사진과 영상 촬영은 SNS 콘텐츠 제작의 핵심 순간이기 때문에, 고해상도 연출 여부가 방문객 경험에 큰 차이를 만듭니다.\n여기서 잠깐...픽셀피치는 어떻게 선택하나요?\n픽셀피치별 특징 비교 (실내 / 실외 / 옥외)\n구분\n픽셀피치\n특징\n적합한 장소\n실내용\nP1.2~P1.9\n초근접 시야에도 선명, 정밀한 영상 표현\n매장 내부, 로비, 무대 영상 (\n이번 현장\n)\n실외용\nP2.5~P4\n근~중거리 시야 기준, 방수 사양\n상가 간판, 건물 저층부\n옥외용\nP5 이상\n원거리 시야 기준, 높은 밝기와 내구성\n대형 빌보드, 고층 건물 외벽\n세로형 LED 배너를 팝업스토어에 최적인 이유\n▶세로형 LED 전광판은 공간을 보다 넓어 보이게 만듭니다.\n천장방향으로 방문객들의 시선을 이끌어 공간이 답답하지 않고 시원한 개방감을 줍니다.\n​\n▶SNS 촬영에 최적화 되었습니다.\nMZ들의 소통방식은 릴스, 숏츠, 스토리에 그들의 일상을 올리고 공유하는 문화입니다.\n대부분 연출되는 이미지와 영상의 비율이 세로이므로 이에 적합한 환경을 제공합니다.\n​\n▶콘텐츠 교체가 쉽습니다.\n행사장 상황에 따라 송출되는 텍스트나 영상의 수정 및 교체가 즉각적이며 쉽습니다.\n드디어 완성된 모습\nKCON JAPAN 2026 무대 실황이 대형 스크린에 송출됩니다. 관람객이 가까이서 관람하\n는 구조라 고해상도 세팅이 필수였던 구역입니다.\n비용은 얼마나 드나요?\n사이즈, 픽셀피치, 실내·실외 여부에 따라 차이가 큽니다. 특히 기둥 코너처럼 특수 형태 시공은 구조물 제작비가 추가될 수 있어, 정확한 견적은 현장 실측 후 산정해드립니다.\n​\n렌탈도 가능한가요?\n네, 이번 현장도 2주 단기 렌탈로 진행했습니다. 팝업스토어나 행사처럼 짧은 기간만 필요하시면 구매보다 렌탈이 훨씬 경제적입니다.\n​\nAS는 어떻게 대응하나요?\n직접 시공한 현장이기 때문에 문제 발생 시 저희가 바로 대응합니다. 시공팀과 AS팀이\n분리되어 있지 않아 응대 속도가 빠릅니다\n​\n이번 현장은 관람객이 매우 가까이 접근하는 실내 환경이었기 때문에\nP1.86 고해상도\n실내용\n을 선택했습니다. 설치 환경에 안 맞는 피치를 선택하면 화면이 거칠어지거나, 반\n대로 고장 위험이 커지므로 견적만큼 중요한 선택 기준입니다.\n​\n기존 간판 대비 LED 전광판의 장점\n콘텐츠 교체 자유도: 재제작 없이 영상·이미지를 즉시 교체 가능\n시선 집중력: 정지된 간판보다 동 콘텐츠의 주목도가 훨씬 높음\n입체적 연출: 이번 현장처럼 기둥 코너를 감싸는 시공도 가능해 평면 간판으로는 낼 수 없는 공간감을 구현\n타사 대비 저희 업체의 차별점\n직접 시공: 기획-제작-시공-AS 전 과정을 한 팀이 전담\n현장 실측 기반 견적: 도면만으로 견적을 내지 않고 반드시 현장 확인\n단기 렌탈 대응: 팝업스토어, 행사장 등 짧은 설치 기간도 유연하게 대응\n다구역 동시 시공 경험: 여러 존을 동시에 진행하는 복잡한 현장도 효율적으로 운영\n현장 후기\n비록 2주간의 렌탈을 위한 현장이었지만, 방문객이 많고 동선이 넓고 혼잡한 환경이라 안전에 신경을 많이 썼던 현장이었습니다.\n​\n깔끔한 배선 정리는 물론, 세로형 LED가 포토존으로 활용되는 만큼 전광판 앞으로 관람객들이 촬영 및 관람을 위해 모이는 구역이라 패널 및 모듈 간 설치 과정을 꼼꼼하게 진행했습니다.\n​\n​\nLED 의 모든 것 언제든지 연락주세요\n010-8921-2286\n매장 기둥·코너 등 특수 형태에 LED 설치를 고민 중이신 분\n팝업스토어, 전시 부스처럼 여러 존을 동시에 구성해야 하는 분 단기 렌탈 LED 전광판\n이 필요하신 분\n실측부터 설치, 운영, 철거까지 직접 진행하기 때문에 복잡한 현장에서도 빠르게 대응합\n니다.\n편하게 문의 주세요 😊\n​\n그림월 벽면인쇄 - 네이버톡톡\n독일의 혁신적인 기술로 모든 표면위에 현장인쇄 서비스를 진행해 드립니다.\ntalk.naver.com\n그림월_월펜\n벽면 공간의 새로운 가치를 창출하는 솔루션 제공자\npf.kakao.com\nLED_전광판 제작 문의\n네이버 폼 설문에 바로 참여해 보세요.\nform.naver.com\n#그림월\n#전광판\n#LED\n전광판\n#상암동전광판\n# 팝업스토어전광판\n#RGB\n#실내용전광판\n#전시장LED\n#전시장전광판\n#LED디스플레이\n#KCONJAPAN2026""}",2026-09-14T03:23:08.065027+00:00
a70a01ec-c6c8-58ff-97be-8f788a6c4e85,이누야샤 국내 팝업 스토어,팝업스토어,서울특별시 마포구 양화로 188,,,,https://blog.naver.com/1215426/224382488374,,,,"['웨이팅있음', '예약필수']",,,,blog_popup,"​
​
전국시대 모험이야기!
이누야샤 국내 팝업스토어 개최!
​
​
​
🔮 개최 기간 🔮
26년 9월 1일 ~ 26년 9월 22일
​
🔮 운영 시간 🔮
평일 OPEN 11:00 ~ CLOSE 22:00
주말 및 공휴일 OPEN 10:30 ~ CLOSE 22:00
​
🔮 개최 장소 🔮
서울시 마포구 양화로 188 AK플라자 홍대 4층
AK PLAZA 홍대
서울특별시 마포구 양화로 188
​
경기도 수원시 팔달구 덕영대로 924  AK플라자 수원 5층
AK플라자 수원
경기도 수원시 팔달구 덕영대로 924 AK플라자 수원
​
​
​
​
🔮 방문 예약 및 안내 🔮
​
사전 예약은 네이버 예약으로 진행되며
9월 1일 ~ 9월 6일은 사전 예약으로 운영됩니다.
​
해당 기간 동안 노쇼 발생 시 현장 워크인 입장 가능하며 사전 예약 기간인 첫날만 워크인 입장 운영을 하지 않습니다. 워크인 입장을 원하실 경우, 매장 앞에서 워크인 전용 나우웨이팅 등록 후 대기 부탁드립니다.
​
​
​
​
사전 예약 하는 곳
​
​
​
​
🔮 MD 구매 특전 🔮
​
2만원 이상 구매 시 캐릭터 코스터 1종 증정
​
​
​
5만원 이상 구매 시 메모리얼 카드 1종 증정
​
■ 특전은 구매 당일의 영수증 금액에 따라 증정되며, 영수증 합산은 불가합니다.
■ 특전은 랜덤 증정되며, 선택 및 교환은 불가합니다.
■ 특전은 조기 소진될 수 있으며, 소진 시 증정 이벤크는 종료됩니다.
​
​
​
​
🔮 MD 굿즈 라인업 🔮
​
사혼의 구슬 캔뱃지
❥ 이누야샤, 가영, 산고, 미륵, 셋쇼마루 외 전 8종
가격: 6,000원
​
​
​
캐릭터 카드 [1팩 2매]
❥ 이누야샤, 가영, 산고, 미륵, 셋쇼마루 외 전 12종
가격: 5,000원
​
​
​
​
네컷 필름
❥ 이누야샤, 가영, 산고, 미륵, 셋쇼마루 외 전 8종
가격: 4,000원
​
​
​
​
에마 키링
❥ 이누야샤, 가영, 산고, 미륵, 셋쇼마루 외 전 8종
가격: 11,000원
​
​
​
​
사혼의 구슬 부적 키링
가격: 23,000원
​
​
​
​
사혼의 구슬 반구 스마트톡
가격: 15,000원
​
​
​
​
페어 아크릴 스탠드
❥ 이누야샤, 가영, 산고, 미륵 전 2종
가격: 22,000원
​
​
​
아크릴 스탠드
❥ 이누야샤, 가영, 셋쇼마루 외 전 4종
가격: 19,000원
​
​
​
이누야샤 스프링 아크릴 스탠드
가격: 16,000원
​
​
​
​
셋쇼마루 족자봉
가격: 22,000원
​
​
​
​
이누야샤 키보드 커버
가격: 10,500원
​
​
​
​
셋쇼마루 데스크 장패드
가격: 28,000원
​
​
​
​
​
유가영 마우스 패드
가격: 7,000원
​
​
​
​
미륵 풍혈 멀티클리너
가격: 5,000원
​
​
​
A4 클리어 파일
가격: 5,500원
​
​
​
​
엽서 세트
❥ A버전,  B버전
가격: 8,000원
​
​
​
렌티큘러 카드
❥ 이누야샤, 셋쇼마루 전 2종
가격: 7,000원
​
​
​
​
🔮 MD 실물 공개 🔮
​
이누야샤만의 독보적인 비주얼이 담긴 굿즈 실물 공개 ✨️","{""title"": ""[정보] 이누야샤 AK플라자 팝업스토어 개최"", ""link"": ""https://blog.naver.com/1215426/224382488374"", ""description"": ""이누야샤 국내 팝업스토어 개최!  개최 기간  26년 9월 1일 ~ 26년 9월 22일  운영 시간  평일 OPEN 11:00... 서울시 마포구 양화로 188 AK플라자 홍대 4층 경기도 수원시 팔달구 덕영대로 924 AK플라자 수원 5층... "", ""bloggername"": ""いいことがいっぱいになれ"", ""bloggerlink"": ""https://blog.naver.com/1215426"", ""postdate"": 20260818, ""query"": ""마포구 팝업스토어"", ""content"": ""​\n​\n전국시대 모험이야기!\n이누야샤 국내 팝업스토어 개최!\n​\n​\n​\n🔮 개최 기간 🔮\n26년 9월 1일 ~ 26년 9월 22일\n​\n🔮 운영 시간 🔮\n평일 OPEN 11:00 ~ CLOSE 22:00\n주말 및 공휴일 OPEN 10:30 ~ CLOSE 22:00\n​\n🔮 개최 장소 🔮\n서울시 마포구 양화로 188 AK플라자 홍대 4층\nAK PLAZA 홍대\n서울특별시 마포구 양화로 188\n​\n경기도 수원시 팔달구 덕영대로 924  AK플라자 수원 5층\nAK플라자 수원\n경기도 수원시 팔달구 덕영대로 924 AK플라자 수원\n​\n​\n​\n​\n🔮 방문 예약 및 안내 🔮\n​\n사전 예약은 네이버 예약으로 진행되며\n9월 1일 ~ 9월 6일은 사전 예약으로 운영됩니다.\n​\n해당 기간 동안 노쇼 발생 시 현장 워크인 입장 가능하며 사전 예약 기간인 첫날만 워크인 입장 운영을 하지 않습니다. 워크인 입장을 원하실 경우, 매장 앞에서 워크인 전용 나우웨이팅 등록 후 대기 부탁드립니다.\n​\n​\n​\n​\n사전 예약 하는 곳\n​\n​\n​\n​\n🔮 MD 구매 특전 🔮\n​\n2만원 이상 구매 시 캐릭터 코스터 1종 증정\n​\n​\n​\n5만원 이상 구매 시 메모리얼 카드 1종 증정\n​\n■ 특전은 구매 당일의 영수증 금액에 따라 증정되며, 영수증 합산은 불가합니다.\n■ 특전은 랜덤 증정되며, 선택 및 교환은 불가합니다.\n■ 특전은 조기 소진될 수 있으며, 소진 시 증정 이벤크는 종료됩니다.\n​\n​\n​\n​\n🔮 MD 굿즈 라인업 🔮\n​\n사혼의 구슬 캔뱃지\n❥ 이누야샤, 가영, 산고, 미륵, 셋쇼마루 외 전 8종\n가격: 6,000원\n​\n​\n​\n캐릭터 카드 [1팩 2매]\n❥ 이누야샤, 가영, 산고, 미륵, 셋쇼마루 외 전 12종\n가격: 5,000원\n​\n​\n​\n​\n네컷 필름\n❥ 이누야샤, 가영, 산고, 미륵, 셋쇼마루 외 전 8종\n가격: 4,000원\n​\n​\n​\n​\n에마 키링\n❥ 이누야샤, 가영, 산고, 미륵, 셋쇼마루 외 전 8종\n가격: 11,000원\n​\n​\n​\n​\n사혼의 구슬 부적 키링\n가격: 23,000원\n​\n​\n​\n​\n사혼의 구슬 반구 스마트톡\n가격: 15,000원\n​\n​\n​\n​\n페어 아크릴 스탠드\n❥ 이누야샤, 가영, 산고, 미륵 전 2종\n가격: 22,000원\n​\n​\n​\n아크릴 스탠드\n❥ 이누야샤, 가영, 셋쇼마루 외 전 4종\n가격: 19,000원\n​\n​\n​\n이누야샤 스프링 아크릴 스탠드\n가격: 16,000원\n​\n​\n​\n​\n셋쇼마루 족자봉\n가격: 22,000원\n​\n​\n​\n​\n이누야샤 키보드 커버\n가격: 10,500원\n​\n​\n​\n​\n셋쇼마루 데스크 장패드\n가격: 28,000원\n​\n​\n​\n​\n​\n유가영 마우스 패드\n가격: 7,000원\n​\n​\n​\n​\n미륵 풍혈 멀티클리너\n가격: 5,000원\n​\n​\n​\nA4 클리어 파일\n가격: 5,500원\n​\n​\n​\n​\n엽서 세트\n❥ A버전,  B버전\n가격: 8,000원\n​\n​\n​\n렌티큘러 카드\n❥ 이누야샤, 셋쇼마루 전 2종\n가격: 7,000원\n​\n​\n​\n​\n🔮 MD 실물 공개 🔮\n​\n이누야샤만의 독보적인 비주얼이 담긴 굿즈 실물 공개 ✨️""}",2026-09-14T03:23:08.983314+00:00
29c74a81-3855-5ba4-977a-122155a73369,명탐정 코난 영화 팝업,팝업스토어,서울 마포구 양화로 178-5 LC타워 별관 지하2층 팬베이스 홍대점입니닷. 202,,,,https://blog.naver.com/mha0715/224378928608,,,,"['사진맛집', '힙함']",,,,blog_popup,"안녕하세요. 명탐정코난 영화가 나오면서 팝업도 나오고 콜라보 카페도 나오네요! 명탐정 코난 팝업 : 하이웨이의 타천사 위치는 서울 마포구 양화로 178-5 LC타워 별관 지하2층 팬베이스 홍대점입니닷. 2026년 8월 12일 ~ 2026년 8월 30일까지 매일 11:00 ~ 20:00까지 운영해요.
팬베이스 홍대점
서울특별시 마포구 양화로 178-5 LC타워 별관 지하2층
홍대 명탐정 코난 콜라보 카페 사전 예약하는 곳 링크입니당. 현장 예약 하는 기간도 있으니 사전 예약 못했다고 실망하지마여.
네이버 예약 :: 명탐정 코난:하이웨이의 타천사&야이바 팝업스토어
명탐정 코난:하이웨이의 타천사&야이바 팝업스토어의 사전 예약 신청입니다.
booking.naver.com
참고로 코난 팝업 종료 후 팝업 한정 굿즈는 온라인 스토어에서도 만나볼 수 있어요!!
온라인 예약 판매 사전 안내 | 극장판 명탐정 코난_하이웨이의 타천사
안녕하세요, 『명탐정 코난: 하이웨이의 타천사』팝업스토어에 보여주신 뜨거운 성원에 정말 감사하다는 말씀 전합니다. 최대한 많은 분들이 팝업스토어 한정 굿즈를 받아보실 수 있도록 팝업스토어가 종료된 후 팝업스토어 상품의 온라인 예약 판매를 진행할 예정입니다! ※ [쿠키&띠부씰 세트]의 경우 제작 공정 상의 이유로 온라인 판매에서 제외됩니다. ※ 온라인 판매의 경우 구매 특전은 제공되지 않습니다. ※ 온라인 판매는 대한민국 배송 한정으로 진행됩니다...
fanding.kr
명탐정 코난 팝업 굿즈들 보여드릴게욧.
치하야, 쥬고, 진페이, 켄지 경찰 뱃지 지갑 각 35,000원
코난 보이스 키체인 29,000원
하이웨이의 타천사 접시 35,000원
로고 메탈 북마크 15,000원
POLICE / 코난 탐정소 박스 테이프 2종 각 12,000원
마츠다 진페이 안경 아크릴 거치대 30,000원
치하야, 쥬고, 진페이, 켄지 메탈 명찰 각 12,000원
경찰 리빙 박스 23,000원
보타이, 헬멧, 수갑 카라비너 3종 각 12,000원
자리비움 스탠드 2종 POLICE / 코난 탐정소 각 18,000원
치하야, 쥬고, 코난, 세라, 진페이, 켄지 미니만쥬 6종 각 15,000원
CJENM 필름통키링 코난 시리즈 15,000원
하이웨이의 타천사 포켓백 20,000원
8월 홍대 팝업스토어로 추천드립니당~","{""title"": ""8월 팝업스토어 추천, 홍대 명탐정 코난 팝업 사전예약 하는 법, 굿...."", ""link"": ""https://blog.naver.com/mha0715/224378928608"", ""description"": ""명탐정 코난 팝업 : 하이웨이의 타천사 위치는 서울 마포구 양화로 178-5 LC타워 별관 지하2층... 코난 시리즈 15,000원 하이웨이의 타천사 포켓백 20,000원 8월 홍대 팝업스토어로 추천드립니당~"", ""bloggername"": ""제아링의 파우치"", ""bloggerlink"": ""https://blog.naver.com/mha0715"", ""postdate"": 20260814, ""query"": ""마포구 팝업스토어"", ""content"": ""안녕하세요. 명탐정코난 영화가 나오면서 팝업도 나오고 콜라보 카페도 나오네요! 명탐정 코난 팝업 : 하이웨이의 타천사 위치는 서울 마포구 양화로 178-5 LC타워 별관 지하2층 팬베이스 홍대점입니닷. 2026년 8월 12일 ~ 2026년 8월 30일까지 매일 11:00 ~ 20:00까지 운영해요.\n팬베이스 홍대점\n서울특별시 마포구 양화로 178-5 LC타워 별관 지하2층\n홍대 명탐정 코난 콜라보 카페 사전 예약하는 곳 링크입니당. 현장 예약 하는 기간도 있으니 사전 예약 못했다고 실망하지마여.\n네이버 예약 :: 명탐정 코난:하이웨이의 타천사&야이바 팝업스토어\n명탐정 코난:하이웨이의 타천사&야이바 팝업스토어의 사전 예약 신청입니다.\nbooking.naver.com\n참고로 코난 팝업 종료 후 팝업 한정 굿즈는 온라인 스토어에서도 만나볼 수 있어요!!\n온라인 예약 판매 사전 안내 | 극장판 명탐정 코난_하이웨이의 타천사\n안녕하세요, 『명탐정 코난: 하이웨이의 타천사』팝업스토어에 보여주신 뜨거운 성원에 정말 감사하다는 말씀 전합니다. 최대한 많은 분들이 팝업스토어 한정 굿즈를 받아보실 수 있도록 팝업스토어가 종료된 후 팝업스토어 상품의 온라인 예약 판매를 진행할 예정입니다! ※ [쿠키&띠부씰 세트]의 경우 제작 공정 상의 이유로 온라인 판매에서 제외됩니다. ※ 온라인 판매의 경우 구매 특전은 제공되지 않습니다. ※ 온라인 판매는 대한민국 배송 한정으로 진행됩니다...\nfanding.kr\n명탐정 코난 팝업 굿즈들 보여드릴게욧.\n치하야, 쥬고, 진페이, 켄지 경찰 뱃지 지갑 각 35,000원\n코난 보이스 키체인 29,000원\n하이웨이의 타천사 접시 35,000원\n로고 메탈 북마크 15,000원\nPOLICE / 코난 탐정소 박스 테이프 2종 각 12,000원\n마츠다 진페이 안경 아크릴 거치대 30,000원\n치하야, 쥬고, 진페이, 켄지 메탈 명찰 각 12,000원\n경찰 리빙 박스 23,000원\n보타이, 헬멧, 수갑 카라비너 3종 각 12,000원\n자리비움 스탠드 2종 POLICE / 코난 탐정소 각 18,000원\n치하야, 쥬고, 코난, 세라, 진페이, 켄지 미니만쥬 6종 각 15,000원\nCJENM 필름통키링 코난 시리즈 15,000원\n하이웨이의 타천사 포켓백 20,000원\n8월 홍대 팝업스토어로 추천드립니당~""}",2026-09-14T03:23:09.563358+00:00
c41324b3-7c2f-5890-8a62-2e10c3d09fd5,이 결혼은 어차피 망하게 되어 있다 팝업,"팝업스토어>웹툰, 애니메이션 팝업",서울특별시 마포구 동교동 190-1,"서울특별시 마포구 양화로 188 (동교동, 애경타워) AK플라자 홍대 2층 SPACE V",37.5578202,126.9263953,https://www.instagram.com/p/Db-XfhdEcfl/,,,,"['사진맛집', '힙함']",,,,blog_popup,"​
2026-08-12
​
예약할까 말까 고민하다가 첫 주에는 못 갈 것 같아서 따로 예약은 안 했었다.
어차피 살 것도 없으니 그냥 마음 편하게 구경이나 한 번 해보자는 생각으로 들러봄.
은혼 팝업 - 요시와라 대염상 @홍대
서울특별시 마포구 양화로 188 (동교동, 애경타워) AK PLAZA 홍대 4층 LIMITION
​
​
🔥
은혼 팝업 - 요시와라 대염상 @홍대
•
주소
서울 마포구 양화로 188 AK PLAZA 홍대 4층 LIMITION
•
운영기간
2026.08.04.(화) ~ 2026.08.30.(일)
•
운영시간
평일 11:00~22:00 / 주말 10:30~22:00
​
​
귀여운 카구라랑 신파치
​
​
2만 원 이상 구매하면 받을 수 있는 특전 코스터
​
​
굿즈 리스트
​
​
전시된 굿즈 구경 🔎
​
​
입구 앞 긴토키
​
​
휑한 느낌이다.
​
​
은혼 팝업이지만 다른 애니 굿즈가 더 많은 듯 ㅋㅋ
​
​
그래도 막상 보면 또 반가운 은혼 캐릭터들 ㅋㅋㅋ
​
​
남아 있는 굿즈
​
​
근데 팝업이라고 하기엔 뭔가 좀 애매... 🤔
​
​","{""title"": ""이 결혼은 어차피 망하게 되어 있다 <b>팝업</b>"", ""link"": ""https://www.instagram.com/p/Db-XfhdEcfl/"", ""category"": ""팝업스토어>웹툰, 애니메이션 팝업"", ""description"": """", ""telephone"": """", ""address"": ""서울특별시 마포구 동교동 190-1"", ""roadAddress"": ""서울특별시 마포구 양화로 188 (동교동, 애경타워) AK플라자 홍대 2층 SPACE V"", ""mapx"": ""1269263953"", ""mapy"": ""375578202""}",2026-09-14T03:23:09.873790+00:00
04aa4c7f-36ee-5a69-bcf6-a3b2ea08fc4e,서울 홍실퀘스트 팝업 스토어,팝업스토어,서울 마포구 월드컵로8길 69 마루빌딩 1F,,,,https://blog.naver.com/cart0813/224370510984,,,,"['사진맛집', '힙함']",,,,blog_popup,"𝑹𝒆𝒅 𝑻𝒉𝒓𝒆𝒂𝒅 𝑸𝒖𝒆𝒔𝒕 𝑷𝒐𝒑𝒖𝒑 𝑺𝒕𝒐𝒓𝒆 : 𝑺𝒆𝒐𝒖𝒍
📅2026년 8월 6일(목) ~ 8월 17일(월)
📌서울 마포구 월드컵로8길 69 마루빌딩 1F
​
네이버 예약
👇👇
네이버 예약 :: 홍실퀘스트 서울 팝업
<Red Thread Quest Popup Store : Seoul> - 팝업스토어 위치 서울특별시 마포구 월드컵로 8길 69, 마루빌딩 1층 - 영업 시간 매일 11시 30분 - 21시 30분 - 예약 안내 ID당 최대 예약 가능 수량 5매 (회차당 최대 2매 예약 가능) - 입장 안내 01 서울 팝업스토어 [홍실퀘스트] 는 사전 예약 입장과 현장 예약 입장이 동시 운영됩니다. 02 대기 등록 시 알림톡이 발송될 예정입니다. (외국인은 이메일 발송 됩니다 ) 입장 알림 호출을 받으시면 수신 후 20분 이내 입장 부탁드립니다. 20...
booking.naver.com
건물 벽 사진
​
​
입장 특전 진짜 예뻐요
방문 인증 이벤트로 기훈이 생일 부채도 증정하니
꼭 받으세요 !! :3
​
​
​
입장하면 보이는 등신대
​
​
굿즈 존 입장하면 전생 등신대가 있어요 !! ☺️
​
​
​
요건 랜덤 티켓 세트 10종 라인업
​
​
캔뱃지가 ㄹㅇ 진짜 예뻐요
​
​
​
​
​
인형 너무 귀여워요 ㅋ큐ㅠㅠ
​
​
​
​
굿즈 실물 미쳤습니다 ㅜㅜ
너무 예쁨 ㅜㅜ…
​
​
굿즈 전시 최고… ..❤️❤️🫶🫶
​
​
작가님 사인도 받았어요 !! 🫠☺️☺️🫶
팝업 스토어 입장 티켓 너무 예뻐요… ㅜㅜ
​
​
​
​
굿즈 라인업 👇👇
​
​
​
입장 / 금액 / 방문 인증 특전 👇👇","{""title"": ""서울 홍실퀘스트 팝업스토어 후기 (+ 숲이랑 작가님 사인회)"", ""link"": ""https://blog.naver.com/cart0813/224370510984"", ""description"": "":  2026년 8월 6일(목) ~ 8월 17일(월) 서울 마포구 월드컵로8길 69 마루빌딩 1F 네이버 예약  &lt; &gt; 건물 벽... ☺️☺️ 팝업 스토어 입장 티켓 너무 예뻐요… ㅜㅜ 굿즈 라인업  입장 / 금액 / 방문 인증 특전"", ""bloggername"": ""부남자의 BL 채널"", ""bloggerlink"": ""https://blog.naver.com/cart0813"", ""postdate"": 20260806, ""query"": ""마포구 팝업스토어"", ""content"": ""𝑹𝒆𝒅 𝑻𝒉𝒓𝒆𝒂𝒅 𝑸𝒖𝒆𝒔𝒕 𝑷𝒐𝒑𝒖𝒑 𝑺𝒕𝒐𝒓𝒆 : 𝑺𝒆𝒐𝒖𝒍\n📅2026년 8월 6일(목) ~ 8월 17일(월)\n📌서울 마포구 월드컵로8길 69 마루빌딩 1F\n​\n네이버 예약\n👇👇\n네이버 예약 :: 홍실퀘스트 서울 팝업\n<Red Thread Quest Popup Store : Seoul> - 팝업스토어 위치 서울특별시 마포구 월드컵로 8길 69, 마루빌딩 1층 - 영업 시간 매일 11시 30분 - 21시 30분 - 예약 안내 ID당 최대 예약 가능 수량 5매 (회차당 최대 2매 예약 가능) - 입장 안내 01 서울 팝업스토어 [홍실퀘스트] 는 사전 예약 입장과 현장 예약 입장이 동시 운영됩니다. 02 대기 등록 시 알림톡이 발송될 예정입니다. (외국인은 이메일 발송 됩니다 ) 입장 알림 호출을 받으시면 수신 후 20분 이내 입장 부탁드립니다. 20...\nbooking.naver.com\n건물 벽 사진\n​\n​\n입장 특전 진짜 예뻐요\n방문 인증 이벤트로 기훈이 생일 부채도 증정하니\n꼭 받으세요 !! :3\n​\n​\n​\n입장하면 보이는 등신대\n​\n​\n굿즈 존 입장하면 전생 등신대가 있어요 !! ☺️\n​\n​\n​\n요건 랜덤 티켓 세트 10종 라인업\n​\n​\n캔뱃지가 ㄹㅇ 진짜 예뻐요\n​\n​\n​\n​\n​\n인형 너무 귀여워요 ㅋ큐ㅠㅠ\n​\n​\n​\n​\n굿즈 실물 미쳤습니다 ㅜㅜ\n너무 예쁨 ㅜㅜ…\n​\n​\n굿즈 전시 최고… ..❤️❤️🫶🫶\n​\n​\n작가님 사인도 받았어요 !! 🫠☺️☺️🫶\n팝업 스토어 입장 티켓 너무 예뻐요… ㅜㅜ\n​\n​\n​\n​\n굿즈 라인업 👇👇\n​\n​\n​\n입장 / 금액 / 방문 인증 특전 👇👇""}",2026-09-14T03:23:11.150852+00:00
8cfc65d1-0072-509c-9105-c72bf608b76f,최고 팝업 스토어,팝업스토어,서울특별시 마포구 와우산로35길 13,,,,https://blog.naver.com/k_m_n/224365646854,,,,"['사진맛집', '힙함']",,,,blog_popup,"오브젝트 서교점
서울특별시 마포구 와우산로35길 13
📍
서울 마포구 와우산로35길 13
📞
02-3144-7738
🕰️ 매일 11:00 - 21:00
친구가 최고심 팝업 스토어
꼭 보러 가고 싶다고 해서
홍대 소품샵으로 유명한
오브젝트
에 다녀왔다!
​
홍대입구역 6번 출구에서
매우 가까운 오브젝트
​
이날 날씨가 너무 더웠음...
이렇게 더운 날에는 계속 돌아다니기도 힘들고
할 것도 없고 하니 소품샵 구경이 딱이다
​
홍대 오브젝트는
무려
4층까지 있는 대형 소품샵
이렇게 큰 소품샵은 오랜만에 와보네ㄷㄷ
1층 들어가자마자 보이는 느좋 상품들
​
​
나도 이런 미니 액자 집에 걸어두고 싶다ㅜㅜ
​
​
이 시계는 집들이 선물로 주기에도
너무 좋아 보였음!!!!
​
​
각종 스티커, 노트, 키링, 초 등
여러 가지 소품을 판매 중인 오브젝트
마냥 귀여운 것만 있지도 않고
여러 가지 취향의 소품들이 있어서
구경하는 재미가 쏠쏠했다
​
​
할매할배 리무버블 스티커
ㅋㅋㅋㅋㅋㅋㅋㅋㅋㅋㅋㅋㅋㅋ
할무니 할부지들이 직접 쓰셨나?
​
​
진짜 띵언들만 있어서
구매욕 상승ㅋ
​
참지 말자구
건강이 재산이다
생각 없이 살면 속은 편하겠네
속이 불편하면 방구가 나오는 것이야
?
​
ㅋㅋㅋㅋㅋㅋㅋㅋㅋㅋㅋㅋㅋ
ㅋㅋㅋㅋㅋㅋㅋㅋ
​
​
알록달록 귀여운 양초?도 있고
처음 보는 신기한 소품들에 눈이 돌아갔다
​
이 귀여운 건 또 뭐지,,
일러스트로 잔뜩 꾸며놓았다
​
​
컵받침인가?
네잎클로버 모양이 귀여워서 찍어봤다
​
​
친구가 보고 싶다고 했던
최고심 팝업스토어는 3층에 있었다!
생각보다 상품이 엄~청 많지는 않았지만
​
뱃지, 키링, 카드, 거울 같은
작은 소품들이 많았고
​
그중에서도 부적 카드가
신박하고 귀여웠음ㅋ
ㅋㅋㅋㅋㅋㅋㅋㅋㅋㅋㅋㅋㅋ
​
​
이런 거 친구들 선물해 주면 좋아할 듯
ㅋㅋㅋㅋㅋㅋㅋㅋㅋㅋㅋㅋㅋㅋㅋㅋㅋㅋ
​
​
좋은 사람 만나는 부적
다들 하나씩 가져가유🍀
​
​
올라가는 계단마다
일러스트로 꾸며놓은 것도 귀엽잔항..
모든 공간이 느좋 그 자체인 이 소품샵...
​
​
창문마저 예뻐요...
그래서 그런지 사람들이 꽤 많았고
외국인들도 많이 방문했다!
​
​
반지나 액세서리도 판매 중!!
내 손가락에 맞는 사이즈는 많이 없는데
오브젝트에는 있었다ㅎㅎ
​
​
나만의 키링 만들기
하나씩 조합해 보는 재미가 있었긔
하지만 스트랩?이
죄금 밤티라 사지는 않았다
​
​
그리고 눈 돌아간 내 친구ㅋ
ㅋㅋㅋㅋㅋㅋㅋㅋㅋㅋㅋㅋㅋㅋㅋㅋ
​
​
이땅궁이 사줬다>< 고마워
걱정은 내일로 미뤄볼게
​","{""title"": ""[홍대] 감도 높은 대형 소품샵 '오브젝트' 최고심 팝업 스토어 방문 ...."", ""link"": ""https://blog.naver.com/k_m_n/224365646854"", ""description"": ""서울 마포구 와우산로35길 13  02-3144-7738 ️ 매일 11:00 - 21:00 친구가 최고심 팝업 스토어 꼭 보러 가고 싶다고 해서 홍대 소품샵으로 유명한 오브젝트에 다녀왔다! 홍대입구역 6번 출구에서 매우 가까운 오브젝트... "", ""bloggername"": ""日常"", ""bloggerlink"": ""https://blog.naver.com/k_m_n"", ""postdate"": 20260802, ""query"": ""마포구 팝업스토어"", ""content"": ""오브젝트 서교점\n서울특별시 마포구 와우산로35길 13\n📍\n서울 마포구 와우산로35길 13\n📞\n02-3144-7738\n🕰️ 매일 11:00 - 21:00\n친구가 최고심 팝업 스토어\n꼭 보러 가고 싶다고 해서\n홍대 소품샵으로 유명한\n오브젝트\n에 다녀왔다!\n​\n홍대입구역 6번 출구에서\n매우 가까운 오브젝트\n​\n이날 날씨가 너무 더웠음...\n이렇게 더운 날에는 계속 돌아다니기도 힘들고\n할 것도 없고 하니 소품샵 구경이 딱이다\n​\n홍대 오브젝트는\n무려\n4층까지 있는 대형 소품샵\n이렇게 큰 소품샵은 오랜만에 와보네ㄷㄷ\n1층 들어가자마자 보이는 느좋 상품들\n​\n​\n나도 이런 미니 액자 집에 걸어두고 싶다ㅜㅜ\n​\n​\n이 시계는 집들이 선물로 주기에도\n너무 좋아 보였음!!!!\n​\n​\n각종 스티커, 노트, 키링, 초 등\n여러 가지 소품을 판매 중인 오브젝트\n마냥 귀여운 것만 있지도 않고\n여러 가지 취향의 소품들이 있어서\n구경하는 재미가 쏠쏠했다\n​\n​\n할매할배 리무버블 스티커\nㅋㅋㅋㅋㅋㅋㅋㅋㅋㅋㅋㅋㅋㅋ\n할무니 할부지들이 직접 쓰셨나?\n​\n​\n진짜 띵언들만 있어서\n구매욕 상승ㅋ\n​\n참지 말자구\n건강이 재산이다\n생각 없이 살면 속은 편하겠네\n속이 불편하면 방구가 나오는 것이야\n?\n​\nㅋㅋㅋㅋㅋㅋㅋㅋㅋㅋㅋㅋㅋ\nㅋㅋㅋㅋㅋㅋㅋㅋ\n​\n​\n알록달록 귀여운 양초?도 있고\n처음 보는 신기한 소품들에 눈이 돌아갔다\n​\n이 귀여운 건 또 뭐지,,\n일러스트로 잔뜩 꾸며놓았다\n​\n​\n컵받침인가?\n네잎클로버 모양이 귀여워서 찍어봤다\n​\n​\n친구가 보고 싶다고 했던\n최고심 팝업스토어는 3층에 있었다!\n생각보다 상품이 엄~청 많지는 않았지만\n​\n뱃지, 키링, 카드, 거울 같은\n작은 소품들이 많았고\n​\n그중에서도 부적 카드가\n신박하고 귀여웠음ㅋ\nㅋㅋㅋㅋㅋㅋㅋㅋㅋㅋㅋㅋㅋ\n​\n​\n이런 거 친구들 선물해 주면 좋아할 듯\nㅋㅋㅋㅋㅋㅋㅋㅋㅋㅋㅋㅋㅋㅋㅋㅋㅋㅋ\n​\n​\n좋은 사람 만나는 부적\n다들 하나씩 가져가유🍀\n​\n​\n올라가는 계단마다\n일러스트로 꾸며놓은 것도 귀엽잔항..\n모든 공간이 느좋 그 자체인 이 소품샵...\n​\n​\n창문마저 예뻐요...\n그래서 그런지 사람들이 꽤 많았고\n외국인들도 많이 방문했다!\n​\n​\n반지나 액세서리도 판매 중!!\n내 손가락에 맞는 사이즈는 많이 없는데\n오브젝트에는 있었다ㅎㅎ\n​\n​\n나만의 키링 만들기\n하나씩 조합해 보는 재미가 있었긔\n하지만 스트랩?이\n죄금 밤티라 사지는 않았다\n​\n​\n그리고 눈 돌아간 내 친구ㅋ\nㅋㅋㅋㅋㅋㅋㅋㅋㅋㅋㅋㅋㅋㅋㅋㅋ\n​\n​\n이땅궁이 사줬다>< 고마워\n걱정은 내일로 미뤄볼게\n​""}",2026-09-14T03:23:12.422873+00:00
fe5bfade-7655-59c3-9f7f-c0968c0e5e37,서울 홍대 틴 틴 팅클 모펀 콜라보 카페 amp 팝업 스토어 첫날,팝업스토어,서울특별시 마포구 양화로 188 AK PLAZA 5층,,,,https://blog.naver.com/xverryx/224364048920,,,,"['사진맛집', '힙함']",,,,blog_popup,"모펀 AK PLAZA 홍대점
서울특별시 마포구 양화로 188 AK PLAZA 5층
위치
​
서울특별시 마포구 양화로 188 AK PLAZA 5층
​
​
기간
​
07월 31일 금요일 - 08월 23일 일요일까지
​
​
특전
​
1만원당 증명사진 스티커 1장 증정
​
​
​
굿즈 정보
더 자세한 굿즈 정보는 여기를 참고해주세요!
⬇️⬇️⬇️
[서울 홍대]틴틴팅클 모펀 콜라보 카페 & 팝업스토어 정보(예약 링크, 특전, 메뉴)
7월 31일 금요일부터 8월 23일 일요일까지 한다고합니다! 예약 링크 예약 링크 ⬇️⬇️⬇️ 콜라보카페 정...
m.blog.naver.com
​
​
외관
와!!! 너무 귀여워요 ㅠㅠ
카페 유니폼입은 틴틴, 팅클, 콩물, 베리라니!!!
인형으로도 나왔으면 좋겠다는 바램이...드네요.
​
​
​
​
내부 판넬
카페옷 컨셉 인형도 나오면 너무 귀여울 거 같아요.. 판넬 탐난다 ㅠㅠ 갖고 싶었어요..,
​
​
​
굿즈존
(팝업스토어)
저 캔뱃지가 정말 실물이 진짜 귀여워요!!
보들거리고 귀엽습니다.
​
쉐이커 키링도 실물이 훨씬 이쁘구요!
뒷면에는 각 캐릭터의 설명이 짤막하게 적혀있었어요.
​
​
메세지존
메세지를 적으면 작가님께 전달된다고 해서 나름 그림도 그리고 메세지도 적어보았습니다.
​
작가님 귀여운 만화 항상 감사합니다!😊
​
영수증에도 귀여운 고양이들의 스윗 카페에 초대한다는 게 적혀있어요.. 너무 귀여웠네요.
​
랜덤 말랑 핀버튼! 개당 5,000원에 귀엽고 푹신하고 보들뷰들한 뱃지를 얻을 수 있답니다.
​
​
​
메뉴
​
해변 끝에서 만난 소라빵 9,000원
​
반짝이는 여름의 추억 바다 파르페 10,000원
여름 바캉스 멜론소다 7,000원
해변 끝에서 만난 소라빵은 앞에 마카롱 꼬끄가 붙어있고 안에는 초코크림이 들어있었습니다.
​
이것만 먹으면 퍽퍽할 수 있어서 음료랑 같이 드시는 걸 추천드려요.
​
반짝이는 여름의 추억 바다 파르페는 바닐라 아이스크림, 파란젤리(개인적으로 봉봉 음료맛이 생각났어요), 블루베리, 라즈베리, 사고펄, 생크림, 설탕반죽 데코, 딸기잼 정도 들어있었어요.
​
베리랑 건배~~
멜론소다는 스탠다드한 맛이었어요. 시원 달달!
바닐라 아이스크림은 파르페에서 쓴 거랑 같은 걸 쓰는 거 같았습니다.
맛이 똑같았어요 ㅋㅋ
​
야무지게 다 비우고 나왔습니다.
​
​
​
지류 특전
(증명사진 스티커)
1만원당 1장
파르페랑 초코소라빵 먹으니까 중간에 스티커 두개를 받을 수 있었고요!
​
예약금액 포함 4만원 좀 넘게 나와서 특전 스티커 4장 받았습니다.
일행이랑 나눠가졌어요.
(Tmi | 팅클, 베리 / 콩물, 미니로 나눴어요)
​
​
​
콩물이 인형탈 이벤트
오후 3시부터 진행되는 콩물이 인형탈 이벤트!!
귀여운 콩물이 탈이 모펀 카페 옆에서 돌아다녀요ㅠㅜㅜ!
​
다들 찍으면서 귀엽다고 하셨어요 ㅋㅋㅋ
콩물이 팬서비스도 충실..! 사진찍으러 옆으로 가면 살짝 몸을 기울여준답니다. 대박!!
​
혼자 가셔도 옆에 계신 직원분이 사진 찍어주시기 때문에 괜찮을 거 같습니다.
​
​
​
으악 이거 찍은 시간대에
작가님도 다녀가신 거 같았어요...
작가님....제가 많이 애정합니다......
아프지마시고 부디 오래 연재해주세요..
​
​
​
​
​
​
​
​
난 작가님 인스타그램 ⬇️⬇️⬇️
난 𝑵𝑨𝑵(@tttk_nan) • Instagram 사진 및 동영상
팔로워 162K명, 팔로잉 484명, 게시물 853개 - 난 𝑵𝑨𝑵(@tttk_nan)님의 Instagram 사진 및 동영상 보기
www.instagram.com
​
​
난 작가님 트위터(현 X) ⬇️⬇️⬇️
X의 난 NAN님(@tttk_nan)
인스타 @tttk_nan ★스토어 https://t.co/0PIHPaTkhh 💌iluv_89@naver.com🍁 책:틴틴팅클1,2권,오늘도 언제나 틴틴팅클,2024년 틴틴팅클 애착일력
x.com
​
​
모펀 인스타그램 ⬇️⬇️⬇️
MOFUN(@mofun_official) • Instagram 사진 및 동영상
팔로워 5,365명, 팔로잉 3명, 게시물 67개 - MOFUN(@mofun_official)님의 Instagram 사진 및 동영상 보기
www.instagram.com
​
​
모펀 트위터 ⬇️⬇️⬇️
X의 모펀카페 AK PLAZA 홍대점님(@mofun_collabo1)
모펀 K-콜라보레이션 카페 AK PLAZA 홍대점 관련 정보를 전달합니다. / 홍대역 4번출구앞 / 서울시 마포구 양화로 188 AK PLAZA 홍대 5층 / 연중무휴 / 문의 cs@mofun.co.kr (* DM문의는 받지 않습니다.)
x.com","{""title"": ""[서울 홍대]틴틴팅클 모펀 콜라보 카페&amp;팝업스토어 첫날 방문 후기"", ""link"": ""https://blog.naver.com/xverryx/224364048920"", ""description"": ""위치 서울특별시 마포구 양화로 188 AK PLAZA 5층 기간 07월 31일 금요일 - 08월 23일 일요일까지 특전... 판넬 탐난다 ㅠㅠ 갖고 싶었어요.., 굿즈존 (팝업스토어) 저 캔뱃지가 정말 실물이 진짜 귀여워요!!... "", ""bloggername"": ""하꼬 블로거"", ""bloggerlink"": ""https://blog.naver.com/xverryx"", ""postdate"": 20260731, ""query"": ""마포구 팝업스토어"", ""content"": ""모펀 AK PLAZA 홍대점\n서울특별시 마포구 양화로 188 AK PLAZA 5층\n위치\n​\n서울특별시 마포구 양화로 188 AK PLAZA 5층\n​\n​\n기간\n​\n07월 31일 금요일 - 08월 23일 일요일까지\n​\n​\n특전\n​\n1만원당 증명사진 스티커 1장 증정\n​\n​\n​\n굿즈 정보\n더 자세한 굿즈 정보는 여기를 참고해주세요!\n⬇️⬇️⬇️\n[서울 홍대]틴틴팅클 모펀 콜라보 카페 & 팝업스토어 정보(예약 링크, 특전, 메뉴)\n7월 31일 금요일부터 8월 23일 일요일까지 한다고합니다! 예약 링크 예약 링크 ⬇️⬇️⬇️ 콜라보카페 정...\nm.blog.naver.com\n​\n​\n외관\n와!!! 너무 귀여워요 ㅠㅠ\n카페 유니폼입은 틴틴, 팅클, 콩물, 베리라니!!!\n인형으로도 나왔으면 좋겠다는 바램이...드네요.\n​\n​\n​\n​\n내부 판넬\n카페옷 컨셉 인형도 나오면 너무 귀여울 거 같아요.. 판넬 탐난다 ㅠㅠ 갖고 싶었어요..,\n​\n​\n​\n굿즈존\n(팝업스토어)\n저 캔뱃지가 정말 실물이 진짜 귀여워요!!\n보들거리고 귀엽습니다.\n​\n쉐이커 키링도 실물이 훨씬 이쁘구요!\n뒷면에는 각 캐릭터의 설명이 짤막하게 적혀있었어요.\n​\n​\n메세지존\n메세지를 적으면 작가님께 전달된다고 해서 나름 그림도 그리고 메세지도 적어보았습니다.\n​\n작가님 귀여운 만화 항상 감사합니다!😊\n​\n영수증에도 귀여운 고양이들의 스윗 카페에 초대한다는 게 적혀있어요.. 너무 귀여웠네요.\n​\n랜덤 말랑 핀버튼! 개당 5,000원에 귀엽고 푹신하고 보들뷰들한 뱃지를 얻을 수 있답니다.\n​\n​\n​\n메뉴\n​\n해변 끝에서 만난 소라빵 9,000원\n​\n반짝이는 여름의 추억 바다 파르페 10,000원\n여름 바캉스 멜론소다 7,000원\n해변 끝에서 만난 소라빵은 앞에 마카롱 꼬끄가 붙어있고 안에는 초코크림이 들어있었습니다.\n​\n이것만 먹으면 퍽퍽할 수 있어서 음료랑 같이 드시는 걸 추천드려요.\n​\n반짝이는 여름의 추억 바다 파르페는 바닐라 아이스크림, 파란젤리(개인적으로 봉봉 음료맛이 생각났어요), 블루베리, 라즈베리, 사고펄, 생크림, 설탕반죽 데코, 딸기잼 정도 들어있었어요.\n​\n베리랑 건배~~\n멜론소다는 스탠다드한 맛이었어요. 시원 달달!\n바닐라 아이스크림은 파르페에서 쓴 거랑 같은 걸 쓰는 거 같았습니다.\n맛이 똑같았어요 ㅋㅋ\n​\n야무지게 다 비우고 나왔습니다.\n​\n​\n​\n지류 특전\n(증명사진 스티커)\n1만원당 1장\n파르페랑 초코소라빵 먹으니까 중간에 스티커 두개를 받을 수 있었고요!\n​\n예약금액 포함 4만원 좀 넘게 나와서 특전 스티커 4장 받았습니다.\n일행이랑 나눠가졌어요.\n(Tmi | 팅클, 베리 / 콩물, 미니로 나눴어요)\n​\n​\n​\n콩물이 인형탈 이벤트\n오후 3시부터 진행되는 콩물이 인형탈 이벤트!!\n귀여운 콩물이 탈이 모펀 카페 옆에서 돌아다녀요ㅠㅜㅜ!\n​\n다들 찍으면서 귀엽다고 하셨어요 ㅋㅋㅋ\n콩물이 팬서비스도 충실..! 사진찍으러 옆으로 가면 살짝 몸을 기울여준답니다. 대박!!\n​\n혼자 가셔도 옆에 계신 직원분이 사진 찍어주시기 때문에 괜찮을 거 같습니다.\n​\n​\n​\n으악 이거 찍은 시간대에\n작가님도 다녀가신 거 같았어요...\n작가님....제가 많이 애정합니다......\n아프지마시고 부디 오래 연재해주세요..\n​\n​\n​\n​\n​\n​\n​\n​\n난 작가님 인스타그램 ⬇️⬇️⬇️\n난 𝑵𝑨𝑵(@tttk_nan) • Instagram 사진 및 동영상\n팔로워 162K명, 팔로잉 484명, 게시물 853개 - 난 𝑵𝑨𝑵(@tttk_nan)님의 Instagram 사진 및 동영상 보기\nwww.instagram.com\n​\n​\n난 작가님 트위터(현 X) ⬇️⬇️⬇️\nX의 난 NAN님(@tttk_nan)\n인스타 @tttk_nan ★스토어 https://t.co/0PIHPaTkhh 💌iluv_89@naver.com🍁 책:틴틴팅클1,2권,오늘도 언제나 틴틴팅클,2024년 틴틴팅클 애착일력\nx.com\n​\n​\n모펀 인스타그램 ⬇️⬇️⬇️\nMOFUN(@mofun_official) • Instagram 사진 및 동영상\n팔로워 5,365명, 팔로잉 3명, 게시물 67개 - MOFUN(@mofun_official)님의 Instagram 사진 및 동영상 보기\nwww.instagram.com\n​\n​\n모펀 트위터 ⬇️⬇️⬇️\nX의 모펀카페 AK PLAZA 홍대점님(@mofun_collabo1)\n모펀 K-콜라보레이션 카페 AK PLAZA 홍대점 관련 정보를 전달합니다. / 홍대역 4번출구앞 / 서울시 마포구 양화로 188 AK PLAZA 홍대 5층 / 연중무휴 / 문의 cs@mofun.co.kr (* DM문의는 받지 않습니다.)\nx.com""}",2026-09-14T03:23:13.380149+00:00
9a328f3f-b527-5134-aed2-0b2addb459a6,9 맞이 카페 팝업 스토어,팝업스토어,서울 마포구 독막로9길 30 사운드웨이브 1층,,,,https://blog.naver.com/travel0202/224363704525,,,,['웨이팅있음'],,,,blog_popup,"그룹 온앤오프가 데뷔 9주년을 맞이하여
카페 겸 팝업스토어를 연다고 합니다 ~
​
타이틀은
[
Our Lights, FUSE]
일정
운영 장소 : 서울 마포구 독막로9길 30 사운드웨이브 1층
운영 기간 : 2026년 8월 1일 토요일 ~ 8월 5일 수요일
운영 시간 : 매일 10:00 ~ 20:00
사운드웨이브 본사
서울특별시 마포구 독막로9길 30 1,2,3,4층
​
​
​
​
​
​
​
​
​
입장 안내
* 사전 예약 없이 현장에 방문하여 대기 시스템 등록 후 순차적으로 입장이 가능합니다.
* 오픈 전 대리 인원이 있을 경우 9:30 ~ 부터 입장 대기를 위한 시스템 사전 등록이 진행되며, 순차적으로 입장이 진행됩니다. (사전 대기 등록 자옷 : 사운드웨이브 1층 입구)
* 현장 대기 예약 진행 시 PLVE 어플을 통해 현장 웨이팅 등록 부탁드리며, 입장 대기 등록을 하시면 입장이 가능한 시간에 푸시 메시지 또는 이메일을 통한 입장 호출 안내를 드릴 예정입니다.
* 웨이팅 시스템은 팝업 장소 기준 반경 1km 이내에서 등록 가능합니다.
* 입장 알림을 받으시면 매장 입장 대기줄에서 대기해 주세요.
* 알림 수신 후 20분 이상 경과 시 대기 예약이 자동 취소됩니다.
* 현장 상황에 따라 입장 대기 예약이 조기 마감될 수 있습니다.
* 대기 인원 호출이 완료되면 자율 이밪ㅇ으로 전환될 수 있습니다.
* 카페 내부 이용 시, 1인 1메뉴 필수이며 이용 시간은 1시간으로 제한됩니다.
* 카페 메뉴 take-out은 카페 이용과 별개로 자유롭게 이용 가능합니다.
​
​
​
​
​
​
​
​
카페메뉴
* 현장 내 안전을 위해 CCTV가 작동 중입니다.
* 쾌적한 관람을 위해 팝업 카페 내 외부 음식물 반입을 금지합니다.
* 카페 내부 이용 시, 1인 1메뉴 필수이며 이용 시간은 1시간으로 제한됩니다.
* 카페 메뉴 TAKE-OUT은 카페 이용과 별개로 자유롭게 이용 가능합니다.
* 메뉴 및 특전은 한정 수량으로 조기 소진될 수 있습니다.
* 디저트 메뉴는 소진 시 다른 제품으로 대체될 수 있습니다.
​
​
​
​
​
​
​
MD 리스트
​
​
​
​
​
​
​
​
이벤트
[카페 EVENT]
카페 세트메뉴 구매 시
미공개 포토카드 <케이크ver.> 6종 중 1종 랜덤 증정
​
​
[MERCH EVENT]
MERCH 금액 5만 원당
미공개 포토카드 <하트스티커ver.> 6종 중 1종 랜덤 증정
​
​
[9주년 EVENT]
9주년 당일에 방문하여 MERCH 또는 CAFE SET MENU 구매 시
미공개 포토카드 <컨페티 ver.> 6종 중 1종 랜덤 증정
벌써 9주년이라니 ~
앞으로 10주년 15주년 더욱더 잘 됐으면 좋겠네요 !!
​
​
​
​
​
​
​
#온앤오프
#ONF
#온앤오프팝업
#온앤오프카페
#온앤오프9주년
#온앤오프9주년팝업","{""title"": ""온앤오프 ONF 9주년 기념 팝업스토어 [Our Lights, FUSE] 카페 MD 리스트 이...."", ""link"": ""https://blog.naver.com/travel0202/224363704525"", ""description"": ""그룹 온앤오프가 데뷔 9주년을 맞이하여 카페 겸 팝업스토어를 연다고 합니다 ~ 타이틀은 [Our Lights, FUSE] 일정 운영 장소 : 서울 마포구 독막로9길 30 사운드웨이브 1층 운영 기간 : 2026년 8월 1일 토요일... "", ""bloggername"": ""일상기록지"", ""bloggerlink"": ""https://blog.naver.com/travel0202"", ""postdate"": 20260731, ""query"": ""마포구 팝업스토어"", ""content"": ""그룹 온앤오프가 데뷔 9주년을 맞이하여\n카페 겸 팝업스토어를 연다고 합니다 ~\n​\n타이틀은\n[\nOur Lights, FUSE]\n일정\n운영 장소 : 서울 마포구 독막로9길 30 사운드웨이브 1층\n운영 기간 : 2026년 8월 1일 토요일 ~ 8월 5일 수요일\n운영 시간 : 매일 10:00 ~ 20:00\n사운드웨이브 본사\n서울특별시 마포구 독막로9길 30 1,2,3,4층\n​\n​\n​\n​\n​\n​\n​\n​\n​\n입장 안내\n* 사전 예약 없이 현장에 방문하여 대기 시스템 등록 후 순차적으로 입장이 가능합니다.\n* 오픈 전 대리 인원이 있을 경우 9:30 ~ 부터 입장 대기를 위한 시스템 사전 등록이 진행되며, 순차적으로 입장이 진행됩니다. (사전 대기 등록 자옷 : 사운드웨이브 1층 입구)\n* 현장 대기 예약 진행 시 PLVE 어플을 통해 현장 웨이팅 등록 부탁드리며, 입장 대기 등록을 하시면 입장이 가능한 시간에 푸시 메시지 또는 이메일을 통한 입장 호출 안내를 드릴 예정입니다.\n* 웨이팅 시스템은 팝업 장소 기준 반경 1km 이내에서 등록 가능합니다.\n* 입장 알림을 받으시면 매장 입장 대기줄에서 대기해 주세요.\n* 알림 수신 후 20분 이상 경과 시 대기 예약이 자동 취소됩니다.\n* 현장 상황에 따라 입장 대기 예약이 조기 마감될 수 있습니다.\n* 대기 인원 호출이 완료되면 자율 이밪ㅇ으로 전환될 수 있습니다.\n* 카페 내부 이용 시, 1인 1메뉴 필수이며 이용 시간은 1시간으로 제한됩니다.\n* 카페 메뉴 take-out은 카페 이용과 별개로 자유롭게 이용 가능합니다.\n​\n​\n​\n​\n​\n​\n​\n​\n카페메뉴\n* 현장 내 안전을 위해 CCTV가 작동 중입니다.\n* 쾌적한 관람을 위해 팝업 카페 내 외부 음식물 반입을 금지합니다.\n* 카페 내부 이용 시, 1인 1메뉴 필수이며 이용 시간은 1시간으로 제한됩니다.\n* 카페 메뉴 TAKE-OUT은 카페 이용과 별개로 자유롭게 이용 가능합니다.\n* 메뉴 및 특전은 한정 수량으로 조기 소진될 수 있습니다.\n* 디저트 메뉴는 소진 시 다른 제품으로 대체될 수 있습니다.\n​\n​\n​\n​\n​\n​\n​\nMD 리스트\n​\n​\n​\n​\n​\n​\n​\n​\n이벤트\n[카페 EVENT]\n카페 세트메뉴 구매 시\n미공개 포토카드 <케이크ver.> 6종 중 1종 랜덤 증정\n​\n​\n[MERCH EVENT]\nMERCH 금액 5만 원당\n미공개 포토카드 <하트스티커ver.> 6종 중 1종 랜덤 증정\n​\n​\n[9주년 EVENT]\n9주년 당일에 방문하여 MERCH 또는 CAFE SET MENU 구매 시\n미공개 포토카드 <컨페티 ver.> 6종 중 1종 랜덤 증정\n벌써 9주년이라니 ~\n앞으로 10주년 15주년 더욱더 잘 됐으면 좋겠네요 !!\n​\n​\n​\n​\n​\n​\n​\n#온앤오프\n#ONF\n#온앤오프팝업\n#온앤오프카페\n#온앤오프9주년\n#온앤오프9주년팝업""}",2026-09-14T03:23:14.021925+00:00
bd066c94-421f-512e-aa58-cfdeb0afa393,명탐정 코난 추리게임 팝업,팝업스토어>캐릭터 팝업,서울특별시 마포구 서교동 345-8 B1층,서울특별시 마포구 홍익로2길 7 B1층,37.5543004,126.9232857,https://www.instagram.com/conan_realescapegame_kr/,,,,"['사진맛집', '힙함']",서교동,,,blog_popup,"​
명탐정 코난 추리게임 팝업
서울특별시 마포구 홍익로2길 7 B1층
명탐정 코난 추리게임 팝업
<할로윈의 웨딩 미스터리>
​
📍 위치 : 서울 마포구 홍익로2길 7 지하1층
📅 기간 : 2026년 7월 17일 ~ 2026년 8월 30일
💰 가격 : 인당 35,000 원
⏱️플레이 타임 : 총 2시간
​
🕵️ 특이 사항 : 6인 1팀 진행 (함께 예약해야 같은 팀 가능)
🅿️ 주차 : 불가 (주변 공영 주차장 이용)
🎫 예약 : 네이버 예약
네이버지도
명탐정 코난 추리게임 팝업
naver.me
​
​
​
🕵🏻
추리 게임 운영 방식
<명탐정 코난: 할로윈의 웨딩 미스터리>는
6인이 한 팀을 이루어 진행되는 게임입니다
​
​
​
​
스포 없는 요약 후기 : 그냥 그랬음
​
​
아쉬운 이유는 인당 3.5만원
둘이 7만원으로 차라리 다른 걸 하겠다.
​
여러 후기에서도 보았듯 공간 이동 전혀 없고
넓은 공간에 60명 정도 (예약할 때 보이는 예매 가능 수)
를 한 공간에 다 욱여 앉아넣고 진행하는데
그만한 값어치를 하는지 잘 모르겠음 ...
​
도대체 중간에 누가 돈을 많이 가져가는지
너무 궁금해짐 ㅜㅋㅋㅋㅋㅋㅋ
​
(굳이굳이 이런 거 안 좋아하지만..
1인 3.5만원 x 60명 = 210만원이고
하루에 4타임 있으니 만석 기준 하루 840만원)
​
워낙 추천 후기가 많으니
그냥 솔직하게 이런 그냥그런 후기도 있음 머
참고나 되지 않을까 싶어서
​
걍 쓰지말까 몇번을 고민하다 써봄
​
스페셜 티켓 / 일반 티켓 차이도
딱히 없어보이고 돈 더 쥐어주면 그냥 역할 생기는?
​
초/중/고 및 20대 초반 정도이고
이런 비슷한 류의 팝업이나 방탈출을
안 해본 사람이라면 재밌을 것 같음
​
​
예약시간의 10~15분 전까지
도착 추천
이것도 후기에서 많이 봤는데
미리 앉아서 파악해둬야 좋음
​
시작하면 뭔가 정신이 하나도 없음
사람도 많고 진행자도 계시고
관찰력도 필요함 ㅠㅠ
테이블마다 협력이 필요한 팀플레이이고
일행끼리 같은 테이블로 배치해주심
​
그리고
혼자 가는 건 절대절대 비추
꼭 친구 최소 둘이서 가기
​
누구라도 함께 친해질 수 있다면 상관없겠지만
내가 내향형 인간에 주먹받는 것도 싫어하고
만약 6인 테이블에 2인/3인 그리고 나혼자 1인이다?
그냥 남들 추리하는 거 지켜보다 끝날 거 가틈ㅠ
​
추리 난이도 자체는 완성도가 높아서
고인물이 풀기에도 충분히 재밌을 수 있지만
전체적으로 재밌었냐? 돈 안 아깝냐? 한다면
​
조금 돈 아까웠다.
​
​
합정역 근처 카페
후기가 궁금하다면
[홍대/합정] 카페 파트투 합정역 1번출구 20초 컷 신상카페 방문 후기
카페 파트투 📍위치 : 서울 마포구 양화로 57 2층 ⏰시간 : 평일 10시~20시 / 주말 21시까지 (매주 수요...
blog.naver.com
​","{""title"": ""<b>명탐정 코난 추리게임 팝업</b>"", ""link"": ""https://www.instagram.com/conan_realescapegame_kr/"", ""category"": ""팝업스토어>캐릭터 팝업"", ""description"": """", ""telephone"": """", ""address"": ""서울특별시 마포구 서교동 345-8 B1층"", ""roadAddress"": ""서울특별시 마포구 홍익로2길 7 B1층"", ""mapx"": ""1269232857"", ""mapy"": ""375543004""}",2026-09-14T03:23:14.333613+00:00
564b1ff2-54a0-5182-962f-c578f7a40454,AK플라자 4 층 토이 스토리 팝업 스토어,팝업스토어,서울 마포구 양화로 188,,,,https://blog.naver.com/oh-nyonyo/224358900393,,,,"['사진맛집', '힙함']",,,,blog_popup,"홍대 AK플라자 4층에서 만난
토이스토리 팝업스토어✨
서울 마포구 양화로 188
AK플라자 홍대점 4층 스파오 앞
⏰ 팝업 운영기간 : 26.07.17(금) - 07.30(목)
팝업 운영시간 : 월-금 11:00 ~ 22:00
토-일 10:30 ~ 22:00
📞
02-789-9800
🅿️ 주차 불가
AK PLAZA 홍대
서울특별시 마포구 양화로 188
오늘은 홍대 갔다가 우연히 들린 곳!!
하.. 전 픽사와 디즈니 하면 환장하잖아요?
홍대하면 더우니까 무조건
AK플라자를 들르는 편인데 여기 4층
스파오 앞에서 토이스토리 팝업을 하더라고요!!
​
이거 못참쥐~ 하면서 열심히 찍었는데 웬걸..
딱 7월만 운영하는 프로모션ㅠㅠ🥹
너무 늦게 올리네요.. 그렇지만 찍은 게 아쉬우니까
올리기 힝 ㅠㅠ
알린 풍선이 반겨주는 4층!!
갖고싶네요ㅋㅋㅌ
토이스토리의 핫함이 아직도 유지되는 것 같아요
그러니 이 프로모션 더 오래 해달라ㅜㅜ
보니까 귀여운 인형부터 퍼즐, 키링, 파우치, 컵 등
굿즈들이 정말 다양했어요
진짜 다양하게 느껴졌어요ㅋㅋㅋㅌ
고민하다가 사진 않았지만,
월급 받은 다음날이었으면 샀을 듯^^
랜덤 캔뱃지도 이쁘네요 라인업을 봤는데 이건,
더키와 버니가 귀여운 것 같아요ㅋㅋㅋ
근데 만 원...? 하 일러스트 아쉬워
랜덤 코인 파우치 키링도 이뻐요
이게 더 나아요!! 가격 대비 이게 더 이뿨
제가 하나하나 가격도 보시라고
가격 나오게 찍어왔어요ㅋㅋㅋㅌ
안쪽은 이렇게 인형도 한가득!
하 인형 다 사고 싶었어요...♥️
퍼즐도 정말 많더라고요!
아가들이 좋아할 것 같아요ㅋㅋㅋ
아기 있었으면 아가를 빌미로 샀을 듯..
파우치 키링 이건 다 이뻐요 진짜
에어팟 넣기 딱일 듯..!!
간단한 거 아무거나 넣기도 딱이에요!
누구 이거 사줄 사람?
안대도 이쁨ㅋㅋㅋㅋㅋ 이거 쓰면 인싸 가능이에요
제가 마그넷을 참 좋아하는데요
8천 원 가격은 좋은데.. 비주얼이 .. 음..
좀 더 .. 좀 더 .. 일러스트가 그닥..
차라리 색감이 좋았으면 좋았을 텐데
키링은 진짜 이쁘더라고요 다
미니 틴케이스도 이뻤어요!🫶🏻
컵은 하... 빈티지로 할 거면 더 빈티지로 했었음
좋았을 텐데 개인적으로 디자인이 조금 아쉬웠어요!
차라리 컵 코스터가 더 예뻤음
딱 픽사 토이스토리의 상징이잖아요?
색감도 너무 잘 나왔고요!
알린도 이쁨!!! 캬  아 이거 살걸🥹
홍대AK플라자ㆍ토이스토리팝업ㆍ홍대놀거리
바깥쪽에 스티커며 미니키링, 마그넷도
더 많았어요! 구경하느라 한참 걸렸어요ㅋㅋㅋ
인생네컷 느낌의 마그넷 이쁘네요?
아아ㅏ.. 근데 알린은 별로라 헤헷..
키링도 이쁘고, 아니 스티커 가격 대비 이게 뭐죠?
스티커는 좀 비싼 거 같아요ㅋㅋㅋㅋㅋㅋ
아 물론 아크릴이긴 하지만.. 흠...
토이스토리에 축구가 무슨 상관이죠..?
월드컵 겨냥인가..ㅋㅋㅋㅋㅋ
아 근데 축구 말고 아까 차라리 코스터 공을 하지
홍대AK플라자ㆍ토이스토리팝업ㆍ홍대놀거리
엽서는 그냥 그랬어요
엽서 이미지 좋은 거 많았을 텐데... 흠?
ㅋㅋㅋㅋㅋㅋㅋㅋㅋㅋ
스티커 이쁘네요ㅋㅋㅋㅋ
이거 다이소에서 팔았으면 좋겠다 ^_^
발판 짱 예쁘더라고요🥰
가격 좀만 착했으면 샀을 듯!
Previous image
Next image
전 인형 음.. 귀엽긴 한데
너무 이렇게 눈알 다르게 해놓는 거 싫어요
네가 뭔데..? ㅋㅋㅋㅋㅋㅋ
공책이랑 엽서도 투척!
비싸네요... 후 ㅜㅜ 근데 엽서 이쁘다
홍대AK플라자ㆍ토이스토리팝업ㆍ홍대놀거리
이게 제일 유명한 거 알죠?
토이스토리 랜덤 카메라 키링이에요
소장 가치 꽤나 있지만,
이야기 듣기로 화질이 심히 구리다고 해요!
그리고 좀 무거움 가격 안착함 패스-!
​
결국 아무것도 안 삼 엔딩ㅋㅋㅋㅋㅋㅋㅋㅋㅋ
그래도 구경할 만했어요ㅋㅋㅋ
아니 써놓고 보니 너무 극딜했잖아?ㅋㅋㅋㅋ
홍대 AK플라자 갔다가 우연히 들린
토이스토리 팝업인데, 귀여운 굿즈가 많아서
구경하는 재미가 쏠쏠했어요!
​
디자인이나 가격 면에서 살짝 아쉬운 아이템들도
있었지만, 픽사 팬이라면 한 번쯤
둘러보기 딱 좋더라고요 히힛..😚
​
아쉽게도 7월까지만 진행하는 프로모션이라
너무 늦게 올리지만, 사진으로나마
같이 랜선 구경하셨길 바라요!
​
홍대 놀거리나 AK플라자 방문할 일 있으시다면
4층 스파오 앞 팝업 구경해 보시길 추천드려요✨
AK PLAZA 홍대
서울특별시 마포구 양화로 188","{""title"": ""홍대 AK플라자 4층 토이스토리 팝업스토어, 굿즈 종류와 가격 후기"", ""link"": ""https://blog.naver.com/oh-nyonyo/224358900393"", ""description"": ""홍대 AK플라자 4층에서 만난 토이스토리 팝업스토어✨ 서울 마포구 양화로 188 AK플라자 홍대점 4층 스파오 앞 ⏰ 팝업 운영기간 : 26.07.17(금) - 07.30(목) 팝업 운영시간 : 월-금 11:00 ~ 22:00 토-일 10:30 ~ 22:00 02-789-9800... "", ""bloggername"": ""오뇽뇽의 요기죠기"", ""bloggerlink"": ""https://blog.naver.com/oh-nyonyo"", ""postdate"": 20260727, ""query"": ""마포구 팝업스토어"", ""content"": ""홍대 AK플라자 4층에서 만난\n토이스토리 팝업스토어✨\n서울 마포구 양화로 188\nAK플라자 홍대점 4층 스파오 앞\n⏰ 팝업 운영기간 : 26.07.17(금) - 07.30(목)\n팝업 운영시간 : 월-금 11:00 ~ 22:00\n토-일 10:30 ~ 22:00\n📞\n02-789-9800\n🅿️ 주차 불가\nAK PLAZA 홍대\n서울특별시 마포구 양화로 188\n오늘은 홍대 갔다가 우연히 들린 곳!!\n하.. 전 픽사와 디즈니 하면 환장하잖아요?\n홍대하면 더우니까 무조건\nAK플라자를 들르는 편인데 여기 4층\n스파오 앞에서 토이스토리 팝업을 하더라고요!!\n​\n이거 못참쥐~ 하면서 열심히 찍었는데 웬걸..\n딱 7월만 운영하는 프로모션ㅠㅠ🥹\n너무 늦게 올리네요.. 그렇지만 찍은 게 아쉬우니까\n올리기 힝 ㅠㅠ\n알린 풍선이 반겨주는 4층!!\n갖고싶네요ㅋㅋㅌ\n토이스토리의 핫함이 아직도 유지되는 것 같아요\n그러니 이 프로모션 더 오래 해달라ㅜㅜ\n보니까 귀여운 인형부터 퍼즐, 키링, 파우치, 컵 등\n굿즈들이 정말 다양했어요\n진짜 다양하게 느껴졌어요ㅋㅋㅋㅌ\n고민하다가 사진 않았지만,\n월급 받은 다음날이었으면 샀을 듯^^\n랜덤 캔뱃지도 이쁘네요 라인업을 봤는데 이건,\n더키와 버니가 귀여운 것 같아요ㅋㅋㅋ\n근데 만 원...? 하 일러스트 아쉬워\n랜덤 코인 파우치 키링도 이뻐요\n이게 더 나아요!! 가격 대비 이게 더 이뿨\n제가 하나하나 가격도 보시라고\n가격 나오게 찍어왔어요ㅋㅋㅋㅌ\n안쪽은 이렇게 인형도 한가득!\n하 인형 다 사고 싶었어요...♥️\n퍼즐도 정말 많더라고요!\n아가들이 좋아할 것 같아요ㅋㅋㅋ\n아기 있었으면 아가를 빌미로 샀을 듯..\n파우치 키링 이건 다 이뻐요 진짜\n에어팟 넣기 딱일 듯..!!\n간단한 거 아무거나 넣기도 딱이에요!\n누구 이거 사줄 사람?\n안대도 이쁨ㅋㅋㅋㅋㅋ 이거 쓰면 인싸 가능이에요\n제가 마그넷을 참 좋아하는데요\n8천 원 가격은 좋은데.. 비주얼이 .. 음..\n좀 더 .. 좀 더 .. 일러스트가 그닥..\n차라리 색감이 좋았으면 좋았을 텐데\n키링은 진짜 이쁘더라고요 다\n미니 틴케이스도 이뻤어요!🫶🏻\n컵은 하... 빈티지로 할 거면 더 빈티지로 했었음\n좋았을 텐데 개인적으로 디자인이 조금 아쉬웠어요!\n차라리 컵 코스터가 더 예뻤음\n딱 픽사 토이스토리의 상징이잖아요?\n색감도 너무 잘 나왔고요!\n알린도 이쁨!!! 캬  아 이거 살걸🥹\n홍대AK플라자ㆍ토이스토리팝업ㆍ홍대놀거리\n바깥쪽에 스티커며 미니키링, 마그넷도\n더 많았어요! 구경하느라 한참 걸렸어요ㅋㅋㅋ\n인생네컷 느낌의 마그넷 이쁘네요?\n아아ㅏ.. 근데 알린은 별로라 헤헷..\n키링도 이쁘고, 아니 스티커 가격 대비 이게 뭐죠?\n스티커는 좀 비싼 거 같아요ㅋㅋㅋㅋㅋㅋ\n아 물론 아크릴이긴 하지만.. 흠...\n토이스토리에 축구가 무슨 상관이죠..?\n월드컵 겨냥인가..ㅋㅋㅋㅋㅋ\n아 근데 축구 말고 아까 차라리 코스터 공을 하지\n홍대AK플라자ㆍ토이스토리팝업ㆍ홍대놀거리\n엽서는 그냥 그랬어요\n엽서 이미지 좋은 거 많았을 텐데... 흠?\nㅋㅋㅋㅋㅋㅋㅋㅋㅋㅋ\n스티커 이쁘네요ㅋㅋㅋㅋ\n이거 다이소에서 팔았으면 좋겠다 ^_^\n발판 짱 예쁘더라고요🥰\n가격 좀만 착했으면 샀을 듯!\nPrevious image\nNext image\n전 인형 음.. 귀엽긴 한데\n너무 이렇게 눈알 다르게 해놓는 거 싫어요\n네가 뭔데..? ㅋㅋㅋㅋㅋㅋ\n공책이랑 엽서도 투척!\n비싸네요... 후 ㅜㅜ 근데 엽서 이쁘다\n홍대AK플라자ㆍ토이스토리팝업ㆍ홍대놀거리\n이게 제일 유명한 거 알죠?\n토이스토리 랜덤 카메라 키링이에요\n소장 가치 꽤나 있지만,\n이야기 듣기로 화질이 심히 구리다고 해요!\n그리고 좀 무거움 가격 안착함 패스-!\n​\n결국 아무것도 안 삼 엔딩ㅋㅋㅋㅋㅋㅋㅋㅋㅋ\n그래도 구경할 만했어요ㅋㅋㅋ\n아니 써놓고 보니 너무 극딜했잖아?ㅋㅋㅋㅋ\n홍대 AK플라자 갔다가 우연히 들린\n토이스토리 팝업인데, 귀여운 굿즈가 많아서\n구경하는 재미가 쏠쏠했어요!\n​\n디자인이나 가격 면에서 살짝 아쉬운 아이템들도\n있었지만, 픽사 팬이라면 한 번쯤\n둘러보기 딱 좋더라고요 히힛..😚\n​\n아쉽게도 7월까지만 진행하는 프로모션이라\n너무 늦게 올리지만, 사진으로나마\n같이 랜선 구경하셨길 바라요!\n​\n홍대 놀거리나 AK플라자 방문할 일 있으시다면\n4층 스파오 앞 팝업 구경해 보시길 추천드려요✨\nAK PLAZA 홍대\n서울특별시 마포구 양화로 188""}",2026-09-14T03:23:14.969749+00:00
f80e8867-0fa3-56a2-98d4-40dbad85e15e,오버워치 팝업,팝업스토어,서울 마포구 월드컵북로6길 61 연남토마,,,,https://blog.naver.com/kimsohee0611/224354432116,,,,"['사진맛집', '힙함']",,,,blog_popup,"안녕하세요!
최근에 제가 홍대를 다녀왔는데요!
바로바로 오버워치 팝업과 맛집을 탐방하기 위해 다녀왔습니다!
​
​
​
​
연남 토마
연남토마
위치
서울 마포구 월드컵북로6길 61 연남토마
홍대입구 2번 출구에서
451m
​
영업시간
11:30 - 21:30
​
캐치테이블, 예약, 무선 인터넷, 단체 이용 가능, 유아의자, 대기공간
​
​
매장
테이블 키오스크가 있어서 편하게 주문 할 수 있었습니다!
​
​
​
​
기본반찬
우동 국물과 김치, 피클, 단무지 모두 준비되어 있어서 느끼하지 않고 잘 먹을 수 있었습니다
​
​
​
저는
바질명란오일파스타 ----17,000원
안심카츠 정식 ---14,000원
애비후라이 2p ----5,000원
​
3가지 메뉴를 주문했습니다! 양이 많아서
남겼어용
​
​
​
바질명란오일 파스타
추천메뉴!!
너무너무너무 맛있었어요!
명란이 올라가 있어서 조금씩 먹거나 아예 섞어서 먹을 수 있다고 안내해주세요
저는 아예 섞어서 먹었는데 많이 짜지도 않고 좋았습니다!
​
무엇보다도 바질의 향이 많이 나서 너무 맛있었어요!
​
​
​
​
​
안심카츠 정식과 에비 후라이 2p
카츠와 에비후라이에요!
​
안심카츠
저는 안심카츠 러버인데요! 밥 한 공기와 같이나와서 먹기 좋았습니다
또한 겨자와 소금, 고추냉이, 소스까지 있어서 다양하게 먹을 수 있어서
좋았습니다!
​
에비 후라이
새우튀김이 5,000원이라서 고민을 많이 했는데
튀김이 정말 바삭하고 새우가 커서 너무 맛있었습니다!
타르타르 소스도 있어서 느끼하지 않게 먹을 수 있었습니다.
​
파스타가 너무 맛있어서 다음에 또 먹으러 가려구요!
홍대 맛집을 찾으신다면 추천드립니당 ~~
​
​
​
​
​
​
오버워치 팝업스토어
오버워치 x 요아소비 콜라보
저는 오버워치가 발매되었을 때부터 계속했던 오버워치 유저입니다!
오버워치 팝업 스토어가 부천이나 서울에 종종 열리긴 했는데
이번에 홍대에 열린다고 해서 다녀왔어요!!
​
​
​
오버워치 x 요아소비 팝업스토어
기간 : 2026.07.09 - 07.19
위치 : 홍대 ak플라자 3층
생각보다 조금 크게 있어서 설레더라구요!
​
​
​
안에는 이번에 있는 요아소비 콜라보 스킨을 착용한 캐릭터들이 있었어요!
사람이 많아서 사진을 많이 찍지는 못했어요 ㅠㅠ
​
​
이번에 스킨이 너무너무! 예쁘지 않나요!?!?
저는 키리코 스킨을 오기 전부터 구매해서 가지고 있었답니다..ㅎㅎ
​
안에는 체험들이 있었는데요!
​
3,000원 캡슐 뽑기, 역할 뽑기, 15,000원 쿠지가 있었습니다!
저는 캡슐뽑기와 쿠지는 사람이 많아서 무료로 진행하는
역할 뽑기를 해보았습니다!
​
​
저는 탱커가 나왔네용..
저는 디바 원챔이다가 최근부터는 약 1-2년간은 힐러를 자주 하고있습니다!
​
이건 팝업에 방문해서 설문조사를 진행하면
엽서를 2개 주더라구요!
​
다음에 오버워치 팝업스토어가 또 생긴다면
굿즈들을 판매하면 좋을 것 같아요..
굿즈랑 귀여운 포토존들이 많았으면 좋겠습니다...
더 많은 오버워치 팝업스토어를 기대하며
오늘의 포스팅을 마치겠습니다!
​
​
다음은 전산회계 2급 시험 후기로 찾아오겠습니다!! 그럼 안뇽 ~~
​
​
#홍대맛집
#연남맛집
#파스타
#연남토마
#오버워치
#키리코
#주노
#한조
#겐지
#미즈키
#홍대오버워치팝업
#파스타맛집
#바질명란오일파스타
#안심카츠
​
​
​
​","{""title"": ""홍대 연남 맛집 후기 | 놀거리 후기 | 연남 토마 | 파스타 맛집 | 명란...."", ""link"": ""https://blog.naver.com/kimsohee0611/224354432116"", ""description"": ""연남 토마 연남토마 위치 서울 마포구 월드컵북로6길 61 연남토마 홍대입구 2번 출구에서 451m 영업시간... 홍대 맛집을 찾으신다면 추천드립니당 ~~ 오버워치 팝업스토어 오버워치 x 요아소비 콜라보 저는... "", ""bloggername"": ""히히노트 ₍. ᐢ..ᐢ₎"", ""bloggerlink"": ""https://blog.naver.com/kimsohee0611"", ""postdate"": 20260722, ""query"": ""마포구 팝업스토어"", ""content"": ""안녕하세요!\n최근에 제가 홍대를 다녀왔는데요!\n바로바로 오버워치 팝업과 맛집을 탐방하기 위해 다녀왔습니다!\n​\n​\n​\n​\n연남 토마\n연남토마\n위치\n서울 마포구 월드컵북로6길 61 연남토마\n홍대입구 2번 출구에서\n451m\n​\n영업시간\n11:30 - 21:30\n​\n캐치테이블, 예약, 무선 인터넷, 단체 이용 가능, 유아의자, 대기공간\n​\n​\n매장\n테이블 키오스크가 있어서 편하게 주문 할 수 있었습니다!\n​\n​\n​\n​\n기본반찬\n우동 국물과 김치, 피클, 단무지 모두 준비되어 있어서 느끼하지 않고 잘 먹을 수 있었습니다\n​\n​\n​\n저는\n바질명란오일파스타 ----17,000원\n안심카츠 정식 ---14,000원\n애비후라이 2p ----5,000원\n​\n3가지 메뉴를 주문했습니다! 양이 많아서\n남겼어용\n​\n​\n​\n바질명란오일 파스타\n추천메뉴!!\n너무너무너무 맛있었어요!\n명란이 올라가 있어서 조금씩 먹거나 아예 섞어서 먹을 수 있다고 안내해주세요\n저는 아예 섞어서 먹었는데 많이 짜지도 않고 좋았습니다!\n​\n무엇보다도 바질의 향이 많이 나서 너무 맛있었어요!\n​\n​\n​\n​\n​\n안심카츠 정식과 에비 후라이 2p\n카츠와 에비후라이에요!\n​\n안심카츠\n저는 안심카츠 러버인데요! 밥 한 공기와 같이나와서 먹기 좋았습니다\n또한 겨자와 소금, 고추냉이, 소스까지 있어서 다양하게 먹을 수 있어서\n좋았습니다!\n​\n에비 후라이\n새우튀김이 5,000원이라서 고민을 많이 했는데\n튀김이 정말 바삭하고 새우가 커서 너무 맛있었습니다!\n타르타르 소스도 있어서 느끼하지 않게 먹을 수 있었습니다.\n​\n파스타가 너무 맛있어서 다음에 또 먹으러 가려구요!\n홍대 맛집을 찾으신다면 추천드립니당 ~~\n​\n​\n​\n​\n​\n​\n오버워치 팝업스토어\n오버워치 x 요아소비 콜라보\n저는 오버워치가 발매되었을 때부터 계속했던 오버워치 유저입니다!\n오버워치 팝업 스토어가 부천이나 서울에 종종 열리긴 했는데\n이번에 홍대에 열린다고 해서 다녀왔어요!!\n​\n​\n​\n오버워치 x 요아소비 팝업스토어\n기간 : 2026.07.09 - 07.19\n위치 : 홍대 ak플라자 3층\n생각보다 조금 크게 있어서 설레더라구요!\n​\n​\n​\n안에는 이번에 있는 요아소비 콜라보 스킨을 착용한 캐릭터들이 있었어요!\n사람이 많아서 사진을 많이 찍지는 못했어요 ㅠㅠ\n​\n​\n이번에 스킨이 너무너무! 예쁘지 않나요!?!?\n저는 키리코 스킨을 오기 전부터 구매해서 가지고 있었답니다..ㅎㅎ\n​\n안에는 체험들이 있었는데요!\n​\n3,000원 캡슐 뽑기, 역할 뽑기, 15,000원 쿠지가 있었습니다!\n저는 캡슐뽑기와 쿠지는 사람이 많아서 무료로 진행하는\n역할 뽑기를 해보았습니다!\n​\n​\n저는 탱커가 나왔네용..\n저는 디바 원챔이다가 최근부터는 약 1-2년간은 힐러를 자주 하고있습니다!\n​\n이건 팝업에 방문해서 설문조사를 진행하면\n엽서를 2개 주더라구요!\n​\n다음에 오버워치 팝업스토어가 또 생긴다면\n굿즈들을 판매하면 좋을 것 같아요..\n굿즈랑 귀여운 포토존들이 많았으면 좋겠습니다...\n더 많은 오버워치 팝업스토어를 기대하며\n오늘의 포스팅을 마치겠습니다!\n​\n​\n다음은 전산회계 2급 시험 후기로 찾아오겠습니다!! 그럼 안뇽 ~~\n​\n​\n#홍대맛집\n#연남맛집\n#파스타\n#연남토마\n#오버워치\n#키리코\n#주노\n#한조\n#겐지\n#미즈키\n#홍대오버워치팝업\n#파스타맛집\n#바질명란오일파스타\n#안심카츠\n​\n​\n​\n​""}",2026-09-14T03:23:15.562283+00:00
103d07a2-7b89-5a8f-b152-47447008f2dd,르 테마 팝업 스토어,팝업스토어,"서울 마포구 양화로 178-5 LC타워 별관 지하 2층)에서 진행되며,",,,,https://blog.naver.com/kisswing0/224353845598,,,,['웨이팅있음'],,,,blog_popup,"「주술회전」의 인기 에피소드 「사멸회유」를 테마로 한 팝업스토어가 홍대에서 개최됩니다. 행사 기간은 2026년 7월 24일부터 8월 9일까지입니다.
​
행사는 팬베이스 홍대
(서울 마포구 양화로 178-5 LC타워 별관 지하 2층)에서 진행되며,
운영 시간은
매일 오전 11시부터 오후 8시까지입니다.
입장은
오후 7시 50분에 마감되므로 늦게 방문할 예정이라면 시간을 미리 확인하는 것이 좋습니다.
​
입장 방식은 요일에 따라 달라집니다. 월요일부터 목요일까진 자유 입장
으로 운영되며, 현장 대기줄이 길어질 경우 나우웨이팅 시스템을 이용한 현장 예약 방식으로 전환될 수 있습니다.
​
금요일과 토요일, 일요일은 네이버 예약 시스템을 통한 사전 예약제로 운영
됩니다. 예약 오픈 일정과 예약 방법은 추후 별도 공지를 통해 안내될 예정입니다. 사전 예약 대상일이라도 잔여 입장 인원이 남아 있으면 현장 예약을 통해 입장할 수 있습니다.
​
네이버 예약 :: 팝업스토어 입장권
줄 서지 않는 편리한 생활의 시작
m.booking.naver.com
예약은 위 링크에서 하시면 됩니다.
​
팝업스토어를 방문하면 입장 특전으로 「주술회전 사멸회유」 브로셔 1부를 받을 수 있습니다. 특전은 준비된 수량이 모두 소진되면 조기 종료됩니다.
​
「사멸회유」는 시부야 사변 이후를 배경으로 하는 원작의 대규모 장편 에피소드입니다. 켄자쿠가 시작한 죽음의 게임에 이타도리 유지와 후시구로 메구미, 옷코츠 유타, 하카리 킨지 등 여러 술사가 참가하면서 각 결계에서 치열한 전투가 이어지는 내용이지요.
​
어떤 굿즈가 판매되는지 공개되면 다시 전해드리겠습니다.
주술회전 사멸회유 애니메이션 인기 캐릭터 순위 10.
주술회전 사멸회유 애니메이션 인기 캐릭터 순위 10.
「주술회전 3기: 사멸회유 전편」이 인기리에 방영 중인데요. 방영을 기념해 일본 랭킹 전문 사이트 '...
blog.naver.com
일본에서 뽑은 주술회전 캐릭터 강함 순위 20.
일본에서 뽑은 주술회전 캐릭터 강함 순위 20. 주술회전 최강 캐릭터는?
「주술회전 3기」가 드디어 방영을 시작했습니다. 넷플릭스에도 동시에 올라오기 때문에, 많은 팬들이 편하...
blog.naver.com
일본에서 뽑은 주술회전 캐릭터 인기 순위 20.
일본에서 뽑은 주술회전 캐릭터 인기 순위 20.
오늘은 일본 랭킹 전문 사이트 '모두의 랭킹'에서 조사한 「주술회전 캐릭터 랭킹」를 소개 해 ...
blog.naver.com
​","{""title"": ""「주술회전 사멸회유」 팝업스토어 홍대 개최, 예약 및 입장 정보"", ""link"": ""https://blog.naver.com/kisswing0/224353845598"", ""description"": ""「주술회전」의 인기 에피소드 「사멸회유」를 테마로 한 팝업스토어가 홍대에서 개최됩니다. 행사 기간은 2026년 7월 24일부터 8월 9일까지입니다. 행사는 팬베이스 홍대(서울 마포구 양화로 178-5 LC타워 별관... "", ""bloggername"": ""아공간 Z"", ""bloggerlink"": ""https://blog.naver.com/kisswing0"", ""postdate"": 20260722, ""query"": ""마포구 팝업스토어"", ""content"": ""「주술회전」의 인기 에피소드 「사멸회유」를 테마로 한 팝업스토어가 홍대에서 개최됩니다. 행사 기간은 2026년 7월 24일부터 8월 9일까지입니다.\n​\n행사는 팬베이스 홍대\n(서울 마포구 양화로 178-5 LC타워 별관 지하 2층)에서 진행되며,\n운영 시간은\n매일 오전 11시부터 오후 8시까지입니다.\n입장은\n오후 7시 50분에 마감되므로 늦게 방문할 예정이라면 시간을 미리 확인하는 것이 좋습니다.\n​\n입장 방식은 요일에 따라 달라집니다. 월요일부터 목요일까진 자유 입장\n으로 운영되며, 현장 대기줄이 길어질 경우 나우웨이팅 시스템을 이용한 현장 예약 방식으로 전환될 수 있습니다.\n​\n금요일과 토요일, 일요일은 네이버 예약 시스템을 통한 사전 예약제로 운영\n됩니다. 예약 오픈 일정과 예약 방법은 추후 별도 공지를 통해 안내될 예정입니다. 사전 예약 대상일이라도 잔여 입장 인원이 남아 있으면 현장 예약을 통해 입장할 수 있습니다.\n​\n네이버 예약 :: 팝업스토어 입장권\n줄 서지 않는 편리한 생활의 시작\nm.booking.naver.com\n예약은 위 링크에서 하시면 됩니다.\n​\n팝업스토어를 방문하면 입장 특전으로 「주술회전 사멸회유」 브로셔 1부를 받을 수 있습니다. 특전은 준비된 수량이 모두 소진되면 조기 종료됩니다.\n​\n「사멸회유」는 시부야 사변 이후를 배경으로 하는 원작의 대규모 장편 에피소드입니다. 켄자쿠가 시작한 죽음의 게임에 이타도리 유지와 후시구로 메구미, 옷코츠 유타, 하카리 킨지 등 여러 술사가 참가하면서 각 결계에서 치열한 전투가 이어지는 내용이지요.\n​\n어떤 굿즈가 판매되는지 공개되면 다시 전해드리겠습니다.\n주술회전 사멸회유 애니메이션 인기 캐릭터 순위 10.\n주술회전 사멸회유 애니메이션 인기 캐릭터 순위 10.\n「주술회전 3기: 사멸회유 전편」이 인기리에 방영 중인데요. 방영을 기념해 일본 랭킹 전문 사이트 '...\nblog.naver.com\n일본에서 뽑은 주술회전 캐릭터 강함 순위 20.\n일본에서 뽑은 주술회전 캐릭터 강함 순위 20. 주술회전 최강 캐릭터는?\n「주술회전 3기」가 드디어 방영을 시작했습니다. 넷플릭스에도 동시에 올라오기 때문에, 많은 팬들이 편하...\nblog.naver.com\n일본에서 뽑은 주술회전 캐릭터 인기 순위 20.\n일본에서 뽑은 주술회전 캐릭터 인기 순위 20.\n오늘은 일본 랭킹 전문 사이트 '모두의 랭킹'에서 조사한 「주술회전 캐릭터 랭킹」를 소개 해 ...\nblog.naver.com\n​""}",2026-09-14T03:23:16.170939+00:00
e3cce106-0e6a-59fa-be1f-cd25dd995cfb,홍대 추천 팝업 스토어,팝업스토어,서울특별시 마포구 양화로 162 좋은사람들빌딩 1~3층,,,,https://blog.naver.com/93leek/224351700884,,,,['사진맛집'],,,,blog_popup,"카카오프렌즈 홍대플래그십 스토어
서울특별시 마포구 양화로 162 좋은사람들빌딩 1~3층
-주소: 서울 마포구 양화로 162 좋은사람들빌딩
-운영시간: 매일 10:30~22:00
-연락처: 02-6010-0104
-주차장: 없음
​
​
안녕하세요 ㅎㅎ 오늘 포스팅해볼 글은 홍대에서
놀만한 곳인 '카카오프랜즈샵' 방문후기입니다 ㅎㅎ
​
​
매장입구에 운영시간도 표기되어있으니
운영시간 미리 확인은 필수 ㅎㅎ
​
​
층별 안내도 있는데 카카오프랜즈샵은
건물 1~2층이랍니다 ㅎㅎ
​
​
카카오프랜즈샵의 1층 전경입니다 ㅎㅎ
​
​
카카오프랜즈샵이라는 이름답게
다양한 카카오프랜즈 굿즈를 판매한답니다 ㅎㅎ
​
​
귀염뽀짝한 작은 인형들부터 시작해서
​
​
큼지막한 대형인형들도 판매하고 있었답니다 ㅎㅎ
​
​
여기저기 데코할수 있는 스티커들 ㅎㅎ
​
​
평소 적는것을 좋아하는 사람들에게
관심갈만한도 노트도 있답니다 ㅎㅎ
​
​
여기저기 쓰임새가 많은 따수운 담요들도 있답니다
​
​
MBTI가 J인 사람들에게 딱인 다이어리와
달력도 있었답니다 ㅎㅎ
​
​
카카오프랜즈샵에는 포토존도 있어서 다양한
물품구경하다가 사진도 찍을수 있답니다 ㅎㅎ
​
​
야구를 좋아하는 사람으로 너무 마음에 들었던 굿즈
​
​
가방에 달고 다니기 좋은 인형키링도 있답니다 ㅎㅎ
​
​
인형키링뿐만 아니라 피규어키링도 있어요 ㅎㅎ
​
​
요즘 카카오프랜즈에서 핫한 캐릭터가 춘식이라
그런지 춘식이 굿즈가 제일 많더라구요 ㅋㅋ
​
​
집에 인테리어용으로도 좋은 카카오프랜즈 쿠션 ㅎㅎ
선물용으로도 좋아보였어요 ㅎㅎ
​
​
카카오프랜즈샵의 2층으로 올라갈수 있는 계단 ㅎㅎ
​
​
개인적으로 1층보다 2층이 훨씬 넓은 느낌 ㅎㅎ
​
​
2층에도 역시 카카오프랜즈 포토존이 있답니다 ㅎㅎ
​
​
뿐만 아니라 2층에도 대형인형도 있었어요 ㅎㅎ
​
​
여기에도 J들에게 딱인 다이어리가 ㅋㅋㅋ
​
​
꿀잠자기 딱좋은 아이템인 수면안대와 잠옷들
요거 탐나더라구요 ㅋㅋ
​
​
씻을때 유용할거 같은 세면 머리띠와 샤워볼도
있는데 이런 제품까지 있어 놀랐답니다 ㅋㅋ
​
​
머그컵과 텀블러도 있는데 텀블러파로써
텀블러 짱짱짱!! ㅎㅎㅎ
​
​
어린아이들이 엄청 좋아할거 같은 식기류도 있더라구요
​
​
귀염귀염한 카카오프랜즈 캐릭터 양말들 ㅎㅎ
​
​
집에서 신고다니기 좋은 실내용 슬리퍼도 있어요 ㅎㅎㅎ
​
​
뭔가 레고 느낌의 굿즈도 있었는데 특이한 느낌 ㅋㅋ
​
​
다양한 키링이 2층에도 있는데 키링성애자로
정신을 못차리고 구경했답니다 ㅎㅎ
​
​
주차번호판도 있는데 귀엽게 차를 꾸미기 좋아보였어요
​
​
차량의 쾌적함을 책임지는 차량방향제도 있어요 ㅎㅎ
​
​
2층에는 딱 적당한 크기의 인형들도 많이 있었답니다
​
​
캐릭터 방석도 있는데 이거 쓰면 관종이겠죠?!
(하지만 탐나기는 함 ㅋㅋㅋ)
​
​
우산도 있었는데 개인적으로는 미니우산 디자인이 취저
​
​
각종 캐릭터필기구들도 있었답니다 ㅎㅎ
​
​
그이외에도 다양한 굿즈들을 판매하고 있었는데요 ㅎㅎ
​
​
침실에 두면 좋을것 같은 무드등도 있구요 ㅎㅎ
​
​
방에 인테리어용으로 두면 좋을거같은 스노우볼,
피규어, 레고 등도 있었답니다 ㅎㅎ
​
​
마지막으로 현대인들의 필수템인 보조베터리 ㅎㅎ
이것도 갠적으로 엄청 탐났답니다 ㅎㅎ
​
​
​
​
홍대에 위치한 카카오프랜즈샵을 방문한 소감은
카카오프랜즈 캐릭터를 좋아하는 분들은
꼭한번 방문해볼만한 곳이었답니다 ㅎㅎㅎ
​
카카오프랜즈샵답게 카카오프랜즈 캐릭터들이
박혀있는 제품들이 가득하다는 점에서
귀여운 제품을 좋아하는 사람들에게는
선호도가 높을거 같았습니다 ㅎㅎ
​
단순한 굿즈 뿐만이 아니라 실용적인 제품도
많이있어서 여러모로 홍대왔을때 시간보내기 좋은
카카오프랜즈샵 방문을 추천드립니다 ㅎㅎ
​
​","{""title"": ""홍대 놀거리 추천 팝업스토어 '카카오프랜즈샵' 방문후기"", ""link"": ""https://blog.naver.com/93leek/224351700884"", ""description"": ""-주소: 서울 마포구 양화로 162 좋은사람들빌딩 -운영시간: 매일 10:30~22:00 -연락처: 02-6010-0104 -주차장: 없음 안녕하세요 ㅎㅎ 오늘 포스팅해볼 글은 홍대에서 놀만한 곳인 '카카오프랜즈샵' 방문후기입니다 ㅎㅎ... "", ""bloggername"": ""우렉크의 이야기"", ""bloggerlink"": ""https://blog.naver.com/93leek"", ""postdate"": 20260720, ""query"": ""마포구 팝업스토어"", ""content"": ""카카오프렌즈 홍대플래그십 스토어\n서울특별시 마포구 양화로 162 좋은사람들빌딩 1~3층\n-주소: 서울 마포구 양화로 162 좋은사람들빌딩\n-운영시간: 매일 10:30~22:00\n-연락처: 02-6010-0104\n-주차장: 없음\n​\n​\n안녕하세요 ㅎㅎ 오늘 포스팅해볼 글은 홍대에서\n놀만한 곳인 '카카오프랜즈샵' 방문후기입니다 ㅎㅎ\n​\n​\n매장입구에 운영시간도 표기되어있으니\n운영시간 미리 확인은 필수 ㅎㅎ\n​\n​\n층별 안내도 있는데 카카오프랜즈샵은\n건물 1~2층이랍니다 ㅎㅎ\n​\n​\n카카오프랜즈샵의 1층 전경입니다 ㅎㅎ\n​\n​\n카카오프랜즈샵이라는 이름답게\n다양한 카카오프랜즈 굿즈를 판매한답니다 ㅎㅎ\n​\n​\n귀염뽀짝한 작은 인형들부터 시작해서\n​\n​\n큼지막한 대형인형들도 판매하고 있었답니다 ㅎㅎ\n​\n​\n여기저기 데코할수 있는 스티커들 ㅎㅎ\n​\n​\n평소 적는것을 좋아하는 사람들에게\n관심갈만한도 노트도 있답니다 ㅎㅎ\n​\n​\n여기저기 쓰임새가 많은 따수운 담요들도 있답니다\n​\n​\nMBTI가 J인 사람들에게 딱인 다이어리와\n달력도 있었답니다 ㅎㅎ\n​\n​\n카카오프랜즈샵에는 포토존도 있어서 다양한\n물품구경하다가 사진도 찍을수 있답니다 ㅎㅎ\n​\n​\n야구를 좋아하는 사람으로 너무 마음에 들었던 굿즈\n​\n​\n가방에 달고 다니기 좋은 인형키링도 있답니다 ㅎㅎ\n​\n​\n인형키링뿐만 아니라 피규어키링도 있어요 ㅎㅎ\n​\n​\n요즘 카카오프랜즈에서 핫한 캐릭터가 춘식이라\n그런지 춘식이 굿즈가 제일 많더라구요 ㅋㅋ\n​\n​\n집에 인테리어용으로도 좋은 카카오프랜즈 쿠션 ㅎㅎ\n선물용으로도 좋아보였어요 ㅎㅎ\n​\n​\n카카오프랜즈샵의 2층으로 올라갈수 있는 계단 ㅎㅎ\n​\n​\n개인적으로 1층보다 2층이 훨씬 넓은 느낌 ㅎㅎ\n​\n​\n2층에도 역시 카카오프랜즈 포토존이 있답니다 ㅎㅎ\n​\n​\n뿐만 아니라 2층에도 대형인형도 있었어요 ㅎㅎ\n​\n​\n여기에도 J들에게 딱인 다이어리가 ㅋㅋㅋ\n​\n​\n꿀잠자기 딱좋은 아이템인 수면안대와 잠옷들\n요거 탐나더라구요 ㅋㅋ\n​\n​\n씻을때 유용할거 같은 세면 머리띠와 샤워볼도\n있는데 이런 제품까지 있어 놀랐답니다 ㅋㅋ\n​\n​\n머그컵과 텀블러도 있는데 텀블러파로써\n텀블러 짱짱짱!! ㅎㅎㅎ\n​\n​\n어린아이들이 엄청 좋아할거 같은 식기류도 있더라구요\n​\n​\n귀염귀염한 카카오프랜즈 캐릭터 양말들 ㅎㅎ\n​\n​\n집에서 신고다니기 좋은 실내용 슬리퍼도 있어요 ㅎㅎㅎ\n​\n​\n뭔가 레고 느낌의 굿즈도 있었는데 특이한 느낌 ㅋㅋ\n​\n​\n다양한 키링이 2층에도 있는데 키링성애자로\n정신을 못차리고 구경했답니다 ㅎㅎ\n​\n​\n주차번호판도 있는데 귀엽게 차를 꾸미기 좋아보였어요\n​\n​\n차량의 쾌적함을 책임지는 차량방향제도 있어요 ㅎㅎ\n​\n​\n2층에는 딱 적당한 크기의 인형들도 많이 있었답니다\n​\n​\n캐릭터 방석도 있는데 이거 쓰면 관종이겠죠?!\n(하지만 탐나기는 함 ㅋㅋㅋ)\n​\n​\n우산도 있었는데 개인적으로는 미니우산 디자인이 취저\n​\n​\n각종 캐릭터필기구들도 있었답니다 ㅎㅎ\n​\n​\n그이외에도 다양한 굿즈들을 판매하고 있었는데요 ㅎㅎ\n​\n​\n침실에 두면 좋을것 같은 무드등도 있구요 ㅎㅎ\n​\n​\n방에 인테리어용으로 두면 좋을거같은 스노우볼,\n피규어, 레고 등도 있었답니다 ㅎㅎ\n​\n​\n마지막으로 현대인들의 필수템인 보조베터리 ㅎㅎ\n이것도 갠적으로 엄청 탐났답니다 ㅎㅎ\n​\n​\n​\n​\n홍대에 위치한 카카오프랜즈샵을 방문한 소감은\n카카오프랜즈 캐릭터를 좋아하는 분들은\n꼭한번 방문해볼만한 곳이었답니다 ㅎㅎㅎ\n​\n카카오프랜즈샵답게 카카오프랜즈 캐릭터들이\n박혀있는 제품들이 가득하다는 점에서\n귀여운 제품을 좋아하는 사람들에게는\n선호도가 높을거 같았습니다 ㅎㅎ\n​\n단순한 굿즈 뿐만이 아니라 실용적인 제품도\n많이있어서 여러모로 홍대왔을때 시간보내기 좋은\n카카오프랜즈샵 방문을 추천드립니다 ㅎㅎ\n​\n​""}",2026-09-14T03:23:16.476944+00:00
7cdc5154-9b4b-54a5-b0c5-472dddf68ba7,인증 라테일 20 팝업 스토어,팝업스토어,서울특별시 마포구 동교동 148-12,,,,https://blog.naver.com/wishfor_/224344106034,,,,"['사진맛집', '힙함']",,,,blog_popup,"​
내돈내산 인증
방문
라테일 20주년 팝업스토어
서울특별시 마포구 동교동 148-12
더보기
라테일 20주년 팝업스토어 예약
2026.07.
예약
소싯적에 정말정말 애기때, 다른 친구들은 다른 게임하고 있을 때 나는 라테일을 주구장창하는 아이였는데
초등학생이었던 내가 8~9살에 라테일을 했었는데.. 2~3년을 진짜 열심히하고 너무 즐거워했고 지금 20대가 되서도 마음 한켠에 계속있는 소중한 추억이었던 게임이... 올해 20주년을 맞이했다네요
​
7월 3일부터 5일까지 진행했고
3일 금요일은 네이버 예약만, 4일 토요일은 네이버 예약자 + 현장대기, 5일 일요일은 현장대기만해서 가능!!! 그래서 저는 예약으로 다녀왔답니당.
​
​
​
라테일 20주년 팝업스토어
서울특별시 마포구 동교로30길 21 스페이스비 연남
사실 라테일이 벌써 20주년이라는 것과 마포에서 팝업한다는 것도 몰랐는데 갑자기 어쩌다보니 인스타에서 우연찮게 알고리즘 타고 발견하며..
너무너무 좋아했던 게임이었고 즐거운 마음에 너무 가고 싶었어요 그리고 또 첫 팝업이래요!!! 근데 이제 팝업 예약에 5시30분에 딱 한자리 남아서,,, 어쩌다보니 얼레벌레 예약에 성공했다가 가게됐다네요...
​
​
마포구에  '스페이스비'로 갔는데
벌써부터 마음이 몽글함. 넘 울컥했어요.
너도 나도 우리 둘다 나이를 먹는구나 ㅠ....
​
​
​
네이버 예약자 한정으로 들어올 수 있었나봅니당.
사실 5시30분 넘어서 왔는데도 들어올 수 있었어요
오면 이제 도장스탬프하고 종이와  라테일 시그니처 프리링 부채를 받고 팝업 스토어 구경 레츠기릿.
​
​
게임 첫 시작 할때 만나는
벨로스 대표 NPC 아세스를 만다나디
언니 여기서 만나니까 넘반가와요... ><
​
​
​
프리링 인형 굿즈도 판매했는데
왜.
벌써 품절이냐고
샤갈
​
​
​
헤드셋을 끼고 최애 플레이리스트를 고르는건데 히히.
너무 오랜만에서 들어서 그런가 메인테마 말곤 거의 다 처음 듣는 브금들이. ㅜㅜㅜ
업데이트를 너뭄 많이하셨나봐요 라테일..
그래서 마음속 1위는 메인테마 may be happy 로 선정!!
​
​
​
이게 다 직업군인가... 맞는듯
내가 마지막으로 했을때 소울리스원 나오고 카드마스터가 마지막으로 나오고
그 뒤로는 모르겠습니다.........
​
TMI로는 옌님은 탐험가-트레져헌터(2차전직) 했다가 접고
다시 마법사로가서 아크메이저까지 했다가 다른 계정파서 파픈도하다가 또 바꿔서 마지막으로 다시 근본이었던 탐험가다시해서 프라이쉬츠까지 203레벨인가... 까지하고 접었답니다
총쏘는게 너무 멋있었음.
​
​
프리링왜이렇게생겼어
귀엽네
조에!!!랑 누구더라... 미안해
오랜만이야
​
​
이제 1층은 다 구경했고 2층으로 올라가면 다른게 있다고해서 올라가봤어욤
​
와펜 키링 2종을 고를 수가 있었는데..
프리링이랑 인기 있는 친구들은 다 품절이었어요 ㅜㅠㅠㅠ,, 넘 늦게와서 그론가...
​
​
​
​
그리고 사진도찍으라는데
진짜 개밤티.
그치만 프리링과 함께라면 찍습니다
​
​
라테일 일러스트는 다 귀여운거 같아욤
근데 직업군이 너무 많아서 뭐가뭔지도 모르겠슨
​
​
프리링 도장있길래 찍어봤어요 넘 귀여워요
​
​
그리고 라테일이랑 헤비???........................ 라는거랑 콜라보했다는데 잘 모르겠어요
약간 최애의 아이 느낌 아이돌 그런느ㅡ낌같은데암튼.
​
닉네임써서 포토카드도 만들 수 있대요!! 그래서 만듬
사실 라테일 닉네임은 '기다림' 이었는데....
그치만 지금은 그 닉네임을 안써서..
​
블로그 닉넴으로 햇어요 ㅎㅎ
아이돌이 된 이리스인가 뭔가 예쁘네요
​
팝업스토어에서.. 스티커와 자석마그넷 등등을 획득했답니다
((누군가가 사주심))
스템프도 다 찍었구 넘 귀여워요
​
스티커도 귀여움
​
ㅍㄹㄹㄱㅇㅇ
​
​
마지막으로 어릴적 추억을 성인이 되서도 팝업을 통해서 잠시나마 추억을 회상하기 넘 좋았구 비록 팝업이 큰 규모는 아니었어서 아쉬었지만 귀엽고 구경하기 좋았어욤.
그리고 나두... 다른 네이버 계정으로 라테일포스팅도 열심히 했었는데@!!!!!! 그 계정을 폭파시켜버렸어요.
너무 아까워요 증말.
추억이 날라갔지만 그래도 즐거웠습니당.","{""title"": ""8살에 라테일했던 아기가 20주년 라테일 팝업스토어(서울 마포구)를 ...."", ""link"": ""https://blog.naver.com/wishfor_/224344106034"", ""description"": ""사실 라테일이 벌써 20주년이라는 것과 마포에서 팝업한다는 것도... 마포구에 '스페이스비'로 갔는데 벌써부터 마음이 몽글함. 넘... 예쁘네요 팝업스토어에서.. 스티커와 자석마그넷 등등을 획득했답니다... "", ""bloggername"": ""Calmer, happier, smoother."", ""bloggerlink"": ""https://blog.naver.com/wishfor_"", ""postdate"": 20260713, ""query"": ""마포구 팝업스토어"", ""content"": ""​\n내돈내산 인증\n방문\n라테일 20주년 팝업스토어\n서울특별시 마포구 동교동 148-12\n더보기\n라테일 20주년 팝업스토어 예약\n2026.07.\n예약\n소싯적에 정말정말 애기때, 다른 친구들은 다른 게임하고 있을 때 나는 라테일을 주구장창하는 아이였는데\n초등학생이었던 내가 8~9살에 라테일을 했었는데.. 2~3년을 진짜 열심히하고 너무 즐거워했고 지금 20대가 되서도 마음 한켠에 계속있는 소중한 추억이었던 게임이... 올해 20주년을 맞이했다네요\n​\n7월 3일부터 5일까지 진행했고\n3일 금요일은 네이버 예약만, 4일 토요일은 네이버 예약자 + 현장대기, 5일 일요일은 현장대기만해서 가능!!! 그래서 저는 예약으로 다녀왔답니당.\n​\n​\n​\n라테일 20주년 팝업스토어\n서울특별시 마포구 동교로30길 21 스페이스비 연남\n사실 라테일이 벌써 20주년이라는 것과 마포에서 팝업한다는 것도 몰랐는데 갑자기 어쩌다보니 인스타에서 우연찮게 알고리즘 타고 발견하며..\n너무너무 좋아했던 게임이었고 즐거운 마음에 너무 가고 싶었어요 그리고 또 첫 팝업이래요!!! 근데 이제 팝업 예약에 5시30분에 딱 한자리 남아서,,, 어쩌다보니 얼레벌레 예약에 성공했다가 가게됐다네요...\n​\n​\n마포구에  '스페이스비'로 갔는데\n벌써부터 마음이 몽글함. 넘 울컥했어요.\n너도 나도 우리 둘다 나이를 먹는구나 ㅠ....\n​\n​\n​\n네이버 예약자 한정으로 들어올 수 있었나봅니당.\n사실 5시30분 넘어서 왔는데도 들어올 수 있었어요\n오면 이제 도장스탬프하고 종이와  라테일 시그니처 프리링 부채를 받고 팝업 스토어 구경 레츠기릿.\n​\n​\n게임 첫 시작 할때 만나는\n벨로스 대표 NPC 아세스를 만다나디\n언니 여기서 만나니까 넘반가와요... ><\n​\n​\n​\n프리링 인형 굿즈도 판매했는데\n왜.\n벌써 품절이냐고\n샤갈\n​\n​\n​\n헤드셋을 끼고 최애 플레이리스트를 고르는건데 히히.\n너무 오랜만에서 들어서 그런가 메인테마 말곤 거의 다 처음 듣는 브금들이. ㅜㅜㅜ\n업데이트를 너뭄 많이하셨나봐요 라테일..\n그래서 마음속 1위는 메인테마 may be happy 로 선정!!\n​\n​\n​\n이게 다 직업군인가... 맞는듯\n내가 마지막으로 했을때 소울리스원 나오고 카드마스터가 마지막으로 나오고\n그 뒤로는 모르겠습니다.........\n​\nTMI로는 옌님은 탐험가-트레져헌터(2차전직) 했다가 접고\n다시 마법사로가서 아크메이저까지 했다가 다른 계정파서 파픈도하다가 또 바꿔서 마지막으로 다시 근본이었던 탐험가다시해서 프라이쉬츠까지 203레벨인가... 까지하고 접었답니다\n총쏘는게 너무 멋있었음.\n​\n​\n프리링왜이렇게생겼어\n귀엽네\n조에!!!랑 누구더라... 미안해\n오랜만이야\n​\n​\n이제 1층은 다 구경했고 2층으로 올라가면 다른게 있다고해서 올라가봤어욤\n​\n와펜 키링 2종을 고를 수가 있었는데..\n프리링이랑 인기 있는 친구들은 다 품절이었어요 ㅜㅠㅠㅠ,, 넘 늦게와서 그론가...\n​\n​\n​\n​\n그리고 사진도찍으라는데\n진짜 개밤티.\n그치만 프리링과 함께라면 찍습니다\n​\n​\n라테일 일러스트는 다 귀여운거 같아욤\n근데 직업군이 너무 많아서 뭐가뭔지도 모르겠슨\n​\n​\n프리링 도장있길래 찍어봤어요 넘 귀여워요\n​\n​\n그리고 라테일이랑 헤비???........................ 라는거랑 콜라보했다는데 잘 모르겠어요\n약간 최애의 아이 느낌 아이돌 그런느ㅡ낌같은데암튼.\n​\n닉네임써서 포토카드도 만들 수 있대요!! 그래서 만듬\n사실 라테일 닉네임은 '기다림' 이었는데....\n그치만 지금은 그 닉네임을 안써서..\n​\n블로그 닉넴으로 햇어요 ㅎㅎ\n아이돌이 된 이리스인가 뭔가 예쁘네요\n​\n팝업스토어에서.. 스티커와 자석마그넷 등등을 획득했답니다\n((누군가가 사주심))\n스템프도 다 찍었구 넘 귀여워요\n​\n스티커도 귀여움\n​\nㅍㄹㄹㄱㅇㅇ\n​\n​\n마지막으로 어릴적 추억을 성인이 되서도 팝업을 통해서 잠시나마 추억을 회상하기 넘 좋았구 비록 팝업이 큰 규모는 아니었어서 아쉬었지만 귀엽고 구경하기 좋았어욤.\n그리고 나두... 다른 네이버 계정으로 라테일포스팅도 열심히 했었는데@!!!!!! 그 계정을 폭파시켜버렸어요.\n너무 아까워요 증말.\n추억이 날라갔지만 그래도 즐거웠습니당.""}",2026-09-14T03:23:18.022843+00:00
05b9a6e4-9556-573a-89b0-3e30cdfe3c43,수호천사 엔젤 팝업,팝업스토어,"서울특별시 마포구 양화로 188 (동교동, 애경타워) AK PLAZA 홍대 1층",,,,https://blog.naver.com/adansonia_/224343784864,,,,"['사진맛집', '힙함']",,,,blog_popup,"​
수호천사 엔젤이 팝업
서울특별시 마포구 양화로 188 (동교동, 애경타워) AK PLAZA 홍대 1층
AK PLAZA 홍대
서울특별시 마포구 양화로 188
수호천사 엔젤이 팝업 스토어
대답해줘 엔젤아
방문 후기
주소:
서울 마포구 양화로 188 ak 플라자 1층
방문일: 2026년 7월 7일 / 8일 이틀
귀엽고 레트로한 디자인을 강조하는 포토존이 있었다.
저 레트로 화면에서 레트로한 스티커를 뽑아 주신다
운세 스티커인데 너무 귀엽다
7월 7일에 방문했을 때는 봉제인형밖에 없었다 거의..
인기가 넘쳐나서 다 털린 엔젤이 팝업..
7월 8일에 다시 갔을땐 품목이 많이 늘어나 있었다.
​
품목 가격
엔젤이 접이식 스트링백 17000원
엔젤이 2in1 컵홀더 8000원
엔젤이 멀티 여권 파우치 15000원
엔젤이 날개 파우치 10000원
태닝 엔젤이 인형 키링 19000원
엔젤이 얼굴 키링 4종 6000원
엔젤이 포토카드 홀더 13000원
엔젤이 후드 담요 28000원
엔젤이 자수 뱃지 세트 9000원 (3개입)
엔젤이 양면 거울 4000원
엔젤이 티셔츠 (손그림 / 엔젤폰 2종) 18000원
터치 엔젤폰 클릭커 11000원
내맘대로 스티커 메이커 35100원
엔젤이 21cm 인형 26100원
비밀일기장 북파우치 25200원
엔젤이 인형 키링 4종 19000원
엔젤폰 인형옷 11000원
엔젤이 증명사진 홀더 키링 10000원
엔젤폰 아크릴 키링 7000원
엔젤이 자수뱃지 3000원
엔젤이 판스티커 4000원
엔젤이 라벨스티커 3000원
엔젤이 펄 마스킹 테이프 (2종) 5000원
엔젤이 카드스티커 4개입 5000원
엔젤이 떡메모지 2종 2000원
엔젤이 부채도 오후엔 품절나서 배포되지 않고 엔젤이 구매 특전 랜덤카드도 소진이었고 럭키드로우(뽑기 이벤트)도 안 한다고 했다.
7일엔 품목이 너무 없어서 슬펐으나 8일엔 많이 들어왔고
인스타 스토리로 입고 소식이 계속 올라오니 주시하면 된다
근데 화난 엔젤이 인형 키링은 진짜 인기 품목이라 이틀 내내 구할 수 없었다
추억 속 친구인 줄 알았는데 지금도 나의 친구인 엔젤이
오래 함께하자~
귀엽고 레트로하고 무해하고 순진하고 폭신한 그런 이미지가 좋다.
어릴 때 같이 놀던 순진한 내 친구 느낌
귀여운 엔젤..
뱃지가 의외로 맘에 들었다
보통 캔뱃지 굿즈류는 그냥 프린팅 되어있는건데 엔젤이 굿즈는 자수여서 질감이나 느낌이 더 좋고 레트로한 느낌이 산다.
화난 인형 키링을 언젠간 구하고 싶다..","{""title"": ""수호천사 엔젤이 팝업 스토어 | 현장예약 오픈런 후기 | 홍대 ak 플라...."", ""link"": ""https://blog.naver.com/adansonia_/224343784864"", ""description"": ""수호천사 엔젤이 팝업 스토어 대답해줘 엔젤아 방문 후기 주소: 서울 마포구 양화로 188 ak 플라자 1층 방문일: 2026년 7월 7일 / 8일 이틀 귀엽고 레트로한 디자인을 강조하는 포토존이 있었다. 저 레트로... "", ""bloggername"": ""먹고 걷고 적고"", ""bloggerlink"": ""https://blog.naver.com/adansonia_"", ""postdate"": 20260712, ""query"": ""마포구 팝업스토어"", ""content"": ""​\n수호천사 엔젤이 팝업\n서울특별시 마포구 양화로 188 (동교동, 애경타워) AK PLAZA 홍대 1층\nAK PLAZA 홍대\n서울특별시 마포구 양화로 188\n수호천사 엔젤이 팝업 스토어\n대답해줘 엔젤아\n방문 후기\n주소:\n서울 마포구 양화로 188 ak 플라자 1층\n방문일: 2026년 7월 7일 / 8일 이틀\n귀엽고 레트로한 디자인을 강조하는 포토존이 있었다.\n저 레트로 화면에서 레트로한 스티커를 뽑아 주신다\n운세 스티커인데 너무 귀엽다\n7월 7일에 방문했을 때는 봉제인형밖에 없었다 거의..\n인기가 넘쳐나서 다 털린 엔젤이 팝업..\n7월 8일에 다시 갔을땐 품목이 많이 늘어나 있었다.\n​\n품목 가격\n엔젤이 접이식 스트링백 17000원\n엔젤이 2in1 컵홀더 8000원\n엔젤이 멀티 여권 파우치 15000원\n엔젤이 날개 파우치 10000원\n태닝 엔젤이 인형 키링 19000원\n엔젤이 얼굴 키링 4종 6000원\n엔젤이 포토카드 홀더 13000원\n엔젤이 후드 담요 28000원\n엔젤이 자수 뱃지 세트 9000원 (3개입)\n엔젤이 양면 거울 4000원\n엔젤이 티셔츠 (손그림 / 엔젤폰 2종) 18000원\n터치 엔젤폰 클릭커 11000원\n내맘대로 스티커 메이커 35100원\n엔젤이 21cm 인형 26100원\n비밀일기장 북파우치 25200원\n엔젤이 인형 키링 4종 19000원\n엔젤폰 인형옷 11000원\n엔젤이 증명사진 홀더 키링 10000원\n엔젤폰 아크릴 키링 7000원\n엔젤이 자수뱃지 3000원\n엔젤이 판스티커 4000원\n엔젤이 라벨스티커 3000원\n엔젤이 펄 마스킹 테이프 (2종) 5000원\n엔젤이 카드스티커 4개입 5000원\n엔젤이 떡메모지 2종 2000원\n엔젤이 부채도 오후엔 품절나서 배포되지 않고 엔젤이 구매 특전 랜덤카드도 소진이었고 럭키드로우(뽑기 이벤트)도 안 한다고 했다.\n7일엔 품목이 너무 없어서 슬펐으나 8일엔 많이 들어왔고\n인스타 스토리로 입고 소식이 계속 올라오니 주시하면 된다\n근데 화난 엔젤이 인형 키링은 진짜 인기 품목이라 이틀 내내 구할 수 없었다\n추억 속 친구인 줄 알았는데 지금도 나의 친구인 엔젤이\n오래 함께하자~\n귀엽고 레트로하고 무해하고 순진하고 폭신한 그런 이미지가 좋다.\n어릴 때 같이 놀던 순진한 내 친구 느낌\n귀여운 엔젤..\n뱃지가 의외로 맘에 들었다\n보통 캔뱃지 굿즈류는 그냥 프린팅 되어있는건데 엔젤이 굿즈는 자수여서 질감이나 느낌이 더 좋고 레트로한 느낌이 산다.\n화난 인형 키링을 언젠간 구하고 싶다..""}",2026-09-14T03:23:18.323532+00:00
bf20c0a7-064b-502e-b547-e429615c6fd6,묘냥이 멍구 팝업 스토어,팝업스토어,서울특별시 마포구 양화로 188,,,,https://blog.naver.com/adansonia_/224343764353,,,,['웨이팅있음'],,,,blog_popup,"묘냥이와 멍구 팝업스토어
서울특별시 마포구 양화로 188
AK PLAZA 홍대
서울특별시 마포구 양화로 188
주소: 서울 마포구 양화로 188 (동교동) AK 플라자 1층
묘냥이와 멍구 팝업 방문기
2026년 7월 7일
11시 오픈인데 10시 반쯤 도착했던 거 같고 벌써 줄이 있었다
오픈하니 바로 입장이었고 사전예약 따로 없고 현장예약이었다
토끼풀 빌라 주민들은 묘냥이, 멍구, 시루, 아나스타샤.
부끄, 밤송, 밤톨이 거주중인 것 같다.
죽은 눈의 묘냥이가 더 인기가 많을 줄 알았는데
눈이 초롱초롱한 멍구가 더 인기가 많았다 (마스코트 키링 품절 기준)
서로를 흉내내는 묘냥이와 멍구
품목 가격
묘냥 / 멍구 기본 마스코트 키링 14000원
묘냥 / 멍구 코스튬 마스코트 키링 19000원
묘냥 / 멍구 중형 30CM 시팅 인형 36000원
늘어나요 롱 펜케이스 묘냥 19000원
행복한 얼굴 포쉐트 멍구 26000원
묘냥 / 멍구 스트링 파우치 15000원
랜덤 아크릴 키링 8종 7000원
(묘냥/멍구/코스튬 묘냥/코스튬 멍구/아나스타샤/시루/밤송 밤톨/부끄)
랜덤 업무용 마그넷 6종 7500
묘냥 멍구 키캡 4종 세트 22000 (키캡 키링 부자재 포함)
다이컷 얼굴 마우스패드 멍구 / 묘냥 6500
엽서 + 조각스티커 세트 6종 2500원
성실 / 불성실 스티커 2종 3500원
반소매 티셔츠 묘냥/ 멍구 (M / L ) 32000원
누들스토퍼 15000원
이어폰 줄감개 키링 9000원
모니터 메모보드 14000원
쉐이커 키링 12000원
스티커팩 8개입 5000원
포토카드 아크릴 스탠드 15000원
맥세이프 전용 스마트톡 묘냥 / 멍구 15000원
아크릴 카라비너 묘냥 / 멍구 8000원
랜덤 아크릴 디오라마 3종 9000원 (묘냥+멍구 / 아나스타샤+시루 / 밤송 밤톨 부끄)
7월 7일 기준 입고가 된 모양인지 제법 풍족했으나
코스튬 마스코트 멍구는 거의 없었다. 거의 마지막 거를 겟했다.
비닐을 안 씌우고 파는 인형은 처음 봤다.
보들보들
초롱초롱 멍구
죽은 눈의 묘냥
기본 마스코트 키링들
롱 펜케이스 저것도 품귀 현상을 빚고 있다
커피를 마시는 죽은 눈의 묘냥
티셔츠
키캡도 귀엽다
랜덤 마그넷
초롱초롱 귀여운 멍구
죽은 눈의 묘냥과 초롱초롱 멍구 조합이 좋다
찌든 직장인 인
말도 안되는 가격이 판치는 문구류  굿즈 세상인데
엽서랑 조각스티커 세트가 2500원이라는건 꽤 괜찮아보였다
디자인도 귀엽고
마우스패드
사랑스러워
팝업스토어 전체적으로 아기자기하게 꾸며져있어서 보는 재미도 있었다.
계산대는 관리사무소 ㅎㅎ
아크릴 굿즈도.. 봉제 굿즈도 귀여워..
묘냥, 멍구 말고도
시루 아나스타샤 밤송+밤톨 부끄 다 귀엽고 개성있어서
정신 차리면 여기서 한 30만원 쓸 거 같다
요새 아크릴 쉐이커라는게 유행이라 큰일이다
다 너무 귀엽다..
11시 20분? 즈음 나와서 보니 벌써 예상 웨이팅이 91분이었다
인기가..
다양한 이벤트도 진행하고 있다.
탐나는 아이템만 가득..
​
사랑스러운 멍구들을 대거 데려왔다..
묘냥이와 멍구를 보면
화려하지 않고 단순한 디자인 속에 궁극의 귀여움이 있음을 느낀다..
​
​","{""title"": ""묘냥이와 멍구 팝업 스토어 | 현장예약 오픈런 후기 | 홍대 ak 플라자...."", ""link"": ""https://blog.naver.com/adansonia_/224343764353"", ""description"": ""주소: 서울 마포구 양화로 188 (동교동) AK 플라자 1층 묘냥이와 멍구 팝업 방문기 2026년 7월 7일 11시... 사랑스러워 팝업스토어 전체적으로 아기자기하게 꾸며져있어서 보는 재미도 있었다. 계산대는... "", ""bloggername"": ""먹고 걷고 적고"", ""bloggerlink"": ""https://blog.naver.com/adansonia_"", ""postdate"": 20260712, ""query"": ""마포구 팝업스토어"", ""content"": ""묘냥이와 멍구 팝업스토어\n서울특별시 마포구 양화로 188\nAK PLAZA 홍대\n서울특별시 마포구 양화로 188\n주소: 서울 마포구 양화로 188 (동교동) AK 플라자 1층\n묘냥이와 멍구 팝업 방문기\n2026년 7월 7일\n11시 오픈인데 10시 반쯤 도착했던 거 같고 벌써 줄이 있었다\n오픈하니 바로 입장이었고 사전예약 따로 없고 현장예약이었다\n토끼풀 빌라 주민들은 묘냥이, 멍구, 시루, 아나스타샤.\n부끄, 밤송, 밤톨이 거주중인 것 같다.\n죽은 눈의 묘냥이가 더 인기가 많을 줄 알았는데\n눈이 초롱초롱한 멍구가 더 인기가 많았다 (마스코트 키링 품절 기준)\n서로를 흉내내는 묘냥이와 멍구\n품목 가격\n묘냥 / 멍구 기본 마스코트 키링 14000원\n묘냥 / 멍구 코스튬 마스코트 키링 19000원\n묘냥 / 멍구 중형 30CM 시팅 인형 36000원\n늘어나요 롱 펜케이스 묘냥 19000원\n행복한 얼굴 포쉐트 멍구 26000원\n묘냥 / 멍구 스트링 파우치 15000원\n랜덤 아크릴 키링 8종 7000원\n(묘냥/멍구/코스튬 묘냥/코스튬 멍구/아나스타샤/시루/밤송 밤톨/부끄)\n랜덤 업무용 마그넷 6종 7500\n묘냥 멍구 키캡 4종 세트 22000 (키캡 키링 부자재 포함)\n다이컷 얼굴 마우스패드 멍구 / 묘냥 6500\n엽서 + 조각스티커 세트 6종 2500원\n성실 / 불성실 스티커 2종 3500원\n반소매 티셔츠 묘냥/ 멍구 (M / L ) 32000원\n누들스토퍼 15000원\n이어폰 줄감개 키링 9000원\n모니터 메모보드 14000원\n쉐이커 키링 12000원\n스티커팩 8개입 5000원\n포토카드 아크릴 스탠드 15000원\n맥세이프 전용 스마트톡 묘냥 / 멍구 15000원\n아크릴 카라비너 묘냥 / 멍구 8000원\n랜덤 아크릴 디오라마 3종 9000원 (묘냥+멍구 / 아나스타샤+시루 / 밤송 밤톨 부끄)\n7월 7일 기준 입고가 된 모양인지 제법 풍족했으나\n코스튬 마스코트 멍구는 거의 없었다. 거의 마지막 거를 겟했다.\n비닐을 안 씌우고 파는 인형은 처음 봤다.\n보들보들\n초롱초롱 멍구\n죽은 눈의 묘냥\n기본 마스코트 키링들\n롱 펜케이스 저것도 품귀 현상을 빚고 있다\n커피를 마시는 죽은 눈의 묘냥\n티셔츠\n키캡도 귀엽다\n랜덤 마그넷\n초롱초롱 귀여운 멍구\n죽은 눈의 묘냥과 초롱초롱 멍구 조합이 좋다\n찌든 직장인 인\n말도 안되는 가격이 판치는 문구류  굿즈 세상인데\n엽서랑 조각스티커 세트가 2500원이라는건 꽤 괜찮아보였다\n디자인도 귀엽고\n마우스패드\n사랑스러워\n팝업스토어 전체적으로 아기자기하게 꾸며져있어서 보는 재미도 있었다.\n계산대는 관리사무소 ㅎㅎ\n아크릴 굿즈도.. 봉제 굿즈도 귀여워..\n묘냥, 멍구 말고도\n시루 아나스타샤 밤송+밤톨 부끄 다 귀엽고 개성있어서\n정신 차리면 여기서 한 30만원 쓸 거 같다\n요새 아크릴 쉐이커라는게 유행이라 큰일이다\n다 너무 귀엽다..\n11시 20분? 즈음 나와서 보니 벌써 예상 웨이팅이 91분이었다\n인기가..\n다양한 이벤트도 진행하고 있다.\n탐나는 아이템만 가득..\n​\n사랑스러운 멍구들을 대거 데려왔다..\n묘냥이와 멍구를 보면\n화려하지 않고 단순한 디자인 속에 궁극의 귀여움이 있음을 느낀다..\n​\n​""}",2026-09-14T03:23:18.649518+00:00
db4850fc-0033-524c-8a55-3974647d7a94,컨츄리시티즌,팝업스토어,서울특별시 마포구 동교동 203-4 4층,서울특별시 마포구 월드컵북로6길 36 4층,37.5585667,126.9205808,http://www.countrycitizen.com,,,,"['사진맛집', '힙함']",,,,blog_popup,"📌 포스팅 요약
마포구 삼대오백 행사 팝업스토어 바닥 시트 출력 및 시공 진행
실내 공간 바닥 훼손 방지를 위한 포맥스 베이스 작업 적용
강츠비 — 디자인 제작부터 현장 시공까지 원스톱 진행
​
안녕하세요,
강츠비입니다.
​
간판과 사인물 제작부터
팝업스토어 공간 연출,
시트지 시공까지 브랜드의 공간을
완성해 드리는 업체입니다.
​
오늘은 마포구에서 진행한
삼대오백 행사 현장을
소개해 드리려 합니다.
​
피트니스 브랜드 삼대오백과
MXSSIVE의 콜라보 이벤트로,
넓은 실내 공간 전체를
팝업스토어 형태로 연출한
작업이었습니다.
​
출력물 설치 외에도
공간 전체가 하나의 브랜드
경험이 될 수 있도록
바닥 시트 출력과 시공,
그리고 포맥스 베이스 작업까지
함께 진행했습니다.
① 팝업스토어 인테리어, 바닥부터 달라야 공간이 산다
​
팝업스토어 인테리어에서
바닥는 가장 먼저
눈에 들어오는 요소이자,
전체 공간의 분위기를 좌우하는
핵심입니다.
​
이번 삼대오백 행사는
START부터 FINISH까지
구간을 나눈 Zone 개념으로
공간을 구성했는데요.
​
각 존마다 브랜드
아이덴티티가 담긴 대형 바닥
시트를 출력해 시공하는
작업이 핵심이었습니다.
​
블랙 바탕에 화이트
타이포그래피가 강렬하게
인쇄된 바닥 그래픽은,
입장한 순간부터 방문객들이
브랜드 세계관 안으로 완전히
몰입할 수 있도록
유도하는 역할을 했습니다.
​
​
특히 이번 작업은 실내
공간이었기 때문에 기존 바닥
훼손을 방지하는 것이
중요한 과제였습니다.
​
행사가 끝난 이후에도
원상복구가 가능해야 하기에,
저희 업체에서는 시트 시공 전
포맥스 베이스 작업을
먼저 진행했습니다.
​
포맥스 판재를 바닥 전면에 깔아
완충재 역할을 하게 함으로써,
행사용 시트가 기존 바닥재에
직접 닿거나 접착제 자국이
남는 것을 원천적으로
차단했습니다.
​
팝업스토어처럼 임시 설치와
철거를 반복해야 하는
행사 공간에서는 이런 디테일이
업체의 전문성을 보여주는
부분이기도 합니다.
② 대형 행사 바닥 시트, 출력 품질이 곧 인테리어 완성도다
​
바닥 시트는
이번처럼 대형 공간에 걸쳐
브랜드 그래픽을 이음새 없이
자연스럽게 연결하려면,
출력 품질과 시공 기술 두 가지가
모두 받쳐줘야 합니다.
​
저희 강츠비는 디자인 단계부터
시공까지 모두 직접 진행하는
업체이기 때문에,
출력물이 현장에서 어떻게
보일지를 고려한 색감 조정과
사이즈 설계가 가능합니다.
​
이번 삼대오백 팝업스토어
현장에서는 블랙 계열의
바닥 시트에 화이트 로고와
텍스트가 선명하게
인쇄되어야 했는데요.
​
넓은 면적에 고해상도 출력을
진행하면서도 각 패널의 색감이
균일하게 유지되도록
관리했습니다.
​
팝업스토어 인테리어에서
바닥 그래픽은 위에서 찍히는
사진에도 그대로 담기는 만큼,
출력 해상도와 색 재현력이
브랜드 이미지에 직결된다는 점을
항상 염두에 두고 작업에
임하고 있습니다.
구분
일반 시공 방식
강츠비 시공 방식
바닥 보호
시트 직접 부착
포맥스 베이스 후 시공
원상복구
접착 흔적 잔여 가능
깔끔한 철거 가능
출력 연결
이음선 불일치 발생
패널별 색감 균일 조정
진행 방식
출력·시공 분리 발주
디자인~시공 원스톱
③ 팝업스토어 공간 연출, 업체 선정 시 꼭 확인해야 할 3가지
​
팝업스토어나
브랜드 행사 공간을 기획할 때
업체 선정 단계에서
반드시 확인해야 할 부분들이 있습니다.
​
원스톱 진행 가능 여부
대형 출력 및 현장 시공 경험
실내 바닥 보호 공법 보유
행사 후 원상복구 책임 범위
​
강츠비는 디자인 제작부터 출력,
현장 시공, 행사 이후 철거까지
하나의 업체에서 모두
진행할 수 있습니다.
​
팝업스토어 인테리어처럼
단기간에 완성도 높은 공간을
만들어야 하는 프로젝트일수록,
소통 창구가 하나로 통일되는 것이
일정 관리와 품질 유지에
유리합니다.
​
이번 삼대오백 행사도 현장
설치 일정이 촉박했던 만큼,
빠른 의사결정과 현장 대응이
필요했고 저희가 그 역할을
충실히 수행했습니다.
​
또한 실내 행사 공간을 다루는
업체라면 바닥 보호 공법에 대한
노하우가 있어야 합니다.
​
포맥스 베이스 작업은
시트 시공 후 표면이 더 평탄하고
균일하게 마감되는 효과도 줍니다.
​
방문객들이 밟고 지나가는
행사 공간에서 바닥 시트가
들뜨거나 울지 않도록 하는 것도
팝업스토어 인테리어 완성도를
높이는 중요한 요소입니다.
​
④ 삼대오백 × MXSSIVE 팝업스토어, 공간이 브랜드가 되다
​
이번 마포구 삼대오백 행사는
브랜드의 세계관을 공간으로
구현한 팝업스토어였습니다.
​
Zone1부터 Zone3,
START와 FINISH로 이어지는
동선 설계와 함께 바닥 그래픽이
하나의 경험 흐름을
만들어냈는데요.
​
저희 강츠비가 맡은 바닥 시트
출력 및 시공 작업이 그 경험의
물리적 기반이 되었습니다.
​
이처럼 팝업스토어 인테리어는
벽면 사인물, 트러스 배너,
집기 제작, 바닥 시트 등
다양한 요소가 하나의 방향성 안에서
통일감 있게 구성되어야
완성도가 높아집니다.
​
강츠비는 간판 및 사인물
제작·시공은 물론이고,
브랜드 팝업이나 백화점 행사 등
이벤트존 전체를 구상하고
실행하는 업체로서 다양한 현장
경험을 보유하고 있습니다.
​
공간이 브랜드를 말하게 하고
싶다면, 저희에게 맡겨 주세요.
팝업스토어 행사 공간 연출이나
바닥 시트 시공이 필요하시다면
언제든지 문의해 주세요.
​
강츠비가 처음부터 끝까지
함께하겠습니다.
강츠비 광고기획
부산광역시 수영구 과정로15번길 8-2 1층
서울 종로 중구 용산 성동 광진 동대문 중랑 성북 강북 도봉 노원 은평 서대문 마포 양천 강서 구로 금천 영등포 동작 관악 서초 강남 송파 강동 인천 중구 동구 미추홀구 연수구 남동구 부평 계양 서구 강화 옹진 부산 기장 대구 달성 광주 대전 울산 울주 세종 경기 가평 고양 과천 광명 광주 구리 군포 김포 남양주 동두천 부천 성남 수원 시흥 안산 안성 안양 양주 양평 여주 연천 오산 용인 의왕 의정부 이천 파주 평택 포천 하남 화성 강릉 고성 동해 삼척 속초 양구 양양 영월 원주 인제 정선 철원 춘천 태백 평창 홍천 화천 횡성 충북 괴산 단양 보은 영동 옥천 음성 제천 진천 청주 충주 충남 공주 금산 논산 당진 보령 부여 서산 서천 아산 예산 천안 청양 태안 홍성 전북특별자치 고창 김제 남원 무주 부안 순창 완주 익산 임실 장수 전주 정읍 진안 전남 강진 고흥 곡성 광양 구례 나주 담양 목포 무안 보성 순천 신안 여수 영광 영암 완도 장성 장흥 진도 함평 해남 화순 경북 경산 경주 고령 구미 군위 김천 문경 봉화 상주 성주 안동 영덕 영양 영주 영천 예천 울릉 울진 의성 청도 청송 칠곡 포항 경남 거제 거창 고성 김해 남해 밀양 사천 산청 양산 의령 진주 창녕 창원 통영 하동 함안 함양 합천","{""title"": ""컨츄리시티즌"", ""link"": ""http://www.countrycitizen.com"", ""category"": ""지원,대행>전시,행사대행"", ""description"": """", ""telephone"": """", ""address"": ""서울특별시 마포구 동교동 203-4 4층"", ""roadAddress"": ""서울특별시 마포구 월드컵북로6길 36 4층"", ""mapx"": ""1269205808"", ""mapy"": ""375585667""}",2026-09-14T03:23:19.340300+00:00
61c0c78a-7572-531a-ae44-3d5cc6ba926a,벨웨더 라테일 팝업 스토어,팝업스토어,서울특별시 마포구 동교로30길 21 스페이스비 연남,,,,https://blog.naver.com/s2_3_/224342910605,,,,['데이트'],,,,blog_popup,"​
안녕하세요 벨웨더입니다
저도 라테일 팝업스토어에 다녀왔는데요 🐇=33
​
빠르게 시작해볼게요오
​
라테일 20주년 팝업스토어
서울특별시 마포구 동교로30길 21 스페이스비 연남
라테일 20주년 팝업스토어
운영 기간: 2026. 07. 03. (금) ~ 2026. 07. 05. (일)
매장 위치: 서울특별시 마포구 동교로30길 21 스페이스비 연남
​
​
​
​
​
​
스페이스비 연남 주변에 공영주차장이 있어서
여기에 주차하고 도보로  5분 정도 걸어서 이동했어용
​
​
​
​
​
​
​
​
라테일 팝업스토어 입구 🤩
​
많은 라테일 유저들의 잠수 스팟인 벨로스 초록 지붕과
석탑을 배경으로 만들어 놓았더라구요 ㅋㅋㅋㅋㅋ
​
개인적으로는 NPC 로한이나 리치링이 입구에 있었으면
확 몰입되지 않았을까 하는 살짝의 아쉬움도 있었지만,
온라인에서만 듣던 벨로스 브금을 밖에서 들으니까
기분이 뭔가,, 요상하면서도,, 좀 설렜던 것 같아요 ദ്ദി˶ˊᵕˋ˵)
​
​
​
​
​
​
​
쩌~~~ 멀리서도 보였던 20주년 생크림케이크 프리링
해맑은 표정이 넘 귀여움 ㅠㅠㅠㅠㅠㅠㅠㅠㅠㅠㅜㅠ
​
​
​
​
​
​
저는 남자친구와 함께 예약 방문을 했기 때문에
네이버 예약 화면 + 신분증 보여드리고 입장했습니다.
​
​
​
​
​
​
​
팝업스토어 내부구조는 1층, 2층으로 나누어져 있었어요
​
​
​
​
​
​
​
입구를 지나 오른쪽에는
[라테일 OX]
키오스크가 있었고,
​
정면에는 카즈노와 이리스
라요니, 고마리, 프리링들이 함께 반겨주는 중 👀
​
​
​
​
​
​
​
반대쪽에는 부보, 프리팅, 고냥이도 있었는데
요 아이들은 왜 판매를 안 하는 걸까요..?
심지어 판매하는 것들보다 훨씬 더 고퀄임 ㅠㅠ
​
​
​
​
​
​
​
​
세 상 에.
​
전시 상품으로 미니미 뜨개 프리링들이
숲 속에(?) 옹기종기 모여 있는데
​
진짜 귀여워서 주글뻔 ㅠㅠㅠㅠㅠㅠㅠㅠㅠ
​
​
​
​
​
​
몰래 데려오고 싶었던 불그락 프리링
저 많은 프리링 중에 가장 디테일이 미쳤어요.
​
​
​
​
​
​
​
이리스 파티 센세들과 + 신규 직업 아이돌
​
머리카락 디테일은 최곤데,,
몇몇 캐릭터들.. 눈을 왜 네모나게 떠..?^ㅁ^?
저 중에서는 이리스가 가장 잘 뽑힌 것 같아요
​
​
​
​
​
​
​
주문서 작성하기 전에 찍어봤서요
저는 굿즈 전품목을 구매했습니다 우하하 🤗
​
​
​
​
​
​
​
​
그리고 랜덤 뽑기 하로 ~~!
​
랜덤 뽑기는
3만원 - 1회, 5만원 - 2회
10만원 - 3회, 15만원 - 4회
​
상품은
1등 - 프리링 뜨개 인형 (20개 한정)
2등 - 아크릴 코룻토
3등 - 라테일 키캡
4등 - 라테일 티셔츠
5등 - 라테일 에코백
이었습니다 🙄
​
​
​
​
​
​
​
뭔가.. 바보 가티 웃고 있는
뜨개 인형 프리링 ㅋㅋ
​
기다료. 언니랑 같이 집에 가자!!!!!!!! 🥹🥹
​
​
​
​
​
​
​
..했는데
​
1등이랑 5등만 빼고 다 나온 ㅋㅋ
프리링 티셔츠는 6장인가 뽑혀서
속상한 마음으루 이동했다..
​
​
​
​
​
​
​
​
쩜 슬펐지만 프리링 풍선 보면서
다시 기분 좋아져버림 ^ㅇ^~~!
​
​
​
​
​
​
​
​
오빠랑 뭐 뽑았는지 앉아서 확인하고 있는데
어떤 여성분이 오셔서 혹시 에코백이랑 티셔츠 교환하는거
괜찮으시냐고 물어보시길래
​
""헉 저희야 감사하죠~!"" 하고
인증 사진 빠르게 부탁드린 후 교환완료 😖
근데 이 날 이후에 재방문을 한 우리.. 에코백이 무려 7장이 대었다 ^^..
​
​
​
​
​
​
​
​
현장 이벤트 1층에 위치한
[BGM Pick!]
에서는
나의 최애 플레이리스트를 출력시킬 수 있었다
​
역시 근본은 May be happy 🧡
​
라테일 유저는 아니지만 오빠도 했는데
Hot blood를 뽑음 🔥
​
띵곡 ㅇㅈ이애요.
​
​
​
​
​
​
​
벽에 작은 흔적도 남기기 ㅎ.ㅎ
​
닉네임 쓰려다가 다들 소속 길드 최고라길래
정원 트레이드 마크인 미니미한 사과도 그렸답니다 🍎
​
정원 길드 파이팅~~!
​
​
​
​
​
​
그리고 2층으로 올라가면,
​
[아이돌 포토카드]
[라테일 포토부스]
[라테일 와펜 DIY]
​
3곳의 현장 이벤트가 준비되어 있어요!
​
​
​
​
​
​
​
포토카드 줄이 너무 길어서 [라테일 DIY] 팔찌 만들러 먼저 왔다가
발견한 뜨개 인형 토마리 🐰
얘가 진짜 고고고퀄 이었다..  목도리에 단추까지 갓벽
​
다음 팝업 때 팔아주시면 안 될까요 😭
​
​
​
​
​
​
​
팔찌 챙기고 포토카드 줄 서면서 발견한 이리스와 아이돌
핑크핑크 캐비넷 안에 꾸며놓으니까
키치해서 찰떡이던 ..💗
​
​
​
​
​
​
​
여기 전시용 뜨개 인형들은 넘 잘 나왔더라구요 🤍💙
​
사진 찍을 땐 이리스랑 양쪽 아이돌만 보였는데
밑에 작은 선그리 프리링이랑 해맑 프리링도 있었다!!!!
근데 얘네는 왤케 황달끼(?)가 있나요 ;ㅁ;
​
​
​
​
​
​
[아이돌 포토 카드]
만드는 중 😎
​
포토카드 뒷면에 닉네임 기입할 수 있었는데
완성되면 앞에 계신 스태프분이 기입된 닉네임을 힘차게
""O O O 님 포토카드 완성됐습니다~!""
하셨다  ʘ‿ʘ
​
​
​
​
​
​
​
[라테일 포토 부스]
에서 사진두 찍었답니당 📸
이벤트 부스 전부 다 무료로 참여할 수 있었어요~!
​
그리고,
출구로 나가기 전
1층 프풍 있는 곳에 짐 가지러 내려 왔는데
!!!!!! GM낭만님이 와계셨따 !!!!!!
​
오빠한테 ""오빠 저분이 낭만님이셔..!""라고 말하자마자
파워 E 인간... 겜도 안 하면서 스몰톡 하러 이미 떠남 ㅋㅋㅋㅋ
​
캐치캐치 언제 올라오는지 여쭤보니까
""오늘 저녁에 곧 올라갈 거예요~"" 라고 하셨고
진짜로 당일 저녁에 바로 올라왔다
​
(숏츠 봤는데 넘 잘 추셔서 깜짝 놀래버림)
​
이후에 오빠가 같이 사진 찍어주실 수 있냐고 여쭤봤는데
낭만님께서 ""선남선녀 분들이 저와 사진을.."" 하시더니
찍어주심 ㅠㅠㅠㅠㅠㅠㅠㅠㅠ 꺅 감사합니당 🥰
사진 잘 간직할게요 💝
​
​
친한 동생한테 칭찬받은거 자랑하기 😜
​
​
​
​
팝업에서 산 것들 차에 내려놓고,
라테일 팝업 스토어 제휴 카페
[삡삡] 방문도 했어요 🎈
삡삡
서울특별시 마포구 동교로32길 16 1층 삡삡
​
​
​
팝업 주변에서 종종 팔에 노란색 팔찌 같은걸
착용하신 분들이 보여서 대체 뭐지???
어디서 얻는거지??? 했는데
​
바로 이 컵홀더 였음 !!!!
​
​
디카페인 아아 시켰는데 괜찮았어용 👍🏻
​
그론데 라테일 유저분들이 꽤 오셔서 그런가
카페 내부에 자리가 없어서
테이크 아웃으로 받고 나왔다는 ^_ㅠ
​
​
​
🧸 팝업스토어 후기 🧸
라테일 팝업스토어가 우리나라에선 처음 진행된 행사였던 만큼
준비된 수량이 많지 않아 아쉬워하고
속상해하는 분들이 많았던 것 같아요..
​
저 역시 예약하고 방문했는데도  못 산 굿즈가 몇 개 있어서,
결국 재방문 해서 겨우 구했답니다 🥲
​
다음에 또 팝업을 열게 된다면
조금 더 넓고 쾌적한 공간에서,
굿즈 퀄리티는 물론 수량도
넉넉하게 준비해 주셨으면 하는 바람이에요 🙏🏻
​
그래도 덕분에 올여름 소중한 추억 하나를 만들 수 있어서
정말정말 즐거웠습니당 ~!
행사를 준비해 주신 라테일 관계자분들과 운영자분들
모두 정말 고생 많으셨습니다 🐹
​
더운 날씨에 팝업 같이 다녀와준 오빠에게도 감사를 🧡
​
다음은 굿즈 전제품 리뷰로 돌아올게요!
​
​
​","{""title"": ""라테일 20주년 팝업스토어 후기"", ""link"": ""https://blog.naver.com/s2_3_/224342910605"", ""description"": ""안녕하세요 벨웨더입니다 저도 라테일 팝업스토어에 다녀왔는데요 =33 빠르게 시작해볼게요오 라테일 20주년 팝업스토어 운영 기간: 2026. 07. 03. (금) ~ 2026. 07. 05. (일) 매장 위치: 서울특별시 마포구 동교로30길 21... "", ""bloggername"": ""ღღღღ"", ""bloggerlink"": ""https://blog.naver.com/s2_3_"", ""postdate"": 20260710, ""query"": ""마포구 팝업스토어"", ""content"": ""​\n안녕하세요 벨웨더입니다\n저도 라테일 팝업스토어에 다녀왔는데요 🐇=33\n​\n빠르게 시작해볼게요오\n​\n라테일 20주년 팝업스토어\n서울특별시 마포구 동교로30길 21 스페이스비 연남\n라테일 20주년 팝업스토어\n운영 기간: 2026. 07. 03. (금) ~ 2026. 07. 05. (일)\n매장 위치: 서울특별시 마포구 동교로30길 21 스페이스비 연남\n​\n​\n​\n​\n​\n​\n스페이스비 연남 주변에 공영주차장이 있어서\n여기에 주차하고 도보로  5분 정도 걸어서 이동했어용\n​\n​\n​\n​\n​\n​\n​\n​\n라테일 팝업스토어 입구 🤩\n​\n많은 라테일 유저들의 잠수 스팟인 벨로스 초록 지붕과\n석탑을 배경으로 만들어 놓았더라구요 ㅋㅋㅋㅋㅋ\n​\n개인적으로는 NPC 로한이나 리치링이 입구에 있었으면\n확 몰입되지 않았을까 하는 살짝의 아쉬움도 있었지만,\n온라인에서만 듣던 벨로스 브금을 밖에서 들으니까\n기분이 뭔가,, 요상하면서도,, 좀 설렜던 것 같아요 ദ്ദി˶ˊᵕˋ˵)\n​\n​\n​\n​\n​\n​\n​\n쩌~~~ 멀리서도 보였던 20주년 생크림케이크 프리링\n해맑은 표정이 넘 귀여움 ㅠㅠㅠㅠㅠㅠㅠㅠㅠㅠㅜㅠ\n​\n​\n​\n​\n​\n​\n저는 남자친구와 함께 예약 방문을 했기 때문에\n네이버 예약 화면 + 신분증 보여드리고 입장했습니다.\n​\n​\n​\n​\n​\n​\n​\n팝업스토어 내부구조는 1층, 2층으로 나누어져 있었어요\n​\n​\n​\n​\n​\n​\n​\n입구를 지나 오른쪽에는\n[라테일 OX]\n키오스크가 있었고,\n​\n정면에는 카즈노와 이리스\n라요니, 고마리, 프리링들이 함께 반겨주는 중 👀\n​\n​\n​\n​\n​\n​\n​\n반대쪽에는 부보, 프리팅, 고냥이도 있었는데\n요 아이들은 왜 판매를 안 하는 걸까요..?\n심지어 판매하는 것들보다 훨씬 더 고퀄임 ㅠㅠ\n​\n​\n​\n​\n​\n​\n​\n​\n세 상 에.\n​\n전시 상품으로 미니미 뜨개 프리링들이\n숲 속에(?) 옹기종기 모여 있는데\n​\n진짜 귀여워서 주글뻔 ㅠㅠㅠㅠㅠㅠㅠㅠㅠ\n​\n​\n​\n​\n​\n​\n몰래 데려오고 싶었던 불그락 프리링\n저 많은 프리링 중에 가장 디테일이 미쳤어요.\n​\n​\n​\n​\n​\n​\n​\n이리스 파티 센세들과 + 신규 직업 아이돌\n​\n머리카락 디테일은 최곤데,,\n몇몇 캐릭터들.. 눈을 왜 네모나게 떠..?^ㅁ^?\n저 중에서는 이리스가 가장 잘 뽑힌 것 같아요\n​\n​\n​\n​\n​\n​\n​\n주문서 작성하기 전에 찍어봤서요\n저는 굿즈 전품목을 구매했습니다 우하하 🤗\n​\n​\n​\n​\n​\n​\n​\n​\n그리고 랜덤 뽑기 하로 ~~!\n​\n랜덤 뽑기는\n3만원 - 1회, 5만원 - 2회\n10만원 - 3회, 15만원 - 4회\n​\n상품은\n1등 - 프리링 뜨개 인형 (20개 한정)\n2등 - 아크릴 코룻토\n3등 - 라테일 키캡\n4등 - 라테일 티셔츠\n5등 - 라테일 에코백\n이었습니다 🙄\n​\n​\n​\n​\n​\n​\n​\n뭔가.. 바보 가티 웃고 있는\n뜨개 인형 프리링 ㅋㅋ\n​\n기다료. 언니랑 같이 집에 가자!!!!!!!! 🥹🥹\n​\n​\n​\n​\n​\n​\n​\n..했는데\n​\n1등이랑 5등만 빼고 다 나온 ㅋㅋ\n프리링 티셔츠는 6장인가 뽑혀서\n속상한 마음으루 이동했다..\n​\n​\n​\n​\n​\n​\n​\n​\n쩜 슬펐지만 프리링 풍선 보면서\n다시 기분 좋아져버림 ^ㅇ^~~!\n​\n​\n​\n​\n​\n​\n​\n​\n오빠랑 뭐 뽑았는지 앉아서 확인하고 있는데\n어떤 여성분이 오셔서 혹시 에코백이랑 티셔츠 교환하는거\n괜찮으시냐고 물어보시길래\n​\n\""헉 저희야 감사하죠~!\"" 하고\n인증 사진 빠르게 부탁드린 후 교환완료 😖\n근데 이 날 이후에 재방문을 한 우리.. 에코백이 무려 7장이 대었다 ^^..\n​\n​\n​\n​\n​\n​\n​\n​\n현장 이벤트 1층에 위치한\n[BGM Pick!]\n에서는\n나의 최애 플레이리스트를 출력시킬 수 있었다\n​\n역시 근본은 May be happy 🧡\n​\n라테일 유저는 아니지만 오빠도 했는데\nHot blood를 뽑음 🔥\n​\n띵곡 ㅇㅈ이애요.\n​\n​\n​\n​\n​\n​\n​\n벽에 작은 흔적도 남기기 ㅎ.ㅎ\n​\n닉네임 쓰려다가 다들 소속 길드 최고라길래\n정원 트레이드 마크인 미니미한 사과도 그렸답니다 🍎\n​\n정원 길드 파이팅~~!\n​\n​\n​\n​\n​\n​\n그리고 2층으로 올라가면,\n​\n[아이돌 포토카드]\n[라테일 포토부스]\n[라테일 와펜 DIY]\n​\n3곳의 현장 이벤트가 준비되어 있어요!\n​\n​\n​\n​\n​\n​\n​\n포토카드 줄이 너무 길어서 [라테일 DIY] 팔찌 만들러 먼저 왔다가\n발견한 뜨개 인형 토마리 🐰\n얘가 진짜 고고고퀄 이었다..  목도리에 단추까지 갓벽\n​\n다음 팝업 때 팔아주시면 안 될까요 😭\n​\n​\n​\n​\n​\n​\n​\n팔찌 챙기고 포토카드 줄 서면서 발견한 이리스와 아이돌\n핑크핑크 캐비넷 안에 꾸며놓으니까\n키치해서 찰떡이던 ..💗\n​\n​\n​\n​\n​\n​\n​\n여기 전시용 뜨개 인형들은 넘 잘 나왔더라구요 🤍💙\n​\n사진 찍을 땐 이리스랑 양쪽 아이돌만 보였는데\n밑에 작은 선그리 프리링이랑 해맑 프리링도 있었다!!!!\n근데 얘네는 왤케 황달끼(?)가 있나요 ;ㅁ;\n​\n​\n​\n​\n​\n​\n[아이돌 포토 카드]\n만드는 중 😎\n​\n포토카드 뒷면에 닉네임 기입할 수 있었는데\n완성되면 앞에 계신 스태프분이 기입된 닉네임을 힘차게\n\""O O O 님 포토카드 완성됐습니다~!\""\n하셨다  ʘ‿ʘ\n​\n​\n​\n​\n​\n​\n​\n[라테일 포토 부스]\n에서 사진두 찍었답니당 📸\n이벤트 부스 전부 다 무료로 참여할 수 있었어요~!\n​\n그리고,\n출구로 나가기 전\n1층 프풍 있는 곳에 짐 가지러 내려 왔는데\n!!!!!! GM낭만님이 와계셨따 !!!!!!\n​\n오빠한테 \""오빠 저분이 낭만님이셔..!\""라고 말하자마자\n파워 E 인간... 겜도 안 하면서 스몰톡 하러 이미 떠남 ㅋㅋㅋㅋ\n​\n캐치캐치 언제 올라오는지 여쭤보니까\n\""오늘 저녁에 곧 올라갈 거예요~\"" 라고 하셨고\n진짜로 당일 저녁에 바로 올라왔다\n​\n(숏츠 봤는데 넘 잘 추셔서 깜짝 놀래버림)\n​\n이후에 오빠가 같이 사진 찍어주실 수 있냐고 여쭤봤는데\n낭만님께서 \""선남선녀 분들이 저와 사진을..\"" 하시더니\n찍어주심 ㅠㅠㅠㅠㅠㅠㅠㅠㅠ 꺅 감사합니당 🥰\n사진 잘 간직할게요 💝\n​\n​\n친한 동생한테 칭찬받은거 자랑하기 😜\n​\n​\n​\n​\n팝업에서 산 것들 차에 내려놓고,\n라테일 팝업 스토어 제휴 카페\n[삡삡] 방문도 했어요 🎈\n삡삡\n서울특별시 마포구 동교로32길 16 1층 삡삡\n​\n​\n​\n팝업 주변에서 종종 팔에 노란색 팔찌 같은걸\n착용하신 분들이 보여서 대체 뭐지???\n어디서 얻는거지??? 했는데\n​\n바로 이 컵홀더 였음 !!!!\n​\n​\n디카페인 아아 시켰는데 괜찮았어용 👍🏻\n​\n그론데 라테일 유저분들이 꽤 오셔서 그런가\n카페 내부에 자리가 없어서\n테이크 아웃으로 받고 나왔다는 ^_ㅠ\n​\n​\n​\n🧸 팝업스토어 후기 🧸\n라테일 팝업스토어가 우리나라에선 처음 진행된 행사였던 만큼\n준비된 수량이 많지 않아 아쉬워하고\n속상해하는 분들이 많았던 것 같아요..\n​\n저 역시 예약하고 방문했는데도  못 산 굿즈가 몇 개 있어서,\n결국 재방문 해서 겨우 구했답니다 🥲\n​\n다음에 또 팝업을 열게 된다면\n조금 더 넓고 쾌적한 공간에서,\n굿즈 퀄리티는 물론 수량도\n넉넉하게 준비해 주셨으면 하는 바람이에요 🙏🏻\n​\n그래도 덕분에 올여름 소중한 추억 하나를 만들 수 있어서\n정말정말 즐거웠습니당 ~!\n행사를 준비해 주신 라테일 관계자분들과 운영자분들\n모두 정말 고생 많으셨습니다 🐹\n​\n더운 날씨에 팝업 같이 다녀와준 오빠에게도 감사를 🧡\n​\n다음은 굿즈 전제품 리뷰로 돌아올게요!\n​\n​\n​""}",2026-09-14T03:23:19.651498+00:00
e9f06641-ba78-5621-a435-8d75331d5380,서울 마포구 43 팝업 스토어,팝업스토어,서울 마포구 43평 팝업스토어 인테리어 사례(모던·기간 3주)를 비용대와 기간 중심,,,,https://blog.naver.com/imakehouse2021/224342269589,,,,"['사진맛집', '힙함']",,,,blog_popup,"팝업스토어 인테리어는 일반 매장과 접근이 다릅니다. 운영 기간이 정해져 있는 만큼 짧은 공사 기간 안에 브랜드 아이덴티티를 공간 전체에 구현해야 하고, 방문객의 동선과 포토 존까지 계산된 설계가 필요합니다. 이 글은 서울 마포구 43평 팝업스토어 인테리어 사례(모던·기간 3주)를 비용대와 기간 중심으로 정리한 글입니다. 내드리오는 직접 시공을 하는 회사가 아니라, 검증된 시공사를 소개하고 여러 곳의 견적을 비교하도록 돕는 비교견적 중개 플랫폼입니다.
​
​
서울 마포구 팝업스토어 인테리어 사례 개요
​
이번 사례는 서울 마포구에 위치한 43평 팝업스토어입니다. 노출 콘크리트 마감 위에 브랜드 캐릭터 그래픽과 아트월, 디스플레이 카운터, 포토 존을 배치해 방문 자체가 콘텐츠가 되는 공간으로 완성했습니다. 시공은 주식회사 린벤트에서 진행했고, 전체 기간은 약 3주로 팝업 특성에 맞춰 빠르게 마무리됐습니다.
43평 팝업스토어 인테리어 포인트
​
팝업스토어 인테리어의 핵심은 ""짧게, 강하게""입니다. 운영 기간이 수개월 이내인 만큼 공사 기간을 최소화하면서도, 방문객이 사진을 찍어 SNS에 올리고 싶어지는 장면을 곳곳에 만들어야 합니다. 이번 43평 사례는 기존 골조를 노출 마감으로 살려 공기를 줄이고, 캐릭터 아트월과 진열 월, 포토 존으로 브랜드 경험 동선을 완성했습니다.
팝업스토어 인테리어 비용대와 기간 (서울 마포구 43평 기준)
​
이번 서울 마포 43평 팝업스토어 사례의 공식 비용대는 5000만원대, 기간은 약 3주입니다. 팝업스토어는 같은 평형이라도 브랜드 그래픽·집기 제작 범위, 조명·연출 설계에 따라 견적 차이가 큽니다. 그래서 ""평당 얼마""로 단정하기보다, 운영 기간과 연출 범위를 기준으로 여러 시공사의 견적을 비교해 보는 편이 정확합니다.
​
▶ 무료로 비교 견적 신청
(전화 상담 1800-7431)
​
사례 비교 (내드리오 비교 플랫폼 관점)
​
팝업스토어·매장 인테리어는 공사 기간이 곧 비용입니다. 오픈 일정이 정해진 상태에서 공기가 늘어지면 임대료와 기회비용이 함께 커지기 때문에, 단기 상업 공간 경험이 있는 시공사를 고르는 것이 중요합니다. 이번 43평 사례가 3주 만에 5000만원대로 완성된 것도 브랜드 집기·그래픽 제작과 현장 시공을 병행한 결과입니다. 내드리오는 이런 차이를 한 번에 비교하도록 검증 절차를 거친 시공사들의 견적을 나란히 받아보게 해드립니다. 직접 시공이나 시공 책임을 지는 구조가 아니라 비교견적 중개 플랫폼이라는 점이 일반 업체와 다른 부분입니다. 또한 내드리오는 주거·상업 인테리어를 모두 다루며, 창호(샷시)는 LX하우시스 공식 대리점으로서 직접 시공까지 가능합니다.
​
​
자주 묻는 질문 (FAQ)
​
Q. 팝업스토어 인테리어 비용은 얼마인가요?
A. 이번 마포 43평 사례는 5000만원대로 진행됐습니다. 브랜드 그래픽·집기 제작 범위와 연출 설계에 따라 편차가 크므로 운영 기간과 연출 범위를 기준으로 비교 견적으로 확인하시는 것이 정확합니다.
​
Q. 팝업스토어 공사 기간은 어느 정도 걸리나요?
A. 이번 사례는 약 3주가 소요됐습니다. 기존 골조를 살리는 노출 마감을 활용하면 공기를 줄이면서도 브랜드 무드를 살릴 수 있습니다.
​
Q. 매장·상가 인테리어도 비교 견적이 가능한가요?
A. 네. 내드리오는 팝업스토어를 포함한 매장·상가 인테리어 전반에 대해 검증된 시공사 비교 견적을 무료로 연결해 드리며, 창호(샷시)는 LX하우시스 공식 대리점으로 직접 시공이 가능합니다.
​
​
팝업스토어는 일정과 연출 범위를 함께 두고 견적을 비교해야 실패가 없습니다. 마포·서울은 물론 전국 단위로 검증된 시공사 견적을 무료로 받아보실 수 있습니다.
​
#마포인테리어
#마포구인테리어
#팝업스토어인테리어
#팝업스토어
#매장인테리어
#상가인테리어
#상업인테리어
#43평인테리어
#브랜드공간
#포토존인테리어
#모던인테리어
#매장인테리어비용
#인테리어비교견적
#내드리오
#서울매장인테리어
#쇼룸인테리어
#가게인테리어
#인테리어추천","{""title"": ""마포 팝업스토어 인테리어 비용 43평 모던 3주 시공사례 | 내드리오"", ""link"": ""https://blog.naver.com/imakehouse2021/224342269589"", ""description"": ""#마포인테리어 #마포구인테리어 #팝업스토어인테리어 #팝업스토어 #매장인테리어 #상가인테리어 #상업인테리어 #43평인테리어 #브랜드공간 #포토존인테리어 #모던인테리어 #매장인테리어비용... "", ""bloggername"": ""내드리오 · LX하우시스 공식 주거·상업·창호"", ""bloggerlink"": ""https://blog.naver.com/imakehouse2021"", ""postdate"": 20260710, ""query"": ""마포구 팝업스토어"", ""content"": ""팝업스토어 인테리어는 일반 매장과 접근이 다릅니다. 운영 기간이 정해져 있는 만큼 짧은 공사 기간 안에 브랜드 아이덴티티를 공간 전체에 구현해야 하고, 방문객의 동선과 포토 존까지 계산된 설계가 필요합니다. 이 글은 서울 마포구 43평 팝업스토어 인테리어 사례(모던·기간 3주)를 비용대와 기간 중심으로 정리한 글입니다. 내드리오는 직접 시공을 하는 회사가 아니라, 검증된 시공사를 소개하고 여러 곳의 견적을 비교하도록 돕는 비교견적 중개 플랫폼입니다.\n​\n​\n서울 마포구 팝업스토어 인테리어 사례 개요\n​\n이번 사례는 서울 마포구에 위치한 43평 팝업스토어입니다. 노출 콘크리트 마감 위에 브랜드 캐릭터 그래픽과 아트월, 디스플레이 카운터, 포토 존을 배치해 방문 자체가 콘텐츠가 되는 공간으로 완성했습니다. 시공은 주식회사 린벤트에서 진행했고, 전체 기간은 약 3주로 팝업 특성에 맞춰 빠르게 마무리됐습니다.\n43평 팝업스토어 인테리어 포인트\n​\n팝업스토어 인테리어의 핵심은 \""짧게, 강하게\""입니다. 운영 기간이 수개월 이내인 만큼 공사 기간을 최소화하면서도, 방문객이 사진을 찍어 SNS에 올리고 싶어지는 장면을 곳곳에 만들어야 합니다. 이번 43평 사례는 기존 골조를 노출 마감으로 살려 공기를 줄이고, 캐릭터 아트월과 진열 월, 포토 존으로 브랜드 경험 동선을 완성했습니다.\n팝업스토어 인테리어 비용대와 기간 (서울 마포구 43평 기준)\n​\n이번 서울 마포 43평 팝업스토어 사례의 공식 비용대는 5000만원대, 기간은 약 3주입니다. 팝업스토어는 같은 평형이라도 브랜드 그래픽·집기 제작 범위, 조명·연출 설계에 따라 견적 차이가 큽니다. 그래서 \""평당 얼마\""로 단정하기보다, 운영 기간과 연출 범위를 기준으로 여러 시공사의 견적을 비교해 보는 편이 정확합니다.\n​\n▶ 무료로 비교 견적 신청\n(전화 상담 1800-7431)\n​\n사례 비교 (내드리오 비교 플랫폼 관점)\n​\n팝업스토어·매장 인테리어는 공사 기간이 곧 비용입니다. 오픈 일정이 정해진 상태에서 공기가 늘어지면 임대료와 기회비용이 함께 커지기 때문에, 단기 상업 공간 경험이 있는 시공사를 고르는 것이 중요합니다. 이번 43평 사례가 3주 만에 5000만원대로 완성된 것도 브랜드 집기·그래픽 제작과 현장 시공을 병행한 결과입니다. 내드리오는 이런 차이를 한 번에 비교하도록 검증 절차를 거친 시공사들의 견적을 나란히 받아보게 해드립니다. 직접 시공이나 시공 책임을 지는 구조가 아니라 비교견적 중개 플랫폼이라는 점이 일반 업체와 다른 부분입니다. 또한 내드리오는 주거·상업 인테리어를 모두 다루며, 창호(샷시)는 LX하우시스 공식 대리점으로서 직접 시공까지 가능합니다.\n​\n​\n자주 묻는 질문 (FAQ)\n​\nQ. 팝업스토어 인테리어 비용은 얼마인가요?\nA. 이번 마포 43평 사례는 5000만원대로 진행됐습니다. 브랜드 그래픽·집기 제작 범위와 연출 설계에 따라 편차가 크므로 운영 기간과 연출 범위를 기준으로 비교 견적으로 확인하시는 것이 정확합니다.\n​\nQ. 팝업스토어 공사 기간은 어느 정도 걸리나요?\nA. 이번 사례는 약 3주가 소요됐습니다. 기존 골조를 살리는 노출 마감을 활용하면 공기를 줄이면서도 브랜드 무드를 살릴 수 있습니다.\n​\nQ. 매장·상가 인테리어도 비교 견적이 가능한가요?\nA. 네. 내드리오는 팝업스토어를 포함한 매장·상가 인테리어 전반에 대해 검증된 시공사 비교 견적을 무료로 연결해 드리며, 창호(샷시)는 LX하우시스 공식 대리점으로 직접 시공이 가능합니다.\n​\n​\n팝업스토어는 일정과 연출 범위를 함께 두고 견적을 비교해야 실패가 없습니다. 마포·서울은 물론 전국 단위로 검증된 시공사 견적을 무료로 받아보실 수 있습니다.\n​\n#마포인테리어\n#마포구인테리어\n#팝업스토어인테리어\n#팝업스토어\n#매장인테리어\n#상가인테리어\n#상업인테리어\n#43평인테리어\n#브랜드공간\n#포토존인테리어\n#모던인테리어\n#매장인테리어비용\n#인테리어비교견적\n#내드리오\n#서울매장인테리어\n#쇼룸인테리어\n#가게인테리어\n#인테리어추천""}",2026-09-14T03:23:20.255075+00:00
1d3be25f-423c-5a5c-ac36-b2296c22d16d,홍대 카카오프렌즈 복심 팝업 스토어,팝업스토어,서울 마포구 양화로 162 좋은사람들빌딩 1~3층,,,,https://blog.naver.com/redbokjo/224341803322,,,,"['사진맛집', '힙함']",,,,blog_popup,"운영시간
10 : 30 ~ 22 : 00
주소
서울 마포구 양화로 162 좋은사람들빌딩 1~3층
홍대입구역 8번 출구 51m
주차
주차할 곳이 마땅치 않아요. 저는 옆 LG 팰리스 빌딩 지하 주차장에 해요.
튜브와 복심이
평소 너무나 애정하는 귀여운 캐릭터들을 한자리에서 만날 수 있는 곳, 홍대 카카오프렌즈 매장에 다녀왔습니다.
춘식이 데리고 방문
테라피견 복심이
요즘 아주 핫한 카카오프렌즈의 새 친구, 수습 테라피견 '복심이'가 나타났다는 소식을 듣고 한걸음에 달려갔는데요. 매장 입구부터 커다란 튜브가 복심이를 꼭 안아주고 있는 대형 일러스트가 반겨주어 들어서기 전부터 마음이 몽글몽글해졌습니다.
이제 복심이도 프렌즈에요.
겁 많고 여린 튜브와 소심하지만 용기 가득한 복심이의 케미는 보기만 해도 완벽한 힐링을 선사하더군요
오늘부터 달라집니다.
특히 감동적이었던 것은 벽면에 전시된 복심이와 튜브의 다정한 성장일기 만화였습니다.
다정한 성장일기
화가 나면 초록 오리로 변하는 튜브의 분노를 감지하고 테라피를 해주기 위해 찾아온 복심이의 서사가 참 따뜻했어요. 😍
이게 힐링?
빈백에 앉은 튜브의 배 위로 복심이가 폴짝 올라가 안기자, 튜브가 코를 콕 박고 구수한 향을 맡으며 ""따뜻해... 이게 힐링...?"" 하고 느끼는 장면이 있었습니다.
복심이 스토리
그 모습을 보는데 문득 우리 강아지 복돌이 생각이 확 스치더라고요.
춘식툰 읽고 있는 복돌이
강아지 키우시는 분들은 다들 공감하시겠지만, 발바닥에서 나는 그 특유의 구수하고 포근한 누룽지 꼬순내는 세상 그 어떤 아로마 향수보다 마음을 편안하게 만들어주는 최고의 '개로마테라피'잖아요. 👍
수습 복심이
복심이의 귀여운 몸짓과 만화 속 풍경 덕분에 복돌이와의 따뜻한 추억까지 몽실몽실 떠올라 정말 제대로 위로받는 기분이었어요. 😊
딸기를 좋아하는 복심이
​
귀여운 물건이 가득
Previous image
Next image
복심이 키링
복심이 백팩 키링 인형 15,000
복심이 미니 납작 키링인형 8,000
튜브&복심이 키링인형 15,000
매장 안은 그야말로 개미지옥이 따로 없었습니다. 😅 하얗고 부들부들한 복심이 인형 키링부터 시작해서, 하늘색 바탕에 복심이 얼굴이 입체적으로 툭 튀어나온 페이스 카드 파우치, 깜찍·끈기·꼬순내 같은 귀여운 키워드가 적힌 스프링 노트까지 사고 싶은 게 너무 많아 지갑을 사수하느라 진땀을 흘렸습니다.
복심이 키링, 스티커
복심이 클리커 키링 15,000
복심이 미니 피규어 키링 13,000
복심이 빅 포인트 리무버블 스티커 팩 테라피 모드 2,500
복심이 필통, 펜, 연습장
복심이 플랫 펜슬 케이스 해낸다 5,000
복심이 젤펜 4,000
복심이 스프링 연습장 해낸다 3,000
복심이 파우치
복심이 페이스 카드 파우치 16,000
복심이 백팩 포켓 지갑 키링인형 16,000
코찔찔이 튜브
해피 가드닝 인형 튜브 13,500
빼꼼 샤이 베이비 필로우 튜브
베이비드라이밍 키링인형 14,000
한교동 콜라보
한교동 키링
한교동 프렌즈 찜질방 키링 인형 춘식이 16,000
한교동 프렌즈 키링 인형 한교동 16,000
한교동 프렌즈 엘이디피규어키링 춘식이 18,000
한교동 프렌즈 키링 인형 한교동 16,000
한교동 프렌즈 키링 인형 춘식이 16,000
한교동 프렌즈 스마트키 케이스 춘식이 16,000
게다가 복심이뿐만 아니라  '한교동'과 카카오프렌즈의 역대급 목욕탕 콘셉트 콜라보 존도 있었어요.
한교동 손에는 춘식이 때수건, 춘식이는 오이 마사지 중
한교동 프렌즈 키링 인형 한교동 16,000
한교동 프렌즈 찜질방 키링 인형 춘식이 16,000
한교동 스티커
한교동 프렌즈 물방울 드롭 스티커 6,000
한교동 프렌즈 찜질방 투명 스티커 레드 3,000
한교동 피규어 스티커
한교동 프렌즈 투명보틀 18,000
한교동 프렌즈 중형 인형 춘식이 35,000
한교동 프렌즈 랜덤 피규어
(4종 중 1) 14,000
​
한교동 프렌즈 클리커 피규어 22,000
​
춘도락 춘식이, 토마토의 변신
상큼함이 팡팡 터지는 토마토 컨셉과 유부초밥 띠를 두른 고소한 '춘도락' 시리즈도 정말 귀여웠어요. 😆
토마토 가방
춘도락 보냉 파우치 19,000
춘도락 토트백 22,000
춘도락
춘도락 스트링 백팩 24,000
춘도락 오므라이스 파우치 14,000
유부초밥
춘도락 무스비 키링인형 15,000
춘도락 유부초밥 키링인형 프렌즈 12,000
토마토
춘도락 스텐텀블러 27,000
춘도락 후르츠팟 19,000
감정춘
이빨을 앙다물거나 눈물을 주르륵 흘리는 하찮고 귀여운 '감정 춘식이' 키링까지 가득했어요. 😂😁
감정춘
감정춘 평온 연두 키링인형 14,000 (평온한 표정 너무 귀여운데요 😆)
감정춘 슬픔 하늘 키링인형 14,000
감정춘
감정춘 불안 회색 키링인형 14,000
감정춘 설렘 분홍 키링인형 14,000
국립중앙박물관 유물전
심지어 지난번 국립중앙박물관에서 감탄하며 보았던 영롱한 자개 스티커와 반가사유상 포즈의 유물 춘식이 뮷즈(MU:DS) 시리즈까지 전부 들어와 있어서 구경하는 재미에 시간 가는 줄을 몰랐답니다.
​
춘식이 덕후 심쿵사 주의! 국립중앙박물관 뮷즈(MU:DS) x 카카오프렌즈 콜라보 팝업 방문기
드디어 기다리고 기다리던 '뮷즈(MU:DS)와 카카오프렌즈'의 역대급 콜라보 현장에 다녀왔왔...
m.blog.naver.com
​
유물 춘식이
뮷즈 프렌즈 청자 향로 천연자개 스티커 7,000
뮷즈 프렌즈 호랑이 꾸미기 5,000
뮷즈 프렌즈 유물 꾸미기 스티커 5,000
꼬순내 폴폴 복심이 클릭커, 이너피스 북커버
함께해
수많은 유혹의 갈림길 속에서 고심 끝에 제가 최종적으로 선택해 데려온 아이들은 바로 '클릭커 키링'과 '이너피스 북커버'입니다.
먼저 클릭커 키링은 귀여운 주황색 튜브 발바닥 모양 베드 위에 복심이가 쏙 안겨 있는 디자인인데요.
복심이 클리커 키링 15,000
만화 속에서 튜브가 복심이를 품에 안고 힐링하던 따뜻한 서사가 이 조그만 키링 하나에 그대로 압축되어 있는 것 같아 볼수록 매력적입니다. 복심이 머리를 손가락으로 꾹꾹 누를 때마다 경쾌하게 ""타닥타닥, 딸깍딸깍"" 소리가 나는데, 손맛이 아주 찰지고 중독성이 강해서 일상 속 스트레스 해소용으로 최고입니다. 복돌이의 구수한 발냄새가 그리울 때마다 아쉬운 대로 이 클릭커를 누르며 소소한 기분 전환을 해보려고 합니다.
​
김다예 프렌즈 이너피스 북커버, 원산지가 대한민국, 세일가 16,800원
그리고 마지막에 결국 참지 못하고 함께 품어온 캔버스 재질의 북커버도 정말 마음에 쏙 들어요. 빨간 욕조 안에 라이언과 춘식이가 나란히 앉아 머리에 보송보송한 비누 거품을 얹은 채 마스크팩을 하고 진지하게 책을 읽고 있는 일러스트가 그려져 있는데요. 'RELAX'라는 문구 그대로 안락하고 개운한 포근함이 고스란히 묻어나요. 탄탄한 천 재질에 책이 벌어지지 않도록 깔끔하게 잡아주는 검은색 고무 밴드까지 둘러져 있어 실용성도 만점입니다. 평소에 책 읽는 시간을 소중하게 여지는데, 이렇게 귀여운 새 옷을 책에 씌워주니 앞으로 이어질 독서 시간이 몇 배는 더 행복하고 아늑해질 것 같아요. 😄
문득 마음의 위로가 필요하거나 포근한 힐링 에너지를 충전하고 싶으시다면, 귀여운 캐릭터 서사와 소장 가치 가득한 굿즈가 넘쳐나는 홍대 카카오프렌즈 매장에 꼭 한번 방문해 보시길 추천해요!
내돈내산 인증
방문
카카오프렌즈 홍대플래그십 스토어
서울특별시 마포구 동교동 165-5
더보기
복심아 클리커 키링_복삼이
외 3개
2026.07.
영수증
카카오프렌즈의 새로운 친구 복심이! 테라피견! 복심이 정말 귀여워요 😍 #카카오프렌즈샵 #카카오프렌즈샵홍대 #복심이 #튜브 #테라피견
m.blog.naver.com
#홍대카카오프렌즈
#복심이팝업
#복심이
#춘식이
#튜브발바닥
#클릭커키링
#힐링굿즈
#개로마테라피
#꼬순내
#춘도락
#한교동콜라보
#감정춘식이
#국중박춘식이
#뮷즈
#춘식이북커버
#내돈내산
#블로그리뷰
​","{""title"": ""홍대 카카오프렌즈 복심이 팝업 스토어 투어"", ""link"": ""https://blog.naver.com/redbokjo/224341803322"", ""description"": ""운영시간 10 : 30 ~ 22 : 00 주소 서울 마포구 양화로 162 좋은사람들빌딩 1~3층 홍대입구역 8번 출구 51m... #홍대카카오프렌즈 #복심이팝업 #복심이 #춘식이 #튜브발바닥 #클릭커키링 #힐링굿즈 #개로마테라피... "", ""bloggername"": ""읽고 먹이고 살아가는 중"", ""bloggerlink"": ""https://blog.naver.com/redbokjo"", ""postdate"": 20260709, ""query"": ""마포구 팝업스토어"", ""content"": ""운영시간\n10 : 30 ~ 22 : 00\n주소\n서울 마포구 양화로 162 좋은사람들빌딩 1~3층\n홍대입구역 8번 출구 51m\n주차\n주차할 곳이 마땅치 않아요. 저는 옆 LG 팰리스 빌딩 지하 주차장에 해요.\n튜브와 복심이\n평소 너무나 애정하는 귀여운 캐릭터들을 한자리에서 만날 수 있는 곳, 홍대 카카오프렌즈 매장에 다녀왔습니다.\n춘식이 데리고 방문\n테라피견 복심이\n요즘 아주 핫한 카카오프렌즈의 새 친구, 수습 테라피견 '복심이'가 나타났다는 소식을 듣고 한걸음에 달려갔는데요. 매장 입구부터 커다란 튜브가 복심이를 꼭 안아주고 있는 대형 일러스트가 반겨주어 들어서기 전부터 마음이 몽글몽글해졌습니다.\n이제 복심이도 프렌즈에요.\n겁 많고 여린 튜브와 소심하지만 용기 가득한 복심이의 케미는 보기만 해도 완벽한 힐링을 선사하더군요\n오늘부터 달라집니다.\n특히 감동적이었던 것은 벽면에 전시된 복심이와 튜브의 다정한 성장일기 만화였습니다.\n다정한 성장일기\n화가 나면 초록 오리로 변하는 튜브의 분노를 감지하고 테라피를 해주기 위해 찾아온 복심이의 서사가 참 따뜻했어요. 😍\n이게 힐링?\n빈백에 앉은 튜브의 배 위로 복심이가 폴짝 올라가 안기자, 튜브가 코를 콕 박고 구수한 향을 맡으며 \""따뜻해... 이게 힐링...?\"" 하고 느끼는 장면이 있었습니다.\n복심이 스토리\n그 모습을 보는데 문득 우리 강아지 복돌이 생각이 확 스치더라고요.\n춘식툰 읽고 있는 복돌이\n강아지 키우시는 분들은 다들 공감하시겠지만, 발바닥에서 나는 그 특유의 구수하고 포근한 누룽지 꼬순내는 세상 그 어떤 아로마 향수보다 마음을 편안하게 만들어주는 최고의 '개로마테라피'잖아요. 👍\n수습 복심이\n복심이의 귀여운 몸짓과 만화 속 풍경 덕분에 복돌이와의 따뜻한 추억까지 몽실몽실 떠올라 정말 제대로 위로받는 기분이었어요. 😊\n딸기를 좋아하는 복심이\n​\n귀여운 물건이 가득\nPrevious image\nNext image\n복심이 키링\n복심이 백팩 키링 인형 15,000\n복심이 미니 납작 키링인형 8,000\n튜브&복심이 키링인형 15,000\n매장 안은 그야말로 개미지옥이 따로 없었습니다. 😅 하얗고 부들부들한 복심이 인형 키링부터 시작해서, 하늘색 바탕에 복심이 얼굴이 입체적으로 툭 튀어나온 페이스 카드 파우치, 깜찍·끈기·꼬순내 같은 귀여운 키워드가 적힌 스프링 노트까지 사고 싶은 게 너무 많아 지갑을 사수하느라 진땀을 흘렸습니다.\n복심이 키링, 스티커\n복심이 클리커 키링 15,000\n복심이 미니 피규어 키링 13,000\n복심이 빅 포인트 리무버블 스티커 팩 테라피 모드 2,500\n복심이 필통, 펜, 연습장\n복심이 플랫 펜슬 케이스 해낸다 5,000\n복심이 젤펜 4,000\n복심이 스프링 연습장 해낸다 3,000\n복심이 파우치\n복심이 페이스 카드 파우치 16,000\n복심이 백팩 포켓 지갑 키링인형 16,000\n코찔찔이 튜브\n해피 가드닝 인형 튜브 13,500\n빼꼼 샤이 베이비 필로우 튜브\n베이비드라이밍 키링인형 14,000\n한교동 콜라보\n한교동 키링\n한교동 프렌즈 찜질방 키링 인형 춘식이 16,000\n한교동 프렌즈 키링 인형 한교동 16,000\n한교동 프렌즈 엘이디피규어키링 춘식이 18,000\n한교동 프렌즈 키링 인형 한교동 16,000\n한교동 프렌즈 키링 인형 춘식이 16,000\n한교동 프렌즈 스마트키 케이스 춘식이 16,000\n게다가 복심이뿐만 아니라  '한교동'과 카카오프렌즈의 역대급 목욕탕 콘셉트 콜라보 존도 있었어요.\n한교동 손에는 춘식이 때수건, 춘식이는 오이 마사지 중\n한교동 프렌즈 키링 인형 한교동 16,000\n한교동 프렌즈 찜질방 키링 인형 춘식이 16,000\n한교동 스티커\n한교동 프렌즈 물방울 드롭 스티커 6,000\n한교동 프렌즈 찜질방 투명 스티커 레드 3,000\n한교동 피규어 스티커\n한교동 프렌즈 투명보틀 18,000\n한교동 프렌즈 중형 인형 춘식이 35,000\n한교동 프렌즈 랜덤 피규어\n(4종 중 1) 14,000\n​\n한교동 프렌즈 클리커 피규어 22,000\n​\n춘도락 춘식이, 토마토의 변신\n상큼함이 팡팡 터지는 토마토 컨셉과 유부초밥 띠를 두른 고소한 '춘도락' 시리즈도 정말 귀여웠어요. 😆\n토마토 가방\n춘도락 보냉 파우치 19,000\n춘도락 토트백 22,000\n춘도락\n춘도락 스트링 백팩 24,000\n춘도락 오므라이스 파우치 14,000\n유부초밥\n춘도락 무스비 키링인형 15,000\n춘도락 유부초밥 키링인형 프렌즈 12,000\n토마토\n춘도락 스텐텀블러 27,000\n춘도락 후르츠팟 19,000\n감정춘\n이빨을 앙다물거나 눈물을 주르륵 흘리는 하찮고 귀여운 '감정 춘식이' 키링까지 가득했어요. 😂😁\n감정춘\n감정춘 평온 연두 키링인형 14,000 (평온한 표정 너무 귀여운데요 😆)\n감정춘 슬픔 하늘 키링인형 14,000\n감정춘\n감정춘 불안 회색 키링인형 14,000\n감정춘 설렘 분홍 키링인형 14,000\n국립중앙박물관 유물전\n심지어 지난번 국립중앙박물관에서 감탄하며 보았던 영롱한 자개 스티커와 반가사유상 포즈의 유물 춘식이 뮷즈(MU:DS) 시리즈까지 전부 들어와 있어서 구경하는 재미에 시간 가는 줄을 몰랐답니다.\n​\n춘식이 덕후 심쿵사 주의! 국립중앙박물관 뮷즈(MU:DS) x 카카오프렌즈 콜라보 팝업 방문기\n드디어 기다리고 기다리던 '뮷즈(MU:DS)와 카카오프렌즈'의 역대급 콜라보 현장에 다녀왔왔...\nm.blog.naver.com\n​\n유물 춘식이\n뮷즈 프렌즈 청자 향로 천연자개 스티커 7,000\n뮷즈 프렌즈 호랑이 꾸미기 5,000\n뮷즈 프렌즈 유물 꾸미기 스티커 5,000\n꼬순내 폴폴 복심이 클릭커, 이너피스 북커버\n함께해\n수많은 유혹의 갈림길 속에서 고심 끝에 제가 최종적으로 선택해 데려온 아이들은 바로 '클릭커 키링'과 '이너피스 북커버'입니다.\n먼저 클릭커 키링은 귀여운 주황색 튜브 발바닥 모양 베드 위에 복심이가 쏙 안겨 있는 디자인인데요.\n복심이 클리커 키링 15,000\n만화 속에서 튜브가 복심이를 품에 안고 힐링하던 따뜻한 서사가 이 조그만 키링 하나에 그대로 압축되어 있는 것 같아 볼수록 매력적입니다. 복심이 머리를 손가락으로 꾹꾹 누를 때마다 경쾌하게 \""타닥타닥, 딸깍딸깍\"" 소리가 나는데, 손맛이 아주 찰지고 중독성이 강해서 일상 속 스트레스 해소용으로 최고입니다. 복돌이의 구수한 발냄새가 그리울 때마다 아쉬운 대로 이 클릭커를 누르며 소소한 기분 전환을 해보려고 합니다.\n​\n김다예 프렌즈 이너피스 북커버, 원산지가 대한민국, 세일가 16,800원\n그리고 마지막에 결국 참지 못하고 함께 품어온 캔버스 재질의 북커버도 정말 마음에 쏙 들어요. 빨간 욕조 안에 라이언과 춘식이가 나란히 앉아 머리에 보송보송한 비누 거품을 얹은 채 마스크팩을 하고 진지하게 책을 읽고 있는 일러스트가 그려져 있는데요. 'RELAX'라는 문구 그대로 안락하고 개운한 포근함이 고스란히 묻어나요. 탄탄한 천 재질에 책이 벌어지지 않도록 깔끔하게 잡아주는 검은색 고무 밴드까지 둘러져 있어 실용성도 만점입니다. 평소에 책 읽는 시간을 소중하게 여지는데, 이렇게 귀여운 새 옷을 책에 씌워주니 앞으로 이어질 독서 시간이 몇 배는 더 행복하고 아늑해질 것 같아요. 😄\n문득 마음의 위로가 필요하거나 포근한 힐링 에너지를 충전하고 싶으시다면, 귀여운 캐릭터 서사와 소장 가치 가득한 굿즈가 넘쳐나는 홍대 카카오프렌즈 매장에 꼭 한번 방문해 보시길 추천해요!\n내돈내산 인증\n방문\n카카오프렌즈 홍대플래그십 스토어\n서울특별시 마포구 동교동 165-5\n더보기\n복심아 클리커 키링_복삼이\n외 3개\n2026.07.\n영수증\n카카오프렌즈의 새로운 친구 복심이! 테라피견! 복심이 정말 귀여워요 😍 #카카오프렌즈샵 #카카오프렌즈샵홍대 #복심이 #튜브 #테라피견\nm.blog.naver.com\n#홍대카카오프렌즈\n#복심이팝업\n#복심이\n#춘식이\n#튜브발바닥\n#클릭커키링\n#힐링굿즈\n#개로마테라피\n#꼬순내\n#춘도락\n#한교동콜라보\n#감정춘식이\n#국중박춘식이\n#뮷즈\n#춘식이북커버\n#내돈내산\n#블로그리뷰\n​""}",2026-09-14T03:23:20.569362+00:00
033877e4-c486-53c5-8395-eff999639bae,홍대 귀칼 팝업,팝업스토어,"서울특별시 마포구 양화로 188 (동교동, 애경타워) AK PLAZA 홍대 4층 LIMI",,,,https://blog.naver.com/hej_ruru/224336691248,,,,"['사진맛집', '힙함']",,,,blog_popup,"홍대 귀칼 팝업 사전예약 방법 일정 굿즈 md 라인업
귀멸의 칼날 팝업 @홍대
서울특별시 마포구 양화로 188 (동교동, 애경타워) AK PLAZA 홍대 4층 LIMITION
📍홍대 귀멸의 칼날 팝업스토어
장소 : 서울시 마포구 양화로 188 AK 플라자
홍대 4층 LIMITION
​
수원 AK플라자에서도 진행!
​
귀멸의 칼날 무한성편 개봉을 앞두고
홍대 AK PLAZA에서 귀멸의 칼날 팝업스토어가 열린다!!!
​
이번 팝업은 무한성편 콘셉트의 신규 일러스트를 활용한
다양한 굿즈와 구매 특전이 준비되어 있어
귀멸의 칼날 팬이라면 꼭 방문해볼 만한 행사다
​
홍대 귀칼 팝업 수원 귀칼 팝업은
07월 07일 화요일부터 진행이 되는데
이번 성수 귀칼 전시 굿즈보다 라인업이 좋다!
단, 랜덤 많음 주의 😢
​
무성편이라 무한성 일러 굿즈들로 구성되어 있다
​
귀멸의칼날 팝업 굿즈(출처 : LIMITION 인스타)
이번 홍대 귀칼 팝업에서는
무한성편 신규 일러스트 굿즈가 다양하게 나오는데
​
대표 MD는
​
✔ 아크릴 스틱 키링
✔ 랜덤 코스튬&일륜도 키링
✔ 아크릴 디오라마
✔ 카드 커버 스티커
✔ 엽서 세트
✔ 키캡 세트
​
등이 준비되어 있다.
귀멸의칼날 팝업 굿즈(출처 : LIMITION 인스타)
카드 커버 스티커랑 엽서 세트도 괜찮은듯!
귀멸의칼날 팝업 굿즈(출처 : LIMITION 인스타)
젤 갖고 싶은건 키캡세트!!!
패키지 디자인까지 예뻐서 넘 기대!
​
아크릴 디오라마도 예쁜듯 ㅠㅠ
귀멸의칼날 팝업 굿즈(출처 : LIMITION 인스타)
구매자 전원에게
눈가림 부적 특전 제공하며
3만원당 랜덤 무비티켓을 증정한다
모아 놓으니 확실히 예쁨!
​
이번 홍대 귀칼 팝업은
성수 전시보다 MD 종류가
더 다양하고 예뻐서 지갑 많이 털릴 예정ㅋㅋㅋ
​
랜덤 굿즈 비중이 높은 편이라 아쉽긴한데
개인적으로는
무한성 일러스트가 적용된 키캡 세트와
아크릴 스틱 키링이 가장 기대된다
​
첫날 예약해서 방문 예정인데
수량이 넉넉하게 준비되어 있기를 기대 중이다!!!!!
귀멸의칼날 팝업 사전 예약 방법 안내(출처 : LIMITION 인스타)
홍대 귀멸의 칼날 팝업은
네이버 예약을 통해 사전예약 후 입장이 가능하다
​
사전예약 운영 기간은
07월 07일~07월 12일까지
​
특히 오픈 첫날인
7월 7일(화)은 워크인 입장이 불가능하며,
예약자만 입장할 수 있다.
​
7월 8일부터는
노쇼 발생 시 현장 워크인도 가능하지만,
매장 앞 나우웨이팅 등록 후 대기!
​
워크인 등록은 조기 마감될 수 있으므로
예약 후 방문하는 것을 추천한다!
​
예약은
아래 네이버 예약 링크로 가능하니
방문할 사람은 참고바란다!
​
​
네이버 예약 :: 리밋션 AK PLAZA 홍대
AK PLAZA 홍대 4F LIMITION 팝업스토어
booking.naver.com
#홍대귀칼팝업
#귀칼팝업
#귀멸의칼날팝업
#귀칼팝업사전예약
#귀칼팝업굿즈
#귀멸의칼날굿즈
#귀칼특전
#무한성편
#AK플라자홍대
#팝업스토어
#홍대팝업
#오타쿠
#애니메이션
#귀칼팝업","{""title"": ""홍대 귀칼 팝업 사전예약 방법 일정 굿즈 md 라인업 특전 정보 총정...."", ""link"": ""https://blog.naver.com/hej_ruru/224336691248"", ""description"": ""홍대 귀칼 팝업 사전예약 방법 일정 굿즈 md 라인업 홍대 귀멸의 칼날 팝업스토어 장소 : 서울시 마포구 양화로 188 AK 플라자 홍대 4층 LIMITION 수원 AK플라자에서도 진행! 귀멸의 칼날 무한성편 개봉을 앞두고... "", ""bloggername"": ""꿈돌이의 여행이야기"", ""bloggerlink"": ""https://blog.naver.com/hej_ruru"", ""postdate"": 20260705, ""query"": ""마포구 팝업스토어"", ""content"": ""홍대 귀칼 팝업 사전예약 방법 일정 굿즈 md 라인업\n귀멸의 칼날 팝업 @홍대\n서울특별시 마포구 양화로 188 (동교동, 애경타워) AK PLAZA 홍대 4층 LIMITION\n📍홍대 귀멸의 칼날 팝업스토어\n장소 : 서울시 마포구 양화로 188 AK 플라자\n홍대 4층 LIMITION\n​\n수원 AK플라자에서도 진행!\n​\n귀멸의 칼날 무한성편 개봉을 앞두고\n홍대 AK PLAZA에서 귀멸의 칼날 팝업스토어가 열린다!!!\n​\n이번 팝업은 무한성편 콘셉트의 신규 일러스트를 활용한\n다양한 굿즈와 구매 특전이 준비되어 있어\n귀멸의 칼날 팬이라면 꼭 방문해볼 만한 행사다\n​\n홍대 귀칼 팝업 수원 귀칼 팝업은\n07월 07일 화요일부터 진행이 되는데\n이번 성수 귀칼 전시 굿즈보다 라인업이 좋다!\n단, 랜덤 많음 주의 😢\n​\n무성편이라 무한성 일러 굿즈들로 구성되어 있다\n​\n귀멸의칼날 팝업 굿즈(출처 : LIMITION 인스타)\n이번 홍대 귀칼 팝업에서는\n무한성편 신규 일러스트 굿즈가 다양하게 나오는데\n​\n대표 MD는\n​\n✔ 아크릴 스틱 키링\n✔ 랜덤 코스튬&일륜도 키링\n✔ 아크릴 디오라마\n✔ 카드 커버 스티커\n✔ 엽서 세트\n✔ 키캡 세트\n​\n등이 준비되어 있다.\n귀멸의칼날 팝업 굿즈(출처 : LIMITION 인스타)\n카드 커버 스티커랑 엽서 세트도 괜찮은듯!\n귀멸의칼날 팝업 굿즈(출처 : LIMITION 인스타)\n젤 갖고 싶은건 키캡세트!!!\n패키지 디자인까지 예뻐서 넘 기대!\n​\n아크릴 디오라마도 예쁜듯 ㅠㅠ\n귀멸의칼날 팝업 굿즈(출처 : LIMITION 인스타)\n구매자 전원에게\n눈가림 부적 특전 제공하며\n3만원당 랜덤 무비티켓을 증정한다\n모아 놓으니 확실히 예쁨!\n​\n이번 홍대 귀칼 팝업은\n성수 전시보다 MD 종류가\n더 다양하고 예뻐서 지갑 많이 털릴 예정ㅋㅋㅋ\n​\n랜덤 굿즈 비중이 높은 편이라 아쉽긴한데\n개인적으로는\n무한성 일러스트가 적용된 키캡 세트와\n아크릴 스틱 키링이 가장 기대된다\n​\n첫날 예약해서 방문 예정인데\n수량이 넉넉하게 준비되어 있기를 기대 중이다!!!!!\n귀멸의칼날 팝업 사전 예약 방법 안내(출처 : LIMITION 인스타)\n홍대 귀멸의 칼날 팝업은\n네이버 예약을 통해 사전예약 후 입장이 가능하다\n​\n사전예약 운영 기간은\n07월 07일~07월 12일까지\n​\n특히 오픈 첫날인\n7월 7일(화)은 워크인 입장이 불가능하며,\n예약자만 입장할 수 있다.\n​\n7월 8일부터는\n노쇼 발생 시 현장 워크인도 가능하지만,\n매장 앞 나우웨이팅 등록 후 대기!\n​\n워크인 등록은 조기 마감될 수 있으므로\n예약 후 방문하는 것을 추천한다!\n​\n예약은\n아래 네이버 예약 링크로 가능하니\n방문할 사람은 참고바란다!\n​\n​\n네이버 예약 :: 리밋션 AK PLAZA 홍대\nAK PLAZA 홍대 4F LIMITION 팝업스토어\nbooking.naver.com\n#홍대귀칼팝업\n#귀칼팝업\n#귀멸의칼날팝업\n#귀칼팝업사전예약\n#귀칼팝업굿즈\n#귀멸의칼날굿즈\n#귀칼특전\n#무한성편\n#AK플라자홍대\n#팝업스토어\n#홍대팝업\n#오타쿠\n#애니메이션\n#귀칼팝업""}",2026-09-14T03:23:21.500758+00:00
969d73d5-34f8-5c30-9bad-fd973211f4e7,스텔라이브 팝업스토어 SIX STAR STELLIVE,팝업스토어>캐릭터 팝업,서울특별시 마포구 동교동 167-24 LC타워 별관 지하2층 팬베이스,서울특별시 마포구 양화로 178-5 LC타워 별관 지하2층 팬베이스,37.5577033,126.9254156,https://sixstarstellive.fanding.com/,,,,"['사진맛집', '힙함']",,,,blog_popup,"<SIX STAR STELLIVE 🍽️>
스텔라이브 팝업스토어
​
팬베이스 홍대점
(서울 마포구 양화로 178-5,
LC타워 별관 지하 2층,
팬베이스)
신비로운 차원 속 스텔라이브 다이너를
콘셉트로 한 ‘SIX STAR STELLIVE’
팝업스토어가 홍대에 오픈합니다
​
다이너에서 특별한 하루를 보내게 된
스텔라들의 세계관을 담아낸 공간으로,
다양한 굿즈와 현장 콘텐츠를
함께 즐길 수 있는 팝업이에요
​
스텔라이브 멤버들과 함께
맛있는 추억을 만들 수 있는
특별한 공간을 직접 경험해보세요!
팬베이스 홍대점
FAN BASE
팬베이스 입구
팝업스토어는
LC타워 지하 2층에 위치한
팬베이스 홍대점에서 진행중이다.
​
팝업스토어 입구
여느때와 마찬가지로
팝업 한정 일러스트 전광판이 입구에서 맞아준다.
​
이번 팝업은 구경 방식이 좀 바뀌었는데,
전광판을 기준으로 왼쪽 공간부터 시계방향으로
이동하며 왼쪽 공간과 오른쪽 공간을 분리하는
커튼을 통과하면 다시 되돌아갈 수 없다.
​
포토 존
왼쪽 공간으로 들어서면
오른편엔 주방이 보이는 좌석과
등신대가 전시되어있다.
​
의자에 앉아서 사진 촬영이 가능하며 직원분께 부탁드리면 굉장히 열심히 찍어주신다.
등신대 전시 오른쪽 구석엔
냉장고와 병 소품으로 꾸며져 있다.
사키하네 후야/아라하시 타비/아오쿠모 린/시라유키 히나
하나코 나나
좀 더 들어가면 나나 등신대 옆에
라이브 메세지 월에 띄울
메세지를 적을 수 있는 공간이 있다.
​
입장 특전으로 나누어준 책자에 찍을 도장도 준비되어있다.
왼쪽 공간으로 들어섰을때
왼편에는 리코, 리제 등신대와
식당의 테이블 소품이 전시되어있다.
​
이곳에 앉아서도 사진촬영이 가능하다.
유즈하 리코/아카네 리제
​
라이브 메시지 월
네네코 마시로/텐코 시부키
매번 팝업마다 있는
직접 적은 메시지를 띄워주는 전광판이다.
시로와 부키 등신대와 함께있다.
곳곳에 붙어있던 재치있는 전단지
​
가챠 존
아야츠노 유니
유일한 랜덤 굿즈인 S.S.Stellive 메탈 뱃지를
뽑을 수 있는 가챠 존이다.
카드만 받는 뽑기기계들이다.
​
미디어 존
가챠 존 옆에 미디어 존으로 향하는 커튼이 있다.
​
왼쪽 오른쪽을 나누는 공간이며
여길 통과하면 다시 왼쪽 공간으로 돌아올 수 없다.
테이블과 의자를 비치해두었다.
벽에는 영상이 재생되고 있고 테이블에는
계속해서 바뀌는 음식 영상을 쏘아주고있다.
​
전에는 이 공간에서 랜덤 굿즈를 교환하곤 했는데
이번에는 굿즈 구매 이후 이곳에 들어올 수 없으니
굉장히 조용했다.
반대쪽 커튼을 통해 굿즈존으로 이동한다.
​
굿즈(MD)존
전경
굿즈(MD) 전시
유리장에 이번 팝업 굿즈들을 모아 전시해두었다.
첫 번째 매대
첫 번째 매대 전경
티셔츠를 입힌 마네킹과 각종 굿즈들이 있다.
장패드(전시용)/도어 사인
장패드(판매용)/레트로 미니 태피스트리
두 번째 매대
두 번째 매대 전경
아크릴 스탠드/레트로 밀크컵/sd 아크릴 키링
계산서 메모지/크루넥 반팔 티셔츠
크루 틴사인/메탈 뱃지/아크릴 스탠드 전시
크루 스티커 팩/레트로 병뚜껑 뱃지
세 번째 매대
판매용 상품은 없고
태피스트리와 소품 등으로 꾸며져 있다.
레트로 미니 태피스트리/계산서 메모지
오븐과 피자
​
카운터
굿즈를 계산하고 특전을 받는 카운터이다.
구매에 대한 안내와 멤버십 인증을
도와주는 해둥이가 있다.","{""title"": ""<b>스텔라이브 팝업스토어</b> SIX STAR STELLIVE"", ""link"": ""https://sixstarstellive.fanding.com/"", ""category"": ""팝업스토어>캐릭터 팝업"", ""description"": """", ""telephone"": """", ""address"": ""서울특별시 마포구 동교동 167-24 LC타워 별관 지하2층 팬베이스"", ""roadAddress"": ""서울특별시 마포구 양화로 178-5 LC타워 별관 지하2층 팬베이스"", ""mapx"": ""1269254156"", ""mapy"": ""375577033""}",2026-09-14T03:23:21.824051+00:00
e8839b96-94e3-5885-8700-7b143ee13f14,묘냥이 멍구 팝업 스토어,팝업스토어,서울 마포구 양화로 188 AK플라자 홍대 1층,,,,https://blog.naver.com/travel0202/224331767574,,,,"['사진맛집', '힙함']",,,,blog_popup,"귀여운 묘냥이와 멍구 팝업스토어를 진행한다고 해요 ~
지금 포토이즘도 나왔고 이벤트도 하고 있다고 하니
참고하세요 !!
​
타이틀은
[
토끼풀빌라에 어서오세요]
장소
운영 장소 : 서울 마포구 양화로 188 AK플라자 홍대 1층
운영 기간 : 2026년 7월 3일 금요일 ~ 2026년 7월 16일 목요일
운영 시간 : 월-금 11:00 ~ 22:00
토-일 10:00 ~ 22:00
AK PLAZA 홍대
서울특별시 마포구 양화로 188
​
​
​
​
​
​
​
​
MD 리스트
출처 : 묘냥이와 멍구 팝업 공식 X
요즘은 팝업스토어 열면 키캡도 많이 하더라구요 !!
저는 마우스패드가 필요해서 그런지
마우스패드에 눈이 가네요 ㅋㅋㅋㅋ
​
​
​
​
​
​
포토그레이
현재 묘냥이와 멍구 포토그레이 프레임도 있다고 하니까
가서 꼭 사진 찍고 이벤트도 참여해보세요 ~
기간
: 2026년 6월 26일 ~ 2026년 7월 25일
​
참여방법
: 1) 포토그레이 공식 인스타그램 (@photogray)official), 공식 X 계정 팔로우
2) 프레임 촬영 후 공식 계정 태그하여 SNS 업로드
​
필수 해시태그
:
#포토그레이
#묘냥이와멍구
#포토그레이X묘냥이와멍구
​
상품
​
: 묘냥/멍구 스트링 파우치 2종세트 (3명)
묘냥/멍구 기본 마스코트 키링 2종세트 (1명)
묘냥/멍구 코스튬 마스코트 키링 2종세트 (1명)
​
당첨자 발표
: 개별연락
​
추가로 팝업스토어 이벤트나 특전 같은것도 준비하고 계신 것 같은데
아직 소식은 없네요 !! 업데이트 되면 블로그에도 업로드 해놓겠습니다 ㅎㅎ
​
​
​
​
​
​
​
#홍대팝업추천
#홍대AKPLAZA팝업
#묘냥이와멍구
#묘냥이와멍구팝업
#묘냥이와멍구프레임
#묘냥이와멍구이벤트
#포토그레이프레임
#포토그레이묘냥이와멍구","{""title"": ""묘냥이와 멍구 팝업스토어 홍대 POP-UP 추천 [토끼풀빌라에 어서오세...."", ""link"": ""https://blog.naver.com/travel0202/224331767574"", ""description"": ""귀여운 묘냥이와 멍구 팝업스토어를 진행한다고 해요 ~ 지금 포토이즘도 나왔고 이벤트도 하고... 타이틀은 [토끼풀빌라에 어서오세요] 장소 운영 장소 : 서울 마포구 양화로 188 AK플라자 홍대 1층 운영... "", ""bloggername"": ""일상기록지"", ""bloggerlink"": ""https://blog.naver.com/travel0202"", ""postdate"": 20260630, ""query"": ""마포구 팝업스토어"", ""content"": ""귀여운 묘냥이와 멍구 팝업스토어를 진행한다고 해요 ~\n지금 포토이즘도 나왔고 이벤트도 하고 있다고 하니\n참고하세요 !!\n​\n타이틀은\n[\n토끼풀빌라에 어서오세요]\n장소\n운영 장소 : 서울 마포구 양화로 188 AK플라자 홍대 1층\n운영 기간 : 2026년 7월 3일 금요일 ~ 2026년 7월 16일 목요일\n운영 시간 : 월-금 11:00 ~ 22:00\n토-일 10:00 ~ 22:00\nAK PLAZA 홍대\n서울특별시 마포구 양화로 188\n​\n​\n​\n​\n​\n​\n​\n​\nMD 리스트\n출처 : 묘냥이와 멍구 팝업 공식 X\n요즘은 팝업스토어 열면 키캡도 많이 하더라구요 !!\n저는 마우스패드가 필요해서 그런지\n마우스패드에 눈이 가네요 ㅋㅋㅋㅋ\n​\n​\n​\n​\n​\n​\n포토그레이\n현재 묘냥이와 멍구 포토그레이 프레임도 있다고 하니까\n가서 꼭 사진 찍고 이벤트도 참여해보세요 ~\n기간\n: 2026년 6월 26일 ~ 2026년 7월 25일\n​\n참여방법\n: 1) 포토그레이 공식 인스타그램 (@photogray)official), 공식 X 계정 팔로우\n2) 프레임 촬영 후 공식 계정 태그하여 SNS 업로드\n​\n필수 해시태그\n:\n#포토그레이\n#묘냥이와멍구\n#포토그레이X묘냥이와멍구\n​\n상품\n​\n: 묘냥/멍구 스트링 파우치 2종세트 (3명)\n묘냥/멍구 기본 마스코트 키링 2종세트 (1명)\n묘냥/멍구 코스튬 마스코트 키링 2종세트 (1명)\n​\n당첨자 발표\n: 개별연락\n​\n추가로 팝업스토어 이벤트나 특전 같은것도 준비하고 계신 것 같은데\n아직 소식은 없네요 !! 업데이트 되면 블로그에도 업로드 해놓겠습니다 ㅎㅎ\n​\n​\n​\n​\n​\n​\n​\n#홍대팝업추천\n#홍대AKPLAZA팝업\n#묘냥이와멍구\n#묘냥이와멍구팝업\n#묘냥이와멍구프레임\n#묘냥이와멍구이벤트\n#포토그레이프레임\n#포토그레이묘냥이와멍구""}",2026-09-14T03:23:22.715308+00:00
7c1eda4b-f623-5ff7-b8ca-68ce3e89bce3,홍대 가챠샵 팝업 스토어,팝업스토어,서울 마포구 와우산로29바길 18 1층,,,,https://blog.naver.com/rihae112/224328463703,,,,"['사진맛집', '힙함']",,,,blog_popup,"안녕하세요. 째리입니다!
​
오늘 다녀온 곳은
홍대 가챠샵부터 팝업스토어, 카페까지 다 있는
홍대 오아일랜드!
​
팝업스토어중이라 그런지 카페에서 이벤트도 많이 하고
가챠 쿠폰에 2+1 이벤트까지..
신상 가챠샵이라 쾌적하고 너무 만족스러웠어요.
​
오아일랜드
📍서울 마포구 와우산로29바길 18 1층
🕐 매일 10:00 - 21:00 (휴무없음)
☎️ 0507-1337-6065
홍대 오아일랜드는 홍대입구역 8번 출구에서 도보 7분!
1층에는 카페, 2층은 가챠샵 & 인형 옷 (아이돌룩),
3층은 팝업스토어가 있는
생각보다 엄청 큰 대형 매장이었어요..!
사람 붐비는 홍대에서 이런 쾌적한 공간 너무 귀하죠 ...
​
정기휴무도 따로 없고
카페 공간도 넓고 깨끗해서
안에서 하루종일 놀기 가능 ㅎㅎ
​
홍대 오아일랜드 내부
1층 카페
문 열고 들어오면 넓고 쾌적한 카페가 1층에 있어요.
지금은 토이스토리5 팝업스토어 기간이라
토이스토리로 잔뜩 꾸며져있는~
전반적으로 블루&화이트톤이라 더 시원한 느낌!
(팝업은 주기적으로 바뀐대요!)
​
​
Previous image
Next image
오늘 저의 목표는 이것입니다!
오아일랜드패스
라는 상품이 있는데
메뉴를 주문하면 할인쿠폰에 가챠 이용권까지
주더라고요..?
2만원짜리 구매해도 7천원 상당의 쌀알피규어를 줌!!!!!
​
Previous image
Next image
패스를 주문하면 이렇게 ..
아크릴판, 쌀알피규어, 가챠쿠폰,
5천원 할인쿠폰까지 줍니다
홍대 오아일랜드 이렇게 퍼주셔도 되나요?
​
*오아일랜드 패스 내용은
뒷면에 자세히 써있으니 꼭 받으시면 읽어보세요!
​
Previous image
Next image
저는 디저트 한입 세트로 주문했는데요~
시그니처 음료인 오션샌드에이드를 마셨는데,
완전 여름의 맛 ! 🍋
저렴한 레몬에이드 맛이 아니라 직접 짠 것 같은 상큼한 맛이라 제 취향이었어요.
친구가 마신 딸기라떼도 추천 🍓
​
​
그리고 지금 이벤트를 진행하고 있었는데요!
다른 층 구경하면서 사진 찍고 > sns 에
#오아일랜드
해시태그, 계정 태그하면
아크릴파츠를 주더라구요.
​
팝업존 방문 이벤트도 있으니까 놓칠 수 없지요?
바로 출바알~
​
홍대 오아일랜드 가챠샵
2층 가챠샵 & 아이돌룩
Previous image
Next image
홍대 오아일랜드 2층에는
가챠기계와 각종 가챠들로 꽉! 채워져있었어요.
아 그리고 인형옷 브랜드인 아이돌룩도 함께 있더라구요?
​
제가 좋아하는 스펀지밥, 짱구부터 산리오까지!
생각보다 너무 다양해서 눈 돌아갑니다..
​
​
​
추억의 오란고교 호스트부 가챠도 있고요 ㅎㅎㅎ
그리고
동일 가격내에서 2+1 이벤트
도 하고 있어요.
가챠 2개 사면 1개 더 준다!! 말이 됩니까!!!
다른 가챠샵들 반성하세요 ㅠ ㅠ
​
홍대 오아일랜드 가챠샵
3층 팝업존 (토이스토리5 팝업)
Previous image
Next image
홍대 오아일랜드는 3층이 진짜에요...
토이스토리5 찐팬 분들은 꼭 들려야하는 앤디의 방..!
​
포토존뿐만 아니라 귀여운 키링들, 피규어 등 굿즈도
많아서 지갑 잘 사수해야됩니다.
​
​
Previous image
Next image
곳곳에 토이스토리 가득 .. ❤️
앤디의 방에서 사진 한 컷 찍고~
주변 소품 구경도 하다보면 ""아 맞다 이벤트!!!"" 하고 생각나요 ㅋㅋㅋ
구경하느라 이벤트 까먹을 뻔
​
Previous image
Next image
오아일랜드패스 구매하고 받은 가챠 뽑기 이용권을
3층 직원분께 드리면~ 가챠 기계를 돌릴 수 있습니다.
​
저는 불스아이 쌀알 피규어가 나왔어요 ㅎㅎ
아니 이렇게 조그만 피규어가 있다니.. 넘 귀엽죠
​
​
인증샷 SNS 이벤트랑, 3층 방문 이벤트 등..
슬쩍 여쭤보니까
이벤트는 계속 바뀌고, 추가한다고 하시더라구요 ㅎㅎ
인스타그램 팔로우하고 계속 소식 받아봐야겠어요!
​
오아일랜드
서울특별시 마포구 와우산로29바길 18 2, 3층
홍대에서 가챠 뽑기도 하고싶고,
시원한 음료도 마시고 싶고~
쾌적한 곳에서 대화하고 싶은 분들에게
홍대 오아일랜드 추천드려요🍀
​
저는 앞으로 홍대 갈때마다 들르려구요 ㅎㅎ
이벤트 끝나기 전에 꼭! 들러보세요!
​
​
​
​","{""title"": ""가챠샵부터 팝업스토어, 카페까지 다 있는 홍대 오아일랜드 (홍대 ...."", ""link"": ""https://blog.naver.com/rihae112/224328463703"", ""description"": ""오늘 다녀온 곳은 홍대 가챠샵부터 팝업스토어, 카페까지 다 있는 홍대 오아일랜드! 팝업스토어중이라... 오아일랜드 서울 마포구 와우산로29바길 18 1층  매일 10:00 - 21:00 (휴무없음) ☎️ 0507-1337-6065 홍대... "", ""bloggername"": ""먹고 놀고 눕기"", ""bloggerlink"": ""https://blog.naver.com/rihae112"", ""postdate"": 20260627, ""query"": ""마포구 팝업스토어"", ""content"": ""안녕하세요. 째리입니다!\n​\n오늘 다녀온 곳은\n홍대 가챠샵부터 팝업스토어, 카페까지 다 있는\n홍대 오아일랜드!\n​\n팝업스토어중이라 그런지 카페에서 이벤트도 많이 하고\n가챠 쿠폰에 2+1 이벤트까지..\n신상 가챠샵이라 쾌적하고 너무 만족스러웠어요.\n​\n오아일랜드\n📍서울 마포구 와우산로29바길 18 1층\n🕐 매일 10:00 - 21:00 (휴무없음)\n☎️ 0507-1337-6065\n홍대 오아일랜드는 홍대입구역 8번 출구에서 도보 7분!\n1층에는 카페, 2층은 가챠샵 & 인형 옷 (아이돌룩),\n3층은 팝업스토어가 있는\n생각보다 엄청 큰 대형 매장이었어요..!\n사람 붐비는 홍대에서 이런 쾌적한 공간 너무 귀하죠 ...\n​\n정기휴무도 따로 없고\n카페 공간도 넓고 깨끗해서\n안에서 하루종일 놀기 가능 ㅎㅎ\n​\n홍대 오아일랜드 내부\n1층 카페\n문 열고 들어오면 넓고 쾌적한 카페가 1층에 있어요.\n지금은 토이스토리5 팝업스토어 기간이라\n토이스토리로 잔뜩 꾸며져있는~\n전반적으로 블루&화이트톤이라 더 시원한 느낌!\n(팝업은 주기적으로 바뀐대요!)\n​\n​\nPrevious image\nNext image\n오늘 저의 목표는 이것입니다!\n오아일랜드패스\n라는 상품이 있는데\n메뉴를 주문하면 할인쿠폰에 가챠 이용권까지\n주더라고요..?\n2만원짜리 구매해도 7천원 상당의 쌀알피규어를 줌!!!!!\n​\nPrevious image\nNext image\n패스를 주문하면 이렇게 ..\n아크릴판, 쌀알피규어, 가챠쿠폰,\n5천원 할인쿠폰까지 줍니다\n홍대 오아일랜드 이렇게 퍼주셔도 되나요?\n​\n*오아일랜드 패스 내용은\n뒷면에 자세히 써있으니 꼭 받으시면 읽어보세요!\n​\nPrevious image\nNext image\n저는 디저트 한입 세트로 주문했는데요~\n시그니처 음료인 오션샌드에이드를 마셨는데,\n완전 여름의 맛 ! 🍋\n저렴한 레몬에이드 맛이 아니라 직접 짠 것 같은 상큼한 맛이라 제 취향이었어요.\n친구가 마신 딸기라떼도 추천 🍓\n​\n​\n그리고 지금 이벤트를 진행하고 있었는데요!\n다른 층 구경하면서 사진 찍고 > sns 에\n#오아일랜드\n해시태그, 계정 태그하면\n아크릴파츠를 주더라구요.\n​\n팝업존 방문 이벤트도 있으니까 놓칠 수 없지요?\n바로 출바알~\n​\n홍대 오아일랜드 가챠샵\n2층 가챠샵 & 아이돌룩\nPrevious image\nNext image\n홍대 오아일랜드 2층에는\n가챠기계와 각종 가챠들로 꽉! 채워져있었어요.\n아 그리고 인형옷 브랜드인 아이돌룩도 함께 있더라구요?\n​\n제가 좋아하는 스펀지밥, 짱구부터 산리오까지!\n생각보다 너무 다양해서 눈 돌아갑니다..\n​\n​\n​\n추억의 오란고교 호스트부 가챠도 있고요 ㅎㅎㅎ\n그리고\n동일 가격내에서 2+1 이벤트\n도 하고 있어요.\n가챠 2개 사면 1개 더 준다!! 말이 됩니까!!!\n다른 가챠샵들 반성하세요 ㅠ ㅠ\n​\n홍대 오아일랜드 가챠샵\n3층 팝업존 (토이스토리5 팝업)\nPrevious image\nNext image\n홍대 오아일랜드는 3층이 진짜에요...\n토이스토리5 찐팬 분들은 꼭 들려야하는 앤디의 방..!\n​\n포토존뿐만 아니라 귀여운 키링들, 피규어 등 굿즈도\n많아서 지갑 잘 사수해야됩니다.\n​\n​\nPrevious image\nNext image\n곳곳에 토이스토리 가득 .. ❤️\n앤디의 방에서 사진 한 컷 찍고~\n주변 소품 구경도 하다보면 \""아 맞다 이벤트!!!\"" 하고 생각나요 ㅋㅋㅋ\n구경하느라 이벤트 까먹을 뻔\n​\nPrevious image\nNext image\n오아일랜드패스 구매하고 받은 가챠 뽑기 이용권을\n3층 직원분께 드리면~ 가챠 기계를 돌릴 수 있습니다.\n​\n저는 불스아이 쌀알 피규어가 나왔어요 ㅎㅎ\n아니 이렇게 조그만 피규어가 있다니.. 넘 귀엽죠\n​\n​\n인증샷 SNS 이벤트랑, 3층 방문 이벤트 등..\n슬쩍 여쭤보니까\n이벤트는 계속 바뀌고, 추가한다고 하시더라구요 ㅎㅎ\n인스타그램 팔로우하고 계속 소식 받아봐야겠어요!\n​\n오아일랜드\n서울특별시 마포구 와우산로29바길 18 2, 3층\n홍대에서 가챠 뽑기도 하고싶고,\n시원한 음료도 마시고 싶고~\n쾌적한 곳에서 대화하고 싶은 분들에게\n홍대 오아일랜드 추천드려요🍀\n​\n저는 앞으로 홍대 갈때마다 들르려구요 ㅎㅎ\n이벤트 끝나기 전에 꼭! 들러보세요!\n​\n​\n​\n​""}",2026-09-14T03:23:23.349820+00:00
46bdedde-543c-5c4f-b907-dab007b67339,월드컵로 3 길 47 1 층 어스 드롭 팝업 스토어,팝업스토어,서울특별시 마포구 월드컵로3길 47 1층,,,,https://blog.naver.com/yugioh1130/224326567055,,,,"['사진맛집', '힙함']",,,,blog_popup,"블리스웨이커피 합정본점
서울특별시 마포구 월드컵로3길 47 1층
​
어스드롭 팝업 스토어
서울시 마포구 월드컵로 3길 47 1층
블리스웨이커피 합정본점
2026.06.26(금) 12:00 - 18:00
​
* 이미지에는 19:00 까지 라고 기재되어 있는데
인스타 게시글에는 18:00 라고 기재되어 있어서
우선 18:00 까지 라고 기재해두겠습니다 💦
​
Instagram의 earthdrop님 : ""🌿 어스드롭 팝업스토어 사전예약 OPEN 🌿 6월 26일 단 하루! 합정 블리스웨이 카페에서 어스드롭을 만나보세요✨ 📍일시 6월 26일(금) 12:00 ~ 18:00 📍장소 합정 블리스웨이 카페 서울시 마포구 월드컵로 3길 47 1층 🎁 사전예약자 혜택 ✔ 블리스웨이 음료 제공 ✔ 어스드롭 샘플 증정 ✔ 7월 출시 예정 네롤리 글로우 컴플렉스 아로마틱 스킨 미스트 선체험 🛍 현장 구매 혜택 ✔ 팝업스토어 단독 30% 할인 ✔ 구매 인증 시 10만원 상당 상품권 추첨 이벤트 응모 네롤리의 편안한 향과 함께 가장 먼저 신제품을 경험해보세요 💚 ※ 시간대별 예약 인원 제한으로 조기 마감될 수 있습니다.""
4 likes, 0 comments - earthdrop_official - June 19, 2026: ""🌿 어스드롭 팝업스토어 사전예약 OPEN 🌿 6월 26일 단 하루! 합정 블리스웨이 카페에서 어스드롭을 만나보세요✨ 📍일시 6월 26일(금) 12:00 ~ 18:00 📍장소 합정 블리스웨이 카페 서울시 마포구 월드컵로 3길 47 1층 🎁 사전예약자 혜택 ✔ 블리스웨이 음료 제공 ✔ 어스드롭 샘플 증정 ✔ 7월 출시 예정 네롤리 글로우 컴플렉스 아로마틱 스킨 미스트 선체험 🛍 현장 구매 혜택 ✔ 팝업스토어 단독 30% ...
www.instagram.com
🌿 어스드롭 팝업스토어 사전예약
안녕하세요. 어스드롭 팝업스토어에 관심 가져주셔서 감사합니다. 📍일시 : 2026년 6월 26일(금) 12:00~19:00 📍장소 : 합정 블리스웨이 카페 📍주소 : 서울시 마포구 월드컵로3길 47 1층 (2호선,6호선 합정역 8번출구) ※ 주차는 불가 합니다. 근처 주차장을 이용해주세요 사전예약자 혜택 ✔ 블리스웨이 음료 제공 ✔ 어스드롭 샘플 증정 ✔ 신제품 네롤리 글로우 컴플렉스 아로마틱 스킨 미스트 선체험 현장 구매 혜택 ✔ 팝업스토어 단독 30% 할인 ✔ 구매 인증 시 10만원 상당 상품권 추첨 이벤트 응모 ※ 원활한...
docs.google.com
​
사전예약자 혜택
- 블리스웨이 음료 제공
- 어스드롭 샘플 증정
- 7월 출시 예정
네롤리 글로우 컴플렉스 아로마틱 스킨 미스트 선 체험
​
현장 구매 혜택
- 팝업 스토어 단독 30% 할인
- 구매 인증 시 10만 원 상당 상품권 추첨 이벤트 응모","{""title"": ""어스드롭 합정 팝업 스토어 정보 / 사전예약"", ""link"": ""https://blog.naver.com/yugioh1130/224326567055"", ""description"": ""어스드롭 팝업 스토어 서울시 마포구 월드컵로 3길 47 1층 블리스웨이커피 합정본점 2026.06.26(금) 12:00 - 18:00 * 이미지에는 19:00 까지 라고 기재되어 있는데 인스타 게시글에는 18:00 라고 기재되어 있어서... "", ""bloggername"": ""終着"", ""bloggerlink"": ""https://blog.naver.com/yugioh1130"", ""postdate"": 20260625, ""query"": ""마포구 팝업스토어"", ""content"": ""블리스웨이커피 합정본점\n서울특별시 마포구 월드컵로3길 47 1층\n​\n어스드롭 팝업 스토어\n서울시 마포구 월드컵로 3길 47 1층\n블리스웨이커피 합정본점\n2026.06.26(금) 12:00 - 18:00\n​\n* 이미지에는 19:00 까지 라고 기재되어 있는데\n인스타 게시글에는 18:00 라고 기재되어 있어서\n우선 18:00 까지 라고 기재해두겠습니다 💦\n​\nInstagram의 earthdrop님 : \""🌿 어스드롭 팝업스토어 사전예약 OPEN 🌿 6월 26일 단 하루! 합정 블리스웨이 카페에서 어스드롭을 만나보세요✨ 📍일시 6월 26일(금) 12:00 ~ 18:00 📍장소 합정 블리스웨이 카페 서울시 마포구 월드컵로 3길 47 1층 🎁 사전예약자 혜택 ✔ 블리스웨이 음료 제공 ✔ 어스드롭 샘플 증정 ✔ 7월 출시 예정 네롤리 글로우 컴플렉스 아로마틱 스킨 미스트 선체험 🛍 현장 구매 혜택 ✔ 팝업스토어 단독 30% 할인 ✔ 구매 인증 시 10만원 상당 상품권 추첨 이벤트 응모 네롤리의 편안한 향과 함께 가장 먼저 신제품을 경험해보세요 💚 ※ 시간대별 예약 인원 제한으로 조기 마감될 수 있습니다.\""\n4 likes, 0 comments - earthdrop_official - June 19, 2026: \""🌿 어스드롭 팝업스토어 사전예약 OPEN 🌿 6월 26일 단 하루! 합정 블리스웨이 카페에서 어스드롭을 만나보세요✨ 📍일시 6월 26일(금) 12:00 ~ 18:00 📍장소 합정 블리스웨이 카페 서울시 마포구 월드컵로 3길 47 1층 🎁 사전예약자 혜택 ✔ 블리스웨이 음료 제공 ✔ 어스드롭 샘플 증정 ✔ 7월 출시 예정 네롤리 글로우 컴플렉스 아로마틱 스킨 미스트 선체험 🛍 현장 구매 혜택 ✔ 팝업스토어 단독 30% ...\nwww.instagram.com\n🌿 어스드롭 팝업스토어 사전예약\n안녕하세요. 어스드롭 팝업스토어에 관심 가져주셔서 감사합니다. 📍일시 : 2026년 6월 26일(금) 12:00~19:00 📍장소 : 합정 블리스웨이 카페 📍주소 : 서울시 마포구 월드컵로3길 47 1층 (2호선,6호선 합정역 8번출구) ※ 주차는 불가 합니다. 근처 주차장을 이용해주세요 사전예약자 혜택 ✔ 블리스웨이 음료 제공 ✔ 어스드롭 샘플 증정 ✔ 신제품 네롤리 글로우 컴플렉스 아로마틱 스킨 미스트 선체험 현장 구매 혜택 ✔ 팝업스토어 단독 30% 할인 ✔ 구매 인증 시 10만원 상당 상품권 추첨 이벤트 응모 ※ 원활한...\ndocs.google.com\n​\n사전예약자 혜택\n- 블리스웨이 음료 제공\n- 어스드롭 샘플 증정\n- 7월 출시 예정\n네롤리 글로우 컴플렉스 아로마틱 스킨 미스트 선 체험\n​\n현장 구매 혜택\n- 팝업 스토어 단독 30% 할인\n- 구매 인증 시 10만 원 상당 상품권 추첨 이벤트 응모""}",2026-09-14T03:23:23.678961+00:00
43e90caf-6abb-59c8-a1d1-e751e15aa773,오아시스 투어 1 팝업,팝업스토어,서울 마포구 서강로 78 2층),,,,https://blog.naver.com/111dj/224322448894,,,,['예약필수'],,,,blog_popup,"​
2025년 7월 4일 시작된 오아시스 재결합 투어!
그 1주년을 기념해 도프레코드, 레코드라운지,
민트페이퍼가
팝업스토어 마켓
을 준비했다고 합니다
​
작년 10월 오아시스 고양종합운동장에서
콘서트가 열리던 때가 엊그제 같은데 시간 빠르네요ㅎㅎ
​
팝업 마켓은 마포구 mpmg 건물에서 7월 4일부터
16일간 열리고
사전 예약제로만
운영된다고 하니
팬 분들은 꼭
6월 26일 17시 예약
잊지 마세요!
​
네이버 지도나 검색창에 '오아시스 팝업' 검색하고
'오아시스 리유니온 1주년 팝업 마켓' 클릭하면 되는데
아래에 예약 링크 걸어둘테니 편하게 이용하세요!
예약금은 5000원
입니다!!
​
오아시스 리유니온 1주년 팝업 마켓 : 네이버
블로그리뷰 1
naver.me
𝗢𝗔𝗦𝗜𝗦  𝟭𝙨𝙩 𝘼𝙣𝙣𝙞𝙫𝙚𝙧𝙨𝙖𝙧𝙮 𝙤𝙛 𝙍𝙚𝙪𝙣𝙞𝙤𝙣
일시
2026년 7월 4일(토)~19일(일)
장소
라운지M
(서울 마포구 서강로 78 2층)
시간
오후 2시~8시
휴무일
매주 화요일
MD 공개
6월 23일 화요일
예약 오픈
6월 26일 금요일 17시
​
행사가 열리는 장소는 마포구 서강로 78
MPMG 건물 2층의 라운지M
입니다
페스티벌 다녀본 분들이라면 모두 알고 있을 엠피엠지~
​
6월 23일
판매 아이템이 공개된다고 하며
6월 26일 17시
에 예약이 오픈됩니다
운영 시간은 오후 2시부터 8시까지,,
생각보다 짧네용 ,,,,,,,ㅠ
​
사전 예약제로만 운영된다고 하니 참고하시고
예약금은 노쇼 방지 금액으로 최종 상품 결제 시
총 금액에서 차감되는 형태입니다
​
회차별 1인 1매
만 구매할 수 있고
현장에 도착해 입장 안내 부스로 가시면
예매 내역을 확인하고
번호표를 배부
해준다고 합니다
​
아아,,
매주 화요일은 정기 휴무
라
예약이 어렵다고 하네요ㅜ
​
​
팝업 마켓 판매 아이템은?
​
자세한
MD 굿즈 리스트
가 업로드돼
하단에 이미지와 함께 올려두었습니다
​
오아시스 라이브 25 투어의 공식 MD,
아디다스 콜라보 의류, 포스터, 음반 등 100개 이상의
아이템이 등장할 예정이라고 합니다
​
그나저나
'파격적인 가격'
으로 준비된다고 했는데
생각보다 나쁘지 않은 가격대라고 생각됩니다
​
극소량 아이템
은 추후 게릴라 이벤트를 통해
판매될 예정이라고 하며, 추가되는 품목이 생기면
관련해 별도 공지를 올려준다고 합니다
​
반팔 티셔츠 사이즈는 S~2XL까지 있으며
긴팔 한 종류만 L~3XL가 있네요
자세한 것은
하단에 노션 링크 첨부
해뒀습니다
​
OASIS 1st Anniversary of Reunion POP-UP MARKET | Notion
APPAREL
app.notion.com
​
👕어페럴
티셔츠, 풋볼셔츠, 롱슬리브, 스웻셔츠, 트랙탑,
트랙팬츠, 버킷햇, 부니햇(챙 넓은 모자), 타올
​
💍악세서리
마그넷, 마그넷 세트, 키체인(키링), 핀 뱃지(핀버튼),
연필, 슬립매트, 우산
​
​
📖지류
싱글 커버 포스터, 프로그램 북, 공책
​
​
💿음악
CD, 바이닐
​
​
행사장 찾아가는 방법은?
​
6호선 광흥창역
2번 출구로 나와 3분 정도 직진하시면
엠피엠지 빌딩이 있습니다!
​
경의중앙선 서강대역
이용하시는 경우 2번 출구로 나와
6분 정도 걸어가시면 된답니다!
​
참고로 건물 내 외부인이 주차할 공간이 마땅치 않으니
자차 이용하는 분들은 근처 주차장을 따로 알아보시는 것을 추천드립니다!
​
오아시스 리유니온 1주년 팝업 마켓
서울특별시 마포구 서강로 78 2F
구매시 유의 사항, 이벤트
​
품목당 최대 2개까지
구매할 수 있으며
추가 구매를 원하는 경우 다른 일자에 방문해서
추가로 구매하라고 하네요.....ㅎ
​
동일 제품, 사이즈만 다른 경우는
같은 품목
동일 제품, 색상이 다른 경우는
다른 품목
ㄷㄷ
​
상품 입고 수량이 일정하지 않아
대량 구매를 하기 보다는 여러 차례 방문을
권장한다고 하는데... 예약.... 넉넉한거죠,,,,?ㅠ
​
구매 금액별 할인, 리카르도 카페 이벤트,
도프레코드 추가 혜택
이 있으니 참고해주세요!
​
​
✔️
팝업 마켓 기간
은 7월 4일~19일, 16일간!
✔️다양한 라인업이 예고된 만큼 인기 품목은
빠르게 품절될 수 있음
✔️
사전 예약제 운영!
미리 예약하고 방문
하기!
✔️
예약 오픈 6월 26일
17시!
​
​
이상으로 마포구에서 곧 열릴 오아시스 투어
1주년 팝업 마켓 소식 전해드렸습니다!
모두 원하는 MD 득템하세요!
​","{""title"": ""&quot;와싯 팬 다 모여!&quot; 오아시스 투어 1주년 팝업 마켓 마포구에서 열린...."", ""link"": ""https://blog.naver.com/111dj/224322448894"", ""description"": ""그 1주년을 기념해 도프레코드, 레코드라운지, 민트페이퍼가 팝업스토어 마켓을 준비했다고 합니다... 빠르네요ㅎㅎ 팝업 마켓은 마포구 mpmg 건물에서 7월 4일부터 16일간 열리고 사전 예약제로만... "", ""bloggername"": ""동다의 페스티벌 라이프"", ""bloggerlink"": ""https://blog.naver.com/111dj"", ""postdate"": 20260621, ""query"": ""마포구 팝업스토어"", ""content"": ""​\n2025년 7월 4일 시작된 오아시스 재결합 투어!\n그 1주년을 기념해 도프레코드, 레코드라운지,\n민트페이퍼가\n팝업스토어 마켓\n을 준비했다고 합니다\n​\n작년 10월 오아시스 고양종합운동장에서\n콘서트가 열리던 때가 엊그제 같은데 시간 빠르네요ㅎㅎ\n​\n팝업 마켓은 마포구 mpmg 건물에서 7월 4일부터\n16일간 열리고\n사전 예약제로만\n운영된다고 하니\n팬 분들은 꼭\n6월 26일 17시 예약\n잊지 마세요!\n​\n네이버 지도나 검색창에 '오아시스 팝업' 검색하고\n'오아시스 리유니온 1주년 팝업 마켓' 클릭하면 되는데\n아래에 예약 링크 걸어둘테니 편하게 이용하세요!\n예약금은 5000원\n입니다!!\n​\n오아시스 리유니온 1주년 팝업 마켓 : 네이버\n블로그리뷰 1\nnaver.me\n𝗢𝗔𝗦𝗜𝗦  𝟭𝙨𝙩 𝘼𝙣𝙣𝙞𝙫𝙚𝙧𝙨𝙖𝙧𝙮 𝙤𝙛 𝙍𝙚𝙪𝙣𝙞𝙤𝙣\n일시\n2026년 7월 4일(토)~19일(일)\n장소\n라운지M\n(서울 마포구 서강로 78 2층)\n시간\n오후 2시~8시\n휴무일\n매주 화요일\nMD 공개\n6월 23일 화요일\n예약 오픈\n6월 26일 금요일 17시\n​\n행사가 열리는 장소는 마포구 서강로 78\nMPMG 건물 2층의 라운지M\n입니다\n페스티벌 다녀본 분들이라면 모두 알고 있을 엠피엠지~\n​\n6월 23일\n판매 아이템이 공개된다고 하며\n6월 26일 17시\n에 예약이 오픈됩니다\n운영 시간은 오후 2시부터 8시까지,,\n생각보다 짧네용 ,,,,,,,ㅠ\n​\n사전 예약제로만 운영된다고 하니 참고하시고\n예약금은 노쇼 방지 금액으로 최종 상품 결제 시\n총 금액에서 차감되는 형태입니다\n​\n회차별 1인 1매\n만 구매할 수 있고\n현장에 도착해 입장 안내 부스로 가시면\n예매 내역을 확인하고\n번호표를 배부\n해준다고 합니다\n​\n아아,,\n매주 화요일은 정기 휴무\n라\n예약이 어렵다고 하네요ㅜ\n​\n​\n팝업 마켓 판매 아이템은?\n​\n자세한\nMD 굿즈 리스트\n가 업로드돼\n하단에 이미지와 함께 올려두었습니다\n​\n오아시스 라이브 25 투어의 공식 MD,\n아디다스 콜라보 의류, 포스터, 음반 등 100개 이상의\n아이템이 등장할 예정이라고 합니다\n​\n그나저나\n'파격적인 가격'\n으로 준비된다고 했는데\n생각보다 나쁘지 않은 가격대라고 생각됩니다\n​\n극소량 아이템\n은 추후 게릴라 이벤트를 통해\n판매될 예정이라고 하며, 추가되는 품목이 생기면\n관련해 별도 공지를 올려준다고 합니다\n​\n반팔 티셔츠 사이즈는 S~2XL까지 있으며\n긴팔 한 종류만 L~3XL가 있네요\n자세한 것은\n하단에 노션 링크 첨부\n해뒀습니다\n​\nOASIS 1st Anniversary of Reunion POP-UP MARKET | Notion\nAPPAREL\napp.notion.com\n​\n👕어페럴\n티셔츠, 풋볼셔츠, 롱슬리브, 스웻셔츠, 트랙탑,\n트랙팬츠, 버킷햇, 부니햇(챙 넓은 모자), 타올\n​\n💍악세서리\n마그넷, 마그넷 세트, 키체인(키링), 핀 뱃지(핀버튼),\n연필, 슬립매트, 우산\n​\n​\n📖지류\n싱글 커버 포스터, 프로그램 북, 공책\n​\n​\n💿음악\nCD, 바이닐\n​\n​\n행사장 찾아가는 방법은?\n​\n6호선 광흥창역\n2번 출구로 나와 3분 정도 직진하시면\n엠피엠지 빌딩이 있습니다!\n​\n경의중앙선 서강대역\n이용하시는 경우 2번 출구로 나와\n6분 정도 걸어가시면 된답니다!\n​\n참고로 건물 내 외부인이 주차할 공간이 마땅치 않으니\n자차 이용하는 분들은 근처 주차장을 따로 알아보시는 것을 추천드립니다!\n​\n오아시스 리유니온 1주년 팝업 마켓\n서울특별시 마포구 서강로 78 2F\n구매시 유의 사항, 이벤트\n​\n품목당 최대 2개까지\n구매할 수 있으며\n추가 구매를 원하는 경우 다른 일자에 방문해서\n추가로 구매하라고 하네요.....ㅎ\n​\n동일 제품, 사이즈만 다른 경우는\n같은 품목\n동일 제품, 색상이 다른 경우는\n다른 품목\nㄷㄷ\n​\n상품 입고 수량이 일정하지 않아\n대량 구매를 하기 보다는 여러 차례 방문을\n권장한다고 하는데... 예약.... 넉넉한거죠,,,,?ㅠ\n​\n구매 금액별 할인, 리카르도 카페 이벤트,\n도프레코드 추가 혜택\n이 있으니 참고해주세요!\n​\n​\n✔️\n팝업 마켓 기간\n은 7월 4일~19일, 16일간!\n✔️다양한 라인업이 예고된 만큼 인기 품목은\n빠르게 품절될 수 있음\n✔️\n사전 예약제 운영!\n미리 예약하고 방문\n하기!\n✔️\n예약 오픈 6월 26일\n17시!\n​\n​\n이상으로 마포구에서 곧 열릴 오아시스 투어\n1주년 팝업 마켓 소식 전해드렸습니다!\n모두 원하는 MD 득템하세요!\n​""}",2026-09-14T03:23:24.911855+00:00
6a259e41-6b96-55a4-ac69-0ff24792734c,랜드 팝업,팝업스토어,서울 마포구 와우산로 37길 30,,,,https://blog.naver.com/palacej/224315473749,,,,['사진맛집'],,,,blog_popup,"안녕하세요 안슐랭입니다!
오늘은 홍대에서 진행되었던
'빵빵랜드 팝업' 방문 후기를 남겨볼게요
빵빵랜드
​
팝업기간: 26.5.29-26.5.30
운영시간: 11:00-19:00
주소: 서울 마포구 와우산로 37길 30
파크뷰빌딩
서울특별시 마포구 와우산로37길 30
우연히 지나가다가 워크인으로 방문하게 된
연세유업 빵빵랜드 팝업은
단 이틀간만 짧게 진행되었어요 !
생크림빵 4년만에 1억개 판매 돌파 기념으로
진행되는 행사라고 하는데요 🥳
​
1. 최애 주민 투표
입장하면 팜플렛을 나눠주시고,
이렇게 최애 생크림빵에 투표하는
공간이 마련되어 있어요
​
저는 고민없이 말차생크림빵에
투표 완료했습니다~
​
2. 빵빠레 게임
다음은 1억개 판매 기념
빵빠레를 울리는 게임으로,
빠르게 버튼을 눌러 게이지만 채우면 끝이었어요 !
​
3. 핀볼 교환소
이어서 다음 게임 하러 가는 길에
핀볼을 굴려 칸에 해당하는 제품을
무료로 선물로 주셨는데,
저는 에너지 드링크에 당첨되었어요
연세유업에서 에너지 드링크도 했다니 ..
​
4. 빵빵 퀴즈
네번째 존에서는 랜덤으로 퀴즈를 뽑아
O/X 문제를 맞춰보는 시간을 가졌어요
평소 연세우유빵을 즐겨먹는 편은 아니라
살짝 어려웠습니당 ,, ㅎㅎ
​
제 문제는 사진 속에서 확인하실 수 있는데,
직접 먹어본 적은 없지만
고구마 생크림은 실제로 출시했던
적이 있다고 하네요 ㅎㅎ
​
5. 찰칵 인증샷
마지막으로 포토부스에서
주민증 발급받고,
포토존에서 인증샷만 찍으면
스탬프 미션은 끝이에요 !!
​
주민증은 이렇게 바로 발급받을 수 있는데,
생각보다 귀여웠어요 ㅋㅋㅋ
​
포토존은 요렇게 생겼어요
별도의 귀찮은 SNS 인증 미션이 없어 좋았습니다 👍
​
​
​
지하 1층 - 카페존
모든 미션을 끝냈다면
지하 1층으로 내려가 굿즈를 받고
받은 음식들도 먹을 수 있어요 ㅎㅎ
​
두근두근 럭키드로우 결과는요 🍀
​
말랑이, 메모지, 스티커 등이 있었는데
저랑 일행은 사이좋게 스티커 당첨 ㅎ.ㅎ
​
핀볼 게임에서 당첨된
에너지드링크와 팝콘도 이곳에서 수령했어요
아니 근데 스티커 생각보다 더 귀여워서
바로 노트북에 붙였네요 ㅋㅋㅋㅋ
​
날이 더워서 그런지 안에 먹고 가시는 분들도 있었구
짧지만 무료로 알차게 즐길 수 있는 팝업이었어요
연세유업 흥해랏 ~
나갈 때 방명록도 작성할 수 있었답니다
조만간 2억개 돌파해서
팝업 또 열어주세요 !
그럼 오늘 포스팅은 이만 여기서 마무리할게요
모두 안녕 ~","{""title"": ""[홍대] 연세우유크림빵 1억개 판매 기념 팝업스토어 '연세유업 팝업 ...."", ""link"": ""https://blog.naver.com/palacej/224315473749"", ""description"": ""오늘은 홍대에서 진행되었던 '빵빵랜드 팝업' 방문 후기를 남겨볼게요 빵빵랜드 팝업기간: 26.5.29-26.5.30 운영시간: 11:00-19:00 주소: 서울 마포구 와우산로 37길 30 우연히 지나가다가 워크인으로 방문하게 된... "", ""bloggername"": ""안슐랭 가이드"", ""bloggerlink"": ""https://blog.naver.com/palacej"", ""postdate"": 20260614, ""query"": ""마포구 팝업스토어"", ""content"": ""안녕하세요 안슐랭입니다!\n오늘은 홍대에서 진행되었던\n'빵빵랜드 팝업' 방문 후기를 남겨볼게요\n빵빵랜드\n​\n팝업기간: 26.5.29-26.5.30\n운영시간: 11:00-19:00\n주소: 서울 마포구 와우산로 37길 30\n파크뷰빌딩\n서울특별시 마포구 와우산로37길 30\n우연히 지나가다가 워크인으로 방문하게 된\n연세유업 빵빵랜드 팝업은\n단 이틀간만 짧게 진행되었어요 !\n생크림빵 4년만에 1억개 판매 돌파 기념으로\n진행되는 행사라고 하는데요 🥳\n​\n1. 최애 주민 투표\n입장하면 팜플렛을 나눠주시고,\n이렇게 최애 생크림빵에 투표하는\n공간이 마련되어 있어요\n​\n저는 고민없이 말차생크림빵에\n투표 완료했습니다~\n​\n2. 빵빠레 게임\n다음은 1억개 판매 기념\n빵빠레를 울리는 게임으로,\n빠르게 버튼을 눌러 게이지만 채우면 끝이었어요 !\n​\n3. 핀볼 교환소\n이어서 다음 게임 하러 가는 길에\n핀볼을 굴려 칸에 해당하는 제품을\n무료로 선물로 주셨는데,\n저는 에너지 드링크에 당첨되었어요\n연세유업에서 에너지 드링크도 했다니 ..\n​\n4. 빵빵 퀴즈\n네번째 존에서는 랜덤으로 퀴즈를 뽑아\nO/X 문제를 맞춰보는 시간을 가졌어요\n평소 연세우유빵을 즐겨먹는 편은 아니라\n살짝 어려웠습니당 ,, ㅎㅎ\n​\n제 문제는 사진 속에서 확인하실 수 있는데,\n직접 먹어본 적은 없지만\n고구마 생크림은 실제로 출시했던\n적이 있다고 하네요 ㅎㅎ\n​\n5. 찰칵 인증샷\n마지막으로 포토부스에서\n주민증 발급받고,\n포토존에서 인증샷만 찍으면\n스탬프 미션은 끝이에요 !!\n​\n주민증은 이렇게 바로 발급받을 수 있는데,\n생각보다 귀여웠어요 ㅋㅋㅋ\n​\n포토존은 요렇게 생겼어요\n별도의 귀찮은 SNS 인증 미션이 없어 좋았습니다 👍\n​\n​\n​\n지하 1층 - 카페존\n모든 미션을 끝냈다면\n지하 1층으로 내려가 굿즈를 받고\n받은 음식들도 먹을 수 있어요 ㅎㅎ\n​\n두근두근 럭키드로우 결과는요 🍀\n​\n말랑이, 메모지, 스티커 등이 있었는데\n저랑 일행은 사이좋게 스티커 당첨 ㅎ.ㅎ\n​\n핀볼 게임에서 당첨된\n에너지드링크와 팝콘도 이곳에서 수령했어요\n아니 근데 스티커 생각보다 더 귀여워서\n바로 노트북에 붙였네요 ㅋㅋㅋㅋ\n​\n날이 더워서 그런지 안에 먹고 가시는 분들도 있었구\n짧지만 무료로 알차게 즐길 수 있는 팝업이었어요\n연세유업 흥해랏 ~\n나갈 때 방명록도 작성할 수 있었답니다\n조만간 2억개 돌파해서\n팝업 또 열어주세요 !\n그럼 오늘 포스팅은 이만 여기서 마무리할게요\n모두 안녕 ~""}",2026-09-14T03:23:27.404124+00:00
6113025b-f1cd-58eb-81a6-23a298f819bb,라이즈 RIIZE 미니 앨범 2 II 발매 기념 아카이브 ARCHIIVE 팝업스,팝업스토어,서울 마포구 광성로 41-11,,,,https://blog.naver.com/luckang002/224311332279,,,,['예약필수'],,,,blog_popup,"2026년 6월 10일 수요일이다
라이즈(RIIZE)가 미니앨범 2집 투(II)
발매 기념으로 아카이브(ARCHIIVE)
팝업스토어를 성대하게 운영한다
​
​
기간은 2026년 6월 16일~6월 28일이다
시간은 매일 12:00~20:00이다
장소는 서울 마포구 광성로 41-11
레이어 스튜디오 11이다
​
레이어스튜디오 11
서울특별시 마포구 광성로 41-11
​
팝업스토어 입장은 네이버 사전
예약제로 진행한다
매일 1회차는 라이즈 공식 팬클럽 브리즈
(BRIIZE) 멤버십 전용 시간으로 운영한다
예약 오픈일은 6월 12일 20시이다
​
네이버 사전 예약 바로 가기
네이버 예약 :: RIIZE POP-UP ARCHIIVE²
RIIZE 라이즈 The 2nd Mini Album POP-UP ARCHIIVE²
booking.naver.com
X의 RIIZE님(@RIIZE_official)
RIIZE POP-UP [ARCHIIVE²] VISITOR GUIDE NOTICE 📍서울시 마포구 광성로 41-11 레이어 스튜디오 11 📆 2026. 06. 16 (TUE) ~ 2026. 06. 28 (SUN) ⏰ 12:00 ~ 20:00 🔗 사전 예약 링크 https://t.co/WwVDCVSCv7 [ARCHIIVE²] 관련 다양한 소식을 전용 X (@RIIZE_POPUP) 계정에서 확인해 보세요.
x.com
출처:라이즈
​
​","{""title"": ""라이즈(RIIZE) 미니앨범 2집 투(II) 발매 기념 아카이브(ARCHIIVE) 팝업스...."", ""link"": ""https://blog.naver.com/luckang002/224311332279"", ""description"": ""서울 마포구 광성로 41-11 레이어 스튜디오 11이다 팝업스토어 입장은 네이버 사전 예약제로 진행한다 매일 1회차는 라이즈 공식 팬클럽 브리즈 (BRIIZE) 멤버십 전용 시간으로 운영한다 예약... "", ""bloggername"": ""재미나게 나답게"", ""bloggerlink"": ""https://blog.naver.com/luckang002"", ""postdate"": 20260610, ""query"": ""마포구 팝업스토어"", ""content"": ""2026년 6월 10일 수요일이다\n라이즈(RIIZE)가 미니앨범 2집 투(II)\n발매 기념으로 아카이브(ARCHIIVE)\n팝업스토어를 성대하게 운영한다\n​\n​\n기간은 2026년 6월 16일~6월 28일이다\n시간은 매일 12:00~20:00이다\n장소는 서울 마포구 광성로 41-11\n레이어 스튜디오 11이다\n​\n레이어스튜디오 11\n서울특별시 마포구 광성로 41-11\n​\n팝업스토어 입장은 네이버 사전\n예약제로 진행한다\n매일 1회차는 라이즈 공식 팬클럽 브리즈\n(BRIIZE) 멤버십 전용 시간으로 운영한다\n예약 오픈일은 6월 12일 20시이다\n​\n네이버 사전 예약 바로 가기\n네이버 예약 :: RIIZE POP-UP ARCHIIVE²\nRIIZE 라이즈 The 2nd Mini Album POP-UP ARCHIIVE²\nbooking.naver.com\nX의 RIIZE님(@RIIZE_official)\nRIIZE POP-UP [ARCHIIVE²] VISITOR GUIDE NOTICE 📍서울시 마포구 광성로 41-11 레이어 스튜디오 11 📆 2026. 06. 16 (TUE) ~ 2026. 06. 28 (SUN) ⏰ 12:00 ~ 20:00 🔗 사전 예약 링크 https://t.co/WwVDCVSCv7 [ARCHIIVE²] 관련 다양한 소식을 전용 X (@RIIZE_POPUP) 계정에서 확인해 보세요.\nx.com\n출처:라이즈\n​\n​""}",2026-09-14T03:23:28.028880+00:00
3812bce1-f57c-5eef-ac4f-82f05c33000c,라이즈 컴백 팝업 스토어,팝업스토어,서울 마포구 광성로 41-11 레이어 스튜디오 11,,,,https://blog.naver.com/travel0202/224310895579,,,,['예약필수'],,,,blog_popup,"라이즈가 컴백을 앞두고 팝업 스토어를 진행한다고 합니다 ~
​
타이틀은
[
ARCHIIVE²]
일정
운영 장소 : 서울 마포구 광성로 41-11 레이어 스튜디오 11
운영 기간 : 2026년 06월 16일 화요일 ~ 6월 28일 일요일
운영 시간 : 매일 12:00 ~ 20:00
레이어스튜디오 11
서울특별시 마포구 광성로 41-11
​
​
​
​
​
​
사전예약
이번 팝업스토어는 사전예약으로만 진행한다고 하는데요 매일 첫 회차인 12~13시는 팬클럽 분들인 브라이즈 분들만 전용으로 예약 가능하다고 해요 !!
​
[팬클럽 사전예약 (BRIIZE TIME)]
예약일자 : 6/10일 수요일 19시
예약 가능일자 : 2026년 6월16일 화요일 ~ 6월 21일 일요일
예약 가능시간 : 1회차 오후 12~13시
​
예약일자 : 6/16일 화요일 17시
예약 가능일자 : 2026년 6월 22일 월요일 ~ 6월 28일 일요일
예약 가능시간 : 1회차 오후 12~13시
​
링크 :  예약을 두 번에 나눠서 진행하니까 참고하세요 !
위버스 RIIZE 공지사항
RIIZE 공지를 확인해보세요.
weverse.io
​
[일반 예약]
예약일자 : 6/12일 금요일 20시
예약 가능일자 :
2026년 06월 16일 화요일 ~ 6월 28일 일요일
예약 가능시간 : 2~8회차 13시 ~ 20시 (1시간 단위로 예약 가능)
링크 :
네이버 예약 :: RIIZE POP-UP ARCHIIVE²
RIIZE 라이즈 The 2nd Mini Album POP-UP ARCHIIVE²
booking.naver.com
​
​
​
​
​
​
팝업 운영
출처 : 라이즈 X
이번 팝업은 새로 발매하는 앨범도 판매한다고 하는데요
​
Special Ver.
​
​
Photobook Ver.
​
​
SMini Ver.
​
​
Figure Ver.
​
판매 기간 : 2026년 6월 16일 화요일 오후 12시 ~ 소진시
MD는 현장 판매랑 온라인 예약 판매로 진행한다고 합니다 ~
​
현장 판매(팝업)
: 2026년 6월 16일 화요일 오후 12시 ~ 소진시
온라인 예약 판매
: 2026년 6월 26일 금요일 오후 3시 ~ 7월 2일 목요일 오후 11시 59분
​
​
​
​
​
​
​
유의사항
* 앨범, MD의 판매 기간 및 종류는 현장 상황에 따라 변동될 수 있습니다.
* 1인당 구매 제한 수량은 상황에 따라 변동될 수 있습니다. 제한 수량 이상 구매 시 결제 거부 또는 취소될 수 있습니다.
* 홍보물의 상품 이미지는 실페 상품과 다를 수 있습니다.
* 모든 거래는 한국 원화로만 이루어집니다.
* 팝업 내 모든 결제는 카드 결제 방식만 가능합니다.
* 일부 카드의 경우 카드사의 사정에 의해 결제가 불가능할 수 있으며 본인 명의의 카드가 아닐 경우 사용에 제한이 있을 수 있습니다.
* 팝업 종료 후에는 교환, 환불이 불가합니다.
* 상품에 문제가 있을 경우, 구매 당일에 한해 언박싱 영상 확인 후 교환 또는 환불이 가능하오니 구매 후 반드시 현장에서 상품을 확인해 주시기 바랍니다.
계산 착오로 인한 오구매 또는 미수령 건은 구매 당일 영수증 확인 시에만 안내 가능하며, 이후에는 처리가 제한될 수 있는 점 양해 부탁 드립니다.
아직 상세한 MD 리스트가 안 나왔네요 ㅠㅠ
팬 분들 모두 예약 성공하시길 바랍니다 !!
​
​
​
​
​
​
​
​
#라이즈
#라이즈팝업
#라이즈팝업스토어
#RIIZE
#RIIZE팝업스토어
#라이즈팝업스토어추천
#라이즈팝업스토어사전예약","{""title"": ""2026 라이즈 팝업 스토어 RIIZE POP UP [ARCHIIVE²] 일정 사전예약 정보"", ""link"": ""https://blog.naver.com/travel0202/224310895579"", ""description"": ""라이즈가 컴백을 앞두고 팝업 스토어를 진행한다고 합니다 ~ 타이틀은 [ARCHIIVE²] 일정 운영 장소 : 서울 마포구 광성로 41-11 레이어 스튜디오 11 운영 기간 : 2026년 06월 16일 화요일 ~ 6월 28일 일요일... "", ""bloggername"": ""일상기록지"", ""bloggerlink"": ""https://blog.naver.com/travel0202"", ""postdate"": 20260609, ""query"": ""마포구 팝업스토어"", ""content"": ""라이즈가 컴백을 앞두고 팝업 스토어를 진행한다고 합니다 ~\n​\n타이틀은\n[\nARCHIIVE²]\n일정\n운영 장소 : 서울 마포구 광성로 41-11 레이어 스튜디오 11\n운영 기간 : 2026년 06월 16일 화요일 ~ 6월 28일 일요일\n운영 시간 : 매일 12:00 ~ 20:00\n레이어스튜디오 11\n서울특별시 마포구 광성로 41-11\n​\n​\n​\n​\n​\n​\n사전예약\n이번 팝업스토어는 사전예약으로만 진행한다고 하는데요 매일 첫 회차인 12~13시는 팬클럽 분들인 브라이즈 분들만 전용으로 예약 가능하다고 해요 !!\n​\n[팬클럽 사전예약 (BRIIZE TIME)]\n예약일자 : 6/10일 수요일 19시\n예약 가능일자 : 2026년 6월16일 화요일 ~ 6월 21일 일요일\n예약 가능시간 : 1회차 오후 12~13시\n​\n예약일자 : 6/16일 화요일 17시\n예약 가능일자 : 2026년 6월 22일 월요일 ~ 6월 28일 일요일\n예약 가능시간 : 1회차 오후 12~13시\n​\n링크 :  예약을 두 번에 나눠서 진행하니까 참고하세요 !\n위버스 RIIZE 공지사항\nRIIZE 공지를 확인해보세요.\nweverse.io\n​\n[일반 예약]\n예약일자 : 6/12일 금요일 20시\n예약 가능일자 :\n2026년 06월 16일 화요일 ~ 6월 28일 일요일\n예약 가능시간 : 2~8회차 13시 ~ 20시 (1시간 단위로 예약 가능)\n링크 :\n네이버 예약 :: RIIZE POP-UP ARCHIIVE²\nRIIZE 라이즈 The 2nd Mini Album POP-UP ARCHIIVE²\nbooking.naver.com\n​\n​\n​\n​\n​\n​\n팝업 운영\n출처 : 라이즈 X\n이번 팝업은 새로 발매하는 앨범도 판매한다고 하는데요\n​\nSpecial Ver.\n​\n​\nPhotobook Ver.\n​\n​\nSMini Ver.\n​\n​\nFigure Ver.\n​\n판매 기간 : 2026년 6월 16일 화요일 오후 12시 ~ 소진시\nMD는 현장 판매랑 온라인 예약 판매로 진행한다고 합니다 ~\n​\n현장 판매(팝업)\n: 2026년 6월 16일 화요일 오후 12시 ~ 소진시\n온라인 예약 판매\n: 2026년 6월 26일 금요일 오후 3시 ~ 7월 2일 목요일 오후 11시 59분\n​\n​\n​\n​\n​\n​\n​\n유의사항\n* 앨범, MD의 판매 기간 및 종류는 현장 상황에 따라 변동될 수 있습니다.\n* 1인당 구매 제한 수량은 상황에 따라 변동될 수 있습니다. 제한 수량 이상 구매 시 결제 거부 또는 취소될 수 있습니다.\n* 홍보물의 상품 이미지는 실페 상품과 다를 수 있습니다.\n* 모든 거래는 한국 원화로만 이루어집니다.\n* 팝업 내 모든 결제는 카드 결제 방식만 가능합니다.\n* 일부 카드의 경우 카드사의 사정에 의해 결제가 불가능할 수 있으며 본인 명의의 카드가 아닐 경우 사용에 제한이 있을 수 있습니다.\n* 팝업 종료 후에는 교환, 환불이 불가합니다.\n* 상품에 문제가 있을 경우, 구매 당일에 한해 언박싱 영상 확인 후 교환 또는 환불이 가능하오니 구매 후 반드시 현장에서 상품을 확인해 주시기 바랍니다.\n계산 착오로 인한 오구매 또는 미수령 건은 구매 당일 영수증 확인 시에만 안내 가능하며, 이후에는 처리가 제한될 수 있는 점 양해 부탁 드립니다.\n아직 상세한 MD 리스트가 안 나왔네요 ㅠㅠ\n팬 분들 모두 예약 성공하시길 바랍니다 !!\n​\n​\n​\n​\n​\n​\n​\n​\n#라이즈\n#라이즈팝업\n#라이즈팝업스토어\n#RIIZE\n#RIIZE팝업스토어\n#라이즈팝업스토어추천\n#라이즈팝업스토어사전예약""}",2026-09-14T03:23:28.674329+00:00
96229c8e-0995-564f-bb69-aa09324a76da,쿠팡 취향 소비 겨냥 팝업 스토어,팝업스토어,,,,,https://blog.naver.com/dowgenedna/224309269305,,,,"['사진맛집', '힙함']",,,,blog_popup,"㈜다우진유전자연구소 & 쿠팡 '콜라보클럽'  팝업스토어 진행
유전자 기반 뷰티·헤어케어 제품 선보여
​
​
​
​
쿠팡이 취향 소비를 겨냥한 팝업스토어
'콜라보클럽'
을 출시했습니다.
쿠팡은  5월 29일부터 6월 7일까지 서울시 마포구 'ㅎㄷ카페'에서 특정 분야 마니아를 위한
IP 상품 팝업스토어 '쿠팡콜라보클럽'을 운영하고있는데
저희
(주)다우진유전자연구소의 탈모관리 제품인 두피에몽 샴푸세트와  디엘셀라좀 화장품 세트,
최근 출시된 100ml 올인원 에센스 및 세정제 클리닉스 제품
도 쿠팡 콜라보 제품으로 선정되어 전시 및 판매 되었습니다.
​
​
[쿠팡 콜라보 팝업 스토어 전경]
​
​
쿠팡은 ""콜라보클럽""에서 글로벌 캐릭터, K팝 아티스트, 유명 인플루언서와 협업한 다양한 특별 상품들을 전시하였습니다.
​
​
[쿠팡 콜라보 팝업 스토어 내부 협업 제품들]
​
[쿠팡 콜라보 팝업 스토어 내부 협업 제품들]
​
​
㈜다우진유전자연구소는 이 행사에 자사의 대표 뷰티 및 헤어케어 제품을 선보였으며,
㈜다우진유전자연구소는 팝업스토어 2층 뷰티존에 입점
하여
유전자 연구 기반의 뷰티 및 헬스케어 제품을 소개
했습니다.
현장에서는
피부 건강 관리를 위한 화장품 3종 세트
'셀라썸(Cellassom)',
헤어 및 두피 관리를 위한 샴푸 & 컨디셔너 세트 '
두피에몽(Doopiemong)' ,
개인 위생 및 세정을 위한 세정액 3종 세트
'다우진 클리닉스(DowGene Cleanix)'
를 전시하여 방문객들의 많은 관심을 모았습니다.
​
​
[쿠팡 콜라보 팝업 스토어 2층 뷰티존에 입점한 ㈜다우진유전자연구소 제품들]
​
​
특히 '
셀라썸'
은 피부 보습과 영양 공급, 자외선 차단에 도움을 주는 클렌징크림, 올인원에센스, 미스트로 구성된
프리미엄 스킨케어 제품으로,
'두피에몽'
은 샴푸 & 컨디셔너는 탈모완화 기능성과 건강한 두피 환경 조성을 위한
헤어 관리 솔루션으로 소개되었습니다.
그리고
'다우진 클리닉스'
세정액 역시 일상생활 속 위생 관리를 위한 제품으로 많은 소비자들의 문의가 이어졌고
행사장을 찾은 방문객들은 제품을 직접 확인한 후 전시 부착된 QR코드를 통해 쿠팡 온라인몰에서 즉시 구매할 수 있었으며,
로켓배송 서비스를 통해 빠르게 제품을 받아볼 수 있다는 점에 높은 만족도를 나타냈습니다.
​
​
[스킨케어 3종 화장품 셀라썸(왼쪽)과 탈모관리 헤어제품 두피에몽 & 세정액 다우진클리닉스(오른쪽)]
​
​
저희 ㈜다우진유전자연구소 는
""이번 쿠팡 콜라보클럽 참여를 통해 연구소가 개발한 다양한 뷰티·헬스케어 제품을
소비자들에게 직접 소개할 수 있는 좋은 기회가 되었으며,
​
""앞으로도 유전자 연구 기술과 바이오 헬스케어 노하우를 접목한 차별화된 제품을
지속적으로 선보여 고객들의 건강하고 아름다운 삶에 기여하겠습니다. ""
​
​
또한 , ㈜다우진유전자연구소는 유전자 분석 및 바이오 연구를 기반으로 개인 맞춤형 건강관리 서비스와 다양한 헬스케어 제품을
개발·공급하고 있으며, 소비자와의 접점을 확대하기 위한 온·오프라인 마케팅 활동을 적극적으로 이어가고 있습니다.
​
고객 여러분들의 많은 관심과 성원 부탁드립니다.
감사합니다.","{""title"": ""[다우진유전자연구소 &amp; 쿠팡 '콜라보클럽' 팝업스토어 진행]...유전...."", ""link"": ""https://blog.naver.com/dowgenedna/224309269305"", ""description"": ""쿠팡은 5월 29일부터 6월 7일까지 서울시 마포구 'ㅎㄷ카페'에서 특정 분야 마니아를 위한 IP 상품 팝업스토어 '쿠팡콜라보클럽'을 운영하고있는데 저희 (주)다우진유전자연구소의 탈모관리 제품인 두피에몽... "", ""bloggername"": ""(주)다우진유전자연구소"", ""bloggerlink"": ""https://blog.naver.com/dowgenedna"", ""postdate"": 20260608, ""query"": ""마포구 팝업스토어"", ""content"": ""㈜다우진유전자연구소 & 쿠팡 '콜라보클럽'  팝업스토어 진행\n유전자 기반 뷰티·헤어케어 제품 선보여\n​\n​\n​\n​\n쿠팡이 취향 소비를 겨냥한 팝업스토어\n'콜라보클럽'\n을 출시했습니다.\n쿠팡은  5월 29일부터 6월 7일까지 서울시 마포구 'ㅎㄷ카페'에서 특정 분야 마니아를 위한\nIP 상품 팝업스토어 '쿠팡콜라보클럽'을 운영하고있는데\n저희\n(주)다우진유전자연구소의 탈모관리 제품인 두피에몽 샴푸세트와  디엘셀라좀 화장품 세트,\n최근 출시된 100ml 올인원 에센스 및 세정제 클리닉스 제품\n도 쿠팡 콜라보 제품으로 선정되어 전시 및 판매 되었습니다.\n​\n​\n[쿠팡 콜라보 팝업 스토어 전경]\n​\n​\n쿠팡은 \""콜라보클럽\""에서 글로벌 캐릭터, K팝 아티스트, 유명 인플루언서와 협업한 다양한 특별 상품들을 전시하였습니다.\n​\n​\n[쿠팡 콜라보 팝업 스토어 내부 협업 제품들]\n​\n[쿠팡 콜라보 팝업 스토어 내부 협업 제품들]\n​\n​\n㈜다우진유전자연구소는 이 행사에 자사의 대표 뷰티 및 헤어케어 제품을 선보였으며,\n㈜다우진유전자연구소는 팝업스토어 2층 뷰티존에 입점\n하여\n유전자 연구 기반의 뷰티 및 헬스케어 제품을 소개\n했습니다.\n현장에서는\n피부 건강 관리를 위한 화장품 3종 세트\n'셀라썸(Cellassom)',\n헤어 및 두피 관리를 위한 샴푸 & 컨디셔너 세트 '\n두피에몽(Doopiemong)' ,\n개인 위생 및 세정을 위한 세정액 3종 세트\n'다우진 클리닉스(DowGene Cleanix)'\n를 전시하여 방문객들의 많은 관심을 모았습니다.\n​\n​\n[쿠팡 콜라보 팝업 스토어 2층 뷰티존에 입점한 ㈜다우진유전자연구소 제품들]\n​\n​\n특히 '\n셀라썸'\n은 피부 보습과 영양 공급, 자외선 차단에 도움을 주는 클렌징크림, 올인원에센스, 미스트로 구성된\n프리미엄 스킨케어 제품으로,\n'두피에몽'\n은 샴푸 & 컨디셔너는 탈모완화 기능성과 건강한 두피 환경 조성을 위한\n헤어 관리 솔루션으로 소개되었습니다.\n그리고\n'다우진 클리닉스'\n세정액 역시 일상생활 속 위생 관리를 위한 제품으로 많은 소비자들의 문의가 이어졌고\n행사장을 찾은 방문객들은 제품을 직접 확인한 후 전시 부착된 QR코드를 통해 쿠팡 온라인몰에서 즉시 구매할 수 있었으며,\n로켓배송 서비스를 통해 빠르게 제품을 받아볼 수 있다는 점에 높은 만족도를 나타냈습니다.\n​\n​\n[스킨케어 3종 화장품 셀라썸(왼쪽)과 탈모관리 헤어제품 두피에몽 & 세정액 다우진클리닉스(오른쪽)]\n​\n​\n저희 ㈜다우진유전자연구소 는\n\""이번 쿠팡 콜라보클럽 참여를 통해 연구소가 개발한 다양한 뷰티·헬스케어 제품을\n소비자들에게 직접 소개할 수 있는 좋은 기회가 되었으며,\n​\n\""앞으로도 유전자 연구 기술과 바이오 헬스케어 노하우를 접목한 차별화된 제품을\n지속적으로 선보여 고객들의 건강하고 아름다운 삶에 기여하겠습니다. \""\n​\n​\n또한 , ㈜다우진유전자연구소는 유전자 분석 및 바이오 연구를 기반으로 개인 맞춤형 건강관리 서비스와 다양한 헬스케어 제품을\n개발·공급하고 있으며, 소비자와의 접점을 확대하기 위한 온·오프라인 마케팅 활동을 적극적으로 이어가고 있습니다.\n​\n고객 여러분들의 많은 관심과 성원 부탁드립니다.\n감사합니다.""}",2026-09-14T03:23:29.005102+00:00
ea8fb179-8e6b-5255-8fcf-5fbefb3b73ac,라이프밀 팝업 스토어,팝업스토어,서울 마포구에서 [라이프밀 팝업스토어]에서 진행했던 오마카세를 다녀온 적이 있었는데,,,,https://blog.naver.com/freshday9656/224308315868,,,,"['사진맛집', '힙함']",,,,blog_popup,"""본 후기는 라이프밀로부터 제품협찬받아 작성한 것입니다.""
​
지난번에 서울 마포구에서 [라이프밀 팝업스토어]에서 진행했던 오마카세를 다녀온 적이 있었는데요. '라이프밀 제품'은 동결건조, 식물성원료, 저당 이 세가지가 가장 큰 특징이라고 박사님께서 친절하게 설명해주셨던 것이 선명하게 기억납니다. 그때 1일1생식 라이프밀,
갓구운 하루견과, 닥터샐러드스프레드, 데이 크런치 프로틴바, 저당 그래놀라를 먹으면서 '라이프밀'에 대한 브랜드에 큰 관심을 가지게 되었는데요. 웰빙된 삶을 살기 위해 '라이프밀 제품'으로 식단을 꾸려서 체중조절과 혈당관리, 영양소섭취를 모두 챙기면 좋을 것 같다고 생각했습니다. 그러다가 운좋게 라이프밀 루티너 3기에 지원하게 됐고, '라이프밀 데일리' & '닥터샐러드' 제품을 받았습니다. 그래서 1주차에 각각 포스팅을 하고, 2주차에도 각각 포스팅을 진행하고자 합니다.
먼저, 이번 포스팅에서는 '라이프밀 데일리'를 소개해드리겠습니다.
'라이프밀 데일리'는 100% 국내산(동결건조 원료에 한함)이며, 무려 70여가지 농수산물이 함유되었다고 합니다. '라이프밀'에서는 '라이프 리밸런싱 솔루션'을 제공한다는데요. 30년 건강 철학을 담아 웰이징(Well-aging)을 실현합니다. 진정성과 전문성을 바탕으로 삶의 균형을 회복하는데 도움을 드리는 맞춤형 솔루션을 제공한다고 합니다. '라이프밀 데일리'를 더 건강하게 드시려면 물 대신 두유와 함께 드시면 된다고 하고요. 견과류와 과일과 함께 곁들이는 것도 좋겠죠? '라이프밀'은 입맛이 끼니를 챙겨 드시기 힘든 부모님, 바쁜 출근길, 아침을 거르기 쉬운 직장인, 영양을 갖춘 건강한 간식이 필요한 자녀, 부담 없이 간편한 식사를 찾는 분한테 추천드립니다.
원재료명을 보고 전 놀랐던게, 70여가지 농수산물이 들어가서인지 끝도 없이 나열됐네요. 동결건조현미분말, 분리대두단백, 동결건조보리분말, 난소화성말토덱스트린, 팔라티노스, 귀리식이섬유, 알파현미분말, 프락토올리고당 등이 들어가 있습니다. 그리고 한가지 더 놀라운 사실이 있는데요. 본 제품 수익금의 일부는 전세계 이웃 사랑 실천을 위한 BSC 운동에 사용된다고 합니다. 섭취량 및 섭취방법은 1일 1~3회, 1포(30g)를 150~160mL의 물, 두유, 우유 등에 넣고 잘 흔들어 섞은 후, 천천히 드시면 됩니다. 총 내용량은 420g(30g×14포)입니다.
개봉을 하니깐, 스틱으로 되어있어서 휴대하기 좋게 되었네요.
파우치에 넣고 다니면서, 외출 시 챙겨 먹을 수 있어요. 전 일단 빨리 시식하고 싶어서 얼른 만들어봤는데요.
원래는 통이 있는데 생식을 두유에 넣고 제조되는 과정을 자세하게 보여드리고 싶어서, 컵에다가 만들었습니다.
분말을 넣고, 두유를 넣은 다음 열심히 휘저었고요.
[라이프밀 팝업스토어]에 받은 통에다가도 담았습니다. 다음번에는 통에 넣고 흔들면 쉽게 잘 섞이겠죠. 맛은 고소하고 담백하면서 적당히 여운이 남습니다. 전 좀더 고소하게 먹고 싶어서 두유에다 탔지만, 두유가 없으신 분들은 물이나 우유에 타셔도 무방하실 것 같아요.
1일 1회 '라이프밀 데일리'로 건강하고 활기찬 일상을 보내겠습니다. 모두들 건강 잘 챙기셨으면 좋겠어요. 관심있으신 분들을 위해 구매링크를 아래와 같이 남겨드립니다.
https://smartstore.naver.com/life_meal?NaPm=ct%3Dml2kkbz8%7Cci%3Dcheckout%7Ctr%3Dds%7Ctrx%3Dnull%7Chk%3D28a0172e26221fdb07c283f3b1c100ab6a495877
​
#라이프밀
#루티너
#라이프밀_데일리
#라이프밀루티너
#동결건조
#식물성원료
#저당","{""title"": ""라이프밀 루티너 3기(1주차) 후기, 라이프밀 데일리로 70여가지 농수...."", ""link"": ""https://blog.naver.com/freshday9656/224308315868"", ""description"": ""&quot;본 후기는 라이프밀로부터 제품협찬받아 작성한 것입니다.&quot; 지난번에 서울 마포구에서 [라이프밀 팝업스토어]에서 진행했던 오마카세를 다녀온 적이 있었는데요. '라이프밀 제품'은 동결건조... "", ""bloggername"": ""어제오늘내일님의블로그"", ""bloggerlink"": ""https://blog.naver.com/freshday9656"", ""postdate"": 20260607, ""query"": ""마포구 팝업스토어"", ""content"": ""\""본 후기는 라이프밀로부터 제품협찬받아 작성한 것입니다.\""\n​\n지난번에 서울 마포구에서 [라이프밀 팝업스토어]에서 진행했던 오마카세를 다녀온 적이 있었는데요. '라이프밀 제품'은 동결건조, 식물성원료, 저당 이 세가지가 가장 큰 특징이라고 박사님께서 친절하게 설명해주셨던 것이 선명하게 기억납니다. 그때 1일1생식 라이프밀,\n갓구운 하루견과, 닥터샐러드스프레드, 데이 크런치 프로틴바, 저당 그래놀라를 먹으면서 '라이프밀'에 대한 브랜드에 큰 관심을 가지게 되었는데요. 웰빙된 삶을 살기 위해 '라이프밀 제품'으로 식단을 꾸려서 체중조절과 혈당관리, 영양소섭취를 모두 챙기면 좋을 것 같다고 생각했습니다. 그러다가 운좋게 라이프밀 루티너 3기에 지원하게 됐고, '라이프밀 데일리' & '닥터샐러드' 제품을 받았습니다. 그래서 1주차에 각각 포스팅을 하고, 2주차에도 각각 포스팅을 진행하고자 합니다.\n먼저, 이번 포스팅에서는 '라이프밀 데일리'를 소개해드리겠습니다.\n'라이프밀 데일리'는 100% 국내산(동결건조 원료에 한함)이며, 무려 70여가지 농수산물이 함유되었다고 합니다. '라이프밀'에서는 '라이프 리밸런싱 솔루션'을 제공한다는데요. 30년 건강 철학을 담아 웰이징(Well-aging)을 실현합니다. 진정성과 전문성을 바탕으로 삶의 균형을 회복하는데 도움을 드리는 맞춤형 솔루션을 제공한다고 합니다. '라이프밀 데일리'를 더 건강하게 드시려면 물 대신 두유와 함께 드시면 된다고 하고요. 견과류와 과일과 함께 곁들이는 것도 좋겠죠? '라이프밀'은 입맛이 끼니를 챙겨 드시기 힘든 부모님, 바쁜 출근길, 아침을 거르기 쉬운 직장인, 영양을 갖춘 건강한 간식이 필요한 자녀, 부담 없이 간편한 식사를 찾는 분한테 추천드립니다.\n원재료명을 보고 전 놀랐던게, 70여가지 농수산물이 들어가서인지 끝도 없이 나열됐네요. 동결건조현미분말, 분리대두단백, 동결건조보리분말, 난소화성말토덱스트린, 팔라티노스, 귀리식이섬유, 알파현미분말, 프락토올리고당 등이 들어가 있습니다. 그리고 한가지 더 놀라운 사실이 있는데요. 본 제품 수익금의 일부는 전세계 이웃 사랑 실천을 위한 BSC 운동에 사용된다고 합니다. 섭취량 및 섭취방법은 1일 1~3회, 1포(30g)를 150~160mL의 물, 두유, 우유 등에 넣고 잘 흔들어 섞은 후, 천천히 드시면 됩니다. 총 내용량은 420g(30g×14포)입니다.\n개봉을 하니깐, 스틱으로 되어있어서 휴대하기 좋게 되었네요.\n파우치에 넣고 다니면서, 외출 시 챙겨 먹을 수 있어요. 전 일단 빨리 시식하고 싶어서 얼른 만들어봤는데요.\n원래는 통이 있는데 생식을 두유에 넣고 제조되는 과정을 자세하게 보여드리고 싶어서, 컵에다가 만들었습니다.\n분말을 넣고, 두유를 넣은 다음 열심히 휘저었고요.\n[라이프밀 팝업스토어]에 받은 통에다가도 담았습니다. 다음번에는 통에 넣고 흔들면 쉽게 잘 섞이겠죠. 맛은 고소하고 담백하면서 적당히 여운이 남습니다. 전 좀더 고소하게 먹고 싶어서 두유에다 탔지만, 두유가 없으신 분들은 물이나 우유에 타셔도 무방하실 것 같아요.\n1일 1회 '라이프밀 데일리'로 건강하고 활기찬 일상을 보내겠습니다. 모두들 건강 잘 챙기셨으면 좋겠어요. 관심있으신 분들을 위해 구매링크를 아래와 같이 남겨드립니다.\nhttps://smartstore.naver.com/life_meal?NaPm=ct%3Dml2kkbz8%7Cci%3Dcheckout%7Ctr%3Dds%7Ctrx%3Dnull%7Chk%3D28a0172e26221fdb07c283f3b1c100ab6a495877\n​\n#라이프밀\n#루티너\n#라이프밀_데일리\n#라이프밀루티너\n#동결건조\n#식물성원료\n#저당""}",2026-09-14T03:23:29.313667+00:00
5a0d7e2d-d6cf-592f-bb1b-07c30ed4773b,귀주톱 주술회전 팝업 스토어,팝업스토어,"서울 마포구 양화로 188, AK PLAZA 홍대 4층",,,,https://blog.naver.com/vororong/224306303491,,,,['사진맛집'],,,,blog_popup,"안녕하세요!
오늘은 귀주톱 중 주술회전 팝업스토어를 다녀왔습니다.
명실상부 홍대 AK 백화점은 일본에 온 것 같습니다.
​
주술회전인데 안 가볼 수 없지 고고고
주술회전 팝업스토어
​
기간
2026.05.21 - 2026.06.16
​
장소
서울 마포구 양화로 188, AK PLAZA 홍대 4층
​
운영시간
월-금 : 11:00 - 22:00
토,일 : 10:30 - 22:00
공휴일에 갔다 보니 앞에 무려 152팀!
안내는 99분 정도로 됐는데
입장은 1시간 걸렸습니다.
​
꿀팁 드리자면 가자마자 대기!!! 하세요
​
이후
매장 앞에 예쁘게 사진 찍을 수 대형 포토존이 마련되어 있습니다.
캐릭터 실물 크기 등신대가 있으니 필수 포토스팟에서 사진찍으시기 바랍니다.
​
입장후에도 포토존 가득합니다!
​
층마다 있는 가챠 하시고
이치방쿠지 구경하시다 보면 시간 슥슥 지나갑니다!
​
기다리다 바로 들어갔는데요
제가 간 날이 재입고 된다고 해서 갔는데
오픈런을 했어야 하는 건가....
다,,,, 품절됐습니다..
빈손으로 나올 수는 없지,,, 스티커 두 개 구매했습니다.
노트북 같은 곳에 붙이면 딱!
​
고조랑 게토 아크릴 스탠드가 아주 예뻤는데 재입고 되면 다시 노려보시기 바랍니다.
ID 카드는 1인당 최대 5개까지 구매 가능하고 9,000원입니다.
​
이타도리와 고죠 클리어 파일도 어린시절이라 귀욥네요
​
다른 패브릭 포스트랑 오리지널 굿즈들이 빠르게 품절돼서 아쉬울 따름입니다.
살 거 없어도 지나가는 길에 홍대 AK가 있다면 들러보시기 바랍니다.
안에도 조금 꾸며놓았습니다.
고죠 얼굴 가까이서 한 번 더 찰칵
​
콜라보 카페 함 가즈아~
​
득탬해서 조금 아쉽긴 하지만
공지 확인하시고 재입고 되면 가보시기 바랍니다.
감사합니다.
​
​
#주술회전
#주술회전팝업스토어
#홍대주술회전팝업
#AK플라자홍대
#주술회전굿즈
#고죠사토루
#게토스구루
#주술회전팝업웨이팅
#애니굿즈
#내돈내산
주술회전 팝업스토어 by MAPPA X SMG
서울특별시 마포구 양화로 188 AK PLAZA 홍대 4층 LIMITION
​","{""title"": ""주술회전 팝업스토어 방문 후기 홍대AK"", ""link"": ""https://blog.naver.com/vororong/224306303491"", ""description"": ""주술회전인데 안 가볼 수 없지 고고고 주술회전 팝업스토어 기간 2026.05.21 - 2026.06.16 장소 서울 마포구 양화로 188, AK PLAZA 홍대 4층 운영시간 월-금 : 11:00 - 22:00 토,일 : 10:30 - 22:00 공휴일에 갔다 보니 앞에... "", ""bloggername"": ""보로롱"", ""bloggerlink"": ""https://blog.naver.com/vororong"", ""postdate"": 20260605, ""query"": ""마포구 팝업스토어"", ""content"": ""안녕하세요!\n오늘은 귀주톱 중 주술회전 팝업스토어를 다녀왔습니다.\n명실상부 홍대 AK 백화점은 일본에 온 것 같습니다.\n​\n주술회전인데 안 가볼 수 없지 고고고\n주술회전 팝업스토어\n​\n기간\n2026.05.21 - 2026.06.16\n​\n장소\n서울 마포구 양화로 188, AK PLAZA 홍대 4층\n​\n운영시간\n월-금 : 11:00 - 22:00\n토,일 : 10:30 - 22:00\n공휴일에 갔다 보니 앞에 무려 152팀!\n안내는 99분 정도로 됐는데\n입장은 1시간 걸렸습니다.\n​\n꿀팁 드리자면 가자마자 대기!!! 하세요\n​\n이후\n매장 앞에 예쁘게 사진 찍을 수 대형 포토존이 마련되어 있습니다.\n캐릭터 실물 크기 등신대가 있으니 필수 포토스팟에서 사진찍으시기 바랍니다.\n​\n입장후에도 포토존 가득합니다!\n​\n층마다 있는 가챠 하시고\n이치방쿠지 구경하시다 보면 시간 슥슥 지나갑니다!\n​\n기다리다 바로 들어갔는데요\n제가 간 날이 재입고 된다고 해서 갔는데\n오픈런을 했어야 하는 건가....\n다,,,, 품절됐습니다..\n빈손으로 나올 수는 없지,,, 스티커 두 개 구매했습니다.\n노트북 같은 곳에 붙이면 딱!\n​\n고조랑 게토 아크릴 스탠드가 아주 예뻤는데 재입고 되면 다시 노려보시기 바랍니다.\nID 카드는 1인당 최대 5개까지 구매 가능하고 9,000원입니다.\n​\n이타도리와 고죠 클리어 파일도 어린시절이라 귀욥네요\n​\n다른 패브릭 포스트랑 오리지널 굿즈들이 빠르게 품절돼서 아쉬울 따름입니다.\n살 거 없어도 지나가는 길에 홍대 AK가 있다면 들러보시기 바랍니다.\n안에도 조금 꾸며놓았습니다.\n고죠 얼굴 가까이서 한 번 더 찰칵\n​\n콜라보 카페 함 가즈아~\n​\n득탬해서 조금 아쉽긴 하지만\n공지 확인하시고 재입고 되면 가보시기 바랍니다.\n감사합니다.\n​\n​\n#주술회전\n#주술회전팝업스토어\n#홍대주술회전팝업\n#AK플라자홍대\n#주술회전굿즈\n#고죠사토루\n#게토스구루\n#주술회전팝업웨이팅\n#애니굿즈\n#내돈내산\n주술회전 팝업스토어 by MAPPA X SMG\n서울특별시 마포구 양화로 188 AK PLAZA 홍대 4층 LIMITION\n​""}",2026-09-14T03:23:29.981671+00:00
